course_id,local,modality,date,total_leads
FOR,Centro 2,Hybrid,2023-01-02,321
EXC,Centro 4,Online,2023-01-02,248
PYT,Centro 1,Online,2023-01-02,235
GES,Centro 4,Online,2023-01-02,215
GES,Centro 4,Hybrid,2023-01-02,214
CYB,Centro 3,Online,2023-01-02,201
LOG,Centro 1,Hybrid,2023-01-02,201
LOG,Centro 4,In-person,2023-01-02,197
CYB,Centro 5,In-person,2023-01-02,193
HAC,Centro 5,In-person,2023-01-02,188
TUR,Centro 2,In-person,2023-01-02,176
FOR,Centro 4,Online,2023-01-02,175
PYT,Centro 4,Hybrid,2023-01-02,175
SEG,Centro 4,In-person,2023-01-02,167
PBI,Centro 2,Online,2023-01-02,163
EMP,Centro 4,In-person,2023-01-02,156
GER,Centro 3,In-person,2023-01-02,154
MNT,Centro 4,In-person,2023-01-02,149
MNT,Centro 3,In-person,2023-01-02,143
EXC,Centro 3,In-person,2023-01-02,142
SST,Centro 4,Hybrid,2023-01-02,142
LID,Centro 5,Online,2023-01-02,138
MNT,Centro 1,In-person,2023-01-02,138
LOG,Centro 3,In-person,2023-01-02,137
CYB,Centro 1,In-person,2023-01-02,131
CYB,Centro 2,Hybrid,2023-01-02,129
SEG,Centro 1,In-person,2023-01-02,129
SST,Centro 3,In-person,2023-01-02,129
EXC,Centro 5,Online,2023-01-02,126
HCP,Centro 5,Hybrid,2023-01-02,124
HCP,Centro 4,In-person,2023-01-02,123
SST,Centro 3,Hybrid,2023-01-02,119
GER,Centro 1,In-person,2023-01-02,116
HOT,Centro 5,In-person,2023-01-02,112
MNT,Centro 5,In-person,2023-01-02,112
VND,Centro 5,Online,2023-01-02,111
PRO,Centro 1,Hybrid,2023-01-02,110
CYB,Centro 2,Online,2023-01-02,109
HCP,Centro 5,In-person,2023-01-02,107
FOR,Centro 1,In-person,2023-01-02,103
SEG,Centro 5,In-person,2023-01-02,102
PYT,Centro 4,Online,2023-01-02,101
SST,Centro 5,In-person,2023-01-02,101
ING,Centro 5,Hybrid,2023-01-02,100
HOT,Centro 3,Hybrid,2023-01-02,98
SOC,Centro 2,In-person,2023-01-02,96
SST,Centro 5,Hybrid,2023-01-02,96
EXC,Centro 1,Online,2023-01-02,95
GER,Centro 2,In-person,2023-01-02,95
SEG,Centro 5,Online,2023-01-02,94
VND,Centro 3,Online,2023-01-02,93
SCI,Centro 1,In-person,2023-01-02,92
PBI,Centro 4,In-person,2023-01-02,90
PBI,Centro 4,Hybrid,2023-01-02,89
HCP,Centro 1,In-person,2023-01-02,87
SCI,Centro 3,Hybrid,2023-01-02,85
TUR,Centro 1,Hybrid,2023-01-02,85
PBI,Centro 2,Hybrid,2023-01-02,84
INF,Centro 1,Hybrid,2023-01-02,83
SOC,Centro 5,Hybrid,2023-01-02,83
PRO,Centro 5,Online,2023-01-02,82
PYT,Centro 2,Hybrid,2023-01-02,82
SEG,Centro 3,In-person,2023-01-02,81
ING,Centro 1,Online,2023-01-02,80
GES,Centro 5,Online,2023-01-02,79
LOG,Centro 5,In-person,2023-01-02,79
HAC,Centro 5,Hybrid,2023-01-02,78
PRO,Centro 3,In-person,2023-01-02,78
HAC,Centro 3,In-person,2023-01-02,77
LID,Centro 4,Online,2023-01-02,77
SST,Centro 5,Online,2023-01-02,77
GES,Centro 1,Hybrid,2023-01-02,76
LID,Centro 2,In-person,2023-01-02,75
HAC,Centro 5,Online,2023-01-02,74
LOG,Centro 4,Hybrid,2023-01-02,74
VND,Centro 3,Hybrid,2023-01-02,74
LOG,Centro 3,Hybrid,2023-01-02,73
PBI,Centro 1,Online,2023-01-02,72
SOC,Centro 1,Hybrid,2023-01-02,72
LID,Centro 2,Hybrid,2023-01-02,71
SEG,Centro 1,Hybrid,2023-01-02,71
SCI,Centro 1,Hybrid,2023-01-02,70
HOT,Centro 2,In-person,2023-01-02,69
PRI,Centro 3,In-person,2023-01-02,69
ING,Centro 2,Hybrid,2023-01-02,67
ING,Centro 3,Hybrid,2023-01-02,67
SEG,Centro 5,Hybrid,2023-01-02,67
SST,Centro 1,In-person,2023-01-02,67
HAC,Centro 1,Hybrid,2023-01-02,65
PRO,Centro 4,Online,2023-01-02,65
EXC,Centro 4,In-person,2023-01-02,64
HOT,Centro 5,Hybrid,2023-01-02,63
GES,Centro 1,In-person,2023-01-02,62
SCI,Centro 3,In-person,2023-01-02,62
FOR,Centro 4,In-person,2023-01-02,61
CYB,Centro 3,Hybrid,2023-01-02,60
CYB,Centro 4,In-person,2023-01-02,60
EMP,Centro 3,In-person,2023-01-02,60
INF,Centro 1,In-person,2023-01-02,60
VND,Centro 5,Hybrid,2023-01-02,60
HCP,Centro 3,In-person,2023-01-02,59
SOC,Centro 5,In-person,2023-01-02,59
PRI,Centro 4,In-person,2023-01-02,56
SEG,Centro 4,Hybrid,2023-01-02,56
INF,Centro 5,In-person,2023-01-02,54
TUR,Centro 5,In-person,2023-01-02,54
LOG,Centro 2,In-person,2023-01-02,53
PBI,Centro 3,In-person,2023-01-02,53
VND,Centro 4,In-person,2023-01-02,53
FOR,Centro 5,Online,2023-01-02,52
SOC,Centro 4,In-person,2023-01-02,52
VND,Centro 3,In-person,2023-01-02,51
PRI,Centro 4,Hybrid,2023-01-02,49
TUR,Centro 5,Hybrid,2023-01-02,45
GER,Centro 5,In-person,2023-01-02,44
SST,Centro 4,Online,2023-01-02,44
EMP,Centro 2,In-person,2023-01-02,43
PBI,Centro 2,In-person,2023-01-02,41
CYB,Centro 4,Online,2023-01-02,39
GES,Centro 4,In-person,2023-01-02,38
HOT,Centro 1,In-person,2023-01-02,38
VND,Centro 2,Hybrid,2023-01-02,38
EMP,Centro 5,In-person,2023-01-02,37
VND,Centro 1,Hybrid,2023-01-02,36
INF,Centro 4,In-person,2023-01-02,33
SST,Centro 2,In-person,2023-01-02,31
SCI,Centro 4,Hybrid,2023-01-02,26
CYB,Centro 5,Online,2023-01-02,25
HAC,Centro 4,In-person,2023-01-02,25
INF,Centro 3,In-person,2023-01-02,21
PRI,Centro 5,In-person,2023-01-02,21
LID,Centro 4,Hybrid,2023-01-02,20
GER,Centro 2,Hybrid,2023-01-02,19
INF,Centro 2,Hybrid,2023-01-02,18
PRO,Centro 4,In-person,2023-01-02,18
SEG,Centro 2,Hybrid,2023-01-02,17
EXC,Centro 5,Hybrid,2023-01-02,16
GES,Centro 5,Hybrid,2023-01-02,16
FOR,Centro 2,In-person,2023-01-02,13
HOT,Centro 4,In-person,2023-01-02,13
MNT,Centro 2,In-person,2023-01-02,13
EXC,Centro 4,Hybrid,2023-01-02,12
PBI,Centro 3,Online,2023-01-02,11
TUR,Centro 2,Hybrid,2023-01-02,11
GER,Centro 4,Hybrid,2023-01-02,10
PRI,Centro 5,Hybrid,2023-01-02,9
GES,Centro 3,Online,2023-01-02,8
PRO,Centro 2,Online,2023-01-02,8
HAC,Centro 2,In-person,2023-01-02,7
ING,Centro 3,Online,2023-01-02,7
SCI,Centro 2,Hybrid,2023-01-02,7
VND,Centro 4,Online,2023-01-02,7
SOC,Centro 3,In-person,2023-01-02,4
EXC,Centro 2,Online,2023-01-02,3
PRI,Centro 3,Hybrid,2023-01-02,3
SEG,Centro 5,Online,2023-01-09,175
LOG,Centro 5,In-person,2023-01-09,108
PRO,Centro 2,Online,2023-01-09,106
CYB,Centro 4,Online,2023-01-09,88
GER,Centro 3,In-person,2023-01-09,88
INF,Centro 4,In-person,2023-01-09,78
TUR,Centro 2,In-person,2023-01-09,67
PYT,Centro 1,Online,2023-01-09,66
PBI,Centro 3,In-person,2023-01-09,64
GES,Centro 4,In-person,2023-01-09,57
EXC,Centro 5,Online,2023-01-09,56
FOR,Centro 1,In-person,2023-01-09,56
GER,Centro 4,In-person,2023-01-09,53
SCI,Centro 5,In-person,2023-01-09,51
PYT,Centro 3,In-person,2023-01-09,50
FOR,Centro 2,Hybrid,2023-01-09,49
HOT,Centro 3,Hybrid,2023-01-09,49
CYB,Centro 5,In-person,2023-01-09,47
TUR,Centro 5,In-person,2023-01-09,47
SCI,Centro 2,Hybrid,2023-01-09,43
SST,Centro 3,Hybrid,2023-01-09,43
PRO,Centro 3,In-person,2023-01-09,42
EXC,Centro 4,Online,2023-01-09,39
SEG,Centro 1,In-person,2023-01-09,39
VND,Centro 3,Hybrid,2023-01-09,33
INF,Centro 3,Hybrid,2023-01-09,32
HOT,Centro 1,In-person,2023-01-09,31
LID,Centro 3,In-person,2023-01-09,31
PRI,Centro 5,In-person,2023-01-09,31
PYT,Centro 1,Hybrid,2023-01-09,30
HAC,Centro 4,Online,2023-01-09,29
CYB,Centro 3,Hybrid,2023-01-09,28
SEG,Centro 4,In-person,2023-01-09,28
VND,Centro 2,Hybrid,2023-01-09,27
HOT,Centro 5,Hybrid,2023-01-09,26
MNT,Centro 5,In-person,2023-01-09,25
SCI,Centro 2,In-person,2023-01-09,25
GES,Centro 5,Online,2023-01-09,24
HAC,Centro 3,Online,2023-01-09,24
SST,Centro 2,Hybrid,2023-01-09,23
SST,Centro 2,In-person,2023-01-09,23
GES,Centro 1,In-person,2023-01-09,19
FOR,Centro 2,In-person,2023-01-09,18
SOC,Centro 1,In-person,2023-01-09,17
HAC,Centro 2,Online,2023-01-09,16
TUR,Centro 4,Hybrid,2023-01-09,16
PBI,Centro 3,Online,2023-01-09,15
PRO,Centro 2,Hybrid,2023-01-09,15
SST,Centro 5,Hybrid,2023-01-09,15
SST,Centro 5,In-person,2023-01-09,15
VND,Centro 4,Online,2023-01-09,15
VND,Centro 3,In-person,2023-01-09,14
FOR,Centro 5,Online,2023-01-09,12
LID,Centro 1,Hybrid,2023-01-09,11
SST,Centro 1,Online,2023-01-09,11
FOR,Centro 4,In-person,2023-01-09,10
HOT,Centro 5,In-person,2023-01-09,10
INF,Centro 3,In-person,2023-01-09,10
LOG,Centro 1,Hybrid,2023-01-09,10
LOG,Centro 3,Hybrid,2023-01-09,10
SEG,Centro 3,In-person,2023-01-09,10
GER,Centro 4,Hybrid,2023-01-09,9
HAC,Centro 1,In-person,2023-01-09,9
SCI,Centro 3,In-person,2023-01-09,9
SEG,Centro 2,Hybrid,2023-01-09,9
PBI,Centro 2,In-person,2023-01-09,8
VND,Centro 5,Hybrid,2023-01-09,8
HOT,Centro 3,In-person,2023-01-09,7
LID,Centro 4,In-person,2023-01-09,7
SOC,Centro 3,In-person,2023-01-09,7
TUR,Centro 5,Hybrid,2023-01-09,7
EMP,Centro 2,In-person,2023-01-09,6
GES,Centro 4,Hybrid,2023-01-09,5
ING,Centro 3,Hybrid,2023-01-09,5
ING,Centro 5,Hybrid,2023-01-09,5
LID,Centro 2,In-person,2023-01-09,5
LOG,Centro 3,In-person,2023-01-09,5
PYT,Centro 4,Online,2023-01-09,5
CYB,Centro 2,Online,2023-01-09,4
ING,Centro 2,Hybrid,2023-01-09,4
PRI,Centro 4,Hybrid,2023-01-09,4
SCI,Centro 1,Hybrid,2023-01-09,4
SOC,Centro 2,In-person,2023-01-09,4
HCP,Centro 2,In-person,2023-01-09,3
SEG,Centro 2,In-person,2023-01-09,3
TUR,Centro 2,Hybrid,2023-01-09,3
INF,Centro 2,Hybrid,2023-01-16,87
FOR,Centro 1,In-person,2023-01-16,86
GES,Centro 3,Online,2023-01-16,83
EMP,Centro 5,In-person,2023-01-16,79
GES,Centro 1,Hybrid,2023-01-16,72
HAC,Centro 3,Online,2023-01-16,68
PRO,Centro 2,Hybrid,2023-01-16,67
LOG,Centro 3,In-person,2023-01-16,66
CYB,Centro 2,In-person,2023-01-16,64
TUR,Centro 4,Hybrid,2023-01-16,64
CYB,Centro 4,Online,2023-01-16,63
HOT,Centro 2,In-person,2023-01-16,63
PRO,Centro 2,Online,2023-01-16,63
EXC,Centro 1,Online,2023-01-16,62
EMP,Centro 1,In-person,2023-01-16,61
HAC,Centro 2,Online,2023-01-16,60
HCP,Centro 3,In-person,2023-01-16,58
PRI,Centro 1,Hybrid,2023-01-16,56
SST,Centro 5,In-person,2023-01-16,55
SCI,Centro 5,In-person,2023-01-16,54
HCP,Centro 2,In-person,2023-01-16,52
MNT,Centro 2,In-person,2023-01-16,52
SOC,Centro 5,Hybrid,2023-01-16,52
SEG,Centro 1,In-person,2023-01-16,46
PRO,Centro 5,Hybrid,2023-01-16,45
ING,Centro 4,Online,2023-01-16,41
SOC,Centro 5,In-person,2023-01-16,41
PRI,Centro 3,In-person,2023-01-16,40
VND,Centro 3,Hybrid,2023-01-16,40
EXC,Centro 1,In-person,2023-01-16,39
PBI,Centro 3,Hybrid,2023-01-16,39
GES,Centro 1,In-person,2023-01-16,38
TUR,Centro 1,In-person,2023-01-16,38
TUR,Centro 5,In-person,2023-01-16,38
SCI,Centro 3,Hybrid,2023-01-16,36
SCI,Centro 1,Hybrid,2023-01-16,35
LID,Centro 2,In-person,2023-01-16,34
HOT,Centro 4,In-person,2023-01-16,29
CYB,Centro 2,Hybrid,2023-01-16,28
FOR,Centro 2,In-person,2023-01-16,26
HAC,Centro 1,In-person,2023-01-16,24
HCP,Centro 5,Hybrid,2023-01-16,23
PRI,Centro 2,Hybrid,2023-01-16,22
LID,Centro 4,Hybrid,2023-01-16,20
LOG,Centro 1,Hybrid,2023-01-16,19
VND,Centro 5,Hybrid,2023-01-16,19
MNT,Centro 1,In-person,2023-01-16,18
EXC,Centro 3,In-person,2023-01-16,17
PBI,Centro 4,Hybrid,2023-01-16,16
SST,Centro 1,In-person,2023-01-16,16
GER,Centro 5,In-person,2023-01-16,14
EXC,Centro 2,In-person,2023-01-16,10
HOT,Centro 5,Hybrid,2023-01-16,10
FOR,Centro 5,Online,2023-01-16,9
INF,Centro 3,In-person,2023-01-16,8
SEG,Centro 2,Hybrid,2023-01-16,8
LOG,Centro 1,In-person,2023-01-16,7
LOG,Centro 5,In-person,2023-01-16,7
EXC,Centro 5,Online,2023-01-16,6
GER,Centro 2,Hybrid,2023-01-16,6
GER,Centro 1,In-person,2023-01-16,5
GER,Centro 3,In-person,2023-01-16,5
ING,Centro 1,Online,2023-01-16,5
PRO,Centro 5,Online,2023-01-16,5
HCP,Centro 4,In-person,2023-01-16,4
HOT,Centro 1,In-person,2023-01-16,4
LOG,Centro 4,Hybrid,2023-01-16,4
MNT,Centro 3,In-person,2023-01-16,4
SEG,Centro 5,Online,2023-01-16,4
SOC,Centro 1,In-person,2023-01-16,4
SST,Centro 2,In-person,2023-01-16,4
EXC,Centro 2,Hybrid,2023-01-16,3
HAC,Centro 4,In-person,2023-01-16,3
SEG,Centro 5,In-person,2023-01-16,3
MNT,Centro 5,In-person,2023-01-16,1
HAC,Centro 5,In-person,2023-01-23,174
PRI,Centro 5,Hybrid,2023-01-23,128
PBI,Centro 2,Online,2023-01-23,94
SST,Centro 1,In-person,2023-01-23,92
PRI,Centro 5,In-person,2023-01-23,73
LID,Centro 2,Hybrid,2023-01-23,71
PRI,Centro 3,Hybrid,2023-01-23,71
FOR,Centro 4,Online,2023-01-23,69
PBI,Centro 1,Hybrid,2023-01-23,69
LOG,Centro 5,In-person,2023-01-23,63
EXC,Centro 4,Online,2023-01-23,60
SEG,Centro 1,In-person,2023-01-23,59
EXC,Centro 5,Online,2023-01-23,55
LOG,Centro 1,Hybrid,2023-01-23,53
HOT,Centro 4,In-person,2023-01-23,50
LID,Centro 2,Online,2023-01-23,50
EMP,Centro 1,In-person,2023-01-23,47
EXC,Centro 4,Hybrid,2023-01-23,47
SCI,Centro 4,Hybrid,2023-01-23,47
SST,Centro 5,In-person,2023-01-23,47
EXC,Centro 1,In-person,2023-01-23,46
GES,Centro 4,Hybrid,2023-01-23,46
MNT,Centro 3,In-person,2023-01-23,45
GER,Centro 2,Hybrid,2023-01-23,43
EMP,Centro 2,In-person,2023-01-23,42
HCP,Centro 3,In-person,2023-01-23,42
VND,Centro 5,Online,2023-01-23,41
SOC,Centro 3,In-person,2023-01-23,39
LID,Centro 1,Hybrid,2023-01-23,37
SEG,Centro 2,Hybrid,2023-01-23,37
SOC,Centro 5,In-person,2023-01-23,37
PRO,Centro 4,Online,2023-01-23,34
SST,Centro 4,Hybrid,2023-01-23,34
HCP,Centro 1,Hybrid,2023-01-23,33
TUR,Centro 2,Hybrid,2023-01-23,33
EMP,Centro 3,In-person,2023-01-23,32
LID,Centro 2,In-person,2023-01-23,32
SOC,Centro 1,In-person,2023-01-23,32
EXC,Centro 1,Online,2023-01-23,30
PRO,Centro 5,Online,2023-01-23,29
SCI,Centro 1,In-person,2023-01-23,29
PBI,Centro 1,Online,2023-01-23,28
HAC,Centro 3,In-person,2023-01-23,24
CYB,Centro 4,In-person,2023-01-23,20
HAC,Centro 3,Online,2023-01-23,20
HAC,Centro 1,In-person,2023-01-23,20
PBI,Centro 4,Hybrid,2023-01-23,18
FOR,Centro 5,Hybrid,2023-01-23,16
PBI,Centro 3,Online,2023-01-23,16
FOR,Centro 1,In-person,2023-01-23,15
PRO,Centro 2,Online,2023-01-23,15
CYB,Centro 4,Hybrid,2023-01-23,14
HOT,Centro 1,In-person,2023-01-23,14
SEG,Centro 5,In-person,2023-01-23,14
CYB,Centro 3,Hybrid,2023-01-23,13
PRO,Centro 5,Hybrid,2023-01-23,13
VND,Centro 1,In-person,2023-01-23,13
VND,Centro 2,In-person,2023-01-23,13
PRI,Centro 3,In-person,2023-01-23,12
PRO,Centro 3,Hybrid,2023-01-23,12
LOG,Centro 3,In-person,2023-01-23,11
PBI,Centro 3,Hybrid,2023-01-23,11
SCI,Centro 1,Hybrid,2023-01-23,11
SCI,Centro 5,In-person,2023-01-23,11
TUR,Centro 5,In-person,2023-01-23,10
PYT,Centro 4,Online,2023-01-23,9
FOR,Centro 5,Online,2023-01-23,8
HAC,Centro 2,Online,2023-01-23,8
HAC,Centro 4,In-person,2023-01-23,8
HAC,Centro 2,In-person,2023-01-23,7
HOT,Centro 3,In-person,2023-01-23,7
LID,Centro 1,In-person,2023-01-23,7
HCP,Centro 2,In-person,2023-01-23,6
SEG,Centro 3,In-person,2023-01-23,6
GER,Centro 3,In-person,2023-01-23,5
MNT,Centro 2,In-person,2023-01-23,5
SCI,Centro 2,In-person,2023-01-23,5
SST,Centro 3,In-person,2023-01-23,5
VND,Centro 1,Hybrid,2023-01-23,5
LOG,Centro 3,Hybrid,2023-01-23,4
LOG,Centro 4,In-person,2023-01-23,4
MNT,Centro 4,In-person,2023-01-23,4
PYT,Centro 1,Hybrid,2023-01-23,4
VND,Centro 3,Hybrid,2023-01-23,4
HCP,Centro 5,Hybrid,2023-01-23,3
HCP,Centro 4,In-person,2023-01-23,3
SST,Centro 1,Online,2023-01-23,3
SST,Centro 1,Online,2023-01-30,154
ING,Centro 4,Online,2023-01-30,126
EXC,Centro 5,Online,2023-01-30,123
SST,Centro 3,In-person,2023-01-30,120
GES,Centro 5,Hybrid,2023-01-30,103
CYB,Centro 2,Online,2023-01-30,99
CYB,Centro 5,Online,2023-01-30,96
VND,Centro 4,Online,2023-01-30,93
SCI,Centro 2,In-person,2023-01-30,86
SEG,Centro 2,Hybrid,2023-01-30,83
FOR,Centro 2,In-person,2023-01-30,81
PBI,Centro 3,Online,2023-01-30,79
PRI,Centro 3,Hybrid,2023-01-30,65
EXC,Centro 2,Online,2023-01-30,64
MNT,Centro 4,In-person,2023-01-30,64
PBI,Centro 4,Hybrid,2023-01-30,64
LOG,Centro 1,Hybrid,2023-01-30,60
FOR,Centro 4,Online,2023-01-30,59
LOG,Centro 5,In-person,2023-01-30,57
GER,Centro 2,In-person,2023-01-30,53
LOG,Centro 3,In-person,2023-01-30,51
SCI,Centro 5,In-person,2023-01-30,51
GER,Centro 3,In-person,2023-01-30,48
GER,Centro 4,In-person,2023-01-30,48
SEG,Centro 3,In-person,2023-01-30,47
VND,Centro 5,Hybrid,2023-01-30,47
VND,Centro 2,In-person,2023-01-30,45
SCI,Centro 1,Hybrid,2023-01-30,40
GER,Centro 2,Hybrid,2023-01-30,39
GER,Centro 4,Hybrid,2023-01-30,39
MNT,Centro 2,In-person,2023-01-30,38
VND,Centro 3,Hybrid,2023-01-30,38
LID,Centro 3,Online,2023-01-30,35
INF,Centro 4,Hybrid,2023-01-30,34
LID,Centro 1,Hybrid,2023-01-30,34
EXC,Centro 4,Online,2023-01-30,33
HOT,Centro 5,In-person,2023-01-30,33
HAC,Centro 3,In-person,2023-01-30,31
LID,Centro 2,In-person,2023-01-30,31
LID,Centro 3,In-person,2023-01-30,31
SST,Centro 5,Hybrid,2023-01-30,27
PYT,Centro 3,Hybrid,2023-01-30,25
SST,Centro 1,In-person,2023-01-30,25
CYB,Centro 2,Hybrid,2023-01-30,24
SEG,Centro 5,Online,2023-01-30,24
FOR,Centro 3,Hybrid,2023-01-30,23
LID,Centro 4,Online,2023-01-30,22
SST,Centro 4,Online,2023-01-30,22
EXC,Centro 2,In-person,2023-01-30,21
SST,Centro 5,In-person,2023-01-30,21
TUR,Centro 5,In-person,2023-01-30,21
GES,Centro 4,Hybrid,2023-01-30,18
HCP,Centro 3,In-person,2023-01-30,18
LOG,Centro 4,In-person,2023-01-30,18
TUR,Centro 2,Hybrid,2023-01-30,18
VND,Centro 1,Hybrid,2023-01-30,18
PBI,Centro 3,Hybrid,2023-01-30,17
EMP,Centro 4,In-person,2023-01-30,16
LID,Centro 5,Online,2023-01-30,16
SEG,Centro 1,In-person,2023-01-30,16
EMP,Centro 5,In-person,2023-01-30,14
PRI,Centro 1,In-person,2023-01-30,14
INF,Centro 5,In-person,2023-01-30,13
ING,Centro 2,Hybrid,2023-01-30,13
LID,Centro 4,Hybrid,2023-01-30,13
PRI,Centro 3,In-person,2023-01-30,13
TUR,Centro 2,In-person,2023-01-30,13
PRO,Centro 2,Online,2023-01-30,12
FOR,Centro 5,Online,2023-01-30,11
HAC,Centro 4,In-person,2023-01-30,11
INF,Centro 3,In-person,2023-01-30,11
PRO,Centro 4,In-person,2023-01-30,11
EMP,Centro 1,In-person,2023-01-30,10
EMP,Centro 2,In-person,2023-01-30,10
HOT,Centro 5,Hybrid,2023-01-30,10
HAC,Centro 5,In-person,2023-01-30,9
MNT,Centro 3,In-person,2023-01-30,9
SST,Centro 4,Hybrid,2023-01-30,9
HOT,Centro 1,In-person,2023-01-30,8
LOG,Centro 3,Hybrid,2023-01-30,8
PRI,Centro 2,Hybrid,2023-01-30,8
SCI,Centro 2,Hybrid,2023-01-30,8
ING,Centro 1,Online,2023-01-30,7
TUR,Centro 1,In-person,2023-01-30,7
SST,Centro 2,Hybrid,2023-01-30,6
PBI,Centro 1,Hybrid,2023-01-30,5
PRO,Centro 3,In-person,2023-01-30,5
PYT,Centro 4,In-person,2023-01-30,5
FOR,Centro 1,Online,2023-01-30,4
FOR,Centro 1,In-person,2023-01-30,4
GES,Centro 3,Online,2023-01-30,4
LID,Centro 2,Online,2023-01-30,4
HAC,Centro 1,In-person,2023-01-30,3
PRI,Centro 5,Hybrid,2023-01-30,3
SEG,Centro 3,Online,2023-01-30,3
LOG,Centro 2,In-person,2023-01-30,1
PBI,Centro 3,Online,2023-02-06,109
LID,Centro 4,Online,2023-02-06,88
HCP,Centro 3,In-person,2023-02-06,87
GER,Centro 3,In-person,2023-02-06,79
SEG,Centro 5,Online,2023-02-06,78
INF,Centro 2,Hybrid,2023-02-06,67
LOG,Centro 2,Hybrid,2023-02-06,65
VND,Centro 1,Online,2023-02-06,63
SOC,Centro 3,In-person,2023-02-06,61
FOR,Centro 4,Online,2023-02-06,60
GER,Centro 2,In-person,2023-02-06,60
EXC,Centro 1,Online,2023-02-06,59
LID,Centro 2,Hybrid,2023-02-06,58
VND,Centro 4,Online,2023-02-06,58
SEG,Centro 2,Online,2023-02-06,57
CYB,Centro 4,Online,2023-02-06,56
PRO,Centro 2,Online,2023-02-06,53
PRO,Centro 2,Hybrid,2023-02-06,52
LID,Centro 5,Online,2023-02-06,51
PYT,Centro 1,Hybrid,2023-02-06,51
INF,Centro 3,Hybrid,2023-02-06,50
PRI,Centro 4,In-person,2023-02-06,50
MNT,Centro 4,In-person,2023-02-06,48
VND,Centro 5,In-person,2023-02-06,46
PBI,Centro 2,Hybrid,2023-02-06,43
PYT,Centro 3,Online,2023-02-06,41
FOR,Centro 1,Online,2023-02-06,40
GES,Centro 2,In-person,2023-02-06,40
SOC,Centro 5,Hybrid,2023-02-06,37
EMP,Centro 1,In-person,2023-02-06,36
EXC,Centro 4,Online,2023-02-06,36
HAC,Centro 5,Hybrid,2023-02-06,36
SEG,Centro 4,In-person,2023-02-06,34
LOG,Centro 3,In-person,2023-02-06,29
ING,Centro 4,Online,2023-02-06,26
PYT,Centro 1,Online,2023-02-06,26
GER,Centro 2,Hybrid,2023-02-06,25
HAC,Centro 3,In-person,2023-02-06,25
PRI,Centro 5,Hybrid,2023-02-06,25
VND,Centro 3,Hybrid,2023-02-06,25
CYB,Centro 4,In-person,2023-02-06,23
EXC,Centro 3,Hybrid,2023-02-06,23
HAC,Centro 4,In-person,2023-02-06,23
HOT,Centro 4,In-person,2023-02-06,23
LID,Centro 2,In-person,2023-02-06,23
LOG,Centro 4,In-person,2023-02-06,23
CYB,Centro 5,In-person,2023-02-06,22
GES,Centro 1,In-person,2023-02-06,22
LID,Centro 4,In-person,2023-02-06,22
SST,Centro 3,In-person,2023-02-06,22
HOT,Centro 5,Hybrid,2023-02-06,21
SCI,Centro 1,Hybrid,2023-02-06,21
SST,Centro 4,Online,2023-02-06,21
SOC,Centro 1,In-person,2023-02-06,20
GER,Centro 4,In-person,2023-02-06,19
HAC,Centro 4,Online,2023-02-06,18
PRI,Centro 3,Hybrid,2023-02-06,18
CYB,Centro 2,Hybrid,2023-02-06,17
HOT,Centro 5,In-person,2023-02-06,17
MNT,Centro 3,In-person,2023-02-06,17
EMP,Centro 2,In-person,2023-02-06,16
HAC,Centro 5,In-person,2023-02-06,16
INF,Centro 4,In-person,2023-02-06,15
PRO,Centro 4,In-person,2023-02-06,15
TUR,Centro 5,In-person,2023-02-06,15
INF,Centro 3,In-person,2023-02-06,14
LOG,Centro 5,In-person,2023-02-06,13
SCI,Centro 2,In-person,2023-02-06,13
FOR,Centro 1,In-person,2023-02-06,12
EMP,Centro 3,In-person,2023-02-06,11
FOR,Centro 5,Hybrid,2023-02-06,11
ING,Centro 3,Online,2023-02-06,11
HAC,Centro 3,Online,2023-02-06,10
HCP,Centro 1,In-person,2023-02-06,10
LID,Centro 2,Online,2023-02-06,10
SCI,Centro 1,In-person,2023-02-06,10
VND,Centro 3,Online,2023-02-06,10
HCP,Centro 4,In-person,2023-02-06,9
HCP,Centro 5,In-person,2023-02-06,9
PRI,Centro 2,Hybrid,2023-02-06,9
VND,Centro 1,In-person,2023-02-06,9
MNT,Centro 5,In-person,2023-02-06,8
GER,Centro 1,In-person,2023-02-06,7
HCP,Centro 1,Hybrid,2023-02-06,7
PBI,Centro 4,Online,2023-02-06,7
PYT,Centro 4,Online,2023-02-06,7
PYT,Centro 4,In-person,2023-02-06,7
EXC,Centro 2,Hybrid,2023-02-06,6
HCP,Centro 2,In-person,2023-02-06,6
GES,Centro 3,Online,2023-02-06,5
PYT,Centro 5,In-person,2023-02-06,5
SOC,Centro 4,Hybrid,2023-02-06,5
TUR,Centro 1,In-person,2023-02-06,5
VND,Centro 1,Hybrid,2023-02-06,5
CYB,Centro 3,In-person,2023-02-06,4
EXC,Centro 5,Online,2023-02-06,4
EXC,Centro 3,In-person,2023-02-06,4
ING,Centro 5,In-person,2023-02-06,4
LOG,Centro 1,In-person,2023-02-06,4
PRO,Centro 3,In-person,2023-02-06,4
SEG,Centro 2,Hybrid,2023-02-06,4
SST,Centro 5,Online,2023-02-06,4
SST,Centro 1,In-person,2023-02-06,4
EXC,Centro 2,Online,2023-02-06,3
LOG,Centro 2,In-person,2023-02-06,3
SEG,Centro 1,In-person,2023-02-06,3
SEG,Centro 3,In-person,2023-02-06,3
SEG,Centro 5,In-person,2023-02-06,3
EXC,Centro 5,Hybrid,2023-02-06,1
EXC,Centro 2,Online,2023-02-13,137
GES,Centro 4,Hybrid,2023-02-13,125
VND,Centro 1,In-person,2023-02-13,98
PRO,Centro 4,Online,2023-02-13,97
PRO,Centro 2,Online,2023-02-13,95
SCI,Centro 5,Hybrid,2023-02-13,95
ING,Centro 1,Hybrid,2023-02-13,88
PBI,Centro 4,Hybrid,2023-02-13,87
ING,Centro 4,Online,2023-02-13,86
GER,Centro 1,In-person,2023-02-13,85
PYT,Centro 3,Online,2023-02-13,66
CYB,Centro 2,Hybrid,2023-02-13,64
SST,Centro 4,Online,2023-02-13,60
EXC,Centro 2,Hybrid,2023-02-13,59
GER,Centro 4,In-person,2023-02-13,57
SEG,Centro 4,In-person,2023-02-13,57
ING,Centro 1,In-person,2023-02-13,56
VND,Centro 2,Hybrid,2023-02-13,52
HOT,Centro 5,Hybrid,2023-02-13,50
CYB,Centro 5,Hybrid,2023-02-13,49
SCI,Centro 3,In-person,2023-02-13,49
LOG,Centro 5,In-person,2023-02-13,48
GER,Centro 5,In-person,2023-02-13,46
MNT,Centro 1,In-person,2023-02-13,46
TUR,Centro 5,In-person,2023-02-13,45
SCI,Centro 5,In-person,2023-02-13,44
FOR,Centro 5,Hybrid,2023-02-13,43
SST,Centro 3,Hybrid,2023-02-13,43
FOR,Centro 3,Hybrid,2023-02-13,42
EMP,Centro 2,In-person,2023-02-13,41
SST,Centro 2,Hybrid,2023-02-13,39
EMP,Centro 3,In-person,2023-02-13,37
PRI,Centro 4,Hybrid,2023-02-13,37
SOC,Centro 1,In-person,2023-02-13,37
SST,Centro 3,In-person,2023-02-13,36
EMP,Centro 1,In-person,2023-02-13,35
HOT,Centro 3,In-person,2023-02-13,35
HCP,Centro 4,In-person,2023-02-13,34
HOT,Centro 4,In-person,2023-02-13,34
GER,Centro 2,In-person,2023-02-13,32
FOR,Centro 2,In-person,2023-02-13,31
HOT,Centro 2,In-person,2023-02-13,31
PBI,Centro 3,Hybrid,2023-02-13,30
FOR,Centro 2,Hybrid,2023-02-13,29
INF,Centro 3,In-person,2023-02-13,29
LID,Centro 4,In-person,2023-02-13,29
GER,Centro 1,Hybrid,2023-02-13,27
HCP,Centro 3,In-person,2023-02-13,26
LID,Centro 4,Hybrid,2023-02-13,25
VND,Centro 1,Online,2023-02-13,25
EMP,Centro 4,In-person,2023-02-13,23
EXC,Centro 3,Hybrid,2023-02-13,23
SST,Centro 4,Hybrid,2023-02-13,23
PRI,Centro 3,Hybrid,2023-02-13,22
HCP,Centro 5,In-person,2023-02-13,21
INF,Centro 4,Hybrid,2023-02-13,20
SST,Centro 1,Hybrid,2023-02-13,20
MNT,Centro 4,In-person,2023-02-13,19
GES,Centro 2,Hybrid,2023-02-13,18
HAC,Centro 4,In-person,2023-02-13,18
MNT,Centro 2,In-person,2023-02-13,17
PYT,Centro 3,In-person,2023-02-13,17
TUR,Centro 1,In-person,2023-02-13,16
VND,Centro 4,Online,2023-02-13,16
HAC,Centro 2,Online,2023-02-13,14
LID,Centro 2,Online,2023-02-13,13
LOG,Centro 3,Hybrid,2023-02-13,13
PRI,Centro 1,Hybrid,2023-02-13,13
EXC,Centro 5,Online,2023-02-13,12
LOG,Centro 4,In-person,2023-02-13,12
PYT,Centro 2,Hybrid,2023-02-13,12
CYB,Centro 5,In-person,2023-02-13,11
SEG,Centro 1,In-person,2023-02-13,10
HOT,Centro 2,Hybrid,2023-02-13,9
PBI,Centro 4,Online,2023-02-13,9
PRI,Centro 3,In-person,2023-02-13,9
PRO,Centro 3,In-person,2023-02-13,9
PYT,Centro 1,Online,2023-02-13,9
EXC,Centro 2,In-person,2023-02-13,7
LID,Centro 1,Hybrid,2023-02-13,7
SST,Centro 2,In-person,2023-02-13,7
EXC,Centro 4,Hybrid,2023-02-13,6
HAC,Centro 2,In-person,2023-02-13,6
LOG,Centro 5,Hybrid,2023-02-13,6
SEG,Centro 3,Online,2023-02-13,6
FOR,Centro 1,Online,2023-02-13,5
GER,Centro 3,In-person,2023-02-13,5
PYT,Centro 3,Hybrid,2023-02-13,5
SCI,Centro 1,In-person,2023-02-13,5
SOC,Centro 4,Hybrid,2023-02-13,5
VND,Centro 3,Online,2023-02-13,5
VND,Centro 2,In-person,2023-02-13,5
GER,Centro 2,Hybrid,2023-02-13,4
GES,Centro 1,Hybrid,2023-02-13,4
HAC,Centro 5,In-person,2023-02-13,4
HCP,Centro 2,In-person,2023-02-13,4
LID,Centro 4,Online,2023-02-13,4
LOG,Centro 2,In-person,2023-02-13,4
PYT,Centro 1,Hybrid,2023-02-13,4
SCI,Centro 1,Hybrid,2023-02-13,4
SEG,Centro 5,In-person,2023-02-13,4
HAC,Centro 3,In-person,2023-02-13,3
SST,Centro 5,In-person,2023-02-13,3
ING,Centro 1,Online,2023-02-20,137
LID,Centro 4,Hybrid,2023-02-20,122
HAC,Centro 3,Online,2023-02-20,116
PRI,Centro 3,In-person,2023-02-20,100
GER,Centro 3,In-person,2023-02-20,99
PBI,Centro 4,Online,2023-02-20,98
PBI,Centro 3,Online,2023-02-20,97
SOC,Centro 3,In-person,2023-02-20,86
CYB,Centro 5,Online,2023-02-20,83
GES,Centro 4,Online,2023-02-20,74
PBI,Centro 4,Hybrid,2023-02-20,72
FOR,Centro 4,Online,2023-02-20,69
MNT,Centro 4,In-person,2023-02-20,69
SST,Centro 1,Hybrid,2023-02-20,69
EXC,Centro 5,Online,2023-02-20,67
EMP,Centro 1,In-person,2023-02-20,66
VND,Centro 5,Online,2023-02-20,66
HCP,Centro 4,In-person,2023-02-20,61
SST,Centro 4,Hybrid,2023-02-20,61
PBI,Centro 5,Online,2023-02-20,57
PYT,Centro 3,Hybrid,2023-02-20,57
HAC,Centro 2,In-person,2023-02-20,55
HAC,Centro 5,In-person,2023-02-20,51
HOT,Centro 5,In-person,2023-02-20,50
SCI,Centro 1,Hybrid,2023-02-20,49
EXC,Centro 4,Hybrid,2023-02-20,48
CYB,Centro 5,Hybrid,2023-02-20,47
PRO,Centro 2,Online,2023-02-20,46
SEG,Centro 4,Online,2023-02-20,46
SEG,Centro 5,In-person,2023-02-20,45
LID,Centro 2,Online,2023-02-20,44
TUR,Centro 5,In-person,2023-02-20,43
EXC,Centro 2,Hybrid,2023-02-20,39
SST,Centro 4,In-person,2023-02-20,39
EXC,Centro 2,Online,2023-02-20,38
HOT,Centro 5,Hybrid,2023-02-20,37
INF,Centro 5,In-person,2023-02-20,36
LOG,Centro 2,Hybrid,2023-02-20,36
SEG,Centro 2,In-person,2023-02-20,36
INF,Centro 3,In-person,2023-02-20,35
SEG,Centro 4,In-person,2023-02-20,35
SCI,Centro 5,In-person,2023-02-20,34
CYB,Centro 4,Hybrid,2023-02-20,32
PYT,Centro 5,Hybrid,2023-02-20,32
HAC,Centro 4,In-person,2023-02-20,31
LID,Centro 4,In-person,2023-02-20,30
MNT,Centro 1,In-person,2023-02-20,30
LOG,Centro 2,In-person,2023-02-20,29
PRO,Centro 4,Online,2023-02-20,29
SOC,Centro 4,Hybrid,2023-02-20,29
EXC,Centro 3,In-person,2023-02-20,26
INF,Centro 3,Hybrid,2023-02-20,26
FOR,Centro 1,In-person,2023-02-20,25
LID,Centro 4,Online,2023-02-20,23
TUR,Centro 1,In-person,2023-02-20,23
SEG,Centro 1,Hybrid,2023-02-20,22
CYB,Centro 2,Hybrid,2023-02-20,21
SST,Centro 3,Hybrid,2023-02-20,21
VND,Centro 5,In-person,2023-02-20,21
HOT,Centro 3,Hybrid,2023-02-20,20
EXC,Centro 1,Online,2023-02-20,18
HOT,Centro 3,In-person,2023-02-20,18
LOG,Centro 3,Hybrid,2023-02-20,16
LOG,Centro 5,In-person,2023-02-20,16
CYB,Centro 3,Online,2023-02-20,15
HCP,Centro 1,Hybrid,2023-02-20,15
HCP,Centro 3,In-person,2023-02-20,15
SCI,Centro 3,In-person,2023-02-20,15
SST,Centro 1,In-person,2023-02-20,15
GES,Centro 2,In-person,2023-02-20,14
SOC,Centro 3,Hybrid,2023-02-20,14
GER,Centro 4,In-person,2023-02-20,13
SEG,Centro 1,In-person,2023-02-20,13
SOC,Centro 5,In-person,2023-02-20,13
PBI,Centro 1,Hybrid,2023-02-20,12
VND,Centro 4,Hybrid,2023-02-20,12
FOR,Centro 5,Online,2023-02-20,11
GER,Centro 1,In-person,2023-02-20,11
LID,Centro 2,Hybrid,2023-02-20,11
MNT,Centro 3,In-person,2023-02-20,11
PBI,Centro 3,Hybrid,2023-02-20,11
PBI,Centro 1,In-person,2023-02-20,11
VND,Centro 3,Online,2023-02-20,11
LOG,Centro 4,In-person,2023-02-20,9
CYB,Centro 4,In-person,2023-02-20,8
SST,Centro 3,In-person,2023-02-20,8
CYB,Centro 2,In-person,2023-02-20,7
EMP,Centro 3,In-person,2023-02-20,7
ING,Centro 4,Online,2023-02-20,7
SST,Centro 4,Online,2023-02-20,7
PRI,Centro 1,Hybrid,2023-02-20,6
CYB,Centro 4,Online,2023-02-20,5
HOT,Centro 1,Hybrid,2023-02-20,5
PYT,Centro 4,In-person,2023-02-20,5
FOR,Centro 4,Hybrid,2023-02-20,4
GER,Centro 2,In-person,2023-02-20,4
INF,Centro 2,In-person,2023-02-20,4
MNT,Centro 2,In-person,2023-02-20,4
SCI,Centro 1,In-person,2023-02-20,4
SST,Centro 5,Online,2023-02-20,4
EXC,Centro 5,Hybrid,2023-02-20,3
HOT,Centro 4,In-person,2023-02-20,3
GER,Centro 1,In-person,2023-02-27,105
MNT,Centro 1,In-person,2023-02-27,99
CYB,Centro 2,Hybrid,2023-02-27,98
CYB,Centro 4,Online,2023-02-27,96
PBI,Centro 3,Online,2023-02-27,92
PRI,Centro 1,In-person,2023-02-27,89
SEG,Centro 3,Online,2023-02-27,87
HCP,Centro 3,In-person,2023-02-27,80
PYT,Centro 2,Hybrid,2023-02-27,78
PRI,Centro 3,Hybrid,2023-02-27,77
HOT,Centro 2,Hybrid,2023-02-27,71
SEG,Centro 5,In-person,2023-02-27,69
EMP,Centro 2,In-person,2023-02-27,67
CYB,Centro 5,Hybrid,2023-02-27,66
EXC,Centro 4,Online,2023-02-27,65
EMP,Centro 1,In-person,2023-02-27,64
PYT,Centro 1,Online,2023-02-27,63
EMP,Centro 4,In-person,2023-02-27,62
LOG,Centro 3,Hybrid,2023-02-27,59
FOR,Centro 1,Online,2023-02-27,58
PRO,Centro 4,In-person,2023-02-27,58
FOR,Centro 1,In-person,2023-02-27,57
HAC,Centro 1,Online,2023-02-27,57
SST,Centro 3,Hybrid,2023-02-27,57
HCP,Centro 5,In-person,2023-02-27,56
ING,Centro 5,Online,2023-02-27,56
SOC,Centro 2,Hybrid,2023-02-27,55
PBI,Centro 4,Online,2023-02-27,54
ING,Centro 3,Online,2023-02-27,53
HOT,Centro 5,In-person,2023-02-27,51
TUR,Centro 3,In-person,2023-02-27,51
HOT,Centro 3,Hybrid,2023-02-27,49
LOG,Centro 5,In-person,2023-02-27,49
SOC,Centro 5,In-person,2023-02-27,48
CYB,Centro 4,Hybrid,2023-02-27,47
EXC,Centro 4,Hybrid,2023-02-27,47
PBI,Centro 4,Hybrid,2023-02-27,47
GER,Centro 3,In-person,2023-02-27,45
LOG,Centro 2,In-person,2023-02-27,44
VND,Centro 3,Online,2023-02-27,43
PRI,Centro 4,In-person,2023-02-27,42
EMP,Centro 5,In-person,2023-02-27,40
INF,Centro 1,In-person,2023-02-27,40
LID,Centro 3,Online,2023-02-27,40
GER,Centro 3,Hybrid,2023-02-27,36
GER,Centro 2,In-person,2023-02-27,36
INF,Centro 3,In-person,2023-02-27,36
PYT,Centro 4,In-person,2023-02-27,35
VND,Centro 2,In-person,2023-02-27,35
HAC,Centro 3,In-person,2023-02-27,34
LID,Centro 4,Online,2023-02-27,33
FOR,Centro 2,In-person,2023-02-27,32
LID,Centro 1,In-person,2023-02-27,32
FOR,Centro 5,Online,2023-02-27,31
HCP,Centro 4,In-person,2023-02-27,31
LID,Centro 4,In-person,2023-02-27,31
SOC,Centro 4,Hybrid,2023-02-27,31
LOG,Centro 5,Hybrid,2023-02-27,28
EXC,Centro 3,Hybrid,2023-02-27,27
INF,Centro 2,In-person,2023-02-27,27
SST,Centro 1,Hybrid,2023-02-27,26
MNT,Centro 2,In-person,2023-02-27,25
SEG,Centro 3,In-person,2023-02-27,25
TUR,Centro 1,In-person,2023-02-27,25
VND,Centro 1,Hybrid,2023-02-27,24
LOG,Centro 1,In-person,2023-02-27,23
SEG,Centro 1,In-person,2023-02-27,23
GES,Centro 2,In-person,2023-02-27,22
HAC,Centro 5,In-person,2023-02-27,22
LID,Centro 1,Hybrid,2023-02-27,22
LID,Centro 3,In-person,2023-02-27,21
SCI,Centro 3,In-person,2023-02-27,20
SST,Centro 4,Hybrid,2023-02-27,20
PBI,Centro 2,Hybrid,2023-02-27,19
HAC,Centro 3,Online,2023-02-27,18
PBI,Centro 2,Online,2023-02-27,15
PBI,Centro 1,Hybrid,2023-02-27,14
EXC,Centro 2,Hybrid,2023-02-27,11
FOR,Centro 4,Hybrid,2023-02-27,11
PYT,Centro 4,Online,2023-02-27,11
SCI,Centro 1,Hybrid,2023-02-27,11
SST,Centro 4,Online,2023-02-27,11
HOT,Centro 2,In-person,2023-02-27,9
HOT,Centro 5,Hybrid,2023-02-27,8
TUR,Centro 5,Hybrid,2023-02-27,8
VND,Centro 3,Hybrid,2023-02-27,8
EXC,Centro 2,In-person,2023-02-27,7
INF,Centro 3,Hybrid,2023-02-27,7
LID,Centro 2,Online,2023-02-27,7
LID,Centro 2,Hybrid,2023-02-27,7
SST,Centro 5,Hybrid,2023-02-27,7
CYB,Centro 3,Online,2023-02-27,5
GES,Centro 3,Hybrid,2023-02-27,5
PRO,Centro 2,In-person,2023-02-27,5
SCI,Centro 5,In-person,2023-02-27,5
GES,Centro 4,Online,2023-02-27,4
ING,Centro 1,In-person,2023-02-27,4
MNT,Centro 3,In-person,2023-02-27,4
MNT,Centro 4,In-person,2023-02-27,4
PBI,Centro 5,Online,2023-02-27,4
PYT,Centro 3,Online,2023-02-27,4
PYT,Centro 1,Hybrid,2023-02-27,4
SCI,Centro 1,In-person,2023-02-27,4
SEG,Centro 1,Hybrid,2023-02-27,4
SOC,Centro 3,In-person,2023-02-27,4
SST,Centro 5,Online,2023-02-27,4
SST,Centro 5,In-person,2023-02-27,4
VND,Centro 1,In-person,2023-02-27,4
EXC,Centro 2,Online,2023-02-27,3
EXC,Centro 5,Online,2023-02-27,3
EXC,Centro 5,Hybrid,2023-02-27,3
HAC,Centro 2,In-person,2023-02-27,3
HCP,Centro 1,In-person,2023-02-27,3
LOG,Centro 4,In-person,2023-02-27,3
SEG,Centro 4,In-person,2023-02-27,3
SST,Centro 2,In-person,2023-02-27,3
FOR,Centro 4,Online,2023-03-06,119
SCI,Centro 1,In-person,2023-03-06,112
FOR,Centro 5,Online,2023-03-06,107
LID,Centro 2,Online,2023-03-06,105
SEG,Centro 5,In-person,2023-03-06,90
PBI,Centro 4,Hybrid,2023-03-06,83
SST,Centro 1,In-person,2023-03-06,78
INF,Centro 3,In-person,2023-03-06,76
CYB,Centro 2,Hybrid,2023-03-06,71
HAC,Centro 3,In-person,2023-03-06,67
PBI,Centro 2,Online,2023-03-06,67
HAC,Centro 3,Online,2023-03-06,65
CYB,Centro 4,Hybrid,2023-03-06,64
HOT,Centro 2,Hybrid,2023-03-06,64
EXC,Centro 1,In-person,2023-03-06,62
PBI,Centro 4,Online,2023-03-06,61
CYB,Centro 3,In-person,2023-03-06,58
SST,Centro 2,In-person,2023-03-06,54
LOG,Centro 5,Hybrid,2023-03-06,52
EXC,Centro 2,Online,2023-03-06,51
EXC,Centro 4,Hybrid,2023-03-06,51
HOT,Centro 1,Hybrid,2023-03-06,51
MNT,Centro 3,In-person,2023-03-06,49
PYT,Centro 5,Hybrid,2023-03-06,48
SST,Centro 4,Hybrid,2023-03-06,48
PRI,Centro 2,Hybrid,2023-03-06,47
VND,Centro 2,Online,2023-03-06,47
EXC,Centro 3,Hybrid,2023-03-06,46
CYB,Centro 2,Online,2023-03-06,45
SST,Centro 1,Hybrid,2023-03-06,45
FOR,Centro 2,Hybrid,2023-03-06,43
SST,Centro 3,In-person,2023-03-06,42
EXC,Centro 3,In-person,2023-03-06,41
FOR,Centro 2,In-person,2023-03-06,41
GER,Centro 3,In-person,2023-03-06,39
HCP,Centro 3,In-person,2023-03-06,39
PRI,Centro 3,In-person,2023-03-06,39
HCP,Centro 4,In-person,2023-03-06,38
HOT,Centro 5,Hybrid,2023-03-06,38
LID,Centro 4,Hybrid,2023-03-06,38
HAC,Centro 1,Hybrid,2023-03-06,37
GER,Centro 1,Hybrid,2023-03-06,35
PYT,Centro 1,Online,2023-03-06,35
SEG,Centro 5,Online,2023-03-06,35
PRO,Centro 1,In-person,2023-03-06,34
VND,Centro 1,Hybrid,2023-03-06,34
EMP,Centro 5,In-person,2023-03-06,32
HAC,Centro 2,In-person,2023-03-06,32
PYT,Centro 3,Hybrid,2023-03-06,32
HOT,Centro 1,In-person,2023-03-06,31
INF,Centro 5,In-person,2023-03-06,30
FOR,Centro 4,Hybrid,2023-03-06,29
PBI,Centro 3,In-person,2023-03-06,28
VND,Centro 1,In-person,2023-03-06,28
SEG,Centro 2,In-person,2023-03-06,27
PYT,Centro 1,In-person,2023-03-06,26
SEG,Centro 2,Online,2023-03-06,26
VND,Centro 2,In-person,2023-03-06,26
SEG,Centro 1,In-person,2023-03-06,25
CYB,Centro 5,In-person,2023-03-06,24
HAC,Centro 4,Online,2023-03-06,24
PRO,Centro 3,Hybrid,2023-03-06,24
INF,Centro 2,In-person,2023-03-06,22
LID,Centro 4,In-person,2023-03-06,22
SCI,Centro 3,In-person,2023-03-06,22
SOC,Centro 5,In-person,2023-03-06,22
PRI,Centro 5,Hybrid,2023-03-06,21
SEG,Centro 2,Hybrid,2023-03-06,21
CYB,Centro 5,Hybrid,2023-03-06,20
EMP,Centro 1,In-person,2023-03-06,20
HOT,Centro 4,In-person,2023-03-06,20
SST,Centro 5,Online,2023-03-06,20
FOR,Centro 1,Online,2023-03-06,19
HAC,Centro 5,Hybrid,2023-03-06,19
FOR,Centro 1,In-person,2023-03-06,18
HOT,Centro 2,In-person,2023-03-06,18
ING,Centro 5,Hybrid,2023-03-06,17
LOG,Centro 4,Hybrid,2023-03-06,17
PRI,Centro 4,In-person,2023-03-06,17
SEG,Centro 3,In-person,2023-03-06,16
SOC,Centro 3,In-person,2023-03-06,16
EMP,Centro 4,In-person,2023-03-06,15
PYT,Centro 2,Online,2023-03-06,15
CYB,Centro 4,In-person,2023-03-06,14
GER,Centro 4,Hybrid,2023-03-06,13
TUR,Centro 1,In-person,2023-03-06,13
LOG,Centro 2,In-person,2023-03-06,12
SST,Centro 4,In-person,2023-03-06,12
PYT,Centro 4,In-person,2023-03-06,11
LOG,Centro 4,In-person,2023-03-06,10
MNT,Centro 1,In-person,2023-03-06,10
PBI,Centro 4,In-person,2023-03-06,10
PRI,Centro 1,Hybrid,2023-03-06,10
SST,Centro 5,In-person,2023-03-06,10
PBI,Centro 2,In-person,2023-03-06,9
ING,Centro 5,Online,2023-03-06,8
LID,Centro 2,In-person,2023-03-06,8
GER,Centro 2,In-person,2023-03-06,7
ING,Centro 3,Online,2023-03-06,7
HAC,Centro 1,Online,2023-03-06,6
HAC,Centro 4,In-person,2023-03-06,6
PRI,Centro 3,Hybrid,2023-03-06,6
GER,Centro 3,Hybrid,2023-03-06,5
GES,Centro 1,Hybrid,2023-03-06,5
LID,Centro 4,Online,2023-03-06,5
LID,Centro 5,Online,2023-03-06,5
PYT,Centro 2,Hybrid,2023-03-06,5
HAC,Centro 5,In-person,2023-03-06,4
PBI,Centro 1,Hybrid,2023-03-06,4
PYT,Centro 3,Online,2023-03-06,4
PYT,Centro 4,Online,2023-03-06,4
PYT,Centro 1,Hybrid,2023-03-06,4
MNT,Centro 2,In-person,2023-03-06,2
FOR,Centro 1,Online,2023-03-13,159
LID,Centro 1,Online,2023-03-13,130
PYT,Centro 2,Hybrid,2023-03-13,129
GER,Centro 3,In-person,2023-03-13,126
PYT,Centro 3,Online,2023-03-13,125
CYB,Centro 4,Hybrid,2023-03-13,120
CYB,Centro 3,Online,2023-03-13,93
PBI,Centro 2,Online,2023-03-13,89
HCP,Centro 3,In-person,2023-03-13,84
CYB,Centro 4,Online,2023-03-13,79
ING,Centro 5,In-person,2023-03-13,79
SCI,Centro 1,In-person,2023-03-13,76
SOC,Centro 5,In-person,2023-03-13,76
GES,Centro 2,Online,2023-03-13,74
PRO,Centro 2,Online,2023-03-13,72
FOR,Centro 4,Hybrid,2023-03-13,71
HOT,Centro 2,In-person,2023-03-13,68
LID,Centro 4,Online,2023-03-13,65
GER,Centro 4,Hybrid,2023-03-13,63
SST,Centro 4,Online,2023-03-13,63
HAC,Centro 5,In-person,2023-03-13,62
ING,Centro 5,Online,2023-03-13,62
LID,Centro 2,Online,2023-03-13,62
EXC,Centro 5,Hybrid,2023-03-13,61
LID,Centro 5,Online,2023-03-13,57
FOR,Centro 1,In-person,2023-03-13,56
GER,Centro 1,In-person,2023-03-13,54
CYB,Centro 2,Online,2023-03-13,50
GES,Centro 2,In-person,2023-03-13,49
INF,Centro 1,In-person,2023-03-13,49
FOR,Centro 2,In-person,2023-03-13,48
VND,Centro 3,Online,2023-03-13,48
HOT,Centro 1,In-person,2023-03-13,47
SEG,Centro 5,In-person,2023-03-13,47
SCI,Centro 4,Hybrid,2023-03-13,45
EXC,Centro 2,Hybrid,2023-03-13,42
PBI,Centro 3,Hybrid,2023-03-13,42
EXC,Centro 2,Online,2023-03-13,41
HAC,Centro 1,In-person,2023-03-13,41
HOT,Centro 5,Hybrid,2023-03-13,41
INF,Centro 4,Hybrid,2023-03-13,40
GER,Centro 2,Hybrid,2023-03-13,39
INF,Centro 3,In-person,2023-03-13,37
CYB,Centro 4,In-person,2023-03-13,36
LID,Centro 2,In-person,2023-03-13,34
PRI,Centro 5,Hybrid,2023-03-13,34
SCI,Centro 3,In-person,2023-03-13,34
VND,Centro 3,Hybrid,2023-03-13,34
SCI,Centro 2,Hybrid,2023-03-13,33
LOG,Centro 5,Hybrid,2023-03-13,31
MNT,Centro 1,In-person,2023-03-13,29
PRO,Centro 3,Hybrid,2023-03-13,29
HOT,Centro 3,Hybrid,2023-03-13,28
SCI,Centro 5,In-person,2023-03-13,28
SST,Centro 5,In-person,2023-03-13,28
SOC,Centro 2,Hybrid,2023-03-13,27
CYB,Centro 2,Hybrid,2023-03-13,25
PRI,Centro 4,Hybrid,2023-03-13,24
SST,Centro 3,Hybrid,2023-03-13,24
HAC,Centro 4,In-person,2023-03-13,23
HOT,Centro 4,In-person,2023-03-13,23
LOG,Centro 2,Hybrid,2023-03-13,22
HCP,Centro 5,In-person,2023-03-13,21
PYT,Centro 4,In-person,2023-03-13,20
FOR,Centro 4,Online,2023-03-13,19
MNT,Centro 2,In-person,2023-03-13,17
SST,Centro 4,Hybrid,2023-03-13,17
EMP,Centro 3,In-person,2023-03-13,16
GER,Centro 5,In-person,2023-03-13,16
LOG,Centro 5,In-person,2023-03-13,16
PBI,Centro 2,Hybrid,2023-03-13,15
PBI,Centro 3,In-person,2023-03-13,15
PBI,Centro 4,In-person,2023-03-13,15
PYT,Centro 1,Online,2023-03-13,15
ING,Centro 5,Hybrid,2023-03-13,14
SEG,Centro 4,In-person,2023-03-13,14
PRI,Centro 3,In-person,2023-03-13,13
HOT,Centro 1,Hybrid,2023-03-13,12
LID,Centro 1,Hybrid,2023-03-13,12
PYT,Centro 5,Hybrid,2023-03-13,12
SST,Centro 3,In-person,2023-03-13,12
PBI,Centro 3,Online,2023-03-13,11
LID,Centro 4,Hybrid,2023-03-13,10
GER,Centro 2,In-person,2023-03-13,9
GES,Centro 4,Online,2023-03-13,9
GES,Centro 1,In-person,2023-03-13,9
PBI,Centro 1,In-person,2023-03-13,9
PRI,Centro 3,Hybrid,2023-03-13,9
MNT,Centro 3,In-person,2023-03-13,8
SCI,Centro 1,Hybrid,2023-03-13,8
TUR,Centro 5,Hybrid,2023-03-13,8
ING,Centro 1,Hybrid,2023-03-13,7
PYT,Centro 2,In-person,2023-03-13,7
SST,Centro 5,Online,2023-03-13,7
SST,Centro 1,In-person,2023-03-13,7
EXC,Centro 5,Online,2023-03-13,6
PRI,Centro 2,In-person,2023-03-13,6
SEG,Centro 3,In-person,2023-03-13,6
PRO,Centro 2,Hybrid,2023-03-13,5
PRO,Centro 4,In-person,2023-03-13,5
VND,Centro 2,Hybrid,2023-03-13,5
CYB,Centro 3,In-person,2023-03-13,4
FOR,Centro 2,Hybrid,2023-03-13,4
GER,Centro 4,In-person,2023-03-13,4
INF,Centro 3,Hybrid,2023-03-13,4
LOG,Centro 4,Hybrid,2023-03-13,4
HAC,Centro 1,Hybrid,2023-03-13,3
HAC,Centro 2,In-person,2023-03-13,3
SEG,Centro 5,Online,2023-03-13,3
SEG,Centro 5,Hybrid,2023-03-13,3
SST,Centro 2,In-person,2023-03-20,127
EXC,Centro 1,Online,2023-03-20,125
LID,Centro 2,Online,2023-03-20,112
PRI,Centro 3,In-person,2023-03-20,110
PBI,Centro 2,Online,2023-03-20,107
PYT,Centro 1,In-person,2023-03-20,93
PBI,Centro 3,Online,2023-03-20,91
FOR,Centro 5,Online,2023-03-20,88
LID,Centro 1,Hybrid,2023-03-20,73
PRO,Centro 4,Online,2023-03-20,72
GES,Centro 2,Online,2023-03-20,70
SST,Centro 5,Online,2023-03-20,69
MNT,Centro 1,In-person,2023-03-20,68
PBI,Centro 3,In-person,2023-03-20,65
HCP,Centro 4,In-person,2023-03-20,64
PBI,Centro 3,Hybrid,2023-03-20,62
INF,Centro 2,In-person,2023-03-20,61
CYB,Centro 4,Hybrid,2023-03-20,60
GER,Centro 2,Hybrid,2023-03-20,55
FOR,Centro 2,Online,2023-03-20,54
CYB,Centro 4,Online,2023-03-20,53
GER,Centro 2,In-person,2023-03-20,52
HAC,Centro 4,In-person,2023-03-20,52
LOG,Centro 4,Hybrid,2023-03-20,51
HOT,Centro 4,In-person,2023-03-20,50
CYB,Centro 5,Online,2023-03-20,47
PYT,Centro 4,In-person,2023-03-20,47
PBI,Centro 2,Hybrid,2023-03-20,46
CYB,Centro 1,Hybrid,2023-03-20,44
GES,Centro 2,Hybrid,2023-03-20,39
PRI,Centro 4,In-person,2023-03-20,39
HOT,Centro 2,In-person,2023-03-20,36
SOC,Centro 3,Hybrid,2023-03-20,36
SCI,Centro 5,In-person,2023-03-20,35
EXC,Centro 4,Hybrid,2023-03-20,34
INF,Centro 1,In-person,2023-03-20,32
HCP,Centro 1,Hybrid,2023-03-20,31
MNT,Centro 2,In-person,2023-03-20,31
PBI,Centro 2,In-person,2023-03-20,29
PRO,Centro 1,In-person,2023-03-20,28
SOC,Centro 4,In-person,2023-03-20,28
LID,Centro 4,Online,2023-03-20,27
SEG,Centro 1,In-person,2023-03-20,26
INF,Centro 3,Hybrid,2023-03-20,25
HOT,Centro 3,In-person,2023-03-20,24
LOG,Centro 2,Hybrid,2023-03-20,24
FOR,Centro 1,Online,2023-03-20,22
LID,Centro 2,Hybrid,2023-03-20,22
SCI,Centro 1,In-person,2023-03-20,21
TUR,Centro 1,In-person,2023-03-20,21
VND,Centro 3,Hybrid,2023-03-20,21
LID,Centro 4,In-person,2023-03-20,20
SOC,Centro 3,In-person,2023-03-20,20
CYB,Centro 2,Hybrid,2023-03-20,19
SEG,Centro 4,Online,2023-03-20,19
ING,Centro 4,Online,2023-03-20,18
SST,Centro 3,In-person,2023-03-20,17
SOC,Centro 5,In-person,2023-03-20,16
VND,Centro 1,In-person,2023-03-20,15
EMP,Centro 3,In-person,2023-03-20,14
EMP,Centro 5,In-person,2023-03-20,14
GER,Centro 3,In-person,2023-03-20,14
GES,Centro 2,In-person,2023-03-20,14
LOG,Centro 4,In-person,2023-03-20,12
PYT,Centro 2,Hybrid,2023-03-20,12
MNT,Centro 3,In-person,2023-03-20,11
PBI,Centro 1,In-person,2023-03-20,11
PRO,Centro 4,In-person,2023-03-20,11
SST,Centro 3,Hybrid,2023-03-20,11
FOR,Centro 2,Hybrid,2023-03-20,10
HAC,Centro 1,Hybrid,2023-03-20,10
MNT,Centro 4,In-person,2023-03-20,10
PBI,Centro 4,Online,2023-03-20,10
CYB,Centro 5,Hybrid,2023-03-20,9
FOR,Centro 3,Hybrid,2023-03-20,8
LID,Centro 3,Online,2023-03-20,8
LID,Centro 1,In-person,2023-03-20,8
PYT,Centro 5,In-person,2023-03-20,8
SCI,Centro 3,In-person,2023-03-20,8
VND,Centro 1,Hybrid,2023-03-20,8
EXC,Centro 5,Hybrid,2023-03-20,7
HAC,Centro 5,In-person,2023-03-20,7
LOG,Centro 5,In-person,2023-03-20,7
SST,Centro 4,In-person,2023-03-20,7
PBI,Centro 4,Hybrid,2023-03-20,6
PRI,Centro 5,In-person,2023-03-20,6
SST,Centro 4,Hybrid,2023-03-20,6
GER,Centro 1,Hybrid,2023-03-20,5
LID,Centro 1,Online,2023-03-20,5
PBI,Centro 5,Online,2023-03-20,5
PRO,Centro 2,Online,2023-03-20,5
VND,Centro 5,In-person,2023-03-20,5
CYB,Centro 3,Online,2023-03-20,4
EMP,Centro 1,In-person,2023-03-20,4
EXC,Centro 2,Online,2023-03-20,4
EXC,Centro 2,Hybrid,2023-03-20,4
HAC,Centro 1,Online,2023-03-20,4
INF,Centro 5,In-person,2023-03-20,4
LID,Centro 5,Online,2023-03-20,4
PBI,Centro 1,Hybrid,2023-03-20,4
SCI,Centro 2,In-person,2023-03-20,4
EXC,Centro 1,In-person,2023-03-20,3
SEG,Centro 5,In-person,2023-03-20,3
SST,Centro 5,In-person,2023-03-20,3
SST,Centro 1,In-person,2023-03-20,1
MNT,Centro 5,In-person,2023-03-27,114
MNT,Centro 1,In-person,2023-03-27,113
PRO,Centro 3,In-person,2023-03-27,108
CYB,Centro 2,Online,2023-03-27,105
SST,Centro 2,In-person,2023-03-27,104
PRI,Centro 1,Hybrid,2023-03-27,102
PYT,Centro 2,Online,2023-03-27,88
LID,Centro 5,Online,2023-03-27,87
SST,Centro 5,Online,2023-03-27,83
FOR,Centro 2,Hybrid,2023-03-27,81
CYB,Centro 1,Hybrid,2023-03-27,79
GER,Centro 2,Hybrid,2023-03-27,79
LOG,Centro 4,Hybrid,2023-03-27,79
PBI,Centro 2,Hybrid,2023-03-27,78
SOC,Centro 4,Hybrid,2023-03-27,76
SCI,Centro 1,Hybrid,2023-03-27,74
ING,Centro 5,Online,2023-03-27,71
PYT,Centro 4,Online,2023-03-27,68
SEG,Centro 5,In-person,2023-03-27,67
SST,Centro 5,In-person,2023-03-27,64
EMP,Centro 4,In-person,2023-03-27,62
INF,Centro 3,Hybrid,2023-03-27,61
SEG,Centro 1,Hybrid,2023-03-27,61
SCI,Centro 3,In-person,2023-03-27,58
HAC,Centro 4,In-person,2023-03-27,57
PBI,Centro 1,Hybrid,2023-03-27,57
VND,Centro 5,Online,2023-03-27,56
INF,Centro 4,Hybrid,2023-03-27,54
PYT,Centro 4,Hybrid,2023-03-27,54
HAC,Centro 1,Online,2023-03-27,53
SCI,Centro 3,Hybrid,2023-03-27,53
PRO,Centro 4,In-person,2023-03-27,52
VND,Centro 3,Online,2023-03-27,52
HOT,Centro 5,Hybrid,2023-03-27,51
PRI,Centro 4,In-person,2023-03-27,49
GER,Centro 2,In-person,2023-03-27,43
LID,Centro 2,In-person,2023-03-27,43
SST,Centro 5,Hybrid,2023-03-27,43
SCI,Centro 2,Hybrid,2023-03-27,41
LOG,Centro 2,In-person,2023-03-27,40
SST,Centro 3,Hybrid,2023-03-27,40
EMP,Centro 1,In-person,2023-03-27,39
GES,Centro 2,Hybrid,2023-03-27,38
HOT,Centro 3,In-person,2023-03-27,36
PBI,Centro 2,Online,2023-03-27,34
FOR,Centro 4,Hybrid,2023-03-27,33
HAC,Centro 5,In-person,2023-03-27,33
MNT,Centro 3,In-person,2023-03-27,33
HAC,Centro 3,In-person,2023-03-27,30
HCP,Centro 2,In-person,2023-03-27,30
PBI,Centro 4,In-person,2023-03-27,29
CYB,Centro 2,In-person,2023-03-27,26
ING,Centro 5,Hybrid,2023-03-27,26
CYB,Centro 2,Hybrid,2023-03-27,25
HCP,Centro 4,In-person,2023-03-27,25
FOR,Centro 1,Online,2023-03-27,24
GER,Centro 3,In-person,2023-03-27,24
PBI,Centro 3,Hybrid,2023-03-27,24
EXC,Centro 2,Hybrid,2023-03-27,23
PRO,Centro 2,Online,2023-03-27,22
SOC,Centro 3,Hybrid,2023-03-27,22
GER,Centro 5,In-person,2023-03-27,21
SEG,Centro 3,Online,2023-03-27,21
VND,Centro 1,In-person,2023-03-27,21
GER,Centro 3,Hybrid,2023-03-27,19
PBI,Centro 2,In-person,2023-03-27,19
PRI,Centro 3,In-person,2023-03-27,19
PBI,Centro 3,Online,2023-03-27,18
PBI,Centro 1,In-person,2023-03-27,18
EMP,Centro 5,In-person,2023-03-27,17
PYT,Centro 5,Hybrid,2023-03-27,17
CYB,Centro 4,Online,2023-03-27,15
EXC,Centro 3,In-person,2023-03-27,15
HAC,Centro 5,Hybrid,2023-03-27,14
INF,Centro 1,In-person,2023-03-27,14
ING,Centro 4,Online,2023-03-27,14
SEG,Centro 4,In-person,2023-03-27,14
CYB,Centro 3,Hybrid,2023-03-27,13
EXC,Centro 5,Online,2023-03-27,13
GES,Centro 1,In-person,2023-03-27,13
HOT,Centro 5,In-person,2023-03-27,13
PBI,Centro 4,Online,2023-03-27,13
SCI,Centro 1,In-person,2023-03-27,13
FOR,Centro 1,Hybrid,2023-03-27,12
GES,Centro 3,Hybrid,2023-03-27,12
EXC,Centro 2,Online,2023-03-27,10
LID,Centro 4,In-person,2023-03-27,10
PYT,Centro 3,Hybrid,2023-03-27,10
SEG,Centro 1,In-person,2023-03-27,10
EXC,Centro 5,Hybrid,2023-03-27,8
MNT,Centro 2,In-person,2023-03-27,8
MNT,Centro 4,In-person,2023-03-27,8
PRO,Centro 1,In-person,2023-03-27,8
SEG,Centro 5,Hybrid,2023-03-27,8
SOC,Centro 2,In-person,2023-03-27,8
LID,Centro 4,Hybrid,2023-03-27,7
PYT,Centro 2,In-person,2023-03-27,7
SOC,Centro 5,In-person,2023-03-27,7
SST,Centro 4,In-person,2023-03-27,7
EXC,Centro 4,Hybrid,2023-03-27,6
GER,Centro 4,Hybrid,2023-03-27,6
CYB,Centro 5,Online,2023-03-27,5
LID,Centro 2,Online,2023-03-27,5
PRO,Centro 2,Hybrid,2023-03-27,5
TUR,Centro 1,In-person,2023-03-27,5
VND,Centro 3,Hybrid,2023-03-27,5
GER,Centro 1,In-person,2023-03-27,4
HOT,Centro 3,Hybrid,2023-03-27,4
HOT,Centro 4,In-person,2023-03-27,4
INF,Centro 4,In-person,2023-03-27,4
LOG,Centro 5,In-person,2023-03-27,4
SOC,Centro 3,In-person,2023-03-27,4
SOC,Centro 4,In-person,2023-03-27,4
SST,Centro 4,Online,2023-03-27,4
TUR,Centro 3,In-person,2023-03-27,4
HAC,Centro 2,Online,2023-03-27,3
HAC,Centro 2,Hybrid,2023-03-27,3
PRI,Centro 3,Hybrid,2023-03-27,3
SST,Centro 1,In-person,2023-03-27,3
PBI,Centro 2,Hybrid,2023-04-03,133
CYB,Centro 5,In-person,2023-04-03,130
GES,Centro 2,Online,2023-04-03,106
HOT,Centro 3,In-person,2023-04-03,90
SST,Centro 4,Hybrid,2023-04-03,89
CYB,Centro 3,Hybrid,2023-04-03,84
PRI,Centro 2,In-person,2023-04-03,82
PYT,Centro 1,In-person,2023-04-03,81
EMP,Centro 5,In-person,2023-04-03,77
EXC,Centro 5,Online,2023-04-03,76
EXC,Centro 4,Online,2023-04-03,74
CYB,Centro 4,Online,2023-04-03,68
INF,Centro 5,Hybrid,2023-04-03,68
PYT,Centro 5,Online,2023-04-03,68
SST,Centro 3,Hybrid,2023-04-03,68
PBI,Centro 3,Hybrid,2023-04-03,67
PRI,Centro 3,In-person,2023-04-03,64
PRO,Centro 2,In-person,2023-04-03,60
SEG,Centro 4,In-person,2023-04-03,59
GES,Centro 1,In-person,2023-04-03,58
TUR,Centro 5,Hybrid,2023-04-03,58
EXC,Centro 5,Hybrid,2023-04-03,57
HOT,Centro 4,In-person,2023-04-03,57
PRI,Centro 5,In-person,2023-04-03,55
PBI,Centro 5,Online,2023-04-03,54
MNT,Centro 4,In-person,2023-04-03,50
SST,Centro 3,In-person,2023-04-03,49
CYB,Centro 4,Hybrid,2023-04-03,48
CYB,Centro 5,Online,2023-04-03,47
GES,Centro 3,Hybrid,2023-04-03,47
SCI,Centro 3,In-person,2023-04-03,47
PBI,Centro 4,Online,2023-04-03,45
HAC,Centro 2,Online,2023-04-03,44
CYB,Centro 3,Online,2023-04-03,43
EXC,Centro 4,Hybrid,2023-04-03,42
SST,Centro 4,In-person,2023-04-03,39
EMP,Centro 1,In-person,2023-04-03,37
EXC,Centro 2,Online,2023-04-03,37
LID,Centro 2,Hybrid,2023-04-03,37
FOR,Centro 2,Online,2023-04-03,35
HAC,Centro 1,Hybrid,2023-04-03,35
INF,Centro 1,In-person,2023-04-03,35
PRO,Centro 4,Hybrid,2023-04-03,35
LID,Centro 2,In-person,2023-04-03,34
HOT,Centro 2,In-person,2023-04-03,33
PYT,Centro 2,Online,2023-04-03,33
TUR,Centro 3,In-person,2023-04-03,33
GER,Centro 2,In-person,2023-04-03,31
FOR,Centro 3,Hybrid,2023-04-03,30
VND,Centro 4,In-person,2023-04-03,30
EMP,Centro 4,In-person,2023-04-03,29
SEG,Centro 4,Online,2023-04-03,27
EXC,Centro 1,Online,2023-04-03,26
EXC,Centro 3,In-person,2023-04-03,26
INF,Centro 4,In-person,2023-04-03,26
PYT,Centro 3,Hybrid,2023-04-03,25
CYB,Centro 1,Online,2023-04-03,24
HCP,Centro 4,In-person,2023-04-03,23
LID,Centro 5,Online,2023-04-03,23
FOR,Centro 2,Hybrid,2023-04-03,22
LID,Centro 4,In-person,2023-04-03,22
MNT,Centro 1,In-person,2023-04-03,21
TUR,Centro 4,Hybrid,2023-04-03,21
LOG,Centro 4,Hybrid,2023-04-03,20
CYB,Centro 5,Hybrid,2023-04-03,19
PBI,Centro 2,Online,2023-04-03,18
SST,Centro 1,Hybrid,2023-04-03,17
PRO,Centro 1,In-person,2023-04-03,16
TUR,Centro 1,In-person,2023-04-03,16
SST,Centro 2,Online,2023-04-03,15
ING,Centro 4,Online,2023-04-03,14
PBI,Centro 3,In-person,2023-04-03,14
PRO,Centro 5,Online,2023-04-03,12
GER,Centro 1,Hybrid,2023-04-03,11
HAC,Centro 5,In-person,2023-04-03,11
INF,Centro 3,Hybrid,2023-04-03,11
SEG,Centro 5,In-person,2023-04-03,11
MNT,Centro 3,In-person,2023-04-03,10
CYB,Centro 2,Online,2023-04-03,9
LOG,Centro 2,Hybrid,2023-04-03,9
SST,Centro 2,In-person,2023-04-03,9
VND,Centro 5,In-person,2023-04-03,9
PBI,Centro 2,In-person,2023-04-03,8
EXC,Centro 5,In-person,2023-04-03,7
HAC,Centro 5,Hybrid,2023-04-03,7
VND,Centro 2,Online,2023-04-03,7
SST,Centro 5,In-person,2023-04-03,6
GER,Centro 3,In-person,2023-04-03,5
ING,Centro 3,Online,2023-04-03,5
LID,Centro 3,Online,2023-04-03,5
MNT,Centro 5,In-person,2023-04-03,5
PBI,Centro 1,Hybrid,2023-04-03,5
PYT,Centro 5,In-person,2023-04-03,5
VND,Centro 2,Hybrid,2023-04-03,5
LOG,Centro 3,Hybrid,2023-04-03,4
LOG,Centro 5,In-person,2023-04-03,4
PBI,Centro 3,Online,2023-04-03,4
PBI,Centro 5,Hybrid,2023-04-03,4
PYT,Centro 2,Hybrid,2023-04-03,4
SST,Centro 4,Online,2023-04-03,4
HAC,Centro 4,In-person,2023-04-03,3
HOT,Centro 2,Hybrid,2023-04-03,3
SEG,Centro 1,Online,2023-04-03,3
PRI,Centro 3,In-person,2023-04-10,130
PBI,Centro 2,Online,2023-04-10,129
GES,Centro 3,Hybrid,2023-04-10,112
MNT,Centro 4,In-person,2023-04-10,107
CYB,Centro 4,Hybrid,2023-04-10,91
PYT,Centro 1,Hybrid,2023-04-10,89
CYB,Centro 4,Online,2023-04-10,87
PBI,Centro 5,Hybrid,2023-04-10,81
SEG,Centro 5,In-person,2023-04-10,78
LOG,Centro 2,Hybrid,2023-04-10,77
HAC,Centro 4,In-person,2023-04-10,73
LID,Centro 2,Hybrid,2023-04-10,73
HOT,Centro 2,In-person,2023-04-10,71
FOR,Centro 4,Hybrid,2023-04-10,70
GES,Centro 2,Online,2023-04-10,69
HOT,Centro 3,Hybrid,2023-04-10,69
SCI,Centro 5,In-person,2023-04-10,69
PYT,Centro 2,In-person,2023-04-10,68
SEG,Centro 4,In-person,2023-04-10,67
LOG,Centro 4,In-person,2023-04-10,65
PBI,Centro 2,Hybrid,2023-04-10,65
SST,Centro 5,Online,2023-04-10,65
EXC,Centro 2,Online,2023-04-10,63
ING,Centro 5,Hybrid,2023-04-10,63
VND,Centro 3,Hybrid,2023-04-10,62
SST,Centro 5,In-person,2023-04-10,61
ING,Centro 5,Online,2023-04-10,59
HOT,Centro 4,Hybrid,2023-04-10,57
INF,Centro 5,In-person,2023-04-10,54
SEG,Centro 5,Hybrid,2023-04-10,53
SOC,Centro 5,In-person,2023-04-10,53
VND,Centro 1,In-person,2023-04-10,53
TUR,Centro 1,In-person,2023-04-10,52
PBI,Centro 2,In-person,2023-04-10,51
LID,Centro 4,Hybrid,2023-04-10,50
SOC,Centro 2,In-person,2023-04-10,48
PRI,Centro 1,In-person,2023-04-10,47
EMP,Centro 1,In-person,2023-04-10,45
INF,Centro 3,In-person,2023-04-10,45
SCI,Centro 4,Hybrid,2023-04-10,45
EXC,Centro 5,Online,2023-04-10,44
LID,Centro 4,In-person,2023-04-10,43
PRI,Centro 2,Hybrid,2023-04-10,43
FOR,Centro 4,In-person,2023-04-10,37
EXC,Centro 1,Online,2023-04-10,36
SST,Centro 1,Hybrid,2023-04-10,36
TUR,Centro 3,In-person,2023-04-10,36
GER,Centro 5,In-person,2023-04-10,35
HCP,Centro 4,In-person,2023-04-10,35
PBI,Centro 3,Hybrid,2023-04-10,35
SCI,Centro 3,In-person,2023-04-10,33
INF,Centro 2,In-person,2023-04-10,32
LOG,Centro 5,In-person,2023-04-10,32
CYB,Centro 5,Online,2023-04-10,31
SCI,Centro 1,In-person,2023-04-10,31
VND,Centro 5,Online,2023-04-10,30
GER,Centro 2,Hybrid,2023-04-10,28
MNT,Centro 1,In-person,2023-04-10,28
CYB,Centro 3,Online,2023-04-10,27
LOG,Centro 1,In-person,2023-04-10,27
HOT,Centro 2,Hybrid,2023-04-10,26
HOT,Centro 3,In-person,2023-04-10,25
TUR,Centro 2,Hybrid,2023-04-10,25
HAC,Centro 5,In-person,2023-04-10,24
HOT,Centro 4,In-person,2023-04-10,24
MNT,Centro 5,In-person,2023-04-10,24
LID,Centro 5,Online,2023-04-10,23
FOR,Centro 3,Hybrid,2023-04-10,21
VND,Centro 1,Hybrid,2023-04-10,20
PBI,Centro 3,Online,2023-04-10,19
PRI,Centro 1,Hybrid,2023-04-10,19
PRO,Centro 2,In-person,2023-04-10,19
FOR,Centro 5,Online,2023-04-10,16
PRI,Centro 5,In-person,2023-04-10,16
TUR,Centro 4,Hybrid,2023-04-10,16
CYB,Centro 2,Online,2023-04-10,15
PRO,Centro 4,In-person,2023-04-10,15
VND,Centro 4,Hybrid,2023-04-10,15
PRI,Centro 2,In-person,2023-04-10,14
SOC,Centro 4,In-person,2023-04-10,14
CYB,Centro 5,In-person,2023-04-10,13
FOR,Centro 1,Hybrid,2023-04-10,12
PRI,Centro 4,In-person,2023-04-10,12
SOC,Centro 3,In-person,2023-04-10,12
EXC,Centro 3,In-person,2023-04-10,11
EMP,Centro 5,In-person,2023-04-10,10
SST,Centro 1,Online,2023-04-10,10
INF,Centro 3,Hybrid,2023-04-10,9
PBI,Centro 3,In-person,2023-04-10,8
EXC,Centro 4,Online,2023-04-10,7
HAC,Centro 1,Hybrid,2023-04-10,7
HAC,Centro 5,Hybrid,2023-04-10,6
LOG,Centro 4,Hybrid,2023-04-10,6
TUR,Centro 2,In-person,2023-04-10,6
GES,Centro 1,In-person,2023-04-10,5
MNT,Centro 2,In-person,2023-04-10,5
PRO,Centro 5,Online,2023-04-10,5
PYT,Centro 3,Hybrid,2023-04-10,5
EXC,Centro 4,Hybrid,2023-04-10,4
FOR,Centro 2,Hybrid,2023-04-10,4
FOR,Centro 1,In-person,2023-04-10,4
HCP,Centro 2,In-person,2023-04-10,4
LID,Centro 2,In-person,2023-04-10,4
PYT,Centro 5,Online,2023-04-10,4
PYT,Centro 2,Hybrid,2023-04-10,4
SCI,Centro 1,Hybrid,2023-04-10,4
VND,Centro 2,Online,2023-04-10,4
VND,Centro 5,In-person,2023-04-10,4
EXC,Centro 5,Hybrid,2023-04-10,3
SEG,Centro 4,Online,2023-04-10,3
SST,Centro 2,Hybrid,2023-04-10,3
SCI,Centro 3,In-person,2023-04-17,134
SEG,Centro 5,Hybrid,2023-04-17,103
PRI,Centro 3,In-person,2023-04-17,100
PBI,Centro 3,Online,2023-04-17,91
EXC,Centro 4,Online,2023-04-17,86
PBI,Centro 3,Hybrid,2023-04-17,84
INF,Centro 3,Hybrid,2023-04-17,83
TUR,Centro 2,Hybrid,2023-04-17,80
CYB,Centro 4,Online,2023-04-17,75
CYB,Centro 2,Online,2023-04-17,74
PRI,Centro 5,In-person,2023-04-17,73
EXC,Centro 5,Online,2023-04-17,66
VND,Centro 5,Hybrid,2023-04-17,65
HOT,Centro 3,In-person,2023-04-17,64
SST,Centro 4,In-person,2023-04-17,63
ING,Centro 1,Hybrid,2023-04-17,61
FOR,Centro 4,In-person,2023-04-17,60
VND,Centro 1,Online,2023-04-17,60
INF,Centro 4,Hybrid,2023-04-17,59
SOC,Centro 1,Hybrid,2023-04-17,59
EXC,Centro 3,In-person,2023-04-17,58
PBI,Centro 2,Online,2023-04-17,56
PRO,Centro 4,In-person,2023-04-17,55
PRI,Centro 1,Hybrid,2023-04-17,53
TUR,Centro 1,In-person,2023-04-17,53
CYB,Centro 2,Hybrid,2023-04-17,52
FOR,Centro 2,Hybrid,2023-04-17,49
EXC,Centro 5,Hybrid,2023-04-17,45
EXC,Centro 4,In-person,2023-04-17,45
HOT,Centro 1,Hybrid,2023-04-17,45
PYT,Centro 4,Hybrid,2023-04-17,42
VND,Centro 5,Online,2023-04-17,42
PBI,Centro 4,Online,2023-04-17,40
PRO,Centro 4,Hybrid,2023-04-17,40
PYT,Centro 2,In-person,2023-04-17,40
FOR,Centro 5,In-person,2023-04-17,39
HAC,Centro 1,Hybrid,2023-04-17,38
FOR,Centro 1,Online,2023-04-17,37
HAC,Centro 5,Hybrid,2023-04-17,37
PBI,Centro 4,Hybrid,2023-04-17,36
GER,Centro 3,In-person,2023-04-17,34
PYT,Centro 2,Hybrid,2023-04-17,33
PBI,Centro 2,Hybrid,2023-04-17,31
INF,Centro 2,In-person,2023-04-17,30
EMP,Centro 5,In-person,2023-04-17,29
HCP,Centro 1,Hybrid,2023-04-17,29
HOT,Centro 2,In-person,2023-04-17,29
CYB,Centro 3,Online,2023-04-17,26
ING,Centro 4,Online,2023-04-17,26
GES,Centro 1,In-person,2023-04-17,24
HCP,Centro 2,In-person,2023-04-17,24
HAC,Centro 2,In-person,2023-04-17,22
HCP,Centro 1,In-person,2023-04-17,22
PBI,Centro 5,Hybrid,2023-04-17,22
TUR,Centro 2,In-person,2023-04-17,22
EMP,Centro 3,In-person,2023-04-17,21
CYB,Centro 1,Hybrid,2023-04-17,19
HAC,Centro 3,In-person,2023-04-17,19
MNT,Centro 4,In-person,2023-04-17,19
VND,Centro 4,In-person,2023-04-17,18
SEG,Centro 5,In-person,2023-04-17,17
SCI,Centro 5,Hybrid,2023-04-17,15
CYB,Centro 4,Hybrid,2023-04-17,14
INF,Centro 3,In-person,2023-04-17,14
SCI,Centro 1,Hybrid,2023-04-17,14
LID,Centro 4,Hybrid,2023-04-17,13
LOG,Centro 4,Hybrid,2023-04-17,13
EMP,Centro 2,In-person,2023-04-17,12
FOR,Centro 1,Hybrid,2023-04-17,12
GES,Centro 3,Hybrid,2023-04-17,12
PYT,Centro 5,Hybrid,2023-04-17,12
SEG,Centro 3,Online,2023-04-17,12
VND,Centro 2,Hybrid,2023-04-17,12
CYB,Centro 2,In-person,2023-04-17,11
GER,Centro 2,Hybrid,2023-04-17,11
LID,Centro 5,Online,2023-04-17,11
PRI,Centro 2,In-person,2023-04-17,11
SOC,Centro 2,In-person,2023-04-17,11
EXC,Centro 5,In-person,2023-04-17,7
PRI,Centro 1,In-person,2023-04-17,7
TUR,Centro 5,Hybrid,2023-04-17,7
VND,Centro 4,Hybrid,2023-04-17,7
EXC,Centro 1,Online,2023-04-17,6
FOR,Centro 3,In-person,2023-04-17,5
GER,Centro 3,Hybrid,2023-04-17,5
HOT,Centro 5,In-person,2023-04-17,5
LID,Centro 2,Hybrid,2023-04-17,5
MNT,Centro 2,In-person,2023-04-17,5
MNT,Centro 5,In-person,2023-04-17,5
PRO,Centro 5,Online,2023-04-17,5
SOC,Centro 4,In-person,2023-04-17,5
VND,Centro 2,Online,2023-04-17,5
EXC,Centro 2,Online,2023-04-17,4
EXC,Centro 3,Hybrid,2023-04-17,4
GES,Centro 2,Hybrid,2023-04-17,4
HAC,Centro 3,Hybrid,2023-04-17,4
HOT,Centro 3,Hybrid,2023-04-17,4
HOT,Centro 4,In-person,2023-04-17,4
LID,Centro 2,In-person,2023-04-17,4
LOG,Centro 5,In-person,2023-04-17,4
PRI,Centro 4,In-person,2023-04-17,4
SOC,Centro 3,Hybrid,2023-04-17,4
SST,Centro 4,Hybrid,2023-04-17,4
SEG,Centro 1,Online,2023-04-17,3
SST,Centro 5,Online,2023-04-17,3
HOT,Centro 5,Hybrid,2023-04-17,1
GER,Centro 3,Hybrid,2023-04-24,116
PBI,Centro 3,Online,2023-04-24,116
CYB,Centro 4,Online,2023-04-24,109
PRI,Centro 4,In-person,2023-04-24,102
FOR,Centro 1,Hybrid,2023-04-24,98
EXC,Centro 2,Online,2023-04-24,79
SEG,Centro 1,Online,2023-04-24,78
LID,Centro 2,In-person,2023-04-24,76
EMP,Centro 3,In-person,2023-04-24,75
LOG,Centro 3,In-person,2023-04-24,73
SCI,Centro 2,In-person,2023-04-24,69
PYT,Centro 2,Hybrid,2023-04-24,68
SEG,Centro 5,In-person,2023-04-24,68
SST,Centro 1,Hybrid,2023-04-24,67
PRI,Centro 2,Hybrid,2023-04-24,66
GER,Centro 4,In-person,2023-04-24,65
HOT,Centro 3,Hybrid,2023-04-24,60
LID,Centro 1,Online,2023-04-24,60
MNT,Centro 4,In-person,2023-04-24,60
MNT,Centro 2,In-person,2023-04-24,57
ING,Centro 5,Hybrid,2023-04-24,54
CYB,Centro 2,Hybrid,2023-04-24,45
LID,Centro 4,Hybrid,2023-04-24,45
PYT,Centro 2,Online,2023-04-24,44
SOC,Centro 2,In-person,2023-04-24,44
HAC,Centro 3,Hybrid,2023-04-24,42
LID,Centro 2,Online,2023-04-24,42
INF,Centro 1,In-person,2023-04-24,41
LID,Centro 3,Hybrid,2023-04-24,41
PYT,Centro 4,Online,2023-04-24,41
CYB,Centro 5,Hybrid,2023-04-24,39
VND,Centro 2,Online,2023-04-24,39
VND,Centro 5,In-person,2023-04-24,37
HCP,Centro 1,In-person,2023-04-24,36
SST,Centro 4,Hybrid,2023-04-24,36
EXC,Centro 5,In-person,2023-04-24,35
PBI,Centro 3,In-person,2023-04-24,35
SST,Centro 4,In-person,2023-04-24,35
VND,Centro 4,In-person,2023-04-24,35
SEG,Centro 3,Hybrid,2023-04-24,34
VND,Centro 5,Hybrid,2023-04-24,34
VND,Centro 1,In-person,2023-04-24,34
CYB,Centro 1,Hybrid,2023-04-24,33
SOC,Centro 1,Hybrid,2023-04-24,33
VND,Centro 4,Hybrid,2023-04-24,33
ING,Centro 1,Hybrid,2023-04-24,32
TUR,Centro 5,Hybrid,2023-04-24,32
GER,Centro 3,In-person,2023-04-24,31
HOT,Centro 1,In-person,2023-04-24,31
LOG,Centro 4,In-person,2023-04-24,31
SOC,Centro 5,In-person,2023-04-24,31
VND,Centro 2,Hybrid,2023-04-24,31
FOR,Centro 1,In-person,2023-04-24,28
PRI,Centro 1,Hybrid,2023-04-24,28
SEG,Centro 2,In-person,2023-04-24,28
GER,Centro 2,Hybrid,2023-04-24,27
VND,Centro 3,Hybrid,2023-04-24,26
EXC,Centro 3,Online,2023-04-24,25
LOG,Centro 1,In-person,2023-04-24,25
PYT,Centro 2,In-person,2023-04-24,25
PBI,Centro 4,Online,2023-04-24,24
CYB,Centro 5,In-person,2023-04-24,23
LID,Centro 4,In-person,2023-04-24,23
GER,Centro 2,In-person,2023-04-24,22
INF,Centro 3,In-person,2023-04-24,22
PRI,Centro 1,In-person,2023-04-24,21
LID,Centro 2,Hybrid,2023-04-24,19
HOT,Centro 4,In-person,2023-04-24,18
EXC,Centro 3,In-person,2023-04-24,17
SCI,Centro 3,In-person,2023-04-24,17
PBI,Centro 2,Online,2023-04-24,16
PRI,Centro 3,In-person,2023-04-24,16
PRI,Centro 5,In-person,2023-04-24,16
SEG,Centro 3,In-person,2023-04-24,16
SOC,Centro 4,In-person,2023-04-24,16
VND,Centro 5,Online,2023-04-24,15
FOR,Centro 2,Hybrid,2023-04-24,14
PBI,Centro 5,Online,2023-04-24,14
EMP,Centro 2,In-person,2023-04-24,13
LOG,Centro 2,Hybrid,2023-04-24,13
VND,Centro 1,Online,2023-04-24,13
LOG,Centro 5,In-person,2023-04-24,11
SST,Centro 2,In-person,2023-04-24,11
GES,Centro 2,Online,2023-04-24,10
EXC,Centro 5,Hybrid,2023-04-24,9
HAC,Centro 1,In-person,2023-04-24,9
CYB,Centro 2,Online,2023-04-24,8
HCP,Centro 3,In-person,2023-04-24,8
HOT,Centro 5,In-person,2023-04-24,8
HAC,Centro 4,In-person,2023-04-24,7
PBI,Centro 5,Hybrid,2023-04-24,7
SST,Centro 5,Hybrid,2023-04-24,7
TUR,Centro 5,In-person,2023-04-24,7
HOT,Centro 2,Hybrid,2023-04-24,6
SST,Centro 5,In-person,2023-04-24,6
TUR,Centro 4,Hybrid,2023-04-24,6
HOT,Centro 5,Hybrid,2023-04-24,5
MNT,Centro 5,In-person,2023-04-24,5
SCI,Centro 5,Hybrid,2023-04-24,5
CYB,Centro 3,Online,2023-04-24,4
FOR,Centro 4,Hybrid,2023-04-24,4
HCP,Centro 2,In-person,2023-04-24,4
INF,Centro 3,Hybrid,2023-04-24,4
INF,Centro 4,Hybrid,2023-04-24,4
INF,Centro 4,In-person,2023-04-24,4
PBI,Centro 3,Hybrid,2023-04-24,4
PYT,Centro 4,Hybrid,2023-04-24,4
SST,Centro 2,Hybrid,2023-04-24,4
TUR,Centro 2,In-person,2023-04-24,4
HAC,Centro 2,In-person,2023-04-24,3
INF,Centro 2,In-person,2023-04-24,3
SEG,Centro 5,Hybrid,2023-04-24,3
PBI,Centro 4,Hybrid,2023-05-01,128
ING,Centro 3,Online,2023-05-01,93
PBI,Centro 4,Online,2023-05-01,92
FOR,Centro 5,Online,2023-05-01,86
FOR,Centro 1,In-person,2023-05-01,85
CYB,Centro 5,Online,2023-05-01,72
LOG,Centro 3,In-person,2023-05-01,72
MNT,Centro 5,In-person,2023-05-01,71
SCI,Centro 1,Hybrid,2023-05-01,70
INF,Centro 1,Hybrid,2023-05-01,69
PYT,Centro 1,Online,2023-05-01,68
SCI,Centro 2,In-person,2023-05-01,68
LID,Centro 2,Online,2023-05-01,64
SCI,Centro 5,Hybrid,2023-05-01,60
VND,Centro 5,Hybrid,2023-05-01,60
SST,Centro 2,Online,2023-05-01,59
LID,Centro 4,Hybrid,2023-05-01,55
SST,Centro 5,Hybrid,2023-05-01,54
HOT,Centro 1,Hybrid,2023-05-01,53
CYB,Centro 3,Online,2023-05-01,51
PRI,Centro 1,In-person,2023-05-01,51
MNT,Centro 4,In-person,2023-05-01,50
SEG,Centro 2,In-person,2023-05-01,46
SEG,Centro 1,Hybrid,2023-05-01,45
FOR,Centro 1,Online,2023-05-01,44
SCI,Centro 1,In-person,2023-05-01,44
HCP,Centro 3,In-person,2023-05-01,43
VND,Centro 5,Online,2023-05-01,43
TUR,Centro 2,In-person,2023-05-01,42
SOC,Centro 4,In-person,2023-05-01,39
HOT,Centro 4,Hybrid,2023-05-01,38
SEG,Centro 5,In-person,2023-05-01,38
CYB,Centro 2,In-person,2023-05-01,36
HOT,Centro 3,In-person,2023-05-01,36
VND,Centro 2,Hybrid,2023-05-01,35
CYB,Centro 4,Online,2023-05-01,34
SST,Centro 5,In-person,2023-05-01,34
PBI,Centro 1,In-person,2023-05-01,33
PYT,Centro 2,Online,2023-05-01,33
PRI,Centro 2,Hybrid,2023-05-01,31
SST,Centro 2,Hybrid,2023-05-01,31
LID,Centro 1,In-person,2023-05-01,30
PYT,Centro 2,In-person,2023-05-01,30
HAC,Centro 5,In-person,2023-05-01,29
LID,Centro 2,Hybrid,2023-05-01,28
CYB,Centro 4,Hybrid,2023-05-01,26
SST,Centro 2,In-person,2023-05-01,24
HCP,Centro 2,In-person,2023-05-01,23
EXC,Centro 5,In-person,2023-05-01,22
INF,Centro 2,In-person,2023-05-01,22
LID,Centro 5,Hybrid,2023-05-01,22
PYT,Centro 4,Online,2023-05-01,21
INF,Centro 1,In-person,2023-05-01,20
HAC,Centro 4,In-person,2023-05-01,19
PRI,Centro 1,Hybrid,2023-05-01,18
ING,Centro 4,Online,2023-05-01,17
VND,Centro 1,In-person,2023-05-01,17
FOR,Centro 3,In-person,2023-05-01,16
HOT,Centro 2,In-person,2023-05-01,16
LID,Centro 3,Hybrid,2023-05-01,16
SCI,Centro 3,In-person,2023-05-01,16
SEG,Centro 3,Hybrid,2023-05-01,16
SEG,Centro 5,Hybrid,2023-05-01,16
CYB,Centro 2,Hybrid,2023-05-01,15
CYB,Centro 3,In-person,2023-05-01,15
LOG,Centro 4,Hybrid,2023-05-01,15
PRI,Centro 3,In-person,2023-05-01,15
VND,Centro 4,In-person,2023-05-01,15
HAC,Centro 1,Online,2023-05-01,14
ING,Centro 5,Online,2023-05-01,14
LID,Centro 4,In-person,2023-05-01,13
INF,Centro 4,Hybrid,2023-05-01,12
PRO,Centro 5,Online,2023-05-01,12
PYT,Centro 4,Hybrid,2023-05-01,12
SOC,Centro 5,In-person,2023-05-01,11
PRI,Centro 5,In-person,2023-05-01,10
EMP,Centro 3,In-person,2023-05-01,9
INF,Centro 5,Hybrid,2023-05-01,8
PYT,Centro 2,Hybrid,2023-05-01,8
SOC,Centro 3,In-person,2023-05-01,8
HCP,Centro 1,In-person,2023-05-01,7
LOG,Centro 5,In-person,2023-05-01,7
SEG,Centro 1,Online,2023-05-01,7
SOC,Centro 2,In-person,2023-05-01,7
INF,Centro 4,In-person,2023-05-01,6
PRI,Centro 2,In-person,2023-05-01,6
FOR,Centro 1,Hybrid,2023-05-01,5
GES,Centro 3,Hybrid,2023-05-01,5
INF,Centro 3,Hybrid,2023-05-01,5
PRO,Centro 1,Hybrid,2023-05-01,5
VND,Centro 2,Online,2023-05-01,5
CYB,Centro 1,Online,2023-05-01,4
EMP,Centro 1,In-person,2023-05-01,4
HAC,Centro 1,Hybrid,2023-05-01,4
HAC,Centro 3,Hybrid,2023-05-01,4
HOT,Centro 5,In-person,2023-05-01,4
PRI,Centro 4,In-person,2023-05-01,4
VND,Centro 1,Hybrid,2023-05-01,4
HAC,Centro 2,Hybrid,2023-05-01,3
HAC,Centro 2,In-person,2023-05-01,3
PYT,Centro 4,Online,2023-05-08,156
CYB,Centro 4,Online,2023-05-08,141
CYB,Centro 3,Online,2023-05-08,98
PBI,Centro 3,Online,2023-05-08,97
GER,Centro 3,Hybrid,2023-05-08,95
GES,Centro 3,Hybrid,2023-05-08,81
PYT,Centro 1,Hybrid,2023-05-08,79
PRI,Centro 1,In-person,2023-05-08,78
INF,Centro 3,Hybrid,2023-05-08,73
VND,Centro 3,Hybrid,2023-05-08,68
PRO,Centro 5,Online,2023-05-08,66
SEG,Centro 3,In-person,2023-05-08,66
GES,Centro 2,Hybrid,2023-05-08,62
LID,Centro 2,Online,2023-05-08,62
PBI,Centro 5,Hybrid,2023-05-08,62
VND,Centro 2,Hybrid,2023-05-08,62
MNT,Centro 5,In-person,2023-05-08,61
GER,Centro 5,In-person,2023-05-08,60
SEG,Centro 3,Hybrid,2023-05-08,60
HAC,Centro 2,Hybrid,2023-05-08,58
HAC,Centro 5,In-person,2023-05-08,56
FOR,Centro 3,Hybrid,2023-05-08,54
PBI,Centro 3,In-person,2023-05-08,53
CYB,Centro 4,Hybrid,2023-05-08,52
PBI,Centro 4,Hybrid,2023-05-08,51
SST,Centro 4,In-person,2023-05-08,48
GER,Centro 1,In-person,2023-05-08,47
PYT,Centro 3,Online,2023-05-08,45
EXC,Centro 5,In-person,2023-05-08,44
PYT,Centro 4,Hybrid,2023-05-08,44
HOT,Centro 1,Hybrid,2023-05-08,42
HCP,Centro 3,In-person,2023-05-08,40
ING,Centro 4,Online,2023-05-08,40
PBI,Centro 1,Online,2023-05-08,40
EMP,Centro 5,In-person,2023-05-08,39
INF,Centro 3,In-person,2023-05-08,39
INF,Centro 5,Hybrid,2023-05-08,35
LOG,Centro 1,In-person,2023-05-08,35
EMP,Centro 4,In-person,2023-05-08,34
EXC,Centro 2,In-person,2023-05-08,34
LOG,Centro 3,Hybrid,2023-05-08,33
LOG,Centro 5,In-person,2023-05-08,33
MNT,Centro 4,In-person,2023-05-08,31
PYT,Centro 2,In-person,2023-05-08,31
SCI,Centro 3,In-person,2023-05-08,31
EXC,Centro 5,Hybrid,2023-05-08,30
HOT,Centro 2,Hybrid,2023-05-08,28
SCI,Centro 1,In-person,2023-05-08,28
PRI,Centro 3,Hybrid,2023-05-08,27
PRO,Centro 1,Hybrid,2023-05-08,25
SCI,Centro 2,In-person,2023-05-08,25
GER,Centro 3,In-person,2023-05-08,24
TUR,Centro 1,In-person,2023-05-08,24
HAC,Centro 3,In-person,2023-05-08,23
INF,Centro 4,In-person,2023-05-08,23
CYB,Centro 1,Hybrid,2023-05-08,22
SST,Centro 2,In-person,2023-05-08,21
SST,Centro 5,In-person,2023-05-08,21
TUR,Centro 2,In-person,2023-05-08,20
ING,Centro 5,Online,2023-05-08,18
SEG,Centro 2,In-person,2023-05-08,18
SST,Centro 2,Online,2023-05-08,18
HOT,Centro 3,In-person,2023-05-08,17
HOT,Centro 5,In-person,2023-05-08,16
LOG,Centro 3,In-person,2023-05-08,14
SEG,Centro 5,In-person,2023-05-08,14
VND,Centro 1,Hybrid,2023-05-08,14
TUR,Centro 5,Hybrid,2023-05-08,13
TUR,Centro 5,In-person,2023-05-08,13
CYB,Centro 3,In-person,2023-05-08,12
PRI,Centro 1,Hybrid,2023-05-08,12
PRO,Centro 3,In-person,2023-05-08,12
PYT,Centro 2,Hybrid,2023-05-08,12
SEG,Centro 1,Online,2023-05-08,12
HAC,Centro 1,In-person,2023-05-08,11
VND,Centro 5,Hybrid,2023-05-08,11
EMP,Centro 3,In-person,2023-05-08,10
PRI,Centro 3,In-person,2023-05-08,10
VND,Centro 2,In-person,2023-05-08,10
GES,Centro 5,In-person,2023-05-08,9
HAC,Centro 1,Hybrid,2023-05-08,9
HAC,Centro 5,Hybrid,2023-05-08,9
SEG,Centro 3,Online,2023-05-08,9
VND,Centro 4,Hybrid,2023-05-08,9
HOT,Centro 1,In-person,2023-05-08,8
PBI,Centro 2,Hybrid,2023-05-08,8
PRO,Centro 4,Hybrid,2023-05-08,8
EXC,Centro 3,In-person,2023-05-08,7
HCP,Centro 1,In-person,2023-05-08,7
HOT,Centro 4,In-person,2023-05-08,7
LID,Centro 4,Hybrid,2023-05-08,7
PBI,Centro 2,Online,2023-05-08,7
SOC,Centro 3,Hybrid,2023-05-08,7
VND,Centro 5,In-person,2023-05-08,7
PBI,Centro 4,Online,2023-05-08,6
SST,Centro 2,Hybrid,2023-05-08,6
EXC,Centro 3,Hybrid,2023-05-08,5
ING,Centro 3,Online,2023-05-08,5
PYT,Centro 5,Hybrid,2023-05-08,5
SOC,Centro 3,In-person,2023-05-08,5
EXC,Centro 1,Online,2023-05-08,4
GER,Centro 2,Hybrid,2023-05-08,4
HOT,Centro 2,In-person,2023-05-08,4
INF,Centro 1,Hybrid,2023-05-08,4
LID,Centro 3,Hybrid,2023-05-08,4
LID,Centro 5,Hybrid,2023-05-08,4
PBI,Centro 1,In-person,2023-05-08,4
PRI,Centro 2,Hybrid,2023-05-08,4
PRO,Centro 4,Online,2023-05-08,4
SCI,Centro 2,Hybrid,2023-05-08,4
SOC,Centro 4,In-person,2023-05-08,4
SCI,Centro 4,Hybrid,2023-05-08,3
SST,Centro 1,Online,2023-05-08,3
SST,Centro 4,Hybrid,2023-05-08,3
TUR,Centro 4,Hybrid,2023-05-08,3
PRO,Centro 3,Online,2023-05-15,131
PBI,Centro 3,Online,2023-05-15,126
EXC,Centro 1,Online,2023-05-15,121
SEG,Centro 5,In-person,2023-05-15,103
LID,Centro 5,Online,2023-05-15,92
CYB,Centro 1,Online,2023-05-15,90
CYB,Centro 3,Online,2023-05-15,80
PYT,Centro 4,Online,2023-05-15,79
FOR,Centro 2,Hybrid,2023-05-15,73
SEG,Centro 3,Hybrid,2023-05-15,69
ING,Centro 3,Online,2023-05-15,66
HOT,Centro 3,In-person,2023-05-15,65
CYB,Centro 2,Hybrid,2023-05-15,62
CYB,Centro 2,Online,2023-05-15,58
HOT,Centro 5,In-person,2023-05-15,55
LOG,Centro 5,In-person,2023-05-15,54
PRO,Centro 3,In-person,2023-05-15,53
GER,Centro 2,In-person,2023-05-15,51
HCP,Centro 2,In-person,2023-05-15,50
PYT,Centro 5,Hybrid,2023-05-15,50
SST,Centro 5,Hybrid,2023-05-15,49
HAC,Centro 2,In-person,2023-05-15,48
GES,Centro 2,Online,2023-05-15,46
SCI,Centro 2,Hybrid,2023-05-15,45
VND,Centro 2,Hybrid,2023-05-15,45
PRI,Centro 1,In-person,2023-05-15,43
SOC,Centro 4,In-person,2023-05-15,41
SST,Centro 2,Hybrid,2023-05-15,41
HAC,Centro 5,In-person,2023-05-15,40
INF,Centro 1,In-person,2023-05-15,40
INF,Centro 3,In-person,2023-05-15,39
SOC,Centro 3,Hybrid,2023-05-15,38
SEG,Centro 3,Online,2023-05-15,37
LOG,Centro 3,Hybrid,2023-05-15,34
SST,Centro 2,In-person,2023-05-15,34
EMP,Centro 3,In-person,2023-05-15,33
HCP,Centro 1,In-person,2023-05-15,27
CYB,Centro 3,In-person,2023-05-15,26
HOT,Centro 1,In-person,2023-05-15,25
PRO,Centro 5,Online,2023-05-15,25
HAC,Centro 4,In-person,2023-05-15,22
EXC,Centro 2,Online,2023-05-15,21
HCP,Centro 3,In-person,2023-05-15,20
INF,Centro 3,Hybrid,2023-05-15,20
HAC,Centro 3,Hybrid,2023-05-15,19
FOR,Centro 1,In-person,2023-05-15,18
HAC,Centro 1,Online,2023-05-15,18
PYT,Centro 1,Hybrid,2023-05-15,18
ING,Centro 4,Online,2023-05-15,17
EMP,Centro 4,In-person,2023-05-15,16
INF,Centro 5,Hybrid,2023-05-15,16
ING,Centro 5,Online,2023-05-15,16
TUR,Centro 5,Hybrid,2023-05-15,16
PRI,Centro 5,Hybrid,2023-05-15,15
VND,Centro 4,Hybrid,2023-05-15,15
CYB,Centro 4,Online,2023-05-15,14
HAC,Centro 1,In-person,2023-05-15,13
FOR,Centro 1,Online,2023-05-15,12
EXC,Centro 3,Hybrid,2023-05-15,11
LID,Centro 3,Online,2023-05-15,11
PBI,Centro 1,Online,2023-05-15,11
PRI,Centro 2,Hybrid,2023-05-15,10
FOR,Centro 5,In-person,2023-05-15,9
GES,Centro 2,Hybrid,2023-05-15,9
GES,Centro 3,Hybrid,2023-05-15,9
EMP,Centro 1,In-person,2023-05-15,8
LOG,Centro 3,In-person,2023-05-15,8
MNT,Centro 5,In-person,2023-05-15,8
PYT,Centro 5,Online,2023-05-15,8
EXC,Centro 4,Online,2023-05-15,7
HOT,Centro 2,Hybrid,2023-05-15,7
PBI,Centro 2,Hybrid,2023-05-15,7
SST,Centro 5,In-person,2023-05-15,6
CYB,Centro 5,Hybrid,2023-05-15,5
LID,Centro 4,In-person,2023-05-15,5
MNT,Centro 4,In-person,2023-05-15,5
PBI,Centro 3,In-person,2023-05-15,5
VND,Centro 2,Online,2023-05-15,5
FOR,Centro 4,Online,2023-05-15,4
FOR,Centro 4,Hybrid,2023-05-15,4
GER,Centro 4,Hybrid,2023-05-15,4
LID,Centro 3,Hybrid,2023-05-15,4
MNT,Centro 2,In-person,2023-05-15,4
MNT,Centro 3,In-person,2023-05-15,4
SEG,Centro 5,Hybrid,2023-05-15,4
SOC,Centro 3,In-person,2023-05-15,4
TUR,Centro 2,Hybrid,2023-05-15,4
EXC,Centro 2,In-person,2023-05-15,3
EXC,Centro 4,In-person,2023-05-15,3
HCP,Centro 5,Hybrid,2023-05-15,3
HOT,Centro 2,In-person,2023-05-15,3
PBI,Centro 4,Online,2023-05-15,3
PBI,Centro 4,Hybrid,2023-05-15,3
PBI,Centro 1,In-person,2023-05-15,3
SST,Centro 2,Online,2023-05-15,3
SST,Centro 4,In-person,2023-05-15,3
MNT,Centro 5,In-person,2023-05-22,136
EMP,Centro 4,In-person,2023-05-22,118
PBI,Centro 1,Online,2023-05-22,118
PBI,Centro 2,Online,2023-05-22,112
HAC,Centro 5,In-person,2023-05-22,88
GES,Centro 4,Online,2023-05-22,85
SCI,Centro 2,In-person,2023-05-22,85
EMP,Centro 1,In-person,2023-05-22,81
PYT,Centro 2,Hybrid,2023-05-22,80
GER,Centro 4,Hybrid,2023-05-22,77
GES,Centro 2,Hybrid,2023-05-22,74
EXC,Centro 5,In-person,2023-05-22,72
SST,Centro 5,In-person,2023-05-22,70
MNT,Centro 4,In-person,2023-05-22,67
CYB,Centro 4,Online,2023-05-22,66
PBI,Centro 4,Hybrid,2023-05-22,65
INF,Centro 1,In-person,2023-05-22,63
VND,Centro 5,In-person,2023-05-22,62
PBI,Centro 4,Online,2023-05-22,60
VND,Centro 2,In-person,2023-05-22,57
ING,Centro 5,Online,2023-05-22,56
VND,Centro 4,Hybrid,2023-05-22,56
LID,Centro 2,Hybrid,2023-05-22,55
FOR,Centro 3,In-person,2023-05-22,52
PRI,Centro 5,Hybrid,2023-05-22,52
INF,Centro 4,Hybrid,2023-05-22,47
CYB,Centro 5,Hybrid,2023-05-22,46
SOC,Centro 3,In-person,2023-05-22,45
HCP,Centro 1,In-person,2023-05-22,44
SCI,Centro 2,Hybrid,2023-05-22,40
CYB,Centro 1,Online,2023-05-22,37
CYB,Centro 5,In-person,2023-05-22,37
LOG,Centro 1,In-person,2023-05-22,36
SCI,Centro 1,In-person,2023-05-22,35
SEG,Centro 3,In-person,2023-05-22,34
SEG,Centro 4,In-person,2023-05-22,34
CYB,Centro 4,Hybrid,2023-05-22,31
INF,Centro 1,Hybrid,2023-05-22,28
PYT,Centro 4,Online,2023-05-22,28
GES,Centro 2,Online,2023-05-22,25
HOT,Centro 3,In-person,2023-05-22,21
LOG,Centro 5,In-person,2023-05-22,20
PRI,Centro 1,Hybrid,2023-05-22,20
SEG,Centro 1,Online,2023-05-22,20
GES,Centro 3,Hybrid,2023-05-22,18
PBI,Centro 3,Online,2023-05-22,18
PBI,Centro 3,In-person,2023-05-22,18
GER,Centro 1,In-person,2023-05-22,17
HOT,Centro 5,In-person,2023-05-22,16
SST,Centro 2,In-person,2023-05-22,16
INF,Centro 2,Hybrid,2023-05-22,15
EXC,Centro 4,Online,2023-05-22,12
MNT,Centro 3,In-person,2023-05-22,12
PBI,Centro 1,In-person,2023-05-22,11
HAC,Centro 4,In-person,2023-05-22,10
INF,Centro 4,In-person,2023-05-22,10
SEG,Centro 3,Hybrid,2023-05-22,10
SST,Centro 2,Hybrid,2023-05-22,10
TUR,Centro 2,In-person,2023-05-22,10
CYB,Centro 3,Online,2023-05-22,9
CYB,Centro 3,In-person,2023-05-22,9
GER,Centro 3,In-person,2023-05-22,9
HAC,Centro 1,Hybrid,2023-05-22,9
HAC,Centro 3,In-person,2023-05-22,9
PYT,Centro 5,Hybrid,2023-05-22,9
SST,Centro 4,In-person,2023-05-22,9
INF,Centro 3,Hybrid,2023-05-22,8
ING,Centro 1,Online,2023-05-22,8
PRO,Centro 3,Online,2023-05-22,8
PRO,Centro 1,Hybrid,2023-05-22,8
PRO,Centro 3,In-person,2023-05-22,8
PYT,Centro 3,Online,2023-05-22,8
VND,Centro 2,Online,2023-05-22,8
EXC,Centro 3,In-person,2023-05-22,7
INF,Centro 3,In-person,2023-05-22,7
SST,Centro 1,In-person,2023-05-22,7
EXC,Centro 1,Online,2023-05-22,6
SST,Centro 5,Hybrid,2023-05-22,6
CYB,Centro 2,Hybrid,2023-05-22,5
FOR,Centro 4,Hybrid,2023-05-22,5
GES,Centro 4,Hybrid,2023-05-22,5
HOT,Centro 3,Hybrid,2023-05-22,5
TUR,Centro 5,In-person,2023-05-22,5
EXC,Centro 3,Hybrid,2023-05-22,4
FOR,Centro 4,Online,2023-05-22,4
PRO,Centro 4,Online,2023-05-22,4
SCI,Centro 1,Hybrid,2023-05-22,4
EXC,Centro 2,In-person,2023-05-22,3
HAC,Centro 2,Hybrid,2023-05-22,3
PRI,Centro 3,Hybrid,2023-05-22,3
SST,Centro 1,Online,2023-05-22,3
MNT,Centro 3,In-person,2023-05-29,166
SST,Centro 2,Hybrid,2023-05-29,128
PYT,Centro 1,Online,2023-05-29,115
PRO,Centro 1,Hybrid,2023-05-29,105
PBI,Centro 3,Online,2023-05-29,79
PYT,Centro 1,Hybrid,2023-05-29,77
SEG,Centro 1,Hybrid,2023-05-29,72
HOT,Centro 5,In-person,2023-05-29,70
SST,Centro 5,In-person,2023-05-29,68
LOG,Centro 5,Hybrid,2023-05-29,66
EXC,Centro 4,Online,2023-05-29,64
HAC,Centro 5,Hybrid,2023-05-29,62
VND,Centro 2,Hybrid,2023-05-29,61
INF,Centro 5,In-person,2023-05-29,60
PBI,Centro 1,In-person,2023-05-29,59
TUR,Centro 2,In-person,2023-05-29,56
VND,Centro 4,Hybrid,2023-05-29,53
VND,Centro 5,Hybrid,2023-05-29,50
EMP,Centro 3,In-person,2023-05-29,47
MNT,Centro 2,In-person,2023-05-29,47
HOT,Centro 2,In-person,2023-05-29,46
SOC,Centro 5,In-person,2023-05-29,46
SST,Centro 1,Online,2023-05-29,46
INF,Centro 2,In-person,2023-05-29,42
LID,Centro 2,Online,2023-05-29,41
LID,Centro 4,In-person,2023-05-29,41
PBI,Centro 5,In-person,2023-05-29,41
CYB,Centro 2,Hybrid,2023-05-29,40
HAC,Centro 1,In-person,2023-05-29,38
HCP,Centro 2,In-person,2023-05-29,38
INF,Centro 4,In-person,2023-05-29,38
PBI,Centro 2,Hybrid,2023-05-29,38
SST,Centro 1,Hybrid,2023-05-29,38
INF,Centro 1,Hybrid,2023-05-29,37
MNT,Centro 5,In-person,2023-05-29,37
TUR,Centro 1,In-person,2023-05-29,36
SOC,Centro 3,Hybrid,2023-05-29,35
GES,Centro 2,Online,2023-05-29,32
LOG,Centro 5,In-person,2023-05-29,32
SCI,Centro 1,In-person,2023-05-29,32
SEG,Centro 3,In-person,2023-05-29,31
ING,Centro 5,Online,2023-05-29,30
PRO,Centro 4,Online,2023-05-29,30
EMP,Centro 1,In-person,2023-05-29,29
FOR,Centro 5,Online,2023-05-29,29
PBI,Centro 2,Online,2023-05-29,29
GES,Centro 2,Hybrid,2023-05-29,27
EXC,Centro 3,Online,2023-05-29,24
HOT,Centro 1,Hybrid,2023-05-29,24
HAC,Centro 1,Hybrid,2023-05-29,23
LID,Centro 5,Hybrid,2023-05-29,23
PYT,Centro 2,In-person,2023-05-29,23
HAC,Centro 5,In-person,2023-05-29,22
SOC,Centro 5,Hybrid,2023-05-29,22
FOR,Centro 4,Online,2023-05-29,20
PRI,Centro 3,Hybrid,2023-05-29,20
SEG,Centro 1,Online,2023-05-29,20
PRI,Centro 1,Hybrid,2023-05-29,18
VND,Centro 3,Hybrid,2023-05-29,18
GER,Centro 4,Hybrid,2023-05-29,17
MNT,Centro 4,In-person,2023-05-29,17
HAC,Centro 4,Online,2023-05-29,16
HCP,Centro 3,In-person,2023-05-29,16
INF,Centro 3,Hybrid,2023-05-29,16
PRI,Centro 2,Hybrid,2023-05-29,16
SOC,Centro 2,In-person,2023-05-29,16
SOC,Centro 3,In-person,2023-05-29,15
EXC,Centro 5,In-person,2023-05-29,13
HCP,Centro 1,In-person,2023-05-29,13
PRO,Centro 3,In-person,2023-05-29,13
SST,Centro 5,Online,2023-05-29,13
CYB,Centro 1,Online,2023-05-29,11
VND,Centro 5,In-person,2023-05-29,11
SEG,Centro 3,Hybrid,2023-05-29,10
SST,Centro 4,Hybrid,2023-05-29,10
GER,Centro 3,Hybrid,2023-05-29,9
GER,Centro 4,In-person,2023-05-29,9
PYT,Centro 3,Online,2023-05-29,9
SST,Centro 1,In-person,2023-05-29,9
CYB,Centro 2,Online,2023-05-29,8
FOR,Centro 1,In-person,2023-05-29,8
PRO,Centro 5,Online,2023-05-29,8
SEG,Centro 4,In-person,2023-05-29,8
HAC,Centro 3,Online,2023-05-29,7
HOT,Centro 1,In-person,2023-05-29,7
PBI,Centro 1,Online,2023-05-29,7
HAC,Centro 2,In-person,2023-05-29,6
HOT,Centro 4,Hybrid,2023-05-29,6
SST,Centro 2,In-person,2023-05-29,6
GER,Centro 1,In-person,2023-05-29,5
LID,Centro 3,Hybrid,2023-05-29,5
SCI,Centro 2,In-person,2023-05-29,5
EMP,Centro 4,In-person,2023-05-29,4
EMP,Centro 5,In-person,2023-05-29,4
EXC,Centro 1,Online,2023-05-29,4
FOR,Centro 1,Online,2023-05-29,4
FOR,Centro 2,Hybrid,2023-05-29,4
LID,Centro 1,Online,2023-05-29,4
PYT,Centro 5,Online,2023-05-29,4
PYT,Centro 4,Hybrid,2023-05-29,4
GER,Centro 2,In-person,2023-05-29,3
INF,Centro 2,Hybrid,2023-05-29,3
SEG,Centro 5,Hybrid,2023-05-29,3
PBI,Centro 1,Online,2023-06-05,95
FOR,Centro 4,Online,2023-06-05,89
HOT,Centro 5,Hybrid,2023-06-05,83
VND,Centro 2,Online,2023-06-05,79
FOR,Centro 4,Hybrid,2023-06-05,74
CYB,Centro 2,Hybrid,2023-06-05,73
HCP,Centro 5,Hybrid,2023-06-05,69
TUR,Centro 2,In-person,2023-06-05,65
LID,Centro 3,Online,2023-06-05,64
MNT,Centro 3,In-person,2023-06-05,60
TUR,Centro 4,Hybrid,2023-06-05,60
EXC,Centro 3,Hybrid,2023-06-05,59
SST,Centro 4,Hybrid,2023-06-05,59
PRO,Centro 4,Online,2023-06-05,58
GER,Centro 2,In-person,2023-06-05,56
INF,Centro 5,In-person,2023-06-05,53
PYT,Centro 4,Hybrid,2023-06-05,53
HAC,Centro 4,Online,2023-06-05,51
HOT,Centro 4,Hybrid,2023-06-05,51
LOG,Centro 3,In-person,2023-06-05,51
CYB,Centro 5,Hybrid,2023-06-05,49
PYT,Centro 3,Online,2023-06-05,49
CYB,Centro 2,In-person,2023-06-05,45
SCI,Centro 2,In-person,2023-06-05,44
EMP,Centro 5,In-person,2023-06-05,42
SCI,Centro 1,Hybrid,2023-06-05,42
HOT,Centro 4,In-person,2023-06-05,40
LID,Centro 1,In-person,2023-06-05,38
SST,Centro 2,In-person,2023-06-05,37
INF,Centro 2,Hybrid,2023-06-05,36
PBI,Centro 4,Online,2023-06-05,36
SEG,Centro 1,Hybrid,2023-06-05,36
HCP,Centro 5,In-person,2023-06-05,35
HCP,Centro 4,In-person,2023-06-05,33
PBI,Centro 3,In-person,2023-06-05,33
INF,Centro 4,In-person,2023-06-05,32
PRO,Centro 5,Online,2023-06-05,31
SEG,Centro 5,In-person,2023-06-05,31
PRI,Centro 2,In-person,2023-06-05,30
FOR,Centro 5,In-person,2023-06-05,29
HOT,Centro 1,In-person,2023-06-05,28
HOT,Centro 1,Hybrid,2023-06-05,27
GER,Centro 3,In-person,2023-06-05,26
HOT,Centro 5,In-person,2023-06-05,23
INF,Centro 1,In-person,2023-06-05,21
PBI,Centro 2,Hybrid,2023-06-05,21
SEG,Centro 1,Online,2023-06-05,20
LOG,Centro 5,Hybrid,2023-06-05,19
PBI,Centro 4,In-person,2023-06-05,19
PRI,Centro 1,In-person,2023-06-05,19
PYT,Centro 5,Hybrid,2023-06-05,17
EMP,Centro 4,In-person,2023-06-05,16
VND,Centro 2,Hybrid,2023-06-05,16
CYB,Centro 3,Online,2023-06-05,15
FOR,Centro 1,In-person,2023-06-05,15
LID,Centro 5,Hybrid,2023-06-05,15
LOG,Centro 2,In-person,2023-06-05,15
MNT,Centro 5,In-person,2023-06-05,14
HCP,Centro 3,In-person,2023-06-05,13
GES,Centro 2,Hybrid,2023-06-05,11
INF,Centro 3,In-person,2023-06-05,11
GER,Centro 1,In-person,2023-06-05,10
LOG,Centro 1,In-person,2023-06-05,10
MNT,Centro 4,In-person,2023-06-05,10
INF,Centro 3,Hybrid,2023-06-05,9
SST,Centro 5,In-person,2023-06-05,9
VND,Centro 4,Online,2023-06-05,9
EXC,Centro 4,Online,2023-06-05,8
LID,Centro 1,Online,2023-06-05,8
PBI,Centro 5,In-person,2023-06-05,8
SCI,Centro 1,In-person,2023-06-05,8
FOR,Centro 2,Hybrid,2023-06-05,7
SEG,Centro 2,In-person,2023-06-05,7
SOC,Centro 2,In-person,2023-06-05,7
SST,Centro 2,Hybrid,2023-06-05,7
HAC,Centro 3,Online,2023-06-05,6
CYB,Centro 5,In-person,2023-06-05,5
FOR,Centro 3,In-person,2023-06-05,5
GES,Centro 3,Hybrid,2023-06-05,5
INF,Centro 1,Hybrid,2023-06-05,5
LID,Centro 3,Hybrid,2023-06-05,5
LID,Centro 4,In-person,2023-06-05,5
PYT,Centro 4,Online,2023-06-05,5
EXC,Centro 2,Online,2023-06-05,4
HAC,Centro 2,In-person,2023-06-05,4
HAC,Centro 3,In-person,2023-06-05,4
HOT,Centro 3,In-person,2023-06-05,4
LID,Centro 2,Online,2023-06-05,4
LOG,Centro 5,In-person,2023-06-05,4
PYT,Centro 1,Hybrid,2023-06-05,4
VND,Centro 5,Hybrid,2023-06-05,4
HAC,Centro 5,In-person,2023-06-05,3
HCP,Centro 1,In-person,2023-06-05,3
SEG,Centro 5,Hybrid,2023-06-05,3
SEG,Centro 4,In-person,2023-06-05,3
GES,Centro 2,Hybrid,2023-06-12,149
LID,Centro 2,Online,2023-06-12,127
CYB,Centro 1,Online,2023-06-12,113
INF,Centro 3,Hybrid,2023-06-12,100
PYT,Centro 3,Hybrid,2023-06-12,100
VND,Centro 4,Hybrid,2023-06-12,84
CYB,Centro 2,Online,2023-06-12,75
SEG,Centro 1,Online,2023-06-12,74
PRO,Centro 5,Hybrid,2023-06-12,73
EXC,Centro 4,Online,2023-06-12,70
HAC,Centro 3,Online,2023-06-12,70
EXC,Centro 3,Online,2023-06-12,68
CYB,Centro 1,Hybrid,2023-06-12,66
GER,Centro 3,In-person,2023-06-12,63
SCI,Centro 2,Hybrid,2023-06-12,62
EXC,Centro 2,Online,2023-06-12,61
SOC,Centro 4,Hybrid,2023-06-12,59
GES,Centro 2,Online,2023-06-12,56
VND,Centro 2,Hybrid,2023-06-12,56
PRI,Centro 3,In-person,2023-06-12,52
HOT,Centro 5,In-person,2023-06-12,50
LOG,Centro 4,In-person,2023-06-12,50
PBI,Centro 4,Hybrid,2023-06-12,46
LID,Centro 4,In-person,2023-06-12,44
LID,Centro 3,In-person,2023-06-12,43
SEG,Centro 3,Hybrid,2023-06-12,43
PYT,Centro 3,In-person,2023-06-12,42
VND,Centro 4,Online,2023-06-12,42
FOR,Centro 2,Hybrid,2023-06-12,41
PBI,Centro 3,In-person,2023-06-12,40
FOR,Centro 3,Hybrid,2023-06-12,39
LOG,Centro 1,In-person,2023-06-12,39
PRI,Centro 1,Hybrid,2023-06-12,37
SST,Centro 1,In-person,2023-06-12,36
LID,Centro 3,Online,2023-06-12,34
PBI,Centro 4,In-person,2023-06-12,34
LID,Centro 2,Hybrid,2023-06-12,33
SST,Centro 1,Hybrid,2023-06-12,31
VND,Centro 4,In-person,2023-06-12,31
MNT,Centro 5,In-person,2023-06-12,29
PBI,Centro 1,Online,2023-06-12,29
MNT,Centro 3,In-person,2023-06-12,27
EMP,Centro 3,In-person,2023-06-12,26
FOR,Centro 1,Online,2023-06-12,25
HAC,Centro 3,In-person,2023-06-12,23
EMP,Centro 1,In-person,2023-06-12,22
FOR,Centro 4,Online,2023-06-12,21
FOR,Centro 1,In-person,2023-06-12,19
FOR,Centro 4,Hybrid,2023-06-12,18
GER,Centro 5,Hybrid,2023-06-12,17
SEG,Centro 4,In-person,2023-06-12,17
GER,Centro 1,In-person,2023-06-12,16
SOC,Centro 2,In-person,2023-06-12,16
TUR,Centro 5,In-person,2023-06-12,16
HCP,Centro 2,In-person,2023-06-12,13
INF,Centro 2,Hybrid,2023-06-12,13
SEG,Centro 1,In-person,2023-06-12,13
HCP,Centro 3,In-person,2023-06-12,11
HCP,Centro 4,In-person,2023-06-12,11
PYT,Centro 1,Online,2023-06-12,9
GER,Centro 3,Hybrid,2023-06-12,8
GER,Centro 5,In-person,2023-06-12,8
INF,Centro 1,In-person,2023-06-12,8
INF,Centro 3,In-person,2023-06-12,8
ING,Centro 1,Online,2023-06-12,7
SST,Centro 2,In-person,2023-06-12,7
SST,Centro 4,Hybrid,2023-06-12,6
CYB,Centro 2,Hybrid,2023-06-12,5
SST,Centro 3,Online,2023-06-12,5
GER,Centro 2,In-person,2023-06-12,4
HOT,Centro 1,In-person,2023-06-12,4
INF,Centro 5,In-person,2023-06-12,4
LID,Centro 1,Online,2023-06-12,4
PRI,Centro 3,Hybrid,2023-06-12,4
EMP,Centro 4,In-person,2023-06-12,3
HAC,Centro 2,In-person,2023-06-12,3
PRI,Centro 4,In-person,2023-06-12,3
SEG,Centro 1,Hybrid,2023-06-12,3
SST,Centro 5,In-person,2023-06-12,3
TUR,Centro 2,In-person,2023-06-12,3
CYB,Centro 5,In-person,2023-06-19,114
HOT,Centro 3,Hybrid,2023-06-19,95
FOR,Centro 2,Online,2023-06-19,93
PYT,Centro 4,Hybrid,2023-06-19,90
VND,Centro 3,Hybrid,2023-06-19,87
FOR,Centro 4,Online,2023-06-19,85
FOR,Centro 1,In-person,2023-06-19,84
SST,Centro 5,Online,2023-06-19,76
EXC,Centro 3,Online,2023-06-19,71
FOR,Centro 5,Online,2023-06-19,69
ING,Centro 2,Hybrid,2023-06-19,68
PYT,Centro 5,Online,2023-06-19,68
MNT,Centro 3,In-person,2023-06-19,67
INF,Centro 3,Hybrid,2023-06-19,59
LID,Centro 2,Hybrid,2023-06-19,54
SEG,Centro 1,Hybrid,2023-06-19,47
VND,Centro 4,In-person,2023-06-19,44
PRO,Centro 1,Hybrid,2023-06-19,43
GER,Centro 4,In-person,2023-06-19,42
LOG,Centro 1,In-person,2023-06-19,42
SEG,Centro 1,In-person,2023-06-19,42
GER,Centro 5,Hybrid,2023-06-19,41
EXC,Centro 1,Hybrid,2023-06-19,40
GES,Centro 4,Online,2023-06-19,37
PRO,Centro 5,Hybrid,2023-06-19,35
EMP,Centro 5,In-person,2023-06-19,34
INF,Centro 2,In-person,2023-06-19,32
PRI,Centro 5,In-person,2023-06-19,31
SOC,Centro 4,Hybrid,2023-06-19,31
ING,Centro 1,Online,2023-06-19,28
CYB,Centro 1,Online,2023-06-19,27
FOR,Centro 3,Hybrid,2023-06-19,26
INF,Centro 5,In-person,2023-06-19,26
INF,Centro 3,In-person,2023-06-19,25
HOT,Centro 5,In-person,2023-06-19,24
PBI,Centro 4,Hybrid,2023-06-19,23
HAC,Centro 2,In-person,2023-06-19,22
SST,Centro 1,In-person,2023-06-19,22
CYB,Centro 2,Online,2023-06-19,21
HAC,Centro 1,In-person,2023-06-19,20
PRO,Centro 4,In-person,2023-06-19,17
CYB,Centro 1,Hybrid,2023-06-19,16
GES,Centro 5,In-person,2023-06-19,16
INF,Centro 1,Hybrid,2023-06-19,16
GES,Centro 4,Hybrid,2023-06-19,15
PBI,Centro 4,In-person,2023-06-19,14
PRI,Centro 2,In-person,2023-06-19,14
SOC,Centro 2,In-person,2023-06-19,14
GES,Centro 3,Hybrid,2023-06-19,12
HAC,Centro 1,Hybrid,2023-06-19,12
PYT,Centro 1,Hybrid,2023-06-19,10
CYB,Centro 4,In-person,2023-06-19,9
HOT,Centro 4,Hybrid,2023-06-19,9
EMP,Centro 3,In-person,2023-06-19,8
VND,Centro 4,Hybrid,2023-06-19,8
GER,Centro 2,In-person,2023-06-19,7
SEG,Centro 1,Online,2023-06-19,7
SST,Centro 5,In-person,2023-06-19,7
HCP,Centro 1,In-person,2023-06-19,6
GES,Centro 2,Online,2023-06-19,5
LID,Centro 5,Online,2023-06-19,5
PYT,Centro 1,Online,2023-06-19,5
VND,Centro 2,Hybrid,2023-06-19,5
VND,Centro 5,Hybrid,2023-06-19,5
EXC,Centro 5,Online,2023-06-19,4
GES,Centro 2,Hybrid,2023-06-19,4
INF,Centro 2,Hybrid,2023-06-19,4
MNT,Centro 2,In-person,2023-06-19,4
TUR,Centro 2,Hybrid,2023-06-19,4
EXC,Centro 4,Online,2023-06-19,3
HCP,Centro 2,In-person,2023-06-19,3
HCP,Centro 4,In-person,2023-06-19,3
PRO,Centro 4,In-person,2023-06-26,141
ING,Centro 3,Online,2023-06-26,111
EXC,Centro 2,Online,2023-06-26,105
GES,Centro 3,Hybrid,2023-06-26,79
TUR,Centro 1,In-person,2023-06-26,74
INF,Centro 3,In-person,2023-06-26,68
LOG,Centro 1,In-person,2023-06-26,65
LID,Centro 5,Hybrid,2023-06-26,62
INF,Centro 2,In-person,2023-06-26,61
CYB,Centro 4,Hybrid,2023-06-26,60
FOR,Centro 3,Hybrid,2023-06-26,53
EXC,Centro 4,Online,2023-06-26,50
FOR,Centro 4,Hybrid,2023-06-26,48
GES,Centro 2,Online,2023-06-26,47
GES,Centro 2,Hybrid,2023-06-26,40
MNT,Centro 3,In-person,2023-06-26,39
PRI,Centro 4,In-person,2023-06-26,39
PYT,Centro 4,Hybrid,2023-06-26,39
PRI,Centro 2,In-person,2023-06-26,37
HCP,Centro 5,In-person,2023-06-26,35
SOC,Centro 2,In-person,2023-06-26,33
MNT,Centro 4,In-person,2023-06-26,32
PRI,Centro 1,Hybrid,2023-06-26,31
SST,Centro 2,Online,2023-06-26,26
LOG,Centro 3,In-person,2023-06-26,25
LOG,Centro 4,Hybrid,2023-06-26,24
HOT,Centro 5,In-person,2023-06-26,23
EXC,Centro 1,Hybrid,2023-06-26,19
PYT,Centro 5,Online,2023-06-26,19
SEG,Centro 5,In-person,2023-06-26,19
HCP,Centro 3,In-person,2023-06-26,18
LID,Centro 1,Online,2023-06-26,18
LOG,Centro 2,In-person,2023-06-26,18
MNT,Centro 2,In-person,2023-06-26,17
PBI,Centro 2,Hybrid,2023-06-26,17
FOR,Centro 5,Online,2023-06-26,15
GES,Centro 5,In-person,2023-06-26,15
CYB,Centro 2,Online,2023-06-26,14
GER,Centro 3,In-person,2023-06-26,14
HAC,Centro 5,In-person,2023-06-26,14
SOC,Centro 4,Hybrid,2023-06-26,14
VND,Centro 3,Hybrid,2023-06-26,14
HAC,Centro 3,Hybrid,2023-06-26,13
PYT,Centro 3,Online,2023-06-26,13
SST,Centro 1,In-person,2023-06-26,12
GES,Centro 4,Hybrid,2023-06-26,10
PRI,Centro 5,In-person,2023-06-26,10
VND,Centro 5,Hybrid,2023-06-26,10
LOG,Centro 4,In-person,2023-06-26,9
EMP,Centro 3,In-person,2023-06-26,8
ING,Centro 5,Online,2023-06-26,8
PBI,Centro 1,In-person,2023-06-26,8
SEG,Centro 4,In-person,2023-06-26,8
VND,Centro 3,In-person,2023-06-26,8
HOT,Centro 4,In-person,2023-06-26,7
SEG,Centro 1,Hybrid,2023-06-26,7
INF,Centro 3,Hybrid,2023-06-26,5
INF,Centro 5,In-person,2023-06-26,5
PRO,Centro 5,Hybrid,2023-06-26,5
SCI,Centro 3,In-person,2023-06-26,5
SOC,Centro 3,In-person,2023-06-26,5
EMP,Centro 5,In-person,2023-06-26,4
HCP,Centro 2,In-person,2023-06-26,4
HOT,Centro 1,Hybrid,2023-06-26,4
INF,Centro 4,In-person,2023-06-26,4
MNT,Centro 5,In-person,2023-06-26,4
SOC,Centro 5,In-person,2023-06-26,4
SST,Centro 2,In-person,2023-06-26,4
VND,Centro 4,Online,2023-06-26,4
LOG,Centro 5,Hybrid,2023-06-26,3
PRI,Centro 1,In-person,2023-06-26,3
GES,Centro 5,In-person,2023-07-03,112
EXC,Centro 2,Online,2023-07-03,98
SCI,Centro 3,In-person,2023-07-03,85
PRO,Centro 3,In-person,2023-07-03,78
HCP,Centro 3,In-person,2023-07-03,74
PBI,Centro 1,In-person,2023-07-03,74
GES,Centro 4,Hybrid,2023-07-03,73
CYB,Centro 4,In-person,2023-07-03,68
GER,Centro 2,In-person,2023-07-03,60
CYB,Centro 5,In-person,2023-07-03,57
MNT,Centro 4,In-person,2023-07-03,55
HCP,Centro 5,Hybrid,2023-07-03,50
FOR,Centro 5,Online,2023-07-03,47
HCP,Centro 4,In-person,2023-07-03,47
SOC,Centro 3,In-person,2023-07-03,47
EMP,Centro 1,In-person,2023-07-03,45
CYB,Centro 1,Online,2023-07-03,43
CYB,Centro 3,Hybrid,2023-07-03,43
VND,Centro 4,Online,2023-07-03,41
LID,Centro 5,Online,2023-07-03,39
MNT,Centro 1,In-person,2023-07-03,39
PRI,Centro 2,In-person,2023-07-03,39
SST,Centro 2,Online,2023-07-03,37
INF,Centro 2,Hybrid,2023-07-03,35
HCP,Centro 2,In-person,2023-07-03,31
ING,Centro 5,Online,2023-07-03,30
MNT,Centro 2,In-person,2023-07-03,30
LID,Centro 3,In-person,2023-07-03,26
VND,Centro 3,In-person,2023-07-03,26
FOR,Centro 4,Hybrid,2023-07-03,25
SEG,Centro 4,In-person,2023-07-03,25
PRI,Centro 4,In-person,2023-07-03,24
SOC,Centro 4,Hybrid,2023-07-03,24
GES,Centro 2,Hybrid,2023-07-03,18
PBI,Centro 3,In-person,2023-07-03,17
PRI,Centro 3,In-person,2023-07-03,16
SEG,Centro 3,Hybrid,2023-07-03,16
SOC,Centro 2,In-person,2023-07-03,16
LOG,Centro 4,Hybrid,2023-07-03,15
ING,Centro 2,Hybrid,2023-07-03,14
LOG,Centro 2,In-person,2023-07-03,14
PRI,Centro 1,In-person,2023-07-03,14
SST,Centro 5,In-person,2023-07-03,14
LOG,Centro 4,In-person,2023-07-03,12
PRO,Centro 4,In-person,2023-07-03,11
HCP,Centro 5,In-person,2023-07-03,9
INF,Centro 5,In-person,2023-07-03,9
EXC,Centro 5,Online,2023-07-03,8
FOR,Centro 3,Hybrid,2023-07-03,8
MNT,Centro 5,In-person,2023-07-03,8
EXC,Centro 1,Hybrid,2023-07-03,7
ING,Centro 3,Online,2023-07-03,7
PBI,Centro 4,In-person,2023-07-03,7
VND,Centro 2,Hybrid,2023-07-03,7
EXC,Centro 5,In-person,2023-07-03,6
INF,Centro 4,In-person,2023-07-03,6
LOG,Centro 1,In-person,2023-07-03,6
LID,Centro 2,Online,2023-07-03,5
TUR,Centro 1,In-person,2023-07-03,5
VND,Centro 1,Online,2023-07-03,5
EXC,Centro 3,Online,2023-07-03,4
EXC,Centro 5,Hybrid,2023-07-03,4
ING,Centro 1,Online,2023-07-03,4
VND,Centro 2,In-person,2023-07-03,4
VND,Centro 4,In-person,2023-07-03,4
PBI,Centro 2,Hybrid,2023-07-10,118
PYT,Centro 3,Online,2023-07-10,105
LID,Centro 1,Hybrid,2023-07-10,98
EXC,Centro 2,Online,2023-07-10,92
SOC,Centro 3,In-person,2023-07-10,87
EXC,Centro 5,Online,2023-07-10,85
PYT,Centro 4,Online,2023-07-10,76
HAC,Centro 1,In-person,2023-07-10,67
HCP,Centro 3,In-person,2023-07-10,60
CYB,Centro 5,In-person,2023-07-10,55
SST,Centro 1,In-person,2023-07-10,54
MNT,Centro 3,In-person,2023-07-10,52
EMP,Centro 5,In-person,2023-07-10,51
GES,Centro 2,Hybrid,2023-07-10,50
SST,Centro 3,Online,2023-07-10,49
LOG,Centro 1,In-person,2023-07-10,48
HAC,Centro 1,Hybrid,2023-07-10,47
ING,Centro 1,Online,2023-07-10,46
SCI,Centro 1,Hybrid,2023-07-10,42
GER,Centro 4,Hybrid,2023-07-10,40
GES,Centro 4,Hybrid,2023-07-10,39
CYB,Centro 4,Online,2023-07-10,38
LID,Centro 5,Hybrid,2023-07-10,38
EXC,Centro 5,Hybrid,2023-07-10,36
PYT,Centro 4,Hybrid,2023-07-10,35
SCI,Centro 3,In-person,2023-07-10,34
SCI,Centro 4,In-person,2023-07-10,34
EMP,Centro 1,In-person,2023-07-10,32
INF,Centro 2,Hybrid,2023-07-10,32
SST,Centro 2,In-person,2023-07-10,32
SEG,Centro 5,In-person,2023-07-10,31
ING,Centro 2,Hybrid,2023-07-10,30
PBI,Centro 4,In-person,2023-07-10,30
SST,Centro 2,Online,2023-07-10,30
SST,Centro 5,Hybrid,2023-07-10,30
HCP,Centro 4,In-person,2023-07-10,27
VND,Centro 2,Hybrid,2023-07-10,27
GER,Centro 2,Hybrid,2023-07-10,25
TUR,Centro 1,Hybrid,2023-07-10,25
INF,Centro 3,In-person,2023-07-10,24
PYT,Centro 1,Hybrid,2023-07-10,24
GER,Centro 5,Hybrid,2023-07-10,23
VND,Centro 5,Online,2023-07-10,23
PYT,Centro 2,Online,2023-07-10,22
HCP,Centro 2,In-person,2023-07-10,19
PRI,Centro 5,In-person,2023-07-10,19
PBI,Centro 3,In-person,2023-07-10,17
SST,Centro 5,Online,2023-07-10,16
GER,Centro 2,In-person,2023-07-10,14
GES,Centro 2,In-person,2023-07-10,14
ING,Centro 2,Online,2023-07-10,14
LID,Centro 2,In-person,2023-07-10,14
VND,Centro 3,Online,2023-07-10,13
MNT,Centro 1,In-person,2023-07-10,11
PBI,Centro 1,Hybrid,2023-07-10,11
PBI,Centro 3,Hybrid,2023-07-10,11
VND,Centro 3,In-person,2023-07-10,11
HAC,Centro 3,Hybrid,2023-07-10,10
MNT,Centro 2,In-person,2023-07-10,10
GES,Centro 5,Hybrid,2023-07-10,9
SEG,Centro 1,Hybrid,2023-07-10,9
PYT,Centro 3,In-person,2023-07-10,8
SEG,Centro 4,In-person,2023-07-10,8
TUR,Centro 5,In-person,2023-07-10,7
LOG,Centro 5,In-person,2023-07-10,6
CYB,Centro 4,Hybrid,2023-07-10,5
SOC,Centro 5,Hybrid,2023-07-10,5
SOC,Centro 2,In-person,2023-07-10,5
FOR,Centro 4,Online,2023-07-10,4
FOR,Centro 3,Hybrid,2023-07-10,4
HOT,Centro 5,In-person,2023-07-10,4
INF,Centro 5,In-person,2023-07-10,4
PRI,Centro 4,In-person,2023-07-10,4
SST,Centro 5,In-person,2023-07-10,4
EXC,Centro 5,In-person,2023-07-17,102
MNT,Centro 4,In-person,2023-07-17,69
INF,Centro 2,In-person,2023-07-17,60
CYB,Centro 2,Hybrid,2023-07-17,57
SST,Centro 3,Online,2023-07-17,55
HAC,Centro 2,In-person,2023-07-17,50
FOR,Centro 5,Online,2023-07-17,49
GER,Centro 3,In-person,2023-07-17,49
PRI,Centro 2,In-person,2023-07-17,49
GER,Centro 5,In-person,2023-07-17,47
HCP,Centro 5,In-person,2023-07-17,47
SEG,Centro 1,In-person,2023-07-17,45
HOT,Centro 1,Hybrid,2023-07-17,43
EXC,Centro 3,In-person,2023-07-17,40
VND,Centro 2,Online,2023-07-17,40
SOC,Centro 5,Hybrid,2023-07-17,39
SEG,Centro 5,In-person,2023-07-17,38
TUR,Centro 2,In-person,2023-07-17,38
HOT,Centro 5,In-person,2023-07-17,36
PYT,Centro 2,Online,2023-07-17,35
INF,Centro 4,In-person,2023-07-17,33
VND,Centro 1,Online,2023-07-17,33
CYB,Centro 4,In-person,2023-07-17,32
PRI,Centro 3,In-person,2023-07-17,30
SEG,Centro 5,Hybrid,2023-07-17,30
FOR,Centro 1,Online,2023-07-17,29
VND,Centro 2,Hybrid,2023-07-17,28
VND,Centro 4,Online,2023-07-17,26
SOC,Centro 2,In-person,2023-07-17,25
PBI,Centro 4,Online,2023-07-17,23
VND,Centro 3,In-person,2023-07-17,22
HAC,Centro 5,In-person,2023-07-17,21
HCP,Centro 3,In-person,2023-07-17,18
LID,Centro 4,In-person,2023-07-17,18
MNT,Centro 5,In-person,2023-07-17,18
SEG,Centro 4,In-person,2023-07-17,18
LOG,Centro 1,In-person,2023-07-17,17
EXC,Centro 5,Hybrid,2023-07-17,15
EMP,Centro 5,In-person,2023-07-17,14
GER,Centro 2,In-person,2023-07-17,13
GES,Centro 3,In-person,2023-07-17,13
HAC,Centro 1,Hybrid,2023-07-17,12
PBI,Centro 3,In-person,2023-07-17,12
SOC,Centro 3,In-person,2023-07-17,12
LOG,Centro 4,Hybrid,2023-07-17,11
PBI,Centro 4,In-person,2023-07-17,11
LID,Centro 2,In-person,2023-07-17,10
SCI,Centro 3,In-person,2023-07-17,9
GER,Centro 1,In-person,2023-07-17,8
SOC,Centro 4,In-person,2023-07-17,8
EXC,Centro 1,In-person,2023-07-17,7
GES,Centro 2,Hybrid,2023-07-17,7
HOT,Centro 2,In-person,2023-07-17,7
SST,Centro 1,Online,2023-07-17,7
VND,Centro 5,Hybrid,2023-07-17,7
EMP,Centro 4,In-person,2023-07-17,6
GER,Centro 4,In-person,2023-07-17,6
CYB,Centro 4,Hybrid,2023-07-17,5
FOR,Centro 1,In-person,2023-07-17,5
LID,Centro 1,Hybrid,2023-07-17,5
MNT,Centro 1,In-person,2023-07-17,5
PYT,Centro 4,Hybrid,2023-07-17,5
HCP,Centro 5,Hybrid,2023-07-17,4
INF,Centro 3,In-person,2023-07-17,4
PBI,Centro 4,Hybrid,2023-07-17,4
PRO,Centro 2,In-person,2023-07-17,4
SST,Centro 1,In-person,2023-07-17,3
EXC,Centro 5,Online,2023-07-17,2
MNT,Centro 1,In-person,2023-07-24,146
ING,Centro 2,Online,2023-07-24,112
CYB,Centro 2,Hybrid,2023-07-24,106
LID,Centro 1,Hybrid,2023-07-24,76
SOC,Centro 5,In-person,2023-07-24,71
TUR,Centro 1,Hybrid,2023-07-24,69
PYT,Centro 4,Online,2023-07-24,67
PBI,Centro 4,In-person,2023-07-24,62
MNT,Centro 4,In-person,2023-07-24,58
PYT,Centro 4,Hybrid,2023-07-24,58
SEG,Centro 5,In-person,2023-07-24,57
SST,Centro 1,Online,2023-07-24,50
HAC,Centro 3,Hybrid,2023-07-24,48
HCP,Centro 5,In-person,2023-07-24,47
VND,Centro 1,Hybrid,2023-07-24,45
HCP,Centro 3,In-person,2023-07-24,43
SST,Centro 5,Hybrid,2023-07-24,43
HCP,Centro 2,Hybrid,2023-07-24,41
PRO,Centro 3,In-person,2023-07-24,37
PBI,Centro 1,Hybrid,2023-07-24,36
VND,Centro 5,Hybrid,2023-07-24,36
EXC,Centro 5,In-person,2023-07-24,35
ING,Centro 5,Online,2023-07-24,34
SOC,Centro 5,Hybrid,2023-07-24,33
MNT,Centro 3,In-person,2023-07-24,32
HAC,Centro 5,In-person,2023-07-24,30
EXC,Centro 2,Online,2023-07-24,29
EMP,Centro 1,In-person,2023-07-24,28
PBI,Centro 3,Hybrid,2023-07-24,28
PRI,Centro 1,In-person,2023-07-24,28
SST,Centro 1,In-person,2023-07-24,28
GER,Centro 1,In-person,2023-07-24,27
VND,Centro 2,Online,2023-07-24,27
GER,Centro 2,Hybrid,2023-07-24,26
GER,Centro 3,In-person,2023-07-24,26
ING,Centro 2,Hybrid,2023-07-24,24
LOG,Centro 4,Hybrid,2023-07-24,24
SST,Centro 2,In-person,2023-07-24,24
CYB,Centro 1,Online,2023-07-24,23
LID,Centro 2,Hybrid,2023-07-24,20
LOG,Centro 5,In-person,2023-07-24,20
PRI,Centro 3,In-person,2023-07-24,18
SOC,Centro 3,In-person,2023-07-24,18
MNT,Centro 2,In-person,2023-07-24,17
SEG,Centro 4,Online,2023-07-24,16
FOR,Centro 3,Hybrid,2023-07-24,15
SST,Centro 4,Hybrid,2023-07-24,15
SST,Centro 5,In-person,2023-07-24,15
TUR,Centro 5,In-person,2023-07-24,15
VND,Centro 5,Online,2023-07-24,15
EMP,Centro 5,In-person,2023-07-24,13
PRI,Centro 5,In-person,2023-07-24,13
CYB,Centro 4,Hybrid,2023-07-24,12
GER,Centro 5,In-person,2023-07-24,12
MNT,Centro 5,In-person,2023-07-24,12
PRI,Centro 3,Hybrid,2023-07-24,12
PBI,Centro 1,Online,2023-07-24,11
SEG,Centro 2,In-person,2023-07-24,11
VND,Centro 2,Hybrid,2023-07-24,11
PBI,Centro 3,In-person,2023-07-24,10
SCI,Centro 4,In-person,2023-07-24,10
SEG,Centro 4,In-person,2023-07-24,10
EXC,Centro 4,Hybrid,2023-07-24,7
EXC,Centro 3,In-person,2023-07-24,7
GES,Centro 4,Hybrid,2023-07-24,7
HAC,Centro 2,In-person,2023-07-24,7
ING,Centro 4,Hybrid,2023-07-24,7
LOG,Centro 1,In-person,2023-07-24,7
PRI,Centro 4,In-person,2023-07-24,7
SCI,Centro 3,In-person,2023-07-24,7
INF,Centro 5,Hybrid,2023-07-24,5
PYT,Centro 1,Hybrid,2023-07-24,5
INF,Centro 2,Hybrid,2023-07-24,4
LOG,Centro 2,In-person,2023-07-24,4
SCI,Centro 5,Hybrid,2023-07-24,4
VND,Centro 3,In-person,2023-07-24,4
GER,Centro 2,In-person,2023-07-24,3
HAC,Centro 1,Hybrid,2023-07-24,3
PRI,Centro 4,Hybrid,2023-07-24,3
SEG,Centro 1,In-person,2023-07-24,3
SEG,Centro 3,In-person,2023-07-24,3
GER,Centro 3,In-person,2023-07-31,161
PRI,Centro 3,Hybrid,2023-07-31,121
SOC,Centro 3,In-person,2023-07-31,112
CYB,Centro 4,In-person,2023-07-31,97
VND,Centro 4,Online,2023-07-31,97
PYT,Centro 4,Hybrid,2023-07-31,88
SST,Centro 5,In-person,2023-07-31,82
EXC,Centro 2,Online,2023-07-31,81
CYB,Centro 3,Hybrid,2023-07-31,77
ING,Centro 5,Online,2023-07-31,77
TUR,Centro 2,Hybrid,2023-07-31,72
INF,Centro 3,Hybrid,2023-07-31,66
VND,Centro 2,In-person,2023-07-31,66
HOT,Centro 1,Hybrid,2023-07-31,65
LOG,Centro 1,In-person,2023-07-31,65
PBI,Centro 3,Hybrid,2023-07-31,65
PRI,Centro 5,In-person,2023-07-31,62
SOC,Centro 5,In-person,2023-07-31,60
SEG,Centro 1,Online,2023-07-31,58
HOT,Centro 4,In-person,2023-07-31,55
TUR,Centro 1,Hybrid,2023-07-31,54
GER,Centro 2,Hybrid,2023-07-31,53
PBI,Centro 4,In-person,2023-07-31,50
INF,Centro 2,In-person,2023-07-31,46
HAC,Centro 3,In-person,2023-07-31,43
PRI,Centro 3,In-person,2023-07-31,43
GER,Centro 1,In-person,2023-07-31,40
PYT,Centro 2,Online,2023-07-31,40
SST,Centro 4,In-person,2023-07-31,40
INF,Centro 5,In-person,2023-07-31,38
VND,Centro 4,Hybrid,2023-07-31,36
EXC,Centro 1,Hybrid,2023-07-31,34
LID,Centro 2,In-person,2023-07-31,34
PBI,Centro 4,Online,2023-07-31,34
TUR,Centro 5,In-person,2023-07-31,34
PBI,Centro 1,Hybrid,2023-07-31,33
PRI,Centro 2,In-person,2023-07-31,32
SOC,Centro 4,In-person,2023-07-31,32
SST,Centro 1,In-person,2023-07-31,32
VND,Centro 2,Online,2023-07-31,29
ING,Centro 3,Hybrid,2023-07-31,28
GES,Centro 5,In-person,2023-07-31,27
HCP,Centro 2,Hybrid,2023-07-31,25
CYB,Centro 2,Hybrid,2023-07-31,24
SEG,Centro 1,Hybrid,2023-07-31,23
SEG,Centro 1,In-person,2023-07-31,23
VND,Centro 2,Hybrid,2023-07-31,22
CYB,Centro 4,Online,2023-07-31,21
HCP,Centro 4,In-person,2023-07-31,21
INF,Centro 4,In-person,2023-07-31,19
VND,Centro 5,Hybrid,2023-07-31,18
HCP,Centro 5,In-person,2023-07-31,17
ING,Centro 2,Online,2023-07-31,17
EXC,Centro 1,In-person,2023-07-31,16
CYB,Centro 5,Hybrid,2023-07-31,15
EMP,Centro 3,In-person,2023-07-31,15
FOR,Centro 3,In-person,2023-07-31,15
PBI,Centro 3,In-person,2023-07-31,15
SST,Centro 1,Online,2023-07-31,15
EMP,Centro 1,In-person,2023-07-31,13
EMP,Centro 4,In-person,2023-07-31,13
SEG,Centro 3,Hybrid,2023-07-31,13
FOR,Centro 1,In-person,2023-07-31,12
FOR,Centro 1,Online,2023-07-31,11
PRO,Centro 2,In-person,2023-07-31,11
PBI,Centro 4,Hybrid,2023-07-31,10
HAC,Centro 1,In-person,2023-07-31,9
MNT,Centro 1,In-person,2023-07-31,9
SST,Centro 5,Hybrid,2023-07-31,9
TUR,Centro 1,In-person,2023-07-31,8
EXC,Centro 4,Hybrid,2023-07-31,7
ING,Centro 4,Online,2023-07-31,7
SEG,Centro 2,Hybrid,2023-07-31,6
SEG,Centro 3,In-person,2023-07-31,6
SEG,Centro 5,In-person,2023-07-31,6
CYB,Centro 2,Online,2023-07-31,5
FOR,Centro 4,In-person,2023-07-31,5
GES,Centro 5,Hybrid,2023-07-31,5
GES,Centro 3,In-person,2023-07-31,5
MNT,Centro 2,In-person,2023-07-31,5
PYT,Centro 3,Hybrid,2023-07-31,5
FOR,Centro 4,Online,2023-07-31,4
HAC,Centro 3,Hybrid,2023-07-31,4
HOT,Centro 5,In-person,2023-07-31,4
SCI,Centro 1,In-person,2023-07-31,4
SEG,Centro 2,In-person,2023-07-31,4
SEG,Centro 4,In-person,2023-07-31,4
SST,Centro 3,Online,2023-07-31,4
EXC,Centro 5,Online,2023-07-31,3
HAC,Centro 2,In-person,2023-07-31,3
HCP,Centro 2,In-person,2023-07-31,3
PBI,Centro 2,Hybrid,2023-08-07,127
CYB,Centro 3,Online,2023-08-07,103
GES,Centro 5,Hybrid,2023-08-07,95
SST,Centro 5,Hybrid,2023-08-07,94
SCI,Centro 1,In-person,2023-08-07,90
CYB,Centro 2,Online,2023-08-07,84
PYT,Centro 1,Hybrid,2023-08-07,83
HAC,Centro 2,In-person,2023-08-07,74
VND,Centro 1,Online,2023-08-07,73
EXC,Centro 1,In-person,2023-08-07,71
HAC,Centro 1,In-person,2023-08-07,67
LID,Centro 2,Hybrid,2023-08-07,65
VND,Centro 2,Online,2023-08-07,63
EXC,Centro 5,Online,2023-08-07,62
ING,Centro 4,Online,2023-08-07,60
CYB,Centro 2,In-person,2023-08-07,59
EXC,Centro 4,Hybrid,2023-08-07,55
LOG,Centro 5,In-person,2023-08-07,55
EXC,Centro 3,Hybrid,2023-08-07,54
FOR,Centro 3,In-person,2023-08-07,54
HAC,Centro 5,In-person,2023-08-07,54
SCI,Centro 5,Hybrid,2023-08-07,52
TUR,Centro 5,In-person,2023-08-07,52
INF,Centro 3,Hybrid,2023-08-07,51
SEG,Centro 2,Hybrid,2023-08-07,51
HOT,Centro 2,In-person,2023-08-07,50
MNT,Centro 1,In-person,2023-08-07,50
PRI,Centro 2,In-person,2023-08-07,50
SEG,Centro 1,Online,2023-08-07,49
SCI,Centro 3,Hybrid,2023-08-07,48
HCP,Centro 4,In-person,2023-08-07,45
FOR,Centro 1,Online,2023-08-07,44
HCP,Centro 5,Hybrid,2023-08-07,43
VND,Centro 5,Online,2023-08-07,43
VND,Centro 4,In-person,2023-08-07,42
GES,Centro 2,In-person,2023-08-07,41
PYT,Centro 2,Online,2023-08-07,41
PBI,Centro 4,In-person,2023-08-07,40
EMP,Centro 3,In-person,2023-08-07,34
HAC,Centro 4,Online,2023-08-07,34
ING,Centro 2,Online,2023-08-07,33
PBI,Centro 1,Hybrid,2023-08-07,33
PBI,Centro 4,Hybrid,2023-08-07,33
EMP,Centro 2,In-person,2023-08-07,32
EMP,Centro 1,In-person,2023-08-07,31
HAC,Centro 4,In-person,2023-08-07,31
ING,Centro 4,Hybrid,2023-08-07,31
PRI,Centro 3,In-person,2023-08-07,31
SOC,Centro 4,Hybrid,2023-08-07,31
SST,Centro 5,In-person,2023-08-07,31
CYB,Centro 3,Hybrid,2023-08-07,30
SEG,Centro 1,In-person,2023-08-07,30
SST,Centro 3,Online,2023-08-07,29
HCP,Centro 3,In-person,2023-08-07,28
EMP,Centro 5,In-person,2023-08-07,27
CYB,Centro 2,Hybrid,2023-08-07,26
GER,Centro 4,In-person,2023-08-07,26
VND,Centro 2,Hybrid,2023-08-07,25
ING,Centro 3,Hybrid,2023-08-07,24
LOG,Centro 1,In-person,2023-08-07,24
PYT,Centro 3,Hybrid,2023-08-07,24
SOC,Centro 5,In-person,2023-08-07,24
LOG,Centro 2,In-person,2023-08-07,23
VND,Centro 5,Hybrid,2023-08-07,23
HCP,Centro 2,In-person,2023-08-07,22
LOG,Centro 4,Hybrid,2023-08-07,22
INF,Centro 3,In-person,2023-08-07,21
PRI,Centro 3,Hybrid,2023-08-07,21
SEG,Centro 3,In-person,2023-08-07,20
HAC,Centro 2,Hybrid,2023-08-07,17
HCP,Centro 3,Hybrid,2023-08-07,17
SOC,Centro 4,In-person,2023-08-07,15
FOR,Centro 1,In-person,2023-08-07,14
VND,Centro 2,In-person,2023-08-07,14
PRI,Centro 5,In-person,2023-08-07,13
PYT,Centro 2,In-person,2023-08-07,12
PYT,Centro 4,Hybrid,2023-08-07,11
SEG,Centro 2,In-person,2023-08-07,11
HAC,Centro 1,Hybrid,2023-08-07,9
INF,Centro 5,In-person,2023-08-07,8
LID,Centro 1,Hybrid,2023-08-07,8
VND,Centro 1,Hybrid,2023-08-07,8
EXC,Centro 2,Online,2023-08-07,7
FOR,Centro 4,Online,2023-08-07,7
GER,Centro 4,Hybrid,2023-08-07,7
GES,Centro 2,Hybrid,2023-08-07,7
SCI,Centro 5,In-person,2023-08-07,7
SOC,Centro 3,In-person,2023-08-07,7
SEG,Centro 5,In-person,2023-08-07,6
SST,Centro 2,In-person,2023-08-07,6
TUR,Centro 2,Hybrid,2023-08-07,6
CYB,Centro 4,Hybrid,2023-08-07,5
GER,Centro 3,Hybrid,2023-08-07,5
HOT,Centro 1,Hybrid,2023-08-07,5
INF,Centro 5,Hybrid,2023-08-07,5
SCI,Centro 3,In-person,2023-08-07,5
EXC,Centro 2,Hybrid,2023-08-07,4
GER,Centro 1,In-person,2023-08-07,4
GER,Centro 2,In-person,2023-08-07,4
HOT,Centro 4,In-person,2023-08-07,4
MNT,Centro 2,In-person,2023-08-07,4
MNT,Centro 5,In-person,2023-08-07,4
PBI,Centro 4,Online,2023-08-07,4
SEG,Centro 4,In-person,2023-08-07,4
SOC,Centro 1,In-person,2023-08-07,4
INF,Centro 2,In-person,2023-08-07,3
SOC,Centro 5,Hybrid,2023-08-07,2
PBI,Centro 4,Hybrid,2023-08-14,145
ING,Centro 2,Online,2023-08-14,134
PBI,Centro 4,Online,2023-08-14,134
CYB,Centro 3,Hybrid,2023-08-14,123
PBI,Centro 3,Online,2023-08-14,109
GES,Centro 3,Hybrid,2023-08-14,89
SST,Centro 2,Online,2023-08-14,82
HAC,Centro 4,Online,2023-08-14,71
PYT,Centro 3,Hybrid,2023-08-14,71
PBI,Centro 2,Hybrid,2023-08-14,69
INF,Centro 4,In-person,2023-08-14,68
GER,Centro 3,Hybrid,2023-08-14,64
VND,Centro 2,Online,2023-08-14,64
PYT,Centro 4,Online,2023-08-14,61
GER,Centro 4,In-person,2023-08-14,58
HCP,Centro 3,In-person,2023-08-14,56
INF,Centro 3,In-person,2023-08-14,55
ING,Centro 5,Online,2023-08-14,55
HCP,Centro 2,In-person,2023-08-14,54
EMP,Centro 3,In-person,2023-08-14,52
PRI,Centro 2,In-person,2023-08-14,51
HOT,Centro 2,In-person,2023-08-14,50
PRI,Centro 4,In-person,2023-08-14,47
PRO,Centro 2,In-person,2023-08-14,47
FOR,Centro 5,Online,2023-08-14,44
HCP,Centro 1,Hybrid,2023-08-14,43
GER,Centro 4,Hybrid,2023-08-14,41
PBI,Centro 1,Hybrid,2023-08-14,41
HOT,Centro 4,In-person,2023-08-14,40
CYB,Centro 4,In-person,2023-08-14,39
PRO,Centro 3,In-person,2023-08-14,39
PRO,Centro 5,Hybrid,2023-08-14,38
SCI,Centro 1,Hybrid,2023-08-14,38
HOT,Centro 2,Hybrid,2023-08-14,37
HCP,Centro 4,In-person,2023-08-14,35
PYT,Centro 1,Hybrid,2023-08-14,35
VND,Centro 5,In-person,2023-08-14,35
CYB,Centro 4,Online,2023-08-14,33
MNT,Centro 4,In-person,2023-08-14,32
SOC,Centro 4,Hybrid,2023-08-14,32
LOG,Centro 1,In-person,2023-08-14,31
MNT,Centro 3,In-person,2023-08-14,31
LOG,Centro 4,Hybrid,2023-08-14,30
CYB,Centro 2,Online,2023-08-14,29
ING,Centro 4,Online,2023-08-14,29
PBI,Centro 3,Hybrid,2023-08-14,26
SOC,Centro 5,Hybrid,2023-08-14,26
HAC,Centro 4,Hybrid,2023-08-14,24
VND,Centro 2,In-person,2023-08-14,24
FOR,Centro 4,Online,2023-08-14,23
LOG,Centro 2,In-person,2023-08-14,23
PRI,Centro 3,Hybrid,2023-08-14,23
SST,Centro 3,In-person,2023-08-14,23
VND,Centro 4,Hybrid,2023-08-14,23
INF,Centro 3,Hybrid,2023-08-14,22
EXC,Centro 5,Online,2023-08-14,21
EMP,Centro 4,In-person,2023-08-14,20
LOG,Centro 3,In-person,2023-08-14,20
HAC,Centro 5,In-person,2023-08-14,19
TUR,Centro 2,In-person,2023-08-14,19
TUR,Centro 4,In-person,2023-08-14,19
ING,Centro 3,In-person,2023-08-14,18
MNT,Centro 1,In-person,2023-08-14,18
PYT,Centro 2,In-person,2023-08-14,18
SCI,Centro 3,In-person,2023-08-14,18
HAC,Centro 2,In-person,2023-08-14,17
INF,Centro 5,In-person,2023-08-14,17
EXC,Centro 3,In-person,2023-08-14,16
HCP,Centro 5,In-person,2023-08-14,16
PRI,Centro 5,In-person,2023-08-14,16
PRI,Centro 3,In-person,2023-08-14,15
HAC,Centro 4,In-person,2023-08-14,13
SCI,Centro 1,In-person,2023-08-14,13
EMP,Centro 5,In-person,2023-08-14,10
GER,Centro 2,In-person,2023-08-14,9
SEG,Centro 4,In-person,2023-08-14,9
SOC,Centro 5,In-person,2023-08-14,8
SST,Centro 5,In-person,2023-08-14,7
EMP,Centro 1,In-person,2023-08-14,6
HOT,Centro 5,In-person,2023-08-14,5
ING,Centro 3,Online,2023-08-14,5
SCI,Centro 3,Hybrid,2023-08-14,5
CYB,Centro 2,In-person,2023-08-14,4
EXC,Centro 2,Hybrid,2023-08-14,4
GER,Centro 5,Hybrid,2023-08-14,4
HAC,Centro 3,In-person,2023-08-14,4
LID,Centro 2,In-person,2023-08-14,4
PBI,Centro 5,Hybrid,2023-08-14,4
PYT,Centro 4,Hybrid,2023-08-14,4
SCI,Centro 4,In-person,2023-08-14,4
SEG,Centro 2,In-person,2023-08-14,4
SEG,Centro 3,In-person,2023-08-14,4
SST,Centro 2,In-person,2023-08-14,4
TUR,Centro 5,In-person,2023-08-14,4
EXC,Centro 2,In-person,2023-08-14,3
HAC,Centro 2,Hybrid,2023-08-14,3
PBI,Centro 5,Online,2023-08-21,194
FOR,Centro 4,Online,2023-08-21,129
EMP,Centro 1,In-person,2023-08-21,124
PRI,Centro 3,In-person,2023-08-21,122
ING,Centro 2,Online,2023-08-21,120
HCP,Centro 3,In-person,2023-08-21,112
LOG,Centro 1,In-person,2023-08-21,108
SEG,Centro 4,In-person,2023-08-21,95
PBI,Centro 1,Online,2023-08-21,89
SST,Centro 3,In-person,2023-08-21,86
CYB,Centro 1,Online,2023-08-21,85
VND,Centro 3,Online,2023-08-21,80
PYT,Centro 2,Hybrid,2023-08-21,77
PRO,Centro 1,Online,2023-08-21,76
VND,Centro 2,Hybrid,2023-08-21,76
HCP,Centro 5,In-person,2023-08-21,75
SCI,Centro 3,In-person,2023-08-21,72
SCI,Centro 5,Hybrid,2023-08-21,68
ING,Centro 4,Online,2023-08-21,66
TUR,Centro 5,In-person,2023-08-21,64
SEG,Centro 2,In-person,2023-08-21,59
MNT,Centro 3,In-person,2023-08-21,58
SOC,Centro 1,In-person,2023-08-21,57
HCP,Centro 2,In-person,2023-08-21,56
SEG,Centro 5,Online,2023-08-21,56
FOR,Centro 5,Online,2023-08-21,54
INF,Centro 5,In-person,2023-08-21,51
SEG,Centro 5,In-person,2023-08-21,50
SST,Centro 2,In-person,2023-08-21,50
CYB,Centro 2,Hybrid,2023-08-21,48
HOT,Centro 1,In-person,2023-08-21,47
GER,Centro 3,In-person,2023-08-21,41
VND,Centro 5,In-person,2023-08-21,41
CYB,Centro 3,In-person,2023-08-21,40
HCP,Centro 4,In-person,2023-08-21,40
SCI,Centro 3,Hybrid,2023-08-21,40
SEG,Centro 5,Hybrid,2023-08-21,40
ING,Centro 3,In-person,2023-08-21,37
SST,Centro 5,Hybrid,2023-08-21,34
INF,Centro 3,Hybrid,2023-08-21,33
TUR,Centro 3,In-person,2023-08-21,33
CYB,Centro 5,Online,2023-08-21,32
CYB,Centro 2,In-person,2023-08-21,32
PBI,Centro 4,Online,2023-08-21,32
CYB,Centro 3,Hybrid,2023-08-21,31
LOG,Centro 5,In-person,2023-08-21,30
PRI,Centro 2,In-person,2023-08-21,29
HAC,Centro 4,In-person,2023-08-21,28
MNT,Centro 1,In-person,2023-08-21,27
GES,Centro 5,In-person,2023-08-21,25
GER,Centro 1,In-person,2023-08-21,24
SST,Centro 1,In-person,2023-08-21,24
EMP,Centro 2,In-person,2023-08-21,21
HAC,Centro 3,In-person,2023-08-21,21
GES,Centro 3,Hybrid,2023-08-21,20
MNT,Centro 2,In-person,2023-08-21,20
VND,Centro 4,Hybrid,2023-08-21,20
HCP,Centro 1,Hybrid,2023-08-21,19
PRI,Centro 1,In-person,2023-08-21,19
GER,Centro 5,Hybrid,2023-08-21,18
PBI,Centro 1,Hybrid,2023-08-21,18
PYT,Centro 4,Hybrid,2023-08-21,18
VND,Centro 3,Hybrid,2023-08-21,18
CYB,Centro 4,Online,2023-08-21,17
EMP,Centro 3,In-person,2023-08-21,17
EXC,Centro 3,Hybrid,2023-08-21,17
EMP,Centro 5,In-person,2023-08-21,16
CYB,Centro 4,In-person,2023-08-21,15
PBI,Centro 2,Hybrid,2023-08-21,15
PBI,Centro 4,Hybrid,2023-08-21,15
VND,Centro 5,Online,2023-08-21,15
LID,Centro 2,In-person,2023-08-21,14
EXC,Centro 1,Hybrid,2023-08-21,13
FOR,Centro 3,In-person,2023-08-21,13
LOG,Centro 2,Hybrid,2023-08-21,13
SST,Centro 5,In-person,2023-08-21,12
FOR,Centro 1,In-person,2023-08-21,11
SCI,Centro 4,In-person,2023-08-21,11
EXC,Centro 2,Hybrid,2023-08-21,10
GER,Centro 4,In-person,2023-08-21,10
ING,Centro 4,Hybrid,2023-08-21,10
SST,Centro 3,Hybrid,2023-08-21,10
VND,Centro 1,In-person,2023-08-21,10
EXC,Centro 2,In-person,2023-08-21,9
PBI,Centro 3,Online,2023-08-21,9
PRO,Centro 2,In-person,2023-08-21,9
SEG,Centro 1,Online,2023-08-21,9
SEG,Centro 3,In-person,2023-08-21,9
PRO,Centro 3,In-person,2023-08-21,8
GER,Centro 3,Hybrid,2023-08-21,7
HCP,Centro 3,Hybrid,2023-08-21,7
INF,Centro 2,Hybrid,2023-08-21,7
ING,Centro 3,Hybrid,2023-08-21,7
LID,Centro 1,Hybrid,2023-08-21,7
SOC,Centro 5,In-person,2023-08-21,7
PRI,Centro 4,In-person,2023-08-21,6
CYB,Centro 3,Online,2023-08-21,5
CYB,Centro 5,Hybrid,2023-08-21,5
PRO,Centro 5,In-person,2023-08-21,5
SOC,Centro 5,Hybrid,2023-08-21,5
VND,Centro 2,In-person,2023-08-21,5
EMP,Centro 4,In-person,2023-08-21,4
INF,Centro 5,Hybrid,2023-08-21,4
LOG,Centro 5,Hybrid,2023-08-21,4
PRI,Centro 5,In-person,2023-08-21,4
PYT,Centro 3,Hybrid,2023-08-21,4
SCI,Centro 1,In-person,2023-08-21,4
GER,Centro 2,In-person,2023-08-21,3
HAC,Centro 1,In-person,2023-08-21,3
HAC,Centro 2,In-person,2023-08-21,3
SST,Centro 4,In-person,2023-08-21,3
FOR,Centro 3,Online,2023-08-21,1
LID,Centro 2,Hybrid,2023-08-28,112
GER,Centro 2,In-person,2023-08-28,108
EMP,Centro 3,In-person,2023-08-28,94
PRI,Centro 2,In-person,2023-08-28,92
FOR,Centro 1,In-person,2023-08-28,91
LID,Centro 1,In-person,2023-08-28,87
GES,Centro 2,Online,2023-08-28,82
HOT,Centro 1,Hybrid,2023-08-28,80
LOG,Centro 1,In-person,2023-08-28,77
HCP,Centro 3,Hybrid,2023-08-28,75
INF,Centro 2,Hybrid,2023-08-28,71
CYB,Centro 4,In-person,2023-08-28,68
CYB,Centro 1,Online,2023-08-28,67
MNT,Centro 3,In-person,2023-08-28,66
TUR,Centro 1,Hybrid,2023-08-28,64
CYB,Centro 2,In-person,2023-08-28,62
MNT,Centro 5,In-person,2023-08-28,62
EMP,Centro 5,In-person,2023-08-28,61
CYB,Centro 4,Hybrid,2023-08-28,60
FOR,Centro 3,In-person,2023-08-28,60
EXC,Centro 2,Online,2023-08-28,59
SEG,Centro 3,In-person,2023-08-28,59
SST,Centro 3,Online,2023-08-28,59
GES,Centro 2,Hybrid,2023-08-28,55
LID,Centro 2,In-person,2023-08-28,55
PRO,Centro 5,Hybrid,2023-08-28,55
GER,Centro 3,In-person,2023-08-28,52
HCP,Centro 1,In-person,2023-08-28,52
SCI,Centro 4,In-person,2023-08-28,52
LOG,Centro 2,Hybrid,2023-08-28,49
HAC,Centro 4,Online,2023-08-28,48
ING,Centro 4,Hybrid,2023-08-28,48
VND,Centro 2,Hybrid,2023-08-28,48
INF,Centro 1,Hybrid,2023-08-28,47
SST,Centro 5,In-person,2023-08-28,47
EXC,Centro 3,Online,2023-08-28,46
PYT,Centro 2,In-person,2023-08-28,46
SST,Centro 1,Hybrid,2023-08-28,45
SOC,Centro 4,In-person,2023-08-28,43
VND,Centro 4,Online,2023-08-28,43
CYB,Centro 5,Hybrid,2023-08-28,42
HCP,Centro 3,In-person,2023-08-28,42
ING,Centro 3,In-person,2023-08-28,42
PBI,Centro 4,In-person,2023-08-28,42
TUR,Centro 1,In-person,2023-08-28,42
SOC,Centro 4,Hybrid,2023-08-28,41
SST,Centro 1,In-person,2023-08-28,41
VND,Centro 3,In-person,2023-08-28,39
PYT,Centro 2,Online,2023-08-28,38
SEG,Centro 5,Hybrid,2023-08-28,36
EMP,Centro 1,In-person,2023-08-28,32
PRI,Centro 3,Hybrid,2023-08-28,32
PYT,Centro 1,Hybrid,2023-08-28,32
CYB,Centro 2,Hybrid,2023-08-28,30
HCP,Centro 5,In-person,2023-08-28,30
PRI,Centro 1,In-person,2023-08-28,30
TUR,Centro 4,In-person,2023-08-28,30
EXC,Centro 3,Hybrid,2023-08-28,29
GES,Centro 3,Hybrid,2023-08-28,28
HOT,Centro 1,In-person,2023-08-28,28
EXC,Centro 2,Hybrid,2023-08-28,27
PRI,Centro 4,Hybrid,2023-08-28,26
SEG,Centro 4,Hybrid,2023-08-28,26
PRI,Centro 1,Hybrid,2023-08-28,25
SCI,Centro 5,Hybrid,2023-08-28,24
GES,Centro 5,In-person,2023-08-28,23
SEG,Centro 1,Hybrid,2023-08-28,23
GES,Centro 2,In-person,2023-08-28,21
HCP,Centro 1,Hybrid,2023-08-28,21
PBI,Centro 1,Online,2023-08-28,21
PBI,Centro 2,Online,2023-08-28,20
PRI,Centro 4,In-person,2023-08-28,20
SCI,Centro 3,In-person,2023-08-28,20
SEG,Centro 5,Online,2023-08-28,20
HAC,Centro 4,Hybrid,2023-08-28,19
LOG,Centro 5,In-person,2023-08-28,19
ING,Centro 5,Online,2023-08-28,18
VND,Centro 5,In-person,2023-08-28,18
CYB,Centro 3,Hybrid,2023-08-28,17
HAC,Centro 3,In-person,2023-08-28,17
MNT,Centro 2,In-person,2023-08-28,17
LID,Centro 4,In-person,2023-08-28,16
PBI,Centro 2,Hybrid,2023-08-28,16
SCI,Centro 2,Hybrid,2023-08-28,16
SOC,Centro 1,In-person,2023-08-28,16
FOR,Centro 5,Online,2023-08-28,15
PBI,Centro 3,In-person,2023-08-28,15
PRI,Centro 3,In-person,2023-08-28,15
LOG,Centro 4,Hybrid,2023-08-28,14
SOC,Centro 2,In-person,2023-08-28,14
SST,Centro 4,In-person,2023-08-28,14
GER,Centro 4,In-person,2023-08-28,12
GES,Centro 5,Hybrid,2023-08-28,12
HAC,Centro 4,In-person,2023-08-28,12
LID,Centro 1,Hybrid,2023-08-28,12
SST,Centro 2,In-person,2023-08-28,11
CYB,Centro 4,Online,2023-08-28,10
HCP,Centro 4,In-person,2023-08-28,10
SST,Centro 2,Online,2023-08-28,10
INF,Centro 2,In-person,2023-08-28,9
MNT,Centro 1,In-person,2023-08-28,9
CYB,Centro 3,Online,2023-08-28,8
LOG,Centro 3,In-person,2023-08-28,8
SEG,Centro 4,In-person,2023-08-28,8
VND,Centro 4,Hybrid,2023-08-28,7
HAC,Centro 5,In-person,2023-08-28,6
PBI,Centro 4,Hybrid,2023-08-28,6
CYB,Centro 2,Online,2023-08-28,5
HOT,Centro 5,Hybrid,2023-08-28,5
LID,Centro 5,Online,2023-08-28,5
PBI,Centro 3,Online,2023-08-28,5
PBI,Centro 5,Online,2023-08-28,5
PYT,Centro 3,Online,2023-08-28,5
PYT,Centro 2,Hybrid,2023-08-28,5
PYT,Centro 3,Hybrid,2023-08-28,5
VND,Centro 3,Online,2023-08-28,5
EMP,Centro 2,In-person,2023-08-28,4
HAC,Centro 2,Hybrid,2023-08-28,4
HOT,Centro 5,In-person,2023-08-28,4
INF,Centro 3,Hybrid,2023-08-28,4
ING,Centro 4,Online,2023-08-28,4
PYT,Centro 4,Hybrid,2023-08-28,4
SCI,Centro 2,In-person,2023-08-28,4
SEG,Centro 1,In-person,2023-08-28,4
SST,Centro 3,In-person,2023-08-28,4
EXC,Centro 2,In-person,2023-08-28,3
PYT,Centro 4,Online,2023-09-04,175
ING,Centro 3,Online,2023-09-04,166
PRI,Centro 4,In-person,2023-09-04,166
SCI,Centro 1,In-person,2023-09-04,145
PRO,Centro 5,In-person,2023-09-04,131
LOG,Centro 1,In-person,2023-09-04,122
PYT,Centro 2,Online,2023-09-04,120
CYB,Centro 5,Online,2023-09-04,109
CYB,Centro 4,Online,2023-09-04,97
PBI,Centro 4,Online,2023-09-04,87
CYB,Centro 2,Online,2023-09-04,83
SEG,Centro 1,Hybrid,2023-09-04,83
EXC,Centro 2,In-person,2023-09-04,79
HCP,Centro 5,In-person,2023-09-04,75
GER,Centro 1,In-person,2023-09-04,71
PBI,Centro 4,Hybrid,2023-09-04,71
SCI,Centro 2,In-person,2023-09-04,64
FOR,Centro 2,Hybrid,2023-09-04,59
ING,Centro 2,Online,2023-09-04,58
SST,Centro 5,In-person,2023-09-04,58
HCP,Centro 1,In-person,2023-09-04,54
VND,Centro 5,In-person,2023-09-04,52
LID,Centro 1,Hybrid,2023-09-04,50
SEG,Centro 1,In-person,2023-09-04,50
GER,Centro 3,Hybrid,2023-09-04,48
LID,Centro 2,In-person,2023-09-04,48
SCI,Centro 5,Hybrid,2023-09-04,48
EMP,Centro 1,In-person,2023-09-04,46
GER,Centro 2,Hybrid,2023-09-04,46
PBI,Centro 2,Hybrid,2023-09-04,45
PRI,Centro 2,In-person,2023-09-04,45
GER,Centro 5,Hybrid,2023-09-04,42
LOG,Centro 3,In-person,2023-09-04,41
LID,Centro 5,Hybrid,2023-09-04,40
SEG,Centro 3,In-person,2023-09-04,40
INF,Centro 4,In-person,2023-09-04,36
CYB,Centro 2,In-person,2023-09-04,34
GES,Centro 1,Hybrid,2023-09-04,34
CYB,Centro 1,Online,2023-09-04,33
VND,Centro 2,Online,2023-09-04,33
PBI,Centro 3,Hybrid,2023-09-04,32
GER,Centro 4,In-person,2023-09-04,29
MNT,Centro 4,In-person,2023-09-04,29
GES,Centro 3,Hybrid,2023-09-04,28
TUR,Centro 3,In-person,2023-09-04,28
GER,Centro 2,In-person,2023-09-04,27
PBI,Centro 1,Online,2023-09-04,27
PRO,Centro 3,Online,2023-09-04,27
EXC,Centro 5,Hybrid,2023-09-04,26
GES,Centro 2,Hybrid,2023-09-04,26
VND,Centro 4,Hybrid,2023-09-04,26
SST,Centro 2,In-person,2023-09-04,25
VND,Centro 2,Hybrid,2023-09-04,24
EMP,Centro 2,In-person,2023-09-04,23
GES,Centro 3,In-person,2023-09-04,23
SCI,Centro 4,In-person,2023-09-04,23
SEG,Centro 4,Hybrid,2023-09-04,23
FOR,Centro 3,In-person,2023-09-04,22
HCP,Centro 2,In-person,2023-09-04,22
EXC,Centro 1,Hybrid,2023-09-04,21
INF,Centro 4,Hybrid,2023-09-04,21
TUR,Centro 1,In-person,2023-09-04,21
CYB,Centro 4,In-person,2023-09-04,20
SST,Centro 1,Hybrid,2023-09-04,20
HOT,Centro 1,In-person,2023-09-04,19
INF,Centro 2,In-person,2023-09-04,19
PYT,Centro 3,Hybrid,2023-09-04,18
PYT,Centro 3,Online,2023-09-04,17
SST,Centro 1,In-person,2023-09-04,16
GER,Centro 4,Hybrid,2023-09-04,15
ING,Centro 3,In-person,2023-09-04,15
SOC,Centro 1,In-person,2023-09-04,14
CYB,Centro 3,In-person,2023-09-04,13
HAC,Centro 5,In-person,2023-09-04,13
HCP,Centro 1,Hybrid,2023-09-04,13
MNT,Centro 2,In-person,2023-09-04,13
GES,Centro 5,In-person,2023-09-04,12
LOG,Centro 2,In-person,2023-09-04,12
VND,Centro 1,In-person,2023-09-04,12
EXC,Centro 4,Hybrid,2023-09-04,11
HAC,Centro 4,Online,2023-09-04,11
MNT,Centro 3,In-person,2023-09-04,11
PYT,Centro 2,Hybrid,2023-09-04,11
VND,Centro 5,Online,2023-09-04,10
HAC,Centro 1,Online,2023-09-04,9
HAC,Centro 3,In-person,2023-09-04,9
VND,Centro 4,Online,2023-09-04,9
GES,Centro 2,Online,2023-09-04,8
LID,Centro 4,In-person,2023-09-04,8
SEG,Centro 4,Online,2023-09-04,8
HAC,Centro 2,Hybrid,2023-09-04,7
VND,Centro 4,In-person,2023-09-04,7
INF,Centro 3,In-person,2023-09-04,5
MNT,Centro 5,In-person,2023-09-04,5
PBI,Centro 5,Online,2023-09-04,5
CYB,Centro 3,Hybrid,2023-09-04,4
CYB,Centro 5,In-person,2023-09-04,4
EMP,Centro 5,In-person,2023-09-04,4
FOR,Centro 3,Online,2023-09-04,4
HAC,Centro 2,In-person,2023-09-04,4
HCP,Centro 3,In-person,2023-09-04,4
HOT,Centro 5,In-person,2023-09-04,4
LID,Centro 2,Hybrid,2023-09-04,4
PBI,Centro 5,Hybrid,2023-09-04,4
PYT,Centro 4,Hybrid,2023-09-04,4
SCI,Centro 4,Hybrid,2023-09-04,4
SOC,Centro 5,Hybrid,2023-09-04,4
SOC,Centro 5,In-person,2023-09-04,4
HOT,Centro 4,In-person,2023-09-04,3
CYB,Centro 4,Online,2023-09-11,216
CYB,Centro 3,Hybrid,2023-09-11,141
MNT,Centro 5,In-person,2023-09-11,119
SEG,Centro 1,In-person,2023-09-11,115
ING,Centro 4,Online,2023-09-11,113
SEG,Centro 5,Online,2023-09-11,101
EXC,Centro 2,Hybrid,2023-09-11,97
PBI,Centro 2,Hybrid,2023-09-11,95
PYT,Centro 4,Hybrid,2023-09-11,91
PYT,Centro 2,Online,2023-09-11,87
HAC,Centro 4,Hybrid,2023-09-11,83
SCI,Centro 5,In-person,2023-09-11,83
SST,Centro 4,Online,2023-09-11,81
TUR,Centro 1,In-person,2023-09-11,78
HCP,Centro 3,In-person,2023-09-11,67
PYT,Centro 2,In-person,2023-09-11,66
SOC,Centro 1,In-person,2023-09-11,66
VND,Centro 2,Online,2023-09-11,65
HOT,Centro 2,In-person,2023-09-11,64
EMP,Centro 5,In-person,2023-09-11,57
PYT,Centro 4,Online,2023-09-11,57
SOC,Centro 5,Hybrid,2023-09-11,57
TUR,Centro 5,In-person,2023-09-11,57
TUR,Centro 2,In-person,2023-09-11,54
HCP,Centro 4,In-person,2023-09-11,51
PRI,Centro 1,In-person,2023-09-11,51
LOG,Centro 3,In-person,2023-09-11,50
HAC,Centro 3,In-person,2023-09-11,48
VND,Centro 2,Hybrid,2023-09-11,47
LID,Centro 4,Hybrid,2023-09-11,46
SEG,Centro 4,Online,2023-09-11,44
VND,Centro 4,Hybrid,2023-09-11,44
CYB,Centro 3,In-person,2023-09-11,43
HOT,Centro 5,Hybrid,2023-09-11,43
CYB,Centro 4,In-person,2023-09-11,41
CYB,Centro 2,Online,2023-09-11,38
CYB,Centro 4,Hybrid,2023-09-11,38
GER,Centro 5,In-person,2023-09-11,36
GES,Centro 2,Hybrid,2023-09-11,36
PBI,Centro 5,In-person,2023-09-11,35
GER,Centro 1,In-person,2023-09-11,32
INF,Centro 3,In-person,2023-09-11,31
PBI,Centro 4,In-person,2023-09-11,31
INF,Centro 4,In-person,2023-09-11,30
PRI,Centro 2,Hybrid,2023-09-11,30
EMP,Centro 2,In-person,2023-09-11,29
GER,Centro 3,In-person,2023-09-11,28
HAC,Centro 2,Hybrid,2023-09-11,27
LOG,Centro 3,Hybrid,2023-09-11,27
SST,Centro 3,Hybrid,2023-09-11,25
GES,Centro 1,In-person,2023-09-11,23
ING,Centro 3,In-person,2023-09-11,23
GER,Centro 4,Hybrid,2023-09-11,22
PRI,Centro 3,Hybrid,2023-09-11,22
PRI,Centro 4,In-person,2023-09-11,22
CYB,Centro 2,In-person,2023-09-11,21
HCP,Centro 2,In-person,2023-09-11,21
SEG,Centro 3,In-person,2023-09-11,21
TUR,Centro 3,Hybrid,2023-09-11,21
VND,Centro 1,Hybrid,2023-09-11,21
EXC,Centro 4,Online,2023-09-11,20
TUR,Centro 1,Hybrid,2023-09-11,20
PRI,Centro 4,Hybrid,2023-09-11,19
EMP,Centro 1,In-person,2023-09-11,18
HOT,Centro 1,Hybrid,2023-09-11,18
MNT,Centro 3,In-person,2023-09-11,18
SST,Centro 2,Online,2023-09-11,16
VND,Centro 3,In-person,2023-09-11,16
FOR,Centro 3,In-person,2023-09-11,15
LID,Centro 5,Hybrid,2023-09-11,15
EXC,Centro 3,Hybrid,2023-09-11,14
HOT,Centro 3,In-person,2023-09-11,14
SST,Centro 4,Hybrid,2023-09-11,14
FOR,Centro 4,Hybrid,2023-09-11,13
INF,Centro 5,In-person,2023-09-11,13
PRO,Centro 5,In-person,2023-09-11,13
PYT,Centro 3,Online,2023-09-11,13
EXC,Centro 4,Hybrid,2023-09-11,12
EXC,Centro 5,Hybrid,2023-09-11,12
HOT,Centro 4,In-person,2023-09-11,12
INF,Centro 4,Hybrid,2023-09-11,12
GES,Centro 5,Hybrid,2023-09-11,11
HAC,Centro 5,In-person,2023-09-11,11
LID,Centro 5,Online,2023-09-11,11
SOC,Centro 2,In-person,2023-09-11,11
EXC,Centro 1,Hybrid,2023-09-11,10
HOT,Centro 1,In-person,2023-09-11,10
SEG,Centro 3,Hybrid,2023-09-11,10
PBI,Centro 4,Hybrid,2023-09-11,9
GES,Centro 2,Online,2023-09-11,8
GES,Centro 5,In-person,2023-09-11,8
INF,Centro 1,Hybrid,2023-09-11,8
EXC,Centro 1,In-person,2023-09-11,7
EXC,Centro 2,In-person,2023-09-11,7
LID,Centro 2,Hybrid,2023-09-11,7
VND,Centro 3,Hybrid,2023-09-11,7
INF,Centro 2,In-person,2023-09-11,6
CYB,Centro 1,Online,2023-09-11,5
ING,Centro 2,Online,2023-09-11,5
SCI,Centro 5,Hybrid,2023-09-11,5
CYB,Centro 2,Hybrid,2023-09-11,4
EXC,Centro 2,Online,2023-09-11,4
GES,Centro 2,In-person,2023-09-11,4
HAC,Centro 1,Online,2023-09-11,4
ING,Centro 3,Online,2023-09-11,4
LID,Centro 4,In-person,2023-09-11,4
SEG,Centro 2,In-person,2023-09-11,4
SST,Centro 1,Hybrid,2023-09-11,4
SST,Centro 2,In-person,2023-09-11,4
TUR,Centro 4,In-person,2023-09-11,4
VND,Centro 4,In-person,2023-09-11,4
LOG,Centro 1,In-person,2023-09-11,3
SST,Centro 1,In-person,2023-09-11,3
LOG,Centro 5,In-person,2023-09-11,2
LOG,Centro 1,In-person,2023-09-18,125
VND,Centro 2,Online,2023-09-18,97
EXC,Centro 4,Online,2023-09-18,88
PYT,Centro 3,Online,2023-09-18,85
SCI,Centro 1,In-person,2023-09-18,81
VND,Centro 1,Hybrid,2023-09-18,81
MNT,Centro 5,In-person,2023-09-18,80
PRO,Centro 3,Online,2023-09-18,80
SST,Centro 5,In-person,2023-09-18,80
CYB,Centro 2,Hybrid,2023-09-18,77
INF,Centro 4,Hybrid,2023-09-18,77
CYB,Centro 1,Online,2023-09-18,76
PRI,Centro 4,In-person,2023-09-18,76
SEG,Centro 3,Hybrid,2023-09-18,75
LOG,Centro 5,In-person,2023-09-18,74
CYB,Centro 4,Hybrid,2023-09-18,73
PBI,Centro 2,Hybrid,2023-09-18,68
CYB,Centro 2,Online,2023-09-18,66
HOT,Centro 1,In-person,2023-09-18,62
HOT,Centro 1,Hybrid,2023-09-18,61
PBI,Centro 1,Hybrid,2023-09-18,57
VND,Centro 5,In-person,2023-09-18,56
HAC,Centro 1,Hybrid,2023-09-18,54
FOR,Centro 4,In-person,2023-09-18,53
INF,Centro 3,Hybrid,2023-09-18,53
EXC,Centro 5,Hybrid,2023-09-18,48
EXC,Centro 1,In-person,2023-09-18,48
INF,Centro 5,In-person,2023-09-18,45
PRI,Centro 2,In-person,2023-09-18,42
SEG,Centro 3,In-person,2023-09-18,41
HAC,Centro 2,In-person,2023-09-18,40
PYT,Centro 2,Online,2023-09-18,40
CYB,Centro 4,Online,2023-09-18,39
GER,Centro 3,In-person,2023-09-18,38
PRI,Centro 1,Hybrid,2023-09-18,38
PYT,Centro 5,In-person,2023-09-18,37
SST,Centro 1,In-person,2023-09-18,37
PBI,Centro 4,Online,2023-09-18,36
SST,Centro 3,Hybrid,2023-09-18,36
TUR,Centro 4,In-person,2023-09-18,33
HOT,Centro 2,Hybrid,2023-09-18,32
ING,Centro 3,In-person,2023-09-18,32
PRI,Centro 2,Hybrid,2023-09-18,32
SST,Centro 1,Hybrid,2023-09-18,32
HAC,Centro 4,Hybrid,2023-09-18,30
EXC,Centro 3,Hybrid,2023-09-18,29
GES,Centro 5,In-person,2023-09-18,27
PYT,Centro 4,Online,2023-09-18,27
EMP,Centro 1,In-person,2023-09-18,26
GER,Centro 4,In-person,2023-09-18,25
PBI,Centro 5,Online,2023-09-18,25
HAC,Centro 5,In-person,2023-09-18,24
TUR,Centro 1,In-person,2023-09-18,24
HCP,Centro 3,In-person,2023-09-18,22
LOG,Centro 2,In-person,2023-09-18,22
CYB,Centro 3,Hybrid,2023-09-18,20
HOT,Centro 5,In-person,2023-09-18,20
INF,Centro 2,Hybrid,2023-09-18,20
PYT,Centro 2,In-person,2023-09-18,20
PBI,Centro 3,Hybrid,2023-09-18,18
PBI,Centro 5,In-person,2023-09-18,18
SOC,Centro 3,In-person,2023-09-18,18
GER,Centro 3,Hybrid,2023-09-18,17
INF,Centro 1,Hybrid,2023-09-18,17
HCP,Centro 5,In-person,2023-09-18,16
INF,Centro 4,In-person,2023-09-18,16
LID,Centro 5,Online,2023-09-18,16
SEG,Centro 1,Online,2023-09-18,16
GES,Centro 2,Online,2023-09-18,14
INF,Centro 5,Hybrid,2023-09-18,14
SCI,Centro 5,Hybrid,2023-09-18,14
PRO,Centro 5,Hybrid,2023-09-18,13
CYB,Centro 4,In-person,2023-09-18,11
EMP,Centro 2,In-person,2023-09-18,10
EXC,Centro 5,In-person,2023-09-18,10
ING,Centro 1,Hybrid,2023-09-18,10
GES,Centro 5,Hybrid,2023-09-18,9
GES,Centro 3,In-person,2023-09-18,9
FOR,Centro 1,In-person,2023-09-18,8
GES,Centro 4,In-person,2023-09-18,8
INF,Centro 3,In-person,2023-09-18,8
MNT,Centro 4,In-person,2023-09-18,8
PYT,Centro 1,Online,2023-09-18,8
SCI,Centro 3,Hybrid,2023-09-18,7
SOC,Centro 4,In-person,2023-09-18,7
CYB,Centro 3,Online,2023-09-18,5
HOT,Centro 5,Hybrid,2023-09-18,5
LID,Centro 2,Hybrid,2023-09-18,5
MNT,Centro 3,In-person,2023-09-18,5
PBI,Centro 2,Online,2023-09-18,5
PYT,Centro 4,Hybrid,2023-09-18,5
SCI,Centro 2,In-person,2023-09-18,5
SST,Centro 3,In-person,2023-09-18,5
VND,Centro 3,Hybrid,2023-09-18,5
CYB,Centro 2,In-person,2023-09-18,4
FOR,Centro 3,Online,2023-09-18,4
GES,Centro 1,Hybrid,2023-09-18,4
PBI,Centro 5,Hybrid,2023-09-18,4
PBI,Centro 2,In-person,2023-09-18,4
PRI,Centro 5,In-person,2023-09-18,4
SCI,Centro 5,In-person,2023-09-18,4
SEG,Centro 4,Online,2023-09-18,4
GER,Centro 2,In-person,2023-09-18,3
HCP,Centro 1,Hybrid,2023-09-18,3
LOG,Centro 5,Hybrid,2023-09-18,3
PRI,Centro 3,In-person,2023-09-18,3
SST,Centro 4,In-person,2023-09-18,3
SST,Centro 2,In-person,2023-09-18,1
PYT,Centro 2,Online,2023-09-25,152
MNT,Centro 4,In-person,2023-09-25,118
INF,Centro 4,In-person,2023-09-25,107
CYB,Centro 4,In-person,2023-09-25,99
MNT,Centro 1,In-person,2023-09-25,81
PBI,Centro 4,Online,2023-09-25,79
EXC,Centro 4,Hybrid,2023-09-25,76
SCI,Centro 3,Hybrid,2023-09-25,73
EMP,Centro 1,In-person,2023-09-25,72
SST,Centro 4,Online,2023-09-25,69
HOT,Centro 5,In-person,2023-09-25,67
LID,Centro 1,Online,2023-09-25,67
GER,Centro 3,In-person,2023-09-25,64
GES,Centro 2,In-person,2023-09-25,63
HCP,Centro 3,In-person,2023-09-25,62
ING,Centro 4,Hybrid,2023-09-25,57
PRI,Centro 4,Hybrid,2023-09-25,57
LOG,Centro 3,Hybrid,2023-09-25,54
LOG,Centro 1,In-person,2023-09-25,53
EXC,Centro 5,Hybrid,2023-09-25,51
EXC,Centro 3,Hybrid,2023-09-25,49
HOT,Centro 5,Hybrid,2023-09-25,49
SEG,Centro 5,Online,2023-09-25,49
GES,Centro 5,Hybrid,2023-09-25,48
PRI,Centro 5,In-person,2023-09-25,48
PBI,Centro 1,Online,2023-09-25,42
SOC,Centro 2,In-person,2023-09-25,42
TUR,Centro 1,In-person,2023-09-25,41
TUR,Centro 3,In-person,2023-09-25,41
INF,Centro 2,In-person,2023-09-25,39
EXC,Centro 2,Hybrid,2023-09-25,37
GES,Centro 1,In-person,2023-09-25,36
CYB,Centro 4,Hybrid,2023-09-25,35
EMP,Centro 5,In-person,2023-09-25,35
GER,Centro 4,In-person,2023-09-25,35
PRO,Centro 5,In-person,2023-09-25,35
EXC,Centro 1,In-person,2023-09-25,34
PBI,Centro 2,In-person,2023-09-25,34
CYB,Centro 1,Hybrid,2023-09-25,31
SCI,Centro 1,In-person,2023-09-25,31
FOR,Centro 3,Hybrid,2023-09-25,30
GES,Centro 1,Hybrid,2023-09-25,30
SST,Centro 3,Hybrid,2023-09-25,30
VND,Centro 2,Online,2023-09-25,30
GER,Centro 3,Hybrid,2023-09-25,29
SST,Centro 2,Online,2023-09-25,29
FOR,Centro 3,In-person,2023-09-25,28
CYB,Centro 2,Online,2023-09-25,27
INF,Centro 5,In-person,2023-09-25,27
SEG,Centro 2,Hybrid,2023-09-25,27
PRI,Centro 4,In-person,2023-09-25,26
HCP,Centro 4,Hybrid,2023-09-25,25
PRI,Centro 2,In-person,2023-09-25,25
EXC,Centro 1,Hybrid,2023-09-25,23
ING,Centro 2,Online,2023-09-25,22
GES,Centro 4,In-person,2023-09-25,21
PYT,Centro 4,Hybrid,2023-09-25,21
GER,Centro 4,Hybrid,2023-09-25,20
PRO,Centro 1,Online,2023-09-25,19
PRO,Centro 2,Hybrid,2023-09-25,19
SCI,Centro 4,In-person,2023-09-25,19
VND,Centro 5,In-person,2023-09-25,19
HAC,Centro 3,Hybrid,2023-09-25,18
HAC,Centro 3,In-person,2023-09-25,18
PBI,Centro 3,Hybrid,2023-09-25,18
VND,Centro 2,Hybrid,2023-09-25,18
INF,Centro 4,Hybrid,2023-09-25,16
SCI,Centro 5,In-person,2023-09-25,16
SEG,Centro 3,In-person,2023-09-25,16
CYB,Centro 4,Online,2023-09-25,15
HCP,Centro 2,In-person,2023-09-25,14
INF,Centro 1,Hybrid,2023-09-25,14
ING,Centro 5,Online,2023-09-25,14
LOG,Centro 5,In-person,2023-09-25,14
CYB,Centro 3,Hybrid,2023-09-25,13
GER,Centro 5,Hybrid,2023-09-25,13
HCP,Centro 5,In-person,2023-09-25,12
LID,Centro 1,Hybrid,2023-09-25,12
MNT,Centro 3,In-person,2023-09-25,12
EXC,Centro 2,In-person,2023-09-25,10
SEG,Centro 2,In-person,2023-09-25,10
VND,Centro 3,Hybrid,2023-09-25,10
CYB,Centro 2,Hybrid,2023-09-25,9
HCP,Centro 2,Hybrid,2023-09-25,9
GES,Centro 2,Online,2023-09-25,8
HAC,Centro 4,Hybrid,2023-09-25,8
PYT,Centro 1,Online,2023-09-25,8
SEG,Centro 4,In-person,2023-09-25,8
SST,Centro 2,In-person,2023-09-25,8
HCP,Centro 1,In-person,2023-09-25,7
INF,Centro 3,In-person,2023-09-25,7
PBI,Centro 5,Online,2023-09-25,7
HOT,Centro 2,Hybrid,2023-09-25,6
LOG,Centro 2,In-person,2023-09-25,6
LID,Centro 2,Online,2023-09-25,5
LID,Centro 2,In-person,2023-09-25,5
SCI,Centro 2,In-person,2023-09-25,5
CYB,Centro 5,Online,2023-09-25,4
EXC,Centro 4,Online,2023-09-25,4
GER,Centro 1,In-person,2023-09-25,4
GES,Centro 2,Hybrid,2023-09-25,4
ING,Centro 4,Online,2023-09-25,4
LOG,Centro 5,Hybrid,2023-09-25,4
MNT,Centro 5,In-person,2023-09-25,4
PBI,Centro 4,Hybrid,2023-09-25,4
SST,Centro 1,Hybrid,2023-09-25,4
EXC,Centro 2,Online,2023-09-25,3
SST,Centro 1,In-person,2023-09-25,3
PBI,Centro 4,Online,2023-10-02,153
PBI,Centro 2,Online,2023-10-02,111
HOT,Centro 1,Hybrid,2023-10-02,104
PBI,Centro 5,Online,2023-10-02,100
CYB,Centro 5,Online,2023-10-02,97
SEG,Centro 3,In-person,2023-10-02,96
PYT,Centro 4,Hybrid,2023-10-02,93
EXC,Centro 5,Hybrid,2023-10-02,92
EXC,Centro 4,Online,2023-10-02,90
SCI,Centro 2,Hybrid,2023-10-02,83
EXC,Centro 5,Online,2023-10-02,82
INF,Centro 3,In-person,2023-10-02,82
FOR,Centro 3,Hybrid,2023-10-02,80
PYT,Centro 5,Online,2023-10-02,80
LID,Centro 4,Online,2023-10-02,74
HCP,Centro 3,In-person,2023-10-02,72
HOT,Centro 5,Hybrid,2023-10-02,72
INF,Centro 4,In-person,2023-10-02,69
SST,Centro 1,In-person,2023-10-02,69
SEG,Centro 2,Hybrid,2023-10-02,66
ING,Centro 5,Online,2023-10-02,65
GES,Centro 2,Online,2023-10-02,64
SCI,Centro 5,In-person,2023-10-02,63
MNT,Centro 2,In-person,2023-10-02,62
PRO,Centro 2,In-person,2023-10-02,61
EXC,Centro 1,Online,2023-10-02,57
SST,Centro 2,Online,2023-10-02,57
SEG,Centro 3,Hybrid,2023-10-02,52
TUR,Centro 3,Hybrid,2023-10-02,52
SEG,Centro 5,Hybrid,2023-10-02,48
CYB,Centro 1,Hybrid,2023-10-02,46
CYB,Centro 3,Hybrid,2023-10-02,46
CYB,Centro 4,In-person,2023-10-02,46
HAC,Centro 1,In-person,2023-10-02,45
INF,Centro 3,Hybrid,2023-10-02,45
INF,Centro 5,In-person,2023-10-02,45
TUR,Centro 4,In-person,2023-10-02,43
EMP,Centro 3,In-person,2023-10-02,42
ING,Centro 5,Hybrid,2023-10-02,42
SOC,Centro 2,Hybrid,2023-10-02,42
PRI,Centro 1,Hybrid,2023-10-02,41
GES,Centro 2,Hybrid,2023-10-02,40
HOT,Centro 1,In-person,2023-10-02,39
HCP,Centro 1,Hybrid,2023-10-02,37
VND,Centro 5,In-person,2023-10-02,34
SOC,Centro 4,In-person,2023-10-02,33
HOT,Centro 2,Hybrid,2023-10-02,32
SOC,Centro 4,Hybrid,2023-10-02,30
ING,Centro 3,Hybrid,2023-10-02,27
ING,Centro 1,In-person,2023-10-02,27
SCI,Centro 3,In-person,2023-10-02,27
GES,Centro 2,In-person,2023-10-02,25
VND,Centro 2,Hybrid,2023-10-02,25
VND,Centro 1,In-person,2023-10-02,24
PYT,Centro 4,Online,2023-10-02,22
LID,Centro 2,In-person,2023-10-02,21
LOG,Centro 2,In-person,2023-10-02,20
SST,Centro 3,Hybrid,2023-10-02,20
FOR,Centro 1,Online,2023-10-02,19
EXC,Centro 2,In-person,2023-10-02,18
GER,Centro 1,In-person,2023-10-02,18
LOG,Centro 2,Hybrid,2023-10-02,17
MNT,Centro 5,In-person,2023-10-02,14
PRI,Centro 4,In-person,2023-10-02,13
EMP,Centro 5,In-person,2023-10-02,12
ING,Centro 3,In-person,2023-10-02,12
LID,Centro 1,Online,2023-10-02,12
SOC,Centro 3,In-person,2023-10-02,12
GER,Centro 5,In-person,2023-10-02,10
INF,Centro 4,Hybrid,2023-10-02,10
ING,Centro 1,Hybrid,2023-10-02,10
MNT,Centro 1,In-person,2023-10-02,10
PRI,Centro 3,Hybrid,2023-10-02,10
CYB,Centro 1,Online,2023-10-02,9
GER,Centro 2,In-person,2023-10-02,9
INF,Centro 2,In-person,2023-10-02,9
MNT,Centro 4,In-person,2023-10-02,9
PRO,Centro 3,Online,2023-10-02,9
CYB,Centro 4,Online,2023-10-02,8
FOR,Centro 2,Hybrid,2023-10-02,8
FOR,Centro 2,In-person,2023-10-02,8
FOR,Centro 4,In-person,2023-10-02,8
GER,Centro 3,Hybrid,2023-10-02,8
GES,Centro 3,Hybrid,2023-10-02,8
ING,Centro 2,Online,2023-10-02,8
LID,Centro 1,Hybrid,2023-10-02,8
HAC,Centro 1,Online,2023-10-02,7
HCP,Centro 5,In-person,2023-10-02,7
ING,Centro 2,Hybrid,2023-10-02,7
SEG,Centro 4,In-person,2023-10-02,7
SST,Centro 3,In-person,2023-10-02,7
LOG,Centro 5,Hybrid,2023-10-02,6
PRI,Centro 2,In-person,2023-10-02,6
CYB,Centro 4,Hybrid,2023-10-02,5
PRO,Centro 5,In-person,2023-10-02,5
SST,Centro 3,Online,2023-10-02,5
TUR,Centro 3,In-person,2023-10-02,5
EXC,Centro 3,Online,2023-10-02,4
EXC,Centro 5,In-person,2023-10-02,4
HAC,Centro 5,In-person,2023-10-02,4
HOT,Centro 5,In-person,2023-10-02,4
PRI,Centro 1,In-person,2023-10-02,4
PYT,Centro 2,Online,2023-10-02,4
PYT,Centro 2,In-person,2023-10-02,4
VND,Centro 3,In-person,2023-10-02,4
EXC,Centro 1,Hybrid,2023-10-02,3
EXC,Centro 1,In-person,2023-10-02,3
GER,Centro 4,In-person,2023-10-02,3
HAC,Centro 4,Hybrid,2023-10-02,3
HCP,Centro 4,In-person,2023-10-02,3
INF,Centro 2,Hybrid,2023-10-02,3
SEG,Centro 1,Online,2023-10-02,3
LID,Centro 4,In-person,2023-10-02,1
MNT,Centro 5,In-person,2023-10-09,128
PBI,Centro 3,Hybrid,2023-10-09,110
VND,Centro 2,Online,2023-10-09,99
INF,Centro 5,In-person,2023-10-09,96
GER,Centro 5,In-person,2023-10-09,86
LID,Centro 5,Online,2023-10-09,84
HAC,Centro 1,Online,2023-10-09,83
SCI,Centro 4,Hybrid,2023-10-09,80
ING,Centro 2,Hybrid,2023-10-09,71
HCP,Centro 1,Hybrid,2023-10-09,70
LOG,Centro 2,In-person,2023-10-09,70
PBI,Centro 2,Online,2023-10-09,67
SEG,Centro 1,Online,2023-10-09,66
TUR,Centro 2,In-person,2023-10-09,64
VND,Centro 4,Hybrid,2023-10-09,63
HOT,Centro 1,In-person,2023-10-09,59
PRI,Centro 3,In-person,2023-10-09,58
HCP,Centro 4,In-person,2023-10-09,54
INF,Centro 3,Hybrid,2023-10-09,54
ING,Centro 5,Online,2023-10-09,52
MNT,Centro 3,In-person,2023-10-09,52
VND,Centro 1,In-person,2023-10-09,51
CYB,Centro 4,In-person,2023-10-09,49
ING,Centro 1,Hybrid,2023-10-09,49
SOC,Centro 4,Hybrid,2023-10-09,48
FOR,Centro 1,Online,2023-10-09,47
GER,Centro 4,Hybrid,2023-10-09,47
GER,Centro 3,In-person,2023-10-09,46
LID,Centro 1,Hybrid,2023-10-09,46
MNT,Centro 1,In-person,2023-10-09,43
PYT,Centro 1,Online,2023-10-09,43
INF,Centro 4,In-person,2023-10-09,42
LOG,Centro 5,In-person,2023-10-09,42
PBI,Centro 1,Hybrid,2023-10-09,42
CYB,Centro 4,Online,2023-10-09,41
EXC,Centro 4,In-person,2023-10-09,41
SCI,Centro 5,In-person,2023-10-09,41
SST,Centro 3,In-person,2023-10-09,41
PRI,Centro 3,Hybrid,2023-10-09,40
PBI,Centro 4,Online,2023-10-09,39
GES,Centro 2,In-person,2023-10-09,38
HAC,Centro 1,Hybrid,2023-10-09,37
EMP,Centro 3,In-person,2023-10-09,34
INF,Centro 1,Hybrid,2023-10-09,34
PRI,Centro 4,In-person,2023-10-09,34
HOT,Centro 1,Hybrid,2023-10-09,33
EXC,Centro 1,Online,2023-10-09,31
GER,Centro 2,In-person,2023-10-09,31
HOT,Centro 5,Hybrid,2023-10-09,31
ING,Centro 1,In-person,2023-10-09,31
SST,Centro 1,Hybrid,2023-10-09,31
VND,Centro 3,In-person,2023-10-09,31
SEG,Centro 4,In-person,2023-10-09,30
SST,Centro 4,Hybrid,2023-10-09,30
EXC,Centro 3,Online,2023-10-09,29
INF,Centro 2,In-person,2023-10-09,29
TUR,Centro 3,In-person,2023-10-09,28
EXC,Centro 4,Hybrid,2023-10-09,27
EXC,Centro 1,Hybrid,2023-10-09,26
ING,Centro 1,Online,2023-10-09,26
EXC,Centro 5,In-person,2023-10-09,25
LID,Centro 4,In-person,2023-10-09,25
EXC,Centro 1,In-person,2023-10-09,24
PBI,Centro 1,Online,2023-10-09,24
SOC,Centro 5,In-person,2023-10-09,22
LID,Centro 5,In-person,2023-10-09,20
SEG,Centro 3,Hybrid,2023-10-09,19
TUR,Centro 2,Hybrid,2023-10-09,19
EMP,Centro 5,In-person,2023-10-09,18
HAC,Centro 3,Hybrid,2023-10-09,18
HCP,Centro 2,In-person,2023-10-09,16
PYT,Centro 5,Online,2023-10-09,16
EXC,Centro 4,Online,2023-10-09,15
SST,Centro 3,Hybrid,2023-10-09,14
FOR,Centro 2,In-person,2023-10-09,13
GER,Centro 3,Hybrid,2023-10-09,13
HAC,Centro 2,In-person,2023-10-09,13
MNT,Centro 4,In-person,2023-10-09,13
SST,Centro 2,Online,2023-10-09,13
INF,Centro 3,In-person,2023-10-09,11
FOR,Centro 2,Hybrid,2023-10-09,10
HOT,Centro 5,In-person,2023-10-09,10
SCI,Centro 1,In-person,2023-10-09,10
CYB,Centro 5,Online,2023-10-09,9
PYT,Centro 4,Hybrid,2023-10-09,9
SST,Centro 5,In-person,2023-10-09,9
LID,Centro 4,Hybrid,2023-10-09,8
PYT,Centro 2,Online,2023-10-09,8
SOC,Centro 3,In-person,2023-10-09,8
EXC,Centro 3,Hybrid,2023-10-09,7
HCP,Centro 4,Hybrid,2023-10-09,7
LOG,Centro 1,In-person,2023-10-09,7
PRI,Centro 5,In-person,2023-10-09,7
PRO,Centro 1,Online,2023-10-09,5
SCI,Centro 2,Hybrid,2023-10-09,5
VND,Centro 5,In-person,2023-10-09,5
EXC,Centro 2,Online,2023-10-09,4
FOR,Centro 4,Online,2023-10-09,4
GER,Centro 4,In-person,2023-10-09,4
ING,Centro 4,Hybrid,2023-10-09,4
LID,Centro 2,Hybrid,2023-10-09,4
LID,Centro 2,In-person,2023-10-09,4
PYT,Centro 5,In-person,2023-10-09,4
SCI,Centro 3,In-person,2023-10-09,4
SEG,Centro 5,Online,2023-10-09,4
HOT,Centro 4,In-person,2023-10-09,3
PRI,Centro 1,Hybrid,2023-10-09,3
SEG,Centro 2,Hybrid,2023-10-09,3
TUR,Centro 4,In-person,2023-10-09,3
PYT,Centro 1,Online,2023-10-16,140
VND,Centro 2,Online,2023-10-16,125
PBI,Centro 5,Hybrid,2023-10-16,102
EXC,Centro 3,Online,2023-10-16,92
EXC,Centro 1,Hybrid,2023-10-16,91
CYB,Centro 3,Hybrid,2023-10-16,86
SCI,Centro 2,Hybrid,2023-10-16,86
VND,Centro 5,Online,2023-10-16,83
GES,Centro 1,Online,2023-10-16,78
GER,Centro 1,In-person,2023-10-16,75
INF,Centro 3,Hybrid,2023-10-16,72
PBI,Centro 3,Hybrid,2023-10-16,66
EXC,Centro 4,In-person,2023-10-16,65
HAC,Centro 2,Hybrid,2023-10-16,65
EXC,Centro 5,Hybrid,2023-10-16,61
SOC,Centro 3,Hybrid,2023-10-16,61
PYT,Centro 2,In-person,2023-10-16,59
LOG,Centro 5,In-person,2023-10-16,58
SST,Centro 2,Online,2023-10-16,58
PBI,Centro 5,In-person,2023-10-16,57
HOT,Centro 5,In-person,2023-10-16,56
EXC,Centro 5,Online,2023-10-16,55
MNT,Centro 5,In-person,2023-10-16,51
VND,Centro 4,Online,2023-10-16,49
HCP,Centro 4,Hybrid,2023-10-16,48
MNT,Centro 4,In-person,2023-10-16,47
EXC,Centro 2,Online,2023-10-16,45
EMP,Centro 3,In-person,2023-10-16,44
EXC,Centro 4,Online,2023-10-16,44
LOG,Centro 2,In-person,2023-10-16,42
FOR,Centro 2,Hybrid,2023-10-16,41
PYT,Centro 1,Hybrid,2023-10-16,41
TUR,Centro 2,Hybrid,2023-10-16,40
PYT,Centro 4,Online,2023-10-16,39
SST,Centro 5,Hybrid,2023-10-16,39
EXC,Centro 5,In-person,2023-10-16,38
PRI,Centro 2,In-person,2023-10-16,37
PRI,Centro 4,In-person,2023-10-16,36
PRI,Centro 5,In-person,2023-10-16,36
GER,Centro 2,In-person,2023-10-16,35
PBI,Centro 4,Hybrid,2023-10-16,35
PRO,Centro 2,Hybrid,2023-10-16,35
ING,Centro 3,Hybrid,2023-10-16,34
ING,Centro 3,Online,2023-10-16,33
PRO,Centro 2,In-person,2023-10-16,33
SCI,Centro 3,In-person,2023-10-16,33
SEG,Centro 3,In-person,2023-10-16,31
ING,Centro 1,Online,2023-10-16,30
HOT,Centro 1,In-person,2023-10-16,29
MNT,Centro 3,In-person,2023-10-16,29
SCI,Centro 2,In-person,2023-10-16,29
SEG,Centro 5,In-person,2023-10-16,27
MNT,Centro 1,In-person,2023-10-16,26
SST,Centro 4,Online,2023-10-16,26
FOR,Centro 2,In-person,2023-10-16,24
CYB,Centro 4,Online,2023-10-16,23
SOC,Centro 4,In-person,2023-10-16,22
INF,Centro 5,In-person,2023-10-16,21
EXC,Centro 3,Hybrid,2023-10-16,19
INF,Centro 2,In-person,2023-10-16,18
SST,Centro 4,Hybrid,2023-10-16,18
PBI,Centro 5,Online,2023-10-16,17
SST,Centro 3,Online,2023-10-16,17
HOT,Centro 4,In-person,2023-10-16,15
PBI,Centro 3,In-person,2023-10-16,15
VND,Centro 1,In-person,2023-10-16,14
ING,Centro 1,In-person,2023-10-16,13
GER,Centro 4,Hybrid,2023-10-16,12
LOG,Centro 5,Hybrid,2023-10-16,12
SEG,Centro 4,In-person,2023-10-16,12
EMP,Centro 5,In-person,2023-10-16,11
GES,Centro 4,In-person,2023-10-16,11
SOC,Centro 2,Hybrid,2023-10-16,11
TUR,Centro 3,In-person,2023-10-16,11
HOT,Centro 5,Hybrid,2023-10-16,10
HAC,Centro 1,Online,2023-10-16,9
PYT,Centro 5,Online,2023-10-16,9
LID,Centro 5,Hybrid,2023-10-16,8
PYT,Centro 5,In-person,2023-10-16,8
SOC,Centro 1,In-person,2023-10-16,8
SST,Centro 3,In-person,2023-10-16,8
HAC,Centro 4,Hybrid,2023-10-16,7
PYT,Centro 2,Online,2023-10-16,7
SCI,Centro 1,In-person,2023-10-16,7
SEG,Centro 5,Hybrid,2023-10-16,7
EXC,Centro 1,Online,2023-10-16,6
HCP,Centro 4,In-person,2023-10-16,6
VND,Centro 4,Hybrid,2023-10-16,6
CYB,Centro 4,Hybrid,2023-10-16,5
GER,Centro 3,Hybrid,2023-10-16,5
GER,Centro 3,In-person,2023-10-16,5
GER,Centro 5,In-person,2023-10-16,5
GES,Centro 4,Hybrid,2023-10-16,5
PBI,Centro 1,Hybrid,2023-10-16,5
PRO,Centro 1,Online,2023-10-16,5
VND,Centro 3,In-person,2023-10-16,5
FOR,Centro 4,Hybrid,2023-10-16,4
GES,Centro 3,In-person,2023-10-16,4
HCP,Centro 3,In-person,2023-10-16,4
ING,Centro 4,Hybrid,2023-10-16,4
LID,Centro 4,Online,2023-10-16,4
LID,Centro 1,Hybrid,2023-10-16,4
LID,Centro 2,In-person,2023-10-16,4
PBI,Centro 2,Online,2023-10-16,4
SST,Centro 1,Online,2023-10-16,4
SST,Centro 1,Hybrid,2023-10-16,4
SST,Centro 5,In-person,2023-10-16,4
TUR,Centro 4,In-person,2023-10-16,4
GER,Centro 4,In-person,2023-10-16,3
INF,Centro 2,Hybrid,2023-10-16,3
PBI,Centro 4,Online,2023-10-16,3
PRI,Centro 1,Hybrid,2023-10-16,3
SEG,Centro 2,Hybrid,2023-10-16,3
EXC,Centro 1,Online,2023-10-23,102
PBI,Centro 2,Online,2023-10-23,87
HOT,Centro 5,In-person,2023-10-23,85
SOC,Centro 3,In-person,2023-10-23,83
PYT,Centro 2,Online,2023-10-23,81
PRI,Centro 4,Hybrid,2023-10-23,80
SST,Centro 2,Hybrid,2023-10-23,76
GER,Centro 3,In-person,2023-10-23,75
ING,Centro 1,In-person,2023-10-23,75
GES,Centro 4,In-person,2023-10-23,69
GER,Centro 3,Hybrid,2023-10-23,68
PYT,Centro 4,Online,2023-10-23,68
FOR,Centro 4,Online,2023-10-23,65
PRO,Centro 2,Online,2023-10-23,65
CYB,Centro 4,Hybrid,2023-10-23,64
LOG,Centro 2,Hybrid,2023-10-23,64
GER,Centro 4,In-person,2023-10-23,63
LOG,Centro 5,In-person,2023-10-23,62
SCI,Centro 2,Hybrid,2023-10-23,62
EXC,Centro 4,Online,2023-10-23,59
VND,Centro 1,In-person,2023-10-23,57
CYB,Centro 5,In-person,2023-10-23,56
LOG,Centro 4,In-person,2023-10-23,54
LID,Centro 1,Hybrid,2023-10-23,52
SEG,Centro 1,In-person,2023-10-23,50
FOR,Centro 1,In-person,2023-10-23,49
INF,Centro 2,Hybrid,2023-10-23,49
PBI,Centro 2,In-person,2023-10-23,48
ING,Centro 5,Online,2023-10-23,47
INF,Centro 2,In-person,2023-10-23,46
PRI,Centro 1,Hybrid,2023-10-23,44
PRO,Centro 5,In-person,2023-10-23,44
MNT,Centro 1,In-person,2023-10-23,43
PYT,Centro 3,Hybrid,2023-10-23,43
GER,Centro 4,Hybrid,2023-10-23,42
SEG,Centro 5,Online,2023-10-23,42
EXC,Centro 3,Hybrid,2023-10-23,41
SOC,Centro 4,Hybrid,2023-10-23,40
EXC,Centro 2,Online,2023-10-23,38
SOC,Centro 3,Hybrid,2023-10-23,38
VND,Centro 2,Online,2023-10-23,34
HAC,Centro 5,In-person,2023-10-23,33
PBI,Centro 1,Online,2023-10-23,33
EXC,Centro 3,Online,2023-10-23,32
HAC,Centro 2,In-person,2023-10-23,32
HOT,Centro 2,Hybrid,2023-10-23,32
MNT,Centro 5,In-person,2023-10-23,32
PBI,Centro 4,Online,2023-10-23,32
PBI,Centro 3,Hybrid,2023-10-23,32
PRI,Centro 3,In-person,2023-10-23,32
HAC,Centro 3,Hybrid,2023-10-23,31
HCP,Centro 3,In-person,2023-10-23,31
LID,Centro 5,Hybrid,2023-10-23,31
SST,Centro 3,Online,2023-10-23,31
ING,Centro 1,Online,2023-10-23,30
LOG,Centro 1,In-person,2023-10-23,30
SOC,Centro 5,In-person,2023-10-23,30
PYT,Centro 5,In-person,2023-10-23,27
PRI,Centro 2,In-person,2023-10-23,26
SOC,Centro 1,In-person,2023-10-23,26
CYB,Centro 4,Online,2023-10-23,25
LID,Centro 1,Online,2023-10-23,23
EXC,Centro 1,Hybrid,2023-10-23,22
SCI,Centro 1,Hybrid,2023-10-23,20
SST,Centro 3,Hybrid,2023-10-23,19
VND,Centro 2,Hybrid,2023-10-23,19
HOT,Centro 1,In-person,2023-10-23,18
TUR,Centro 2,In-person,2023-10-23,18
LID,Centro 4,Hybrid,2023-10-23,17
MNT,Centro 3,In-person,2023-10-23,17
CYB,Centro 3,Online,2023-10-23,16
SST,Centro 4,Online,2023-10-23,16
GES,Centro 5,Hybrid,2023-10-23,15
INF,Centro 3,In-person,2023-10-23,15
LID,Centro 4,In-person,2023-10-23,15
PRI,Centro 4,In-person,2023-10-23,15
VND,Centro 3,Hybrid,2023-10-23,15
PYT,Centro 1,Online,2023-10-23,14
GES,Centro 2,In-person,2023-10-23,12
LID,Centro 4,Online,2023-10-23,12
SEG,Centro 2,Hybrid,2023-10-23,12
SOC,Centro 4,In-person,2023-10-23,12
GER,Centro 5,Hybrid,2023-10-23,11
LOG,Centro 2,In-person,2023-10-23,11
EXC,Centro 5,Hybrid,2023-10-23,10
PBI,Centro 3,In-person,2023-10-23,10
EMP,Centro 1,In-person,2023-10-23,9
TUR,Centro 4,In-person,2023-10-23,9
VND,Centro 3,In-person,2023-10-23,9
LID,Centro 2,In-person,2023-10-23,8
PYT,Centro 4,In-person,2023-10-23,8
CYB,Centro 2,Hybrid,2023-10-23,7
EXC,Centro 4,Hybrid,2023-10-23,7
EXC,Centro 4,In-person,2023-10-23,7
FOR,Centro 4,Hybrid,2023-10-23,7
GER,Centro 5,In-person,2023-10-23,7
ING,Centro 2,Hybrid,2023-10-23,7
HOT,Centro 2,In-person,2023-10-23,6
SEG,Centro 2,Online,2023-10-23,6
SEG,Centro 4,In-person,2023-10-23,6
CYB,Centro 5,Online,2023-10-23,5
CYB,Centro 4,In-person,2023-10-23,4
GER,Centro 2,In-person,2023-10-23,4
HAC,Centro 4,Hybrid,2023-10-23,4
HCP,Centro 2,Hybrid,2023-10-23,4
INF,Centro 5,In-person,2023-10-23,4
ING,Centro 2,Online,2023-10-23,4
PBI,Centro 1,Hybrid,2023-10-23,4
PBI,Centro 4,In-person,2023-10-23,4
SCI,Centro 3,In-person,2023-10-23,4
SCI,Centro 4,In-person,2023-10-23,4
SST,Centro 5,Online,2023-10-23,4
SST,Centro 1,In-person,2023-10-23,4
TUR,Centro 3,In-person,2023-10-23,4
HAC,Centro 1,In-person,2023-10-23,3
HCP,Centro 1,In-person,2023-10-23,3
PBI,Centro 4,Hybrid,2023-10-23,3
SEG,Centro 5,Hybrid,2023-10-23,3
TUR,Centro 2,Hybrid,2023-10-23,3
PBI,Centro 1,Online,2023-10-30,135
PBI,Centro 2,Online,2023-10-30,117
CYB,Centro 1,Online,2023-10-30,116
EXC,Centro 4,Hybrid,2023-10-30,111
PRO,Centro 2,Hybrid,2023-10-30,111
PBI,Centro 5,Online,2023-10-30,100
MNT,Centro 3,In-person,2023-10-30,99
PRI,Centro 4,In-person,2023-10-30,94
INF,Centro 2,Hybrid,2023-10-30,92
FOR,Centro 4,Online,2023-10-30,87
PRI,Centro 5,In-person,2023-10-30,86
EXC,Centro 2,In-person,2023-10-30,84
EXC,Centro 1,Hybrid,2023-10-30,74
TUR,Centro 3,In-person,2023-10-30,74
SEG,Centro 2,Hybrid,2023-10-30,73
SCI,Centro 3,In-person,2023-10-30,71
INF,Centro 5,In-person,2023-10-30,70
PYT,Centro 4,Hybrid,2023-10-30,69
SST,Centro 3,Hybrid,2023-10-30,66
LOG,Centro 5,Hybrid,2023-10-30,65
SEG,Centro 4,In-person,2023-10-30,65
FOR,Centro 4,Hybrid,2023-10-30,63
LOG,Centro 2,Hybrid,2023-10-30,60
GER,Centro 3,In-person,2023-10-30,59
EXC,Centro 5,Hybrid,2023-10-30,57
CYB,Centro 3,In-person,2023-10-30,55
EXC,Centro 5,Online,2023-10-30,54
EMP,Centro 1,In-person,2023-10-30,53
HAC,Centro 1,Online,2023-10-30,50
LOG,Centro 1,In-person,2023-10-30,50
HOT,Centro 3,In-person,2023-10-30,48
INF,Centro 3,Hybrid,2023-10-30,47
FOR,Centro 1,Online,2023-10-30,44
PBI,Centro 4,Hybrid,2023-10-30,43
SEG,Centro 5,In-person,2023-10-30,42
CYB,Centro 5,In-person,2023-10-30,40
SST,Centro 1,In-person,2023-10-30,39
CYB,Centro 4,Hybrid,2023-10-30,38
HCP,Centro 2,Hybrid,2023-10-30,38
SOC,Centro 4,In-person,2023-10-30,38
TUR,Centro 4,In-person,2023-10-30,37
VND,Centro 5,In-person,2023-10-30,36
SOC,Centro 1,In-person,2023-10-30,35
CYB,Centro 4,Online,2023-10-30,34
PRI,Centro 1,In-person,2023-10-30,34
EXC,Centro 3,Online,2023-10-30,33
LOG,Centro 5,In-person,2023-10-30,32
CYB,Centro 3,Hybrid,2023-10-30,30
VND,Centro 4,Online,2023-10-30,30
ING,Centro 1,Online,2023-10-30,29
PBI,Centro 3,Hybrid,2023-10-30,29
ING,Centro 2,Online,2023-10-30,28
GER,Centro 3,Hybrid,2023-10-30,27
GES,Centro 2,Hybrid,2023-10-30,27
HCP,Centro 3,In-person,2023-10-30,27
LID,Centro 2,Hybrid,2023-10-30,27
PBI,Centro 2,In-person,2023-10-30,27
HOT,Centro 1,In-person,2023-10-30,22
MNT,Centro 5,In-person,2023-10-30,22
GER,Centro 1,Hybrid,2023-10-30,20
GER,Centro 4,In-person,2023-10-30,20
GES,Centro 2,In-person,2023-10-30,18
LID,Centro 1,Hybrid,2023-10-30,18
PBI,Centro 4,Online,2023-10-30,18
HOT,Centro 5,In-person,2023-10-30,17
VND,Centro 2,Hybrid,2023-10-30,17
VND,Centro 1,In-person,2023-10-30,17
EMP,Centro 3,In-person,2023-10-30,16
HCP,Centro 3,Hybrid,2023-10-30,16
GER,Centro 4,Hybrid,2023-10-30,15
PYT,Centro 1,Online,2023-10-30,15
SEG,Centro 5,Hybrid,2023-10-30,15
VND,Centro 4,Hybrid,2023-10-30,15
SCI,Centro 2,In-person,2023-10-30,13
SST,Centro 3,Online,2023-10-30,13
ING,Centro 3,Online,2023-10-30,12
SST,Centro 4,Hybrid,2023-10-30,11
GES,Centro 1,Online,2023-10-30,9
PYT,Centro 5,Online,2023-10-30,9
SEG,Centro 5,Online,2023-10-30,9
SST,Centro 5,Hybrid,2023-10-30,9
CYB,Centro 2,Hybrid,2023-10-30,7
GER,Centro 5,In-person,2023-10-30,7
PBI,Centro 1,Hybrid,2023-10-30,7
SEG,Centro 4,Hybrid,2023-10-30,7
HAC,Centro 1,In-person,2023-10-30,6
PRI,Centro 2,In-person,2023-10-30,6
GES,Centro 3,In-person,2023-10-30,5
LID,Centro 2,Online,2023-10-30,5
LID,Centro 4,In-person,2023-10-30,5
PBI,Centro 3,In-person,2023-10-30,5
SOC,Centro 3,In-person,2023-10-30,5
TUR,Centro 5,In-person,2023-10-30,5
HOT,Centro 4,In-person,2023-10-30,4
SCI,Centro 5,In-person,2023-10-30,4
SST,Centro 2,Online,2023-10-30,4
VND,Centro 4,In-person,2023-10-30,4
PBI,Centro 4,In-person,2023-10-30,3
PRI,Centro 3,In-person,2023-10-30,3
VND,Centro 2,Hybrid,2023-11-06,94
FOR,Centro 4,Hybrid,2023-11-06,85
LID,Centro 2,Online,2023-11-06,85
SCI,Centro 1,Hybrid,2023-11-06,83
SOC,Centro 5,Hybrid,2023-11-06,79
LOG,Centro 5,In-person,2023-11-06,78
ING,Centro 1,Hybrid,2023-11-06,76
SEG,Centro 5,Hybrid,2023-11-06,75
CYB,Centro 2,Hybrid,2023-11-06,74
EXC,Centro 1,Online,2023-11-06,71
VND,Centro 1,Online,2023-11-06,69
LID,Centro 2,In-person,2023-11-06,67
LOG,Centro 5,Hybrid,2023-11-06,64
PBI,Centro 1,Online,2023-11-06,60
SCI,Centro 2,Hybrid,2023-11-06,56
SOC,Centro 5,In-person,2023-11-06,56
FOR,Centro 3,Hybrid,2023-11-06,55
SST,Centro 3,In-person,2023-11-06,54
PYT,Centro 3,Hybrid,2023-11-06,53
SEG,Centro 5,In-person,2023-11-06,51
MNT,Centro 3,In-person,2023-11-06,50
PRO,Centro 4,Hybrid,2023-11-06,50
LID,Centro 5,In-person,2023-11-06,49
PBI,Centro 1,Hybrid,2023-11-06,47
GES,Centro 2,In-person,2023-11-06,44
PYT,Centro 1,Online,2023-11-06,44
PRO,Centro 2,Online,2023-11-06,43
MNT,Centro 5,In-person,2023-11-06,42
ING,Centro 3,Hybrid,2023-11-06,41
PBI,Centro 4,Hybrid,2023-11-06,40
PRI,Centro 4,In-person,2023-11-06,40
VND,Centro 4,Hybrid,2023-11-06,38
HOT,Centro 5,In-person,2023-11-06,34
HCP,Centro 4,Hybrid,2023-11-06,33
SCI,Centro 5,Hybrid,2023-11-06,33
GER,Centro 3,Hybrid,2023-11-06,32
CYB,Centro 1,Hybrid,2023-11-06,31
ING,Centro 1,Online,2023-11-06,31
SEG,Centro 3,Hybrid,2023-11-06,30
VND,Centro 2,In-person,2023-11-06,30
FOR,Centro 1,In-person,2023-11-06,29
CYB,Centro 5,In-person,2023-11-06,28
HOT,Centro 1,Hybrid,2023-11-06,27
LID,Centro 5,Hybrid,2023-11-06,27
PRO,Centro 3,Online,2023-11-06,27
HAC,Centro 2,Hybrid,2023-11-06,26
ING,Centro 4,Hybrid,2023-11-06,26
PYT,Centro 2,Hybrid,2023-11-06,26
TUR,Centro 2,In-person,2023-11-06,26
PRI,Centro 1,In-person,2023-11-06,25
VND,Centro 2,Online,2023-11-06,25
EXC,Centro 5,Hybrid,2023-11-06,24
GES,Centro 3,In-person,2023-11-06,24
LID,Centro 3,Online,2023-11-06,23
EXC,Centro 5,In-person,2023-11-06,21
SEG,Centro 4,Hybrid,2023-11-06,21
HAC,Centro 1,In-person,2023-11-06,20
PBI,Centro 2,In-person,2023-11-06,20
GES,Centro 5,Hybrid,2023-11-06,19
INF,Centro 5,In-person,2023-11-06,18
TUR,Centro 5,In-person,2023-11-06,18
GES,Centro 4,Hybrid,2023-11-06,17
ING,Centro 4,Online,2023-11-06,16
LOG,Centro 1,In-person,2023-11-06,16
VND,Centro 4,Online,2023-11-06,16
HCP,Centro 1,Hybrid,2023-11-06,15
LOG,Centro 2,In-person,2023-11-06,14
PBI,Centro 3,Hybrid,2023-11-06,14
SOC,Centro 3,In-person,2023-11-06,14
ING,Centro 2,Online,2023-11-06,13
LID,Centro 4,Hybrid,2023-11-06,13
SCI,Centro 2,In-person,2023-11-06,11
HAC,Centro 3,Hybrid,2023-11-06,10
INF,Centro 2,In-person,2023-11-06,10
LOG,Centro 2,Hybrid,2023-11-06,10
SEG,Centro 1,In-person,2023-11-06,10
HAC,Centro 5,In-person,2023-11-06,9
CYB,Centro 2,Online,2023-11-06,8
VND,Centro 4,In-person,2023-11-06,8
EMP,Centro 3,In-person,2023-11-06,7
EXC,Centro 4,Online,2023-11-06,7
HOT,Centro 2,Hybrid,2023-11-06,7
LOG,Centro 4,In-person,2023-11-06,7
PRI,Centro 4,Hybrid,2023-11-06,6
PRI,Centro 3,In-person,2023-11-06,6
GER,Centro 3,In-person,2023-11-06,5
HOT,Centro 1,In-person,2023-11-06,5
PBI,Centro 2,Hybrid,2023-11-06,5
PRO,Centro 2,Hybrid,2023-11-06,5
VND,Centro 1,In-person,2023-11-06,5
CYB,Centro 4,In-person,2023-11-06,4
EXC,Centro 1,Hybrid,2023-11-06,4
FOR,Centro 2,Hybrid,2023-11-06,4
GER,Centro 1,Hybrid,2023-11-06,4
GER,Centro 4,In-person,2023-11-06,4
ING,Centro 3,Online,2023-11-06,4
ING,Centro 3,In-person,2023-11-06,4
PBI,Centro 2,Online,2023-11-06,4
SEG,Centro 2,Online,2023-11-06,4
SST,Centro 5,In-person,2023-11-06,4
VND,Centro 3,Hybrid,2023-11-06,4
HAC,Centro 1,Hybrid,2023-11-06,3
INF,Centro 2,Hybrid,2023-11-06,3
SEG,Centro 2,In-person,2023-11-06,3
SEG,Centro 3,In-person,2023-11-06,3
SST,Centro 2,Hybrid,2023-11-06,3
SST,Centro 1,In-person,2023-11-06,3
MNT,Centro 5,In-person,2023-11-13,147
SEG,Centro 5,In-person,2023-11-13,99
CYB,Centro 4,Online,2023-11-13,98
EXC,Centro 4,Online,2023-11-13,90
PBI,Centro 1,Online,2023-11-13,85
CYB,Centro 1,Hybrid,2023-11-13,74
FOR,Centro 2,Hybrid,2023-11-13,69
PYT,Centro 4,Hybrid,2023-11-13,69
LID,Centro 1,Online,2023-11-13,68
SST,Centro 2,Hybrid,2023-11-13,68
EMP,Centro 3,In-person,2023-11-13,61
SEG,Centro 5,Hybrid,2023-11-13,61
ING,Centro 3,Online,2023-11-13,60
GER,Centro 5,In-person,2023-11-13,58
CYB,Centro 1,Online,2023-11-13,57
GER,Centro 4,In-person,2023-11-13,56
PRO,Centro 4,Hybrid,2023-11-13,56
CYB,Centro 2,Online,2023-11-13,55
PRI,Centro 4,In-person,2023-11-13,54
SCI,Centro 1,In-person,2023-11-13,54
EXC,Centro 3,Online,2023-11-13,52
GER,Centro 3,In-person,2023-11-13,51
HOT,Centro 5,In-person,2023-11-13,48
INF,Centro 5,In-person,2023-11-13,47
SST,Centro 5,Hybrid,2023-11-13,47
VND,Centro 2,Hybrid,2023-11-13,47
SCI,Centro 3,In-person,2023-11-13,46
CYB,Centro 2,Hybrid,2023-11-13,43
EXC,Centro 1,Hybrid,2023-11-13,42
TUR,Centro 4,In-person,2023-11-13,41
PBI,Centro 3,In-person,2023-11-13,37
SEG,Centro 2,In-person,2023-11-13,36
HOT,Centro 4,In-person,2023-11-13,35
VND,Centro 2,In-person,2023-11-13,35
HAC,Centro 5,In-person,2023-11-13,31
HCP,Centro 1,In-person,2023-11-13,31
PBI,Centro 3,Hybrid,2023-11-13,31
SEG,Centro 3,In-person,2023-11-13,31
PBI,Centro 2,Online,2023-11-13,30
VND,Centro 3,Online,2023-11-13,29
GES,Centro 2,In-person,2023-11-13,26
TUR,Centro 5,In-person,2023-11-13,26
EXC,Centro 2,In-person,2023-11-13,25
PBI,Centro 4,Online,2023-11-13,25
PBI,Centro 1,Hybrid,2023-11-13,25
PRI,Centro 5,In-person,2023-11-13,25
SOC,Centro 4,Hybrid,2023-11-13,24
PRI,Centro 2,Hybrid,2023-11-13,23
SST,Centro 2,Online,2023-11-13,23
PRO,Centro 3,In-person,2023-11-13,20
PRI,Centro 2,In-person,2023-11-13,19
FOR,Centro 1,In-person,2023-11-13,18
ING,Centro 3,Hybrid,2023-11-13,18
CYB,Centro 4,Hybrid,2023-11-13,17
MNT,Centro 2,In-person,2023-11-13,17
SCI,Centro 2,Hybrid,2023-11-13,17
CYB,Centro 5,In-person,2023-11-13,15
PRO,Centro 2,Hybrid,2023-11-13,15
VND,Centro 5,In-person,2023-11-13,15
HOT,Centro 3,In-person,2023-11-13,14
ING,Centro 1,In-person,2023-11-13,14
PRI,Centro 1,In-person,2023-11-13,14
SCI,Centro 4,In-person,2023-11-13,14
SST,Centro 3,Hybrid,2023-11-13,14
TUR,Centro 1,Hybrid,2023-11-13,14
LID,Centro 4,In-person,2023-11-13,13
LOG,Centro 5,In-person,2023-11-13,13
LOG,Centro 4,In-person,2023-11-13,12
PYT,Centro 1,Online,2023-11-13,12
PYT,Centro 1,Hybrid,2023-11-13,12
VND,Centro 4,Online,2023-11-13,12
PBI,Centro 2,In-person,2023-11-13,11
SOC,Centro 2,In-person,2023-11-13,11
SST,Centro 3,In-person,2023-11-13,11
VND,Centro 1,Online,2023-11-13,11
EXC,Centro 5,Online,2023-11-13,10
LID,Centro 2,Hybrid,2023-11-13,10
GER,Centro 2,Hybrid,2023-11-13,9
FOR,Centro 4,Hybrid,2023-11-13,7
HCP,Centro 4,In-person,2023-11-13,7
HOT,Centro 4,Hybrid,2023-11-13,7
PBI,Centro 5,In-person,2023-11-13,7
TUR,Centro 5,Hybrid,2023-11-13,7
HAC,Centro 2,In-person,2023-11-13,6
INF,Centro 2,Hybrid,2023-11-13,6
FOR,Centro 3,Hybrid,2023-11-13,5
GES,Centro 5,Hybrid,2023-11-13,4
HAC,Centro 3,Hybrid,2023-11-13,4
ING,Centro 4,Online,2023-11-13,4
LOG,Centro 5,Hybrid,2023-11-13,4
PYT,Centro 5,Online,2023-11-13,4
TUR,Centro 3,In-person,2023-11-13,4
EXC,Centro 1,Online,2023-11-13,3
GER,Centro 4,Hybrid,2023-11-13,3
HAC,Centro 4,In-person,2023-11-13,3
LOG,Centro 2,Hybrid,2023-11-13,3
LOG,Centro 2,In-person,2023-11-13,3
SEG,Centro 2,Online,2023-11-13,3
SST,Centro 5,In-person,2023-11-13,3
VND,Centro 4,In-person,2023-11-13,3
EXC,Centro 5,Online,2023-11-20,174
SCI,Centro 2,In-person,2023-11-20,148
SOC,Centro 2,Hybrid,2023-11-20,97
MNT,Centro 2,In-person,2023-11-20,83
SCI,Centro 3,In-person,2023-11-20,83
LID,Centro 3,Online,2023-11-20,70
SEG,Centro 2,Online,2023-11-20,70
HCP,Centro 2,In-person,2023-11-20,65
GER,Centro 5,Hybrid,2023-11-20,64
PRI,Centro 3,In-person,2023-11-20,61
PRI,Centro 1,Hybrid,2023-11-20,60
GER,Centro 1,Hybrid,2023-11-20,53
EMP,Centro 1,In-person,2023-11-20,52
SST,Centro 3,In-person,2023-11-20,51
LID,Centro 2,Hybrid,2023-11-20,50
PBI,Centro 4,In-person,2023-11-20,49
SST,Centro 1,Hybrid,2023-11-20,49
PBI,Centro 1,Hybrid,2023-11-20,46
CYB,Centro 2,Hybrid,2023-11-20,44
CYB,Centro 1,Online,2023-11-20,43
EXC,Centro 5,In-person,2023-11-20,40
SCI,Centro 1,Hybrid,2023-11-20,39
VND,Centro 2,In-person,2023-11-20,39
EMP,Centro 3,In-person,2023-11-20,38
INF,Centro 2,In-person,2023-11-20,38
LOG,Centro 1,In-person,2023-11-20,36
PRO,Centro 2,Hybrid,2023-11-20,36
MNT,Centro 4,In-person,2023-11-20,35
PBI,Centro 2,Online,2023-11-20,35
PYT,Centro 4,Hybrid,2023-11-20,33
SEG,Centro 5,In-person,2023-11-20,33
GES,Centro 4,In-person,2023-11-20,32
SCI,Centro 5,Hybrid,2023-11-20,31
CYB,Centro 3,In-person,2023-11-20,30
ING,Centro 4,Online,2023-11-20,30
ING,Centro 5,Hybrid,2023-11-20,30
LID,Centro 1,In-person,2023-11-20,30
SEG,Centro 2,In-person,2023-11-20,30
GES,Centro 4,Hybrid,2023-11-20,29
HAC,Centro 3,Hybrid,2023-11-20,27
SOC,Centro 3,In-person,2023-11-20,26
CYB,Centro 3,Online,2023-11-20,25
SOC,Centro 2,In-person,2023-11-20,25
PRI,Centro 2,In-person,2023-11-20,24
GES,Centro 5,Hybrid,2023-11-20,23
PRO,Centro 4,Hybrid,2023-11-20,23
CYB,Centro 4,Hybrid,2023-11-20,22
HOT,Centro 1,Hybrid,2023-11-20,22
MNT,Centro 5,In-person,2023-11-20,22
VND,Centro 3,Online,2023-11-20,21
EXC,Centro 3,Hybrid,2023-11-20,20
HAC,Centro 4,Online,2023-11-20,20
ING,Centro 3,Online,2023-11-20,19
PYT,Centro 2,Online,2023-11-20,19
TUR,Centro 5,Hybrid,2023-11-20,19
GER,Centro 3,In-person,2023-11-20,17
INF,Centro 1,Hybrid,2023-11-20,17
HCP,Centro 5,In-person,2023-11-20,16
INF,Centro 4,In-person,2023-11-20,16
LID,Centro 4,In-person,2023-11-20,15
SOC,Centro 4,Hybrid,2023-11-20,14
GER,Centro 4,In-person,2023-11-20,13
HOT,Centro 5,In-person,2023-11-20,13
INF,Centro 1,In-person,2023-11-20,13
INF,Centro 5,In-person,2023-11-20,13
LOG,Centro 5,Hybrid,2023-11-20,13
CYB,Centro 2,Online,2023-11-20,12
PRI,Centro 1,In-person,2023-11-20,11
SEG,Centro 1,In-person,2023-11-20,10
FOR,Centro 3,Hybrid,2023-11-20,9
SCI,Centro 2,Hybrid,2023-11-20,9
LID,Centro 1,Hybrid,2023-11-20,8
SEG,Centro 4,Hybrid,2023-11-20,8
EXC,Centro 1,Hybrid,2023-11-20,7
GER,Centro 2,In-person,2023-11-20,7
LID,Centro 2,In-person,2023-11-20,7
PRI,Centro 4,In-person,2023-11-20,6
PYT,Centro 1,Hybrid,2023-11-20,5
SOC,Centro 5,Hybrid,2023-11-20,5
LID,Centro 5,Online,2023-11-20,4
PBI,Centro 3,Online,2023-11-20,4
PBI,Centro 4,Online,2023-11-20,4
SST,Centro 1,Online,2023-11-20,4
VND,Centro 4,In-person,2023-11-20,4
EXC,Centro 1,Online,2023-11-20,3
LOG,Centro 4,In-person,2023-11-20,3
CYB,Centro 4,Hybrid,2023-11-27,127
SCI,Centro 5,Hybrid,2023-11-27,118
ING,Centro 4,Online,2023-11-27,104
SCI,Centro 1,Hybrid,2023-11-27,98
LOG,Centro 2,In-person,2023-11-27,96
CYB,Centro 3,Hybrid,2023-11-27,91
SEG,Centro 5,In-person,2023-11-27,91
CYB,Centro 2,Online,2023-11-27,88
EXC,Centro 2,Online,2023-11-27,84
GES,Centro 5,In-person,2023-11-27,84
ING,Centro 2,Online,2023-11-27,82
PBI,Centro 5,Online,2023-11-27,80
PBI,Centro 4,Hybrid,2023-11-27,79
SEG,Centro 4,Hybrid,2023-11-27,76
VND,Centro 4,Online,2023-11-27,75
CYB,Centro 4,Online,2023-11-27,71
INF,Centro 2,In-person,2023-11-27,71
VND,Centro 2,Hybrid,2023-11-27,69
FOR,Centro 1,In-person,2023-11-27,68
HAC,Centro 4,In-person,2023-11-27,65
LID,Centro 2,In-person,2023-11-27,64
TUR,Centro 3,In-person,2023-11-27,61
HAC,Centro 4,Online,2023-11-27,57
ING,Centro 1,In-person,2023-11-27,57
SCI,Centro 2,Hybrid,2023-11-27,56
SCI,Centro 4,In-person,2023-11-27,56
PYT,Centro 5,Online,2023-11-27,53
SST,Centro 1,Online,2023-11-27,52
GER,Centro 1,Hybrid,2023-11-27,44
HOT,Centro 2,In-person,2023-11-27,43
PBI,Centro 3,Hybrid,2023-11-27,40
HAC,Centro 5,Hybrid,2023-11-27,39
LOG,Centro 1,In-person,2023-11-27,39
CYB,Centro 5,In-person,2023-11-27,37
HCP,Centro 2,In-person,2023-11-27,36
HOT,Centro 5,In-person,2023-11-27,36
PBI,Centro 5,In-person,2023-11-27,34
PYT,Centro 1,Online,2023-11-27,34
VND,Centro 4,In-person,2023-11-27,34
VND,Centro 3,Hybrid,2023-11-27,33
CYB,Centro 4,In-person,2023-11-27,32
ING,Centro 3,Hybrid,2023-11-27,32
HCP,Centro 1,In-person,2023-11-27,31
MNT,Centro 2,In-person,2023-11-27,31
PBI,Centro 4,Online,2023-11-27,30
PRI,Centro 3,In-person,2023-11-27,30
INF,Centro 4,In-person,2023-11-27,29
LOG,Centro 4,In-person,2023-11-27,28
LID,Centro 5,Online,2023-11-27,27
GER,Centro 5,In-person,2023-11-27,26
GES,Centro 3,Online,2023-11-27,26
PYT,Centro 1,Hybrid,2023-11-27,26
PRO,Centro 1,Online,2023-11-27,24
EXC,Centro 5,In-person,2023-11-27,22
GES,Centro 2,Hybrid,2023-11-27,20
EMP,Centro 2,In-person,2023-11-27,19
TUR,Centro 4,In-person,2023-11-27,19
CYB,Centro 1,Online,2023-11-27,16
INF,Centro 2,Hybrid,2023-11-27,16
SEG,Centro 3,In-person,2023-11-27,16
HAC,Centro 1,In-person,2023-11-27,15
PBI,Centro 2,Online,2023-11-27,15
PYT,Centro 4,In-person,2023-11-27,14
SOC,Centro 2,In-person,2023-11-27,13
EXC,Centro 4,Hybrid,2023-11-27,12
CYB,Centro 5,Hybrid,2023-11-27,11
HCP,Centro 5,Hybrid,2023-11-27,10
LOG,Centro 2,Hybrid,2023-11-27,9
SOC,Centro 5,Hybrid,2023-11-27,8
VND,Centro 1,Online,2023-11-27,8
EXC,Centro 5,Online,2023-11-27,7
LOG,Centro 3,In-person,2023-11-27,7
LOG,Centro 5,In-person,2023-11-27,7
MNT,Centro 3,In-person,2023-11-27,7
MNT,Centro 4,In-person,2023-11-27,7
PYT,Centro 2,Online,2023-11-27,7
LID,Centro 1,Hybrid,2023-11-27,5
LID,Centro 1,In-person,2023-11-27,5
SCI,Centro 3,In-person,2023-11-27,5
FOR,Centro 2,Hybrid,2023-11-27,4
FOR,Centro 3,In-person,2023-11-27,4
HCP,Centro 1,Hybrid,2023-11-27,4
LID,Centro 4,In-person,2023-11-27,4
MNT,Centro 5,In-person,2023-11-27,4
PRO,Centro 2,Hybrid,2023-11-27,4
PRO,Centro 4,Hybrid,2023-11-27,4
PRO,Centro 5,In-person,2023-11-27,4
SEG,Centro 2,Hybrid,2023-11-27,4
GER,Centro 2,In-person,2023-11-27,3
SST,Centro 5,In-person,2023-11-27,3
TUR,Centro 2,In-person,2023-11-27,3
CYB,Centro 4,Online,2023-12-04,100
HCP,Centro 4,In-person,2023-12-04,92
PBI,Centro 5,Online,2023-12-04,87
MNT,Centro 4,In-person,2023-12-04,84
VND,Centro 2,In-person,2023-12-04,83
HAC,Centro 1,In-person,2023-12-04,81
GER,Centro 3,In-person,2023-12-04,79
ING,Centro 3,Online,2023-12-04,74
SCI,Centro 5,In-person,2023-12-04,74
SST,Centro 1,In-person,2023-12-04,72
CYB,Centro 1,Online,2023-12-04,71
GER,Centro 5,In-person,2023-12-04,69
LID,Centro 4,Hybrid,2023-12-04,69
SOC,Centro 3,In-person,2023-12-04,68
SCI,Centro 2,Hybrid,2023-12-04,67
INF,Centro 1,In-person,2023-12-04,64
HCP,Centro 3,Hybrid,2023-12-04,63
CYB,Centro 2,Hybrid,2023-12-04,61
LID,Centro 5,Online,2023-12-04,61
SST,Centro 3,In-person,2023-12-04,59
SST,Centro 5,Online,2023-12-04,58
PRI,Centro 1,Hybrid,2023-12-04,57
CYB,Centro 2,Online,2023-12-04,54
HOT,Centro 5,In-person,2023-12-04,54
SEG,Centro 2,Hybrid,2023-12-04,54
GER,Centro 1,Hybrid,2023-12-04,52
SST,Centro 5,In-person,2023-12-04,51
PRO,Centro 2,Hybrid,2023-12-04,49
FOR,Centro 3,Hybrid,2023-12-04,48
TUR,Centro 2,In-person,2023-12-04,48
PBI,Centro 2,Hybrid,2023-12-04,47
TUR,Centro 1,Hybrid,2023-12-04,47
LID,Centro 1,In-person,2023-12-04,46
LOG,Centro 5,In-person,2023-12-04,42
SCI,Centro 3,In-person,2023-12-04,42
PRO,Centro 2,Online,2023-12-04,37
INF,Centro 3,In-person,2023-12-04,36
HAC,Centro 3,Hybrid,2023-12-04,35
ING,Centro 3,Hybrid,2023-12-04,34
VND,Centro 4,In-person,2023-12-04,34
VND,Centro 3,Online,2023-12-04,33
HCP,Centro 1,Hybrid,2023-12-04,31
SOC,Centro 4,Hybrid,2023-12-04,31
ING,Centro 2,Online,2023-12-04,28
PBI,Centro 4,Hybrid,2023-12-04,28
SEG,Centro 5,In-person,2023-12-04,28
FOR,Centro 2,Online,2023-12-04,27
PRO,Centro 3,In-person,2023-12-04,27
PYT,Centro 2,Online,2023-12-04,27
SEG,Centro 4,Hybrid,2023-12-04,26
CYB,Centro 1,Hybrid,2023-12-04,25
HAC,Centro 5,Hybrid,2023-12-04,24
HCP,Centro 5,In-person,2023-12-04,24
LOG,Centro 3,Hybrid,2023-12-04,23
SEG,Centro 1,In-person,2023-12-04,22
FOR,Centro 4,Hybrid,2023-12-04,21
PRO,Centro 4,Hybrid,2023-12-04,20
MNT,Centro 2,In-person,2023-12-04,19
PBI,Centro 1,Hybrid,2023-12-04,18
PRI,Centro 5,In-person,2023-12-04,18
PBI,Centro 2,Online,2023-12-04,17
HAC,Centro 2,Hybrid,2023-12-04,16
ING,Centro 1,Hybrid,2023-12-04,15
PBI,Centro 3,Hybrid,2023-12-04,15
SEG,Centro 5,Hybrid,2023-12-04,15
GER,Centro 5,Hybrid,2023-12-04,14
LOG,Centro 4,In-person,2023-12-04,14
SEG,Centro 2,In-person,2023-12-04,14
PBI,Centro 4,In-person,2023-12-04,13
SEG,Centro 1,Online,2023-12-04,13
HAC,Centro 1,Hybrid,2023-12-04,12
VND,Centro 4,Online,2023-12-04,12
PRI,Centro 4,In-person,2023-12-04,11
GES,Centro 4,In-person,2023-12-04,10
TUR,Centro 3,In-person,2023-12-04,10
EXC,Centro 4,Online,2023-12-04,9
EXC,Centro 2,Online,2023-12-04,8
GES,Centro 4,Hybrid,2023-12-04,8
LID,Centro 1,Hybrid,2023-12-04,8
PRI,Centro 1,In-person,2023-12-04,8
VND,Centro 3,Hybrid,2023-12-04,8
CYB,Centro 4,Hybrid,2023-12-04,7
EMP,Centro 2,In-person,2023-12-04,7
INF,Centro 3,Hybrid,2023-12-04,7
ING,Centro 1,In-person,2023-12-04,7
SOC,Centro 5,In-person,2023-12-04,7
TUR,Centro 5,Hybrid,2023-12-04,7
GER,Centro 2,In-person,2023-12-04,6
HAC,Centro 4,In-person,2023-12-04,6
SST,Centro 4,In-person,2023-12-04,6
CYB,Centro 3,Hybrid,2023-12-04,5
CYB,Centro 5,Hybrid,2023-12-04,5
CYB,Centro 4,In-person,2023-12-04,5
HOT,Centro 1,Hybrid,2023-12-04,5
LID,Centro 1,Online,2023-12-04,5
PBI,Centro 2,In-person,2023-12-04,5
PYT,Centro 1,Hybrid,2023-12-04,5
PYT,Centro 4,Hybrid,2023-12-04,5
FOR,Centro 3,In-person,2023-12-04,4
LOG,Centro 2,In-person,2023-12-04,4
PBI,Centro 1,In-person,2023-12-04,4
PYT,Centro 4,In-person,2023-12-04,4
EXC,Centro 4,Hybrid,2023-12-04,3
PRI,Centro 3,In-person,2023-12-04,2
FOR,Centro 2,Online,2023-12-11,157
PYT,Centro 4,Online,2023-12-11,106
SEG,Centro 1,Online,2023-12-11,92
CYB,Centro 1,In-person,2023-12-11,87
GES,Centro 3,Online,2023-12-11,86
INF,Centro 3,In-person,2023-12-11,85
PRO,Centro 4,Hybrid,2023-12-11,85
CYB,Centro 4,Online,2023-12-11,79
HOT,Centro 4,Hybrid,2023-12-11,78
GES,Centro 4,In-person,2023-12-11,77
GES,Centro 5,In-person,2023-12-11,75
EXC,Centro 5,Online,2023-12-11,70
ING,Centro 4,Online,2023-12-11,70
HAC,Centro 2,Hybrid,2023-12-11,69
CYB,Centro 2,Online,2023-12-11,67
SCI,Centro 2,Hybrid,2023-12-11,67
PBI,Centro 3,Online,2023-12-11,61
TUR,Centro 1,Hybrid,2023-12-11,56
FOR,Centro 5,Hybrid,2023-12-11,52
SCI,Centro 5,Hybrid,2023-12-11,52
SCI,Centro 4,In-person,2023-12-11,50
CYB,Centro 3,Online,2023-12-11,49
PBI,Centro 4,Online,2023-12-11,49
VND,Centro 4,Online,2023-12-11,49
EXC,Centro 1,Hybrid,2023-12-11,47
HAC,Centro 4,In-person,2023-12-11,47
FOR,Centro 3,Hybrid,2023-12-11,46
VND,Centro 1,Online,2023-12-11,41
SEG,Centro 2,In-person,2023-12-11,40
SST,Centro 2,Hybrid,2023-12-11,39
CYB,Centro 4,Hybrid,2023-12-11,37
LOG,Centro 2,Hybrid,2023-12-11,36
LOG,Centro 3,Hybrid,2023-12-11,36
VND,Centro 2,In-person,2023-12-11,34
LID,Centro 3,In-person,2023-12-11,33
TUR,Centro 5,Hybrid,2023-12-11,33
HCP,Centro 2,In-person,2023-12-11,32
HOT,Centro 1,Hybrid,2023-12-11,31
HOT,Centro 1,In-person,2023-12-11,31
PRO,Centro 5,In-person,2023-12-11,31
MNT,Centro 2,In-person,2023-12-11,30
ING,Centro 2,Online,2023-12-11,29
PRO,Centro 2,Hybrid,2023-12-11,28
GER,Centro 2,In-person,2023-12-11,27
LOG,Centro 3,In-person,2023-12-11,25
LOG,Centro 5,In-person,2023-12-11,25
PBI,Centro 4,In-person,2023-12-11,25
SEG,Centro 1,In-person,2023-12-11,25
SST,Centro 1,Hybrid,2023-12-11,25
PBI,Centro 1,Online,2023-12-11,24
CYB,Centro 2,Hybrid,2023-12-11,22
HCP,Centro 1,In-person,2023-12-11,22
PBI,Centro 1,Hybrid,2023-12-11,22
VND,Centro 1,In-person,2023-12-11,22
MNT,Centro 1,In-person,2023-12-11,21
PBI,Centro 5,In-person,2023-12-11,21
CYB,Centro 4,In-person,2023-12-11,20
EMP,Centro 2,In-person,2023-12-11,19
PBI,Centro 2,Hybrid,2023-12-11,17
SOC,Centro 2,In-person,2023-12-11,16
GES,Centro 2,Hybrid,2023-12-11,15
INF,Centro 4,In-person,2023-12-11,15
GES,Centro 2,In-person,2023-12-11,14
ING,Centro 2,In-person,2023-12-11,13
FOR,Centro 1,In-person,2023-12-11,12
PRO,Centro 4,In-person,2023-12-11,12
SST,Centro 1,In-person,2023-12-11,12
TUR,Centro 2,In-person,2023-12-11,10
EXC,Centro 1,In-person,2023-12-11,9
FOR,Centro 3,In-person,2023-12-11,9
PRI,Centro 4,In-person,2023-12-11,9
SEG,Centro 3,Hybrid,2023-12-11,9
FOR,Centro 5,Online,2023-12-11,8
LID,Centro 4,In-person,2023-12-11,8
MNT,Centro 5,In-person,2023-12-11,8
PBI,Centro 2,Online,2023-12-11,8
PRI,Centro 1,In-person,2023-12-11,8
ING,Centro 1,In-person,2023-12-11,7
LID,Centro 1,Hybrid,2023-12-11,7
MNT,Centro 4,In-person,2023-12-11,7
PYT,Centro 4,In-person,2023-12-11,7
SEG,Centro 5,In-person,2023-12-11,7
SOC,Centro 4,Hybrid,2023-12-11,7
EXC,Centro 2,Online,2023-12-11,6
PRI,Centro 5,In-person,2023-12-11,6
CYB,Centro 1,Hybrid,2023-12-11,5
PRO,Centro 2,Online,2023-12-11,5
PYT,Centro 2,Online,2023-12-11,5
PYT,Centro 2,Hybrid,2023-12-11,5
SCI,Centro 3,In-person,2023-12-11,5
SST,Centro 3,In-person,2023-12-11,5
VND,Centro 3,Hybrid,2023-12-11,5
GER,Centro 4,In-person,2023-12-11,4
PBI,Centro 5,Online,2023-12-11,4
PBI,Centro 2,In-person,2023-12-11,4
PRO,Centro 3,Hybrid,2023-12-11,4
PRO,Centro 3,In-person,2023-12-11,4
SST,Centro 1,Online,2023-12-11,4
GER,Centro 2,Hybrid,2023-12-11,3
LOG,Centro 1,Hybrid,2023-12-11,3
PBI,Centro 4,Hybrid,2023-12-11,3
SEG,Centro 4,Hybrid,2023-12-11,3
ING,Centro 2,Online,2023-12-18,146
SST,Centro 3,In-person,2023-12-18,135
CYB,Centro 1,Online,2023-12-18,122
LOG,Centro 2,In-person,2023-12-18,118
PRO,Centro 4,Online,2023-12-18,109
PBI,Centro 1,Online,2023-12-18,82
CYB,Centro 4,Hybrid,2023-12-18,80
PBI,Centro 1,Hybrid,2023-12-18,78
LID,Centro 1,Hybrid,2023-12-18,69
GER,Centro 2,In-person,2023-12-18,56
SST,Centro 4,In-person,2023-12-18,55
SEG,Centro 5,In-person,2023-12-18,53
PRO,Centro 1,Online,2023-12-18,52
GER,Centro 5,Hybrid,2023-12-18,51
PRI,Centro 2,Hybrid,2023-12-18,51
PRO,Centro 3,Online,2023-12-18,50
PRI,Centro 1,In-person,2023-12-18,49
FOR,Centro 3,In-person,2023-12-18,46
LID,Centro 4,In-person,2023-12-18,44
INF,Centro 2,In-person,2023-12-18,43
LOG,Centro 4,In-person,2023-12-18,42
VND,Centro 2,Online,2023-12-18,42
ING,Centro 2,In-person,2023-12-18,41
CYB,Centro 5,In-person,2023-12-18,40
HCP,Centro 3,In-person,2023-12-18,40
PBI,Centro 3,Hybrid,2023-12-18,38
CYB,Centro 1,Hybrid,2023-12-18,35
LOG,Centro 3,In-person,2023-12-18,35
PRI,Centro 3,In-person,2023-12-18,33
SEG,Centro 1,Online,2023-12-18,31
TUR,Centro 2,In-person,2023-12-18,31
PBI,Centro 3,Online,2023-12-18,30
HAC,Centro 5,In-person,2023-12-18,29
PRI,Centro 5,In-person,2023-12-18,29
SEG,Centro 3,Hybrid,2023-12-18,29
LID,Centro 2,Hybrid,2023-12-18,28
MNT,Centro 3,In-person,2023-12-18,28
HAC,Centro 5,Hybrid,2023-12-18,27
PYT,Centro 2,Online,2023-12-18,27
SEG,Centro 1,In-person,2023-12-18,25
VND,Centro 1,In-person,2023-12-18,25
GER,Centro 1,Hybrid,2023-12-18,23
EXC,Centro 5,Online,2023-12-18,22
SCI,Centro 1,In-person,2023-12-18,22
EXC,Centro 3,Hybrid,2023-12-18,21
PBI,Centro 4,Hybrid,2023-12-18,21
EXC,Centro 5,In-person,2023-12-18,20
SCI,Centro 2,Hybrid,2023-12-18,20
SST,Centro 5,In-person,2023-12-18,20
GES,Centro 5,In-person,2023-12-18,19
PRO,Centro 5,In-person,2023-12-18,19
VND,Centro 4,In-person,2023-12-18,19
HOT,Centro 2,In-person,2023-12-18,18
SCI,Centro 5,In-person,2023-12-18,18
EXC,Centro 4,Online,2023-12-18,17
EXC,Centro 5,Hybrid,2023-12-18,16
PRO,Centro 4,Hybrid,2023-12-18,16
CYB,Centro 1,In-person,2023-12-18,15
SEG,Centro 2,In-person,2023-12-18,15
FOR,Centro 4,Hybrid,2023-12-18,14
SCI,Centro 4,In-person,2023-12-18,14
TUR,Centro 3,In-person,2023-12-18,14
CYB,Centro 3,Hybrid,2023-12-18,13
PRO,Centro 2,Hybrid,2023-12-18,11
LOG,Centro 5,In-person,2023-12-18,10
HAC,Centro 1,Hybrid,2023-12-18,9
PYT,Centro 5,Online,2023-12-18,9
CYB,Centro 4,In-person,2023-12-18,8
MNT,Centro 4,In-person,2023-12-18,8
FOR,Centro 1,In-person,2023-12-18,7
GES,Centro 2,Hybrid,2023-12-18,7
LOG,Centro 2,Hybrid,2023-12-18,7
PBI,Centro 2,Hybrid,2023-12-18,7
VND,Centro 4,Online,2023-12-18,6
HOT,Centro 1,In-person,2023-12-18,5
HOT,Centro 5,In-person,2023-12-18,5
ING,Centro 4,Online,2023-12-18,5
LID,Centro 4,Hybrid,2023-12-18,5
LOG,Centro 3,Hybrid,2023-12-18,5
MNT,Centro 1,In-person,2023-12-18,5
PBI,Centro 5,Online,2023-12-18,5
PRO,Centro 2,Online,2023-12-18,5
PRO,Centro 3,Hybrid,2023-12-18,5
SCI,Centro 3,In-person,2023-12-18,5
SOC,Centro 1,Hybrid,2023-12-18,5
TUR,Centro 1,Hybrid,2023-12-18,5
CYB,Centro 4,Online,2023-12-18,4
CYB,Centro 5,Hybrid,2023-12-18,4
EMP,Centro 2,In-person,2023-12-18,4
EXC,Centro 1,Hybrid,2023-12-18,4
EXC,Centro 2,Hybrid,2023-12-18,4
GER,Centro 2,Hybrid,2023-12-18,4
HAC,Centro 3,Online,2023-12-18,4
PBI,Centro 5,In-person,2023-12-18,4
SST,Centro 5,Hybrid,2023-12-18,4
SST,Centro 2,In-person,2023-12-18,4
HCP,Centro 4,In-person,2023-12-18,3
SEG,Centro 2,Hybrid,2023-12-18,3
SST,Centro 1,Online,2023-12-18,3
PRI,Centro 1,In-person,2023-12-25,139
SST,Centro 5,Online,2023-12-25,110
PBI,Centro 3,Online,2023-12-25,109
INF,Centro 3,Hybrid,2023-12-25,91
PYT,Centro 1,Online,2023-12-25,88
MNT,Centro 4,In-person,2023-12-25,81
PBI,Centro 2,In-person,2023-12-25,81
EXC,Centro 4,Online,2023-12-25,76
PRO,Centro 2,Online,2023-12-25,76
INF,Centro 3,In-person,2023-12-25,73
PRO,Centro 4,Hybrid,2023-12-25,73
SCI,Centro 4,In-person,2023-12-25,73
SEG,Centro 1,Online,2023-12-25,72
CYB,Centro 1,Online,2023-12-25,64
PRO,Centro 2,Hybrid,2023-12-25,63
PYT,Centro 4,In-person,2023-12-25,63
SEG,Centro 1,In-person,2023-12-25,62
EXC,Centro 5,Online,2023-12-25,61
HCP,Centro 5,Hybrid,2023-12-25,57
HAC,Centro 5,Hybrid,2023-12-25,55
ING,Centro 3,In-person,2023-12-25,55
GES,Centro 5,In-person,2023-12-25,53
LID,Centro 4,In-person,2023-12-25,50
LOG,Centro 5,In-person,2023-12-25,50
HOT,Centro 1,In-person,2023-12-25,49
EMP,Centro 2,In-person,2023-12-25,46
HAC,Centro 1,Hybrid,2023-12-25,46
SST,Centro 5,Hybrid,2023-12-25,46
HOT,Centro 5,In-person,2023-12-25,45
ING,Centro 4,Online,2023-12-25,44
MNT,Centro 1,In-person,2023-12-25,43
CYB,Centro 1,Hybrid,2023-12-25,40
PYT,Centro 2,Online,2023-12-25,40
CYB,Centro 4,Online,2023-12-25,39
MNT,Centro 2,In-person,2023-12-25,39
SEG,Centro 4,Hybrid,2023-12-25,38
PBI,Centro 4,Online,2023-12-25,37
VND,Centro 1,In-person,2023-12-25,36
PRO,Centro 4,Online,2023-12-25,35
EXC,Centro 2,Online,2023-12-25,34
SST,Centro 5,In-person,2023-12-25,32
GER,Centro 2,In-person,2023-12-25,30
GES,Centro 1,Hybrid,2023-12-25,30
LID,Centro 2,In-person,2023-12-25,30
GES,Centro 4,In-person,2023-12-25,28
SOC,Centro 3,Hybrid,2023-12-25,28
CYB,Centro 4,In-person,2023-12-25,27
SST,Centro 1,Online,2023-12-25,27
VND,Centro 4,Online,2023-12-25,27
LOG,Centro 4,In-person,2023-12-25,25
SST,Centro 3,In-person,2023-12-25,25
EXC,Centro 1,In-person,2023-12-25,24
PBI,Centro 2,Hybrid,2023-12-25,24
SCI,Centro 2,In-person,2023-12-25,24
GER,Centro 5,In-person,2023-12-25,20
HCP,Centro 1,In-person,2023-12-25,20
PYT,Centro 5,Online,2023-12-25,20
LID,Centro 3,In-person,2023-12-25,19
MNT,Centro 3,In-person,2023-12-25,19
GER,Centro 3,In-person,2023-12-25,18
HCP,Centro 2,In-person,2023-12-25,18
PRO,Centro 3,In-person,2023-12-25,18
SEG,Centro 2,In-person,2023-12-25,18
SST,Centro 4,In-person,2023-12-25,18
TUR,Centro 1,Hybrid,2023-12-25,18
PRO,Centro 3,Hybrid,2023-12-25,17
TUR,Centro 3,Hybrid,2023-12-25,17
PYT,Centro 1,Hybrid,2023-12-25,16
TUR,Centro 2,Hybrid,2023-12-25,16
EMP,Centro 1,In-person,2023-12-25,15
HCP,Centro 3,In-person,2023-12-25,14
PBI,Centro 5,Online,2023-12-25,11
CYB,Centro 4,Hybrid,2023-12-25,10
EXC,Centro 5,Hybrid,2023-12-25,10
SST,Centro 2,Hybrid,2023-12-25,10
LOG,Centro 3,Hybrid,2023-12-25,8
PBI,Centro 1,Hybrid,2023-12-25,8
PRO,Centro 3,Online,2023-12-25,8
GES,Centro 2,In-person,2023-12-25,7
LOG,Centro 2,In-person,2023-12-25,7
SEG,Centro 2,Hybrid,2023-12-25,7
SOC,Centro 1,Hybrid,2023-12-25,7
ING,Centro 2,In-person,2023-12-25,5
LID,Centro 4,Hybrid,2023-12-25,5
PRO,Centro 1,Online,2023-12-25,5
PYT,Centro 1,In-person,2023-12-25,5
SCI,Centro 2,Hybrid,2023-12-25,5
CYB,Centro 2,Online,2023-12-25,4
CYB,Centro 5,Hybrid,2023-12-25,4
CYB,Centro 1,In-person,2023-12-25,4
GER,Centro 2,Hybrid,2023-12-25,4
SCI,Centro 1,In-person,2023-12-25,4
SEG,Centro 1,Hybrid,2023-12-25,4
SEG,Centro 3,Hybrid,2023-12-25,4
GER,Centro 4,In-person,2023-12-25,3
LOG,Centro 1,Hybrid,2023-12-25,3
PRI,Centro 2,Hybrid,2023-12-25,3
TUR,Centro 2,In-person,2023-12-25,3
PBI,Centro 4,Hybrid,2023-12-25,2
PRO,Centro 3,In-person,2024-01-01,157
SEG,Centro 2,In-person,2024-01-01,127
LOG,Centro 2,In-person,2024-01-01,121
CYB,Centro 2,Online,2024-01-01,119
GES,Centro 1,Online,2024-01-01,97
FOR,Centro 5,Online,2024-01-01,95
CYB,Centro 4,Hybrid,2024-01-01,86
PRI,Centro 4,In-person,2024-01-01,85
PRO,Centro 4,Online,2024-01-01,80
MNT,Centro 1,In-person,2024-01-01,75
PRO,Centro 1,Online,2024-01-01,70
PRO,Centro 3,Hybrid,2024-01-01,65
TUR,Centro 2,Hybrid,2024-01-01,64
EMP,Centro 3,In-person,2024-01-01,61
FOR,Centro 4,Hybrid,2024-01-01,61
SCI,Centro 1,Hybrid,2024-01-01,55
GES,Centro 3,Online,2024-01-01,53
PBI,Centro 1,Online,2024-01-01,51
SOC,Centro 2,Hybrid,2024-01-01,50
PYT,Centro 2,In-person,2024-01-01,48
SOC,Centro 3,Hybrid,2024-01-01,44
LID,Centro 2,In-person,2024-01-01,41
SST,Centro 1,Online,2024-01-01,41
CYB,Centro 1,Hybrid,2024-01-01,40
PRI,Centro 1,In-person,2024-01-01,39
EXC,Centro 4,Hybrid,2024-01-01,37
INF,Centro 3,In-person,2024-01-01,36
SST,Centro 5,Hybrid,2024-01-01,36
VND,Centro 2,Online,2024-01-01,35
LID,Centro 2,Hybrid,2024-01-01,33
PRO,Centro 2,Online,2024-01-01,32
SCI,Centro 2,Hybrid,2024-01-01,30
EXC,Centro 3,Hybrid,2024-01-01,28
LOG,Centro 4,In-person,2024-01-01,28
HAC,Centro 2,Hybrid,2024-01-01,26
SEG,Centro 3,In-person,2024-01-01,26
CYB,Centro 4,Online,2024-01-01,24
GER,Centro 1,Hybrid,2024-01-01,24
HCP,Centro 1,In-person,2024-01-01,24
PBI,Centro 2,Hybrid,2024-01-01,24
PRI,Centro 3,Hybrid,2024-01-01,24
HOT,Centro 1,In-person,2024-01-01,19
LID,Centro 4,Online,2024-01-01,19
GER,Centro 3,In-person,2024-01-01,18
GER,Centro 4,In-person,2024-01-01,16
HCP,Centro 5,In-person,2024-01-01,16
PBI,Centro 4,Hybrid,2024-01-01,16
PYT,Centro 2,Online,2024-01-01,16
EXC,Centro 5,In-person,2024-01-01,15
LID,Centro 4,In-person,2024-01-01,14
LOG,Centro 2,Hybrid,2024-01-01,14
ING,Centro 2,Online,2024-01-01,13
PBI,Centro 1,In-person,2024-01-01,13
PRI,Centro 4,Hybrid,2024-01-01,13
TUR,Centro 3,In-person,2024-01-01,13
EXC,Centro 2,Online,2024-01-01,11
GES,Centro 2,In-person,2024-01-01,11
HAC,Centro 2,In-person,2024-01-01,11
LOG,Centro 3,Hybrid,2024-01-01,11
GES,Centro 2,Hybrid,2024-01-01,10
HCP,Centro 2,In-person,2024-01-01,10
HCP,Centro 3,In-person,2024-01-01,10
SST,Centro 2,In-person,2024-01-01,10
TUR,Centro 1,Hybrid,2024-01-01,10
TUR,Centro 2,In-person,2024-01-01,10
VND,Centro 2,In-person,2024-01-01,10
PBI,Centro 4,Online,2024-01-01,9
PRI,Centro 2,In-person,2024-01-01,8
SOC,Centro 5,In-person,2024-01-01,8
VND,Centro 1,In-person,2024-01-01,8
CYB,Centro 1,In-person,2024-01-01,7
FOR,Centro 1,In-person,2024-01-01,7
GES,Centro 1,Hybrid,2024-01-01,7
INF,Centro 3,Hybrid,2024-01-01,7
MNT,Centro 3,In-person,2024-01-01,7
PRI,Centro 5,Hybrid,2024-01-01,7
SEG,Centro 1,Online,2024-01-01,7
CYB,Centro 3,Online,2024-01-01,5
EMP,Centro 5,In-person,2024-01-01,5
SOC,Centro 3,In-person,2024-01-01,5
EXC,Centro 5,Online,2024-01-01,4
PBI,Centro 1,Hybrid,2024-01-01,4
PBI,Centro 3,In-person,2024-01-01,4
PRI,Centro 3,In-person,2024-01-01,4
PRO,Centro 4,Hybrid,2024-01-01,4
EMP,Centro 1,In-person,2024-01-01,3
LOG,Centro 5,In-person,2024-01-01,3
MNT,Centro 1,In-person,2024-01-08,256
CYB,Centro 4,Online,2024-01-08,153
PRI,Centro 1,In-person,2024-01-08,153
EXC,Centro 4,Online,2024-01-08,93
EMP,Centro 1,In-person,2024-01-08,89
CYB,Centro 3,Online,2024-01-08,83
PYT,Centro 2,Online,2024-01-08,82
TUR,Centro 3,Hybrid,2024-01-08,81
LID,Centro 2,Hybrid,2024-01-08,65
PBI,Centro 2,Online,2024-01-08,65
GER,Centro 5,In-person,2024-01-08,59
SEG,Centro 1,Online,2024-01-08,57
SEG,Centro 2,In-person,2024-01-08,54
PBI,Centro 1,Online,2024-01-08,51
GER,Centro 3,In-person,2024-01-08,50
LOG,Centro 1,In-person,2024-01-08,49
LOG,Centro 2,Hybrid,2024-01-08,47
PRI,Centro 2,In-person,2024-01-08,47
GER,Centro 2,Hybrid,2024-01-08,46
EXC,Centro 5,Online,2024-01-08,45
HCP,Centro 1,In-person,2024-01-08,45
PRI,Centro 3,Hybrid,2024-01-08,44
SST,Centro 4,In-person,2024-01-08,44
GER,Centro 4,In-person,2024-01-08,43
GES,Centro 2,Hybrid,2024-01-08,43
LID,Centro 4,Online,2024-01-08,42
LOG,Centro 5,In-person,2024-01-08,42
VND,Centro 2,Online,2024-01-08,42
SOC,Centro 4,Hybrid,2024-01-08,41
PBI,Centro 5,Online,2024-01-08,40
SST,Centro 1,Online,2024-01-08,40
SST,Centro 2,In-person,2024-01-08,38
INF,Centro 2,In-person,2024-01-08,37
HOT,Centro 3,In-person,2024-01-08,34
PRO,Centro 4,In-person,2024-01-08,33
CYB,Centro 4,In-person,2024-01-08,32
PYT,Centro 3,Online,2024-01-08,32
LOG,Centro 3,In-person,2024-01-08,30
SEG,Centro 4,Hybrid,2024-01-08,29
SEG,Centro 3,In-person,2024-01-08,29
VND,Centro 1,Hybrid,2024-01-08,29
PRI,Centro 3,In-person,2024-01-08,27
INF,Centro 3,Hybrid,2024-01-08,26
CYB,Centro 2,Online,2024-01-08,25
EXC,Centro 1,In-person,2024-01-08,25
FOR,Centro 5,Online,2024-01-08,23
GES,Centro 1,Online,2024-01-08,23
PBI,Centro 1,Hybrid,2024-01-08,23
HAC,Centro 2,Hybrid,2024-01-08,22
FOR,Centro 5,Hybrid,2024-01-08,21
INF,Centro 3,In-person,2024-01-08,21
VND,Centro 4,In-person,2024-01-08,19
ING,Centro 3,Hybrid,2024-01-08,18
LID,Centro 2,In-person,2024-01-08,17
PBI,Centro 4,Online,2024-01-08,16
SCI,Centro 1,In-person,2024-01-08,16
CYB,Centro 4,Hybrid,2024-01-08,15
HCP,Centro 4,In-person,2024-01-08,15
LOG,Centro 3,Hybrid,2024-01-08,15
SST,Centro 2,Online,2024-01-08,15
EXC,Centro 4,Hybrid,2024-01-08,14
ING,Centro 3,In-person,2024-01-08,14
EXC,Centro 5,Hybrid,2024-01-08,13
PBI,Centro 3,Online,2024-01-08,13
PRI,Centro 4,In-person,2024-01-08,12
CYB,Centro 3,In-person,2024-01-08,11
GER,Centro 1,Hybrid,2024-01-08,11
MNT,Centro 2,In-person,2024-01-08,11
SEG,Centro 2,Hybrid,2024-01-08,11
EMP,Centro 3,In-person,2024-01-08,10
SCI,Centro 3,In-person,2024-01-08,10
SCI,Centro 5,In-person,2024-01-08,10
EXC,Centro 5,In-person,2024-01-08,9
GES,Centro 1,Hybrid,2024-01-08,8
PBI,Centro 4,Hybrid,2024-01-08,7
SCI,Centro 5,Hybrid,2024-01-08,7
TUR,Centro 5,In-person,2024-01-08,7
INF,Centro 1,In-person,2024-01-08,6
SST,Centro 1,In-person,2024-01-08,6
HAC,Centro 5,In-person,2024-01-08,4
MNT,Centro 3,In-person,2024-01-08,4
PRO,Centro 4,Hybrid,2024-01-08,4
SEG,Centro 1,Hybrid,2024-01-08,4
SOC,Centro 1,Hybrid,2024-01-08,4
TUR,Centro 3,In-person,2024-01-08,4
HAC,Centro 3,Online,2024-01-08,3
HAC,Centro 4,In-person,2024-01-08,3
LOG,Centro 1,Hybrid,2024-01-08,3
LOG,Centro 2,In-person,2024-01-08,3
SEG,Centro 3,Hybrid,2024-01-08,3
SST,Centro 3,Online,2024-01-08,3
PBI,Centro 1,Online,2024-01-15,123
CYB,Centro 3,Hybrid,2024-01-15,118
MNT,Centro 1,In-person,2024-01-15,107
GER,Centro 3,In-person,2024-01-15,92
CYB,Centro 3,Online,2024-01-15,87
VND,Centro 4,In-person,2024-01-15,85
CYB,Centro 1,Hybrid,2024-01-15,80
TUR,Centro 5,Hybrid,2024-01-15,78
MNT,Centro 5,In-person,2024-01-15,75
FOR,Centro 5,Online,2024-01-15,74
CYB,Centro 4,Hybrid,2024-01-15,73
ING,Centro 5,In-person,2024-01-15,71
LOG,Centro 3,In-person,2024-01-15,68
CYB,Centro 1,Online,2024-01-15,67
PRI,Centro 3,In-person,2024-01-15,66
SCI,Centro 1,Hybrid,2024-01-15,64
SEG,Centro 3,Hybrid,2024-01-15,64
HAC,Centro 1,In-person,2024-01-15,61
PRI,Centro 4,Hybrid,2024-01-15,60
HAC,Centro 3,In-person,2024-01-15,58
PRI,Centro 1,In-person,2024-01-15,58
PYT,Centro 2,Online,2024-01-15,56
HAC,Centro 3,Online,2024-01-15,52
VND,Centro 1,Online,2024-01-15,52
LID,Centro 1,In-person,2024-01-15,51
EMP,Centro 1,In-person,2024-01-15,47
PRO,Centro 3,In-person,2024-01-15,47
INF,Centro 3,Hybrid,2024-01-15,46
EXC,Centro 3,Hybrid,2024-01-15,41
SST,Centro 2,In-person,2024-01-15,41
VND,Centro 1,In-person,2024-01-15,41
GES,Centro 2,In-person,2024-01-15,39
SEG,Centro 2,In-person,2024-01-15,39
SEG,Centro 3,In-person,2024-01-15,39
MNT,Centro 4,In-person,2024-01-15,37
VND,Centro 1,Hybrid,2024-01-15,35
EMP,Centro 5,In-person,2024-01-15,34
GER,Centro 4,In-person,2024-01-15,33
HCP,Centro 4,In-person,2024-01-15,33
PYT,Centro 3,Online,2024-01-15,32
SCI,Centro 2,Hybrid,2024-01-15,32
MNT,Centro 3,In-person,2024-01-15,30
VND,Centro 2,In-person,2024-01-15,29
LOG,Centro 1,In-person,2024-01-15,28
EXC,Centro 5,Hybrid,2024-01-15,27
INF,Centro 3,In-person,2024-01-15,26
SCI,Centro 1,In-person,2024-01-15,26
GES,Centro 1,Hybrid,2024-01-15,25
HOT,Centro 1,In-person,2024-01-15,25
EMP,Centro 4,In-person,2024-01-15,23
GES,Centro 3,Online,2024-01-15,22
LOG,Centro 2,Hybrid,2024-01-15,21
PBI,Centro 4,Online,2024-01-15,21
PYT,Centro 2,Hybrid,2024-01-15,21
GES,Centro 2,Online,2024-01-15,20
INF,Centro 4,In-person,2024-01-15,18
PRI,Centro 4,In-person,2024-01-15,17
SEG,Centro 5,In-person,2024-01-15,16
SST,Centro 4,In-person,2024-01-15,16
TUR,Centro 3,In-person,2024-01-15,16
LOG,Centro 4,In-person,2024-01-15,15
PRO,Centro 2,In-person,2024-01-15,15
PRO,Centro 4,In-person,2024-01-15,15
SEG,Centro 4,In-person,2024-01-15,15
LID,Centro 3,In-person,2024-01-15,14
PBI,Centro 1,Hybrid,2024-01-15,14
PRI,Centro 5,Hybrid,2024-01-15,14
EXC,Centro 2,Hybrid,2024-01-15,13
LID,Centro 2,In-person,2024-01-15,12
CYB,Centro 2,Hybrid,2024-01-15,11
EXC,Centro 2,Online,2024-01-15,11
LOG,Centro 1,Hybrid,2024-01-15,10
PBI,Centro 2,Online,2024-01-15,10
PRI,Centro 2,Hybrid,2024-01-15,9
GER,Centro 5,In-person,2024-01-15,8
GES,Centro 5,In-person,2024-01-15,8
ING,Centro 2,In-person,2024-01-15,8
MNT,Centro 2,In-person,2024-01-15,8
HAC,Centro 2,In-person,2024-01-15,7
INF,Centro 1,In-person,2024-01-15,7
PBI,Centro 3,Online,2024-01-15,7
PRI,Centro 1,Hybrid,2024-01-15,7
PYT,Centro 2,In-person,2024-01-15,7
SOC,Centro 1,Hybrid,2024-01-15,7
SST,Centro 1,Online,2024-01-15,7
SST,Centro 5,Online,2024-01-15,7
EXC,Centro 5,Online,2024-01-15,6
GER,Centro 2,In-person,2024-01-15,6
LOG,Centro 5,In-person,2024-01-15,6
CYB,Centro 4,Online,2024-01-15,4
GES,Centro 2,Hybrid,2024-01-15,4
HAC,Centro 4,In-person,2024-01-15,4
HCP,Centro 1,In-person,2024-01-15,4
PBI,Centro 2,Hybrid,2024-01-15,4
SCI,Centro 4,In-person,2024-01-15,4
SOC,Centro 3,In-person,2024-01-15,4
EXC,Centro 4,Hybrid,2024-01-15,3
SEG,Centro 1,In-person,2024-01-15,3
CYB,Centro 1,In-person,2024-01-22,121
PRO,Centro 2,Online,2024-01-22,114
SST,Centro 1,In-person,2024-01-22,110
PBI,Centro 1,Hybrid,2024-01-22,102
PRO,Centro 3,Online,2024-01-22,102
SOC,Centro 1,Hybrid,2024-01-22,100
PRO,Centro 3,Hybrid,2024-01-22,91
PYT,Centro 2,Online,2024-01-22,84
LOG,Centro 1,Hybrid,2024-01-22,80
GER,Centro 5,In-person,2024-01-22,78
PRI,Centro 4,Hybrid,2024-01-22,77
PYT,Centro 1,In-person,2024-01-22,76
CYB,Centro 5,Online,2024-01-22,75
SST,Centro 3,In-person,2024-01-22,71
MNT,Centro 4,In-person,2024-01-22,69
SEG,Centro 3,Hybrid,2024-01-22,64
GES,Centro 3,In-person,2024-01-22,63
VND,Centro 5,In-person,2024-01-22,60
HAC,Centro 5,Online,2024-01-22,58
GES,Centro 1,Hybrid,2024-01-22,57
HAC,Centro 5,In-person,2024-01-22,51
ING,Centro 3,Hybrid,2024-01-22,50
SCI,Centro 5,Hybrid,2024-01-22,50
VND,Centro 1,Hybrid,2024-01-22,49
CYB,Centro 4,Hybrid,2024-01-22,47
LID,Centro 2,Hybrid,2024-01-22,47
GES,Centro 5,In-person,2024-01-22,46
SST,Centro 2,In-person,2024-01-22,45
FOR,Centro 4,Online,2024-01-22,41
INF,Centro 1,In-person,2024-01-22,40
SCI,Centro 4,In-person,2024-01-22,40
EXC,Centro 3,Hybrid,2024-01-22,39
SEG,Centro 4,Hybrid,2024-01-22,37
EXC,Centro 5,Online,2024-01-22,35
VND,Centro 2,Online,2024-01-22,35
LID,Centro 5,Hybrid,2024-01-22,34
LOG,Centro 4,In-person,2024-01-22,34
PBI,Centro 2,Online,2024-01-22,33
ING,Centro 5,Online,2024-01-22,32
LOG,Centro 1,In-person,2024-01-22,32
CYB,Centro 1,Online,2024-01-22,30
SCI,Centro 5,In-person,2024-01-22,26
LID,Centro 1,In-person,2024-01-22,24
LID,Centro 2,In-person,2024-01-22,24
TUR,Centro 5,In-person,2024-01-22,24
GES,Centro 3,Hybrid,2024-01-22,23
HCP,Centro 1,In-person,2024-01-22,23
PRO,Centro 4,In-person,2024-01-22,22
SOC,Centro 3,In-person,2024-01-22,22
SOC,Centro 1,In-person,2024-01-22,21
CYB,Centro 2,Online,2024-01-22,20
GER,Centro 3,In-person,2024-01-22,20
SCI,Centro 3,In-person,2024-01-22,20
PBI,Centro 4,Hybrid,2024-01-22,19
PRI,Centro 1,In-person,2024-01-22,19
MNT,Centro 1,In-person,2024-01-22,18
PYT,Centro 4,In-person,2024-01-22,18
INF,Centro 3,Hybrid,2024-01-22,17
INF,Centro 4,In-person,2024-01-22,16
PBI,Centro 5,In-person,2024-01-22,16
SEG,Centro 3,In-person,2024-01-22,16
INF,Centro 2,In-person,2024-01-22,15
LOG,Centro 4,Hybrid,2024-01-22,15
PRI,Centro 1,Hybrid,2024-01-22,15
EXC,Centro 5,In-person,2024-01-22,13
GER,Centro 2,In-person,2024-01-22,13
GER,Centro 3,Hybrid,2024-01-22,12
PYT,Centro 3,Online,2024-01-22,12
INF,Centro 3,In-person,2024-01-22,11
LID,Centro 3,In-person,2024-01-22,11
LID,Centro 4,In-person,2024-01-22,11
PBI,Centro 3,Online,2024-01-22,11
PYT,Centro 1,Hybrid,2024-01-22,11
SCI,Centro 1,Hybrid,2024-01-22,11
LOG,Centro 5,In-person,2024-01-22,10
PRI,Centro 3,In-person,2024-01-22,10
TUR,Centro 2,Hybrid,2024-01-22,9
VND,Centro 4,In-person,2024-01-22,9
HAC,Centro 2,Hybrid,2024-01-22,8
PBI,Centro 1,Online,2024-01-22,8
HAC,Centro 3,In-person,2024-01-22,7
LOG,Centro 2,In-person,2024-01-22,7
MNT,Centro 5,In-person,2024-01-22,7
PYT,Centro 2,In-person,2024-01-22,7
TUR,Centro 2,In-person,2024-01-22,7
EXC,Centro 2,Hybrid,2024-01-22,6
SST,Centro 3,Hybrid,2024-01-22,6
CYB,Centro 3,Hybrid,2024-01-22,5
FOR,Centro 4,Hybrid,2024-01-22,5
CYB,Centro 3,Online,2024-01-22,4
GER,Centro 4,Hybrid,2024-01-22,4
LOG,Centro 2,Hybrid,2024-01-22,4
PBI,Centro 1,In-person,2024-01-22,4
PBI,Centro 3,In-person,2024-01-22,4
PRI,Centro 3,Hybrid,2024-01-22,4
SST,Centro 3,Online,2024-01-22,4
HCP,Centro 2,In-person,2024-01-22,3
INF,Centro 2,Hybrid,2024-01-22,3
LOG,Centro 3,In-person,2024-01-22,3
PBI,Centro 4,Online,2024-01-22,3
SEG,Centro 3,Online,2024-01-22,3
MNT,Centro 3,In-person,2024-01-29,140
PBI,Centro 1,Online,2024-01-29,106
PBI,Centro 2,Online,2024-01-29,106
FOR,Centro 3,Online,2024-01-29,95
PRI,Centro 5,Hybrid,2024-01-29,88
EMP,Centro 1,In-person,2024-01-29,86
HCP,Centro 1,In-person,2024-01-29,77
SEG,Centro 4,Hybrid,2024-01-29,74
SST,Centro 4,In-person,2024-01-29,69
LOG,Centro 1,Hybrid,2024-01-29,68
MNT,Centro 5,In-person,2024-01-29,67
PBI,Centro 5,Online,2024-01-29,66
FOR,Centro 3,Hybrid,2024-01-29,64
GER,Centro 5,In-person,2024-01-29,63
PYT,Centro 2,Hybrid,2024-01-29,63
SEG,Centro 1,Online,2024-01-29,63
PRO,Centro 1,Hybrid,2024-01-29,61
LOG,Centro 4,Hybrid,2024-01-29,60
HCP,Centro 4,Hybrid,2024-01-29,59
PRI,Centro 4,In-person,2024-01-29,57
EXC,Centro 4,Online,2024-01-29,53
HAC,Centro 5,In-person,2024-01-29,51
GES,Centro 1,In-person,2024-01-29,50
SOC,Centro 4,Hybrid,2024-01-29,50
PRI,Centro 1,Hybrid,2024-01-29,47
SCI,Centro 4,In-person,2024-01-29,47
EXC,Centro 5,In-person,2024-01-29,45
MNT,Centro 4,In-person,2024-01-29,44
PRO,Centro 3,Hybrid,2024-01-29,44
SEG,Centro 2,Hybrid,2024-01-29,44
EMP,Centro 4,In-person,2024-01-29,41
LID,Centro 1,Hybrid,2024-01-29,40
CYB,Centro 1,Online,2024-01-29,39
PBI,Centro 1,In-person,2024-01-29,39
PBI,Centro 2,Hybrid,2024-01-29,38
PRI,Centro 2,In-person,2024-01-29,35
EMP,Centro 5,In-person,2024-01-29,33
INF,Centro 3,In-person,2024-01-29,32
CYB,Centro 3,Hybrid,2024-01-29,31
LOG,Centro 3,In-person,2024-01-29,31
MNT,Centro 1,In-person,2024-01-29,30
PRI,Centro 1,In-person,2024-01-29,30
EMP,Centro 2,In-person,2024-01-29,29
CYB,Centro 2,Online,2024-01-29,28
PYT,Centro 3,Hybrid,2024-01-29,28
SCI,Centro 1,In-person,2024-01-29,28
TUR,Centro 2,Hybrid,2024-01-29,28
CYB,Centro 2,Hybrid,2024-01-29,27
FOR,Centro 1,Hybrid,2024-01-29,27
HCP,Centro 2,In-person,2024-01-29,27
PBI,Centro 5,In-person,2024-01-29,27
GES,Centro 1,Hybrid,2024-01-29,26
GES,Centro 2,In-person,2024-01-29,25
HAC,Centro 1,In-person,2024-01-29,25
PRI,Centro 3,Hybrid,2024-01-29,24
LID,Centro 2,Hybrid,2024-01-29,22
LOG,Centro 1,In-person,2024-01-29,22
GER,Centro 3,In-person,2024-01-29,21
MNT,Centro 2,In-person,2024-01-29,21
HAC,Centro 3,In-person,2024-01-29,20
PBI,Centro 3,Online,2024-01-29,20
SCI,Centro 1,Hybrid,2024-01-29,20
SEG,Centro 3,In-person,2024-01-29,20
EXC,Centro 5,Online,2024-01-29,19
PYT,Centro 2,Online,2024-01-29,19
SEG,Centro 2,In-person,2024-01-29,18
PYT,Centro 1,Hybrid,2024-01-29,17
SST,Centro 3,In-person,2024-01-29,17
PBI,Centro 4,Hybrid,2024-01-29,15
PRI,Centro 3,In-person,2024-01-29,15
VND,Centro 4,In-person,2024-01-29,15
CYB,Centro 4,Hybrid,2024-01-29,14
GES,Centro 4,In-person,2024-01-29,13
HOT,Centro 4,In-person,2024-01-29,12
LID,Centro 5,In-person,2024-01-29,12
PYT,Centro 2,In-person,2024-01-29,11
SOC,Centro 3,In-person,2024-01-29,11
INF,Centro 4,In-person,2024-01-29,9
LOG,Centro 2,Hybrid,2024-01-29,9
PRO,Centro 3,Online,2024-01-29,9
TUR,Centro 5,Hybrid,2024-01-29,8
VND,Centro 1,In-person,2024-01-29,8
INF,Centro 3,Hybrid,2024-01-29,7
LOG,Centro 5,In-person,2024-01-29,7
PBI,Centro 4,Online,2024-01-29,7
SEG,Centro 3,Hybrid,2024-01-29,7
SST,Centro 3,Online,2024-01-29,7
SST,Centro 5,In-person,2024-01-29,7
LOG,Centro 4,In-person,2024-01-29,6
INF,Centro 5,In-person,2024-01-29,5
PYT,Centro 3,Online,2024-01-29,5
LID,Centro 4,In-person,2024-01-29,4
PRO,Centro 4,Hybrid,2024-01-29,4
PYT,Centro 1,In-person,2024-01-29,4
SEG,Centro 1,Hybrid,2024-01-29,4
SST,Centro 4,Hybrid,2024-01-29,4
TUR,Centro 3,In-person,2024-01-29,4
VND,Centro 1,Hybrid,2024-01-29,4
INF,Centro 2,In-person,2024-01-29,3
SST,Centro 1,In-person,2024-01-29,3
LOG,Centro 1,Hybrid,2024-02-05,135
PBI,Centro 2,Online,2024-02-05,113
PRO,Centro 5,Online,2024-02-05,107
PRI,Centro 3,In-person,2024-02-05,104
CYB,Centro 1,Online,2024-02-05,98
SST,Centro 4,In-person,2024-02-05,94
SST,Centro 2,Online,2024-02-05,84
PYT,Centro 3,Online,2024-02-05,79
GES,Centro 5,Hybrid,2024-02-05,78
EXC,Centro 2,Hybrid,2024-02-05,76
CYB,Centro 3,Hybrid,2024-02-05,70
VND,Centro 2,In-person,2024-02-05,70
HCP,Centro 2,In-person,2024-02-05,68
LID,Centro 5,Hybrid,2024-02-05,68
CYB,Centro 5,Online,2024-02-05,66
ING,Centro 3,In-person,2024-02-05,65
GER,Centro 1,In-person,2024-02-05,61
GES,Centro 2,Online,2024-02-05,61
SEG,Centro 3,Hybrid,2024-02-05,60
HCP,Centro 1,In-person,2024-02-05,58
PYT,Centro 3,In-person,2024-02-05,58
GER,Centro 3,In-person,2024-02-05,57
LOG,Centro 4,In-person,2024-02-05,53
SEG,Centro 3,In-person,2024-02-05,52
GES,Centro 3,Hybrid,2024-02-05,51
PYT,Centro 1,Hybrid,2024-02-05,50
EXC,Centro 2,Online,2024-02-05,49
PBI,Centro 5,Online,2024-02-05,49
FOR,Centro 3,Hybrid,2024-02-05,47
LOG,Centro 1,In-person,2024-02-05,47
SST,Centro 2,In-person,2024-02-05,47
PRI,Centro 3,Hybrid,2024-02-05,46
VND,Centro 1,Hybrid,2024-02-05,46
SST,Centro 3,Hybrid,2024-02-05,43
GES,Centro 1,Online,2024-02-05,42
HAC,Centro 5,Hybrid,2024-02-05,40
SST,Centro 1,In-person,2024-02-05,40
EXC,Centro 4,Hybrid,2024-02-05,39
MNT,Centro 2,In-person,2024-02-05,39
PBI,Centro 4,Online,2024-02-05,38
SCI,Centro 4,In-person,2024-02-05,38
PRI,Centro 1,Hybrid,2024-02-05,37
MNT,Centro 4,In-person,2024-02-05,36
SCI,Centro 2,Hybrid,2024-02-05,36
CYB,Centro 1,Hybrid,2024-02-05,35
ING,Centro 5,Online,2024-02-05,35
HCP,Centro 3,In-person,2024-02-05,34
LID,Centro 2,Hybrid,2024-02-05,34
LOG,Centro 2,In-person,2024-02-05,33
INF,Centro 3,In-person,2024-02-05,32
LOG,Centro 3,In-person,2024-02-05,31
MNT,Centro 5,In-person,2024-02-05,31
TUR,Centro 2,Hybrid,2024-02-05,31
GER,Centro 1,Hybrid,2024-02-05,30
PRI,Centro 5,Hybrid,2024-02-05,30
EXC,Centro 5,Online,2024-02-05,29
HOT,Centro 2,In-person,2024-02-05,29
SCI,Centro 1,In-person,2024-02-05,29
CYB,Centro 3,Online,2024-02-05,28
SCI,Centro 5,In-person,2024-02-05,28
PBI,Centro 3,Online,2024-02-05,27
CYB,Centro 4,In-person,2024-02-05,26
GES,Centro 4,Hybrid,2024-02-05,26
LOG,Centro 3,Hybrid,2024-02-05,26
SST,Centro 5,Hybrid,2024-02-05,26
EMP,Centro 3,In-person,2024-02-05,24
GER,Centro 5,In-person,2024-02-05,24
INF,Centro 2,In-person,2024-02-05,24
PBI,Centro 1,Online,2024-02-05,24
EXC,Centro 5,In-person,2024-02-05,23
HAC,Centro 3,In-person,2024-02-05,23
TUR,Centro 2,In-person,2024-02-05,23
EMP,Centro 4,In-person,2024-02-05,22
EXC,Centro 3,Hybrid,2024-02-05,22
ING,Centro 2,In-person,2024-02-05,22
EMP,Centro 1,In-person,2024-02-05,21
EXC,Centro 1,Hybrid,2024-02-05,21
PBI,Centro 3,In-person,2024-02-05,21
SEG,Centro 2,Hybrid,2024-02-05,21
CYB,Centro 4,Hybrid,2024-02-05,20
INF,Centro 5,In-person,2024-02-05,18
MNT,Centro 3,In-person,2024-02-05,15
PBI,Centro 2,Hybrid,2024-02-05,15
PYT,Centro 2,Online,2024-02-05,15
VND,Centro 4,Hybrid,2024-02-05,15
FOR,Centro 2,Online,2024-02-05,14
EXC,Centro 5,Hybrid,2024-02-05,13
HCP,Centro 1,Hybrid,2024-02-05,13
HOT,Centro 4,In-person,2024-02-05,13
PBI,Centro 5,In-person,2024-02-05,13
PRI,Centro 4,Hybrid,2024-02-05,13
CYB,Centro 3,In-person,2024-02-05,12
PRI,Centro 2,In-person,2024-02-05,12
FOR,Centro 4,Online,2024-02-05,11
LID,Centro 4,Online,2024-02-05,10
GER,Centro 4,Hybrid,2024-02-05,9
ING,Centro 3,Hybrid,2024-02-05,8
SCI,Centro 1,Hybrid,2024-02-05,8
HOT,Centro 2,Hybrid,2024-02-05,7
INF,Centro 4,In-person,2024-02-05,7
LID,Centro 5,Online,2024-02-05,7
CYB,Centro 2,Online,2024-02-05,5
INF,Centro 3,Hybrid,2024-02-05,5
TUR,Centro 5,In-person,2024-02-05,5
CYB,Centro 2,Hybrid,2024-02-05,4
HAC,Centro 3,Online,2024-02-05,4
HAC,Centro 4,In-person,2024-02-05,4
LOG,Centro 2,Hybrid,2024-02-05,4
LOG,Centro 4,Hybrid,2024-02-05,4
MNT,Centro 1,In-person,2024-02-05,4
PBI,Centro 2,In-person,2024-02-05,4
PYT,Centro 2,Hybrid,2024-02-05,4
SEG,Centro 2,In-person,2024-02-05,4
SST,Centro 1,Online,2024-02-05,4
SST,Centro 5,In-person,2024-02-05,4
VND,Centro 2,Online,2024-02-05,4
GER,Centro 4,In-person,2024-02-05,3
HAC,Centro 5,In-person,2024-02-05,3
INF,Centro 2,Hybrid,2024-02-05,3
LOG,Centro 5,In-person,2024-02-05,3
PRI,Centro 1,In-person,2024-02-05,3
VND,Centro 2,Hybrid,2024-02-05,3
CYB,Centro 1,Online,2024-02-12,97
PBI,Centro 2,Hybrid,2024-02-12,94
PYT,Centro 1,Hybrid,2024-02-12,91
SST,Centro 3,Online,2024-02-12,85
FOR,Centro 2,Online,2024-02-12,84
LOG,Centro 2,In-person,2024-02-12,82
GER,Centro 2,In-person,2024-02-12,77
EXC,Centro 4,Online,2024-02-12,76
LOG,Centro 4,In-person,2024-02-12,76
HCP,Centro 1,Hybrid,2024-02-12,64
LID,Centro 4,Hybrid,2024-02-12,63
PRO,Centro 2,In-person,2024-02-12,61
PRI,Centro 3,In-person,2024-02-12,60
SST,Centro 1,In-person,2024-02-12,59
SEG,Centro 1,In-person,2024-02-12,57
CYB,Centro 1,Hybrid,2024-02-12,54
HOT,Centro 2,Hybrid,2024-02-12,54
MNT,Centro 5,In-person,2024-02-12,54
FOR,Centro 3,Hybrid,2024-02-12,50
ING,Centro 2,Hybrid,2024-02-12,50
GER,Centro 3,In-person,2024-02-12,49
PYT,Centro 2,Online,2024-02-12,49
SST,Centro 4,Hybrid,2024-02-12,49
INF,Centro 5,In-person,2024-02-12,48
PRO,Centro 1,Online,2024-02-12,48
HOT,Centro 3,In-person,2024-02-12,47
MNT,Centro 2,In-person,2024-02-12,47
SEG,Centro 4,Online,2024-02-12,47
LID,Centro 5,In-person,2024-02-12,46
PYT,Centro 2,In-person,2024-02-12,46
SOC,Centro 1,In-person,2024-02-12,46
VND,Centro 1,Hybrid,2024-02-12,44
PRI,Centro 1,In-person,2024-02-12,43
HAC,Centro 4,In-person,2024-02-12,40
SST,Centro 4,In-person,2024-02-12,40
HAC,Centro 3,In-person,2024-02-12,39
EMP,Centro 4,In-person,2024-02-12,37
HCP,Centro 2,In-person,2024-02-12,37
MNT,Centro 4,In-person,2024-02-12,37
VND,Centro 2,In-person,2024-02-12,36
FOR,Centro 5,In-person,2024-02-12,35
LID,Centro 4,Online,2024-02-12,33
PBI,Centro 3,In-person,2024-02-12,33
CYB,Centro 3,In-person,2024-02-12,31
EXC,Centro 5,Hybrid,2024-02-12,31
LOG,Centro 2,Hybrid,2024-02-12,29
PBI,Centro 4,Online,2024-02-12,29
SST,Centro 4,Online,2024-02-12,28
GES,Centro 4,Hybrid,2024-02-12,27
HOT,Centro 5,Hybrid,2024-02-12,27
PRI,Centro 4,Hybrid,2024-02-12,27
SOC,Centro 3,In-person,2024-02-12,27
GER,Centro 4,Hybrid,2024-02-12,26
CYB,Centro 4,In-person,2024-02-12,24
HAC,Centro 5,In-person,2024-02-12,22
PRO,Centro 4,Hybrid,2024-02-12,21
GES,Centro 1,In-person,2024-02-12,20
GER,Centro 1,In-person,2024-02-12,19
HOT,Centro 2,In-person,2024-02-12,19
PYT,Centro 2,Hybrid,2024-02-12,19
GES,Centro 3,In-person,2024-02-12,18
PBI,Centro 2,Online,2024-02-12,18
PBI,Centro 3,Online,2024-02-12,18
LOG,Centro 1,In-person,2024-02-12,17
PBI,Centro 5,In-person,2024-02-12,17
INF,Centro 3,Hybrid,2024-02-12,16
PBI,Centro 5,Online,2024-02-12,16
LID,Centro 2,Hybrid,2024-02-12,15
SCI,Centro 4,In-person,2024-02-12,15
SST,Centro 5,Hybrid,2024-02-12,15
LID,Centro 2,In-person,2024-02-12,14
EXC,Centro 5,Online,2024-02-12,12
EXC,Centro 4,In-person,2024-02-12,12
SEG,Centro 5,In-person,2024-02-12,12
EXC,Centro 2,Hybrid,2024-02-12,11
GES,Centro 2,Online,2024-02-12,11
SOC,Centro 2,Hybrid,2024-02-12,11
HCP,Centro 5,In-person,2024-02-12,10
INF,Centro 2,In-person,2024-02-12,10
LOG,Centro 3,In-person,2024-02-12,10
VND,Centro 2,Hybrid,2024-02-12,10
FOR,Centro 4,Online,2024-02-12,9
HAC,Centro 3,Hybrid,2024-02-12,9
SEG,Centro 3,In-person,2024-02-12,9
SST,Centro 1,Online,2024-02-12,9
GES,Centro 3,Hybrid,2024-02-12,8
ING,Centro 5,Online,2024-02-12,8
EMP,Centro 1,In-person,2024-02-12,7
EMP,Centro 5,In-person,2024-02-12,7
EXC,Centro 3,Hybrid,2024-02-12,7
HOT,Centro 4,In-person,2024-02-12,7
PRO,Centro 2,Online,2024-02-12,7
SCI,Centro 1,In-person,2024-02-12,7
TUR,Centro 3,In-person,2024-02-12,7
GER,Centro 5,In-person,2024-02-12,6
LID,Centro 1,Hybrid,2024-02-12,5
MNT,Centro 3,In-person,2024-02-12,5
SCI,Centro 3,In-person,2024-02-12,5
GES,Centro 4,In-person,2024-02-12,4
INF,Centro 2,Hybrid,2024-02-12,4
LOG,Centro 4,Hybrid,2024-02-12,4
PRI,Centro 1,Hybrid,2024-02-12,4
PRI,Centro 4,In-person,2024-02-12,4
PRI,Centro 5,In-person,2024-02-12,4
SEG,Centro 1,Hybrid,2024-02-12,4
EXC,Centro 2,In-person,2024-02-12,3
SEG,Centro 4,In-person,2024-02-12,3
SCI,Centro 1,In-person,2024-02-19,127
CYB,Centro 3,Online,2024-02-19,99
HAC,Centro 5,Hybrid,2024-02-19,99
HAC,Centro 5,In-person,2024-02-19,87
GER,Centro 1,In-person,2024-02-19,85
INF,Centro 5,In-person,2024-02-19,85
LOG,Centro 4,Hybrid,2024-02-19,84
PYT,Centro 2,Online,2024-02-19,82
SCI,Centro 1,Hybrid,2024-02-19,81
SCI,Centro 3,In-person,2024-02-19,80
SEG,Centro 5,In-person,2024-02-19,79
VND,Centro 1,Hybrid,2024-02-19,76
FOR,Centro 4,Hybrid,2024-02-19,73
INF,Centro 2,In-person,2024-02-19,70
LID,Centro 2,Hybrid,2024-02-19,69
PBI,Centro 4,Online,2024-02-19,65
EXC,Centro 5,Online,2024-02-19,64
INF,Centro 3,In-person,2024-02-19,64
CYB,Centro 3,Hybrid,2024-02-19,62
EMP,Centro 3,In-person,2024-02-19,61
HAC,Centro 5,Online,2024-02-19,61
HCP,Centro 2,In-person,2024-02-19,60
GER,Centro 4,In-person,2024-02-19,59
INF,Centro 1,Hybrid,2024-02-19,57
SEG,Centro 1,Hybrid,2024-02-19,57
SEG,Centro 4,Hybrid,2024-02-19,57
PYT,Centro 1,Hybrid,2024-02-19,55
EMP,Centro 4,In-person,2024-02-19,53
PRI,Centro 1,Hybrid,2024-02-19,53
CYB,Centro 2,Online,2024-02-19,52
HAC,Centro 3,In-person,2024-02-19,50
LID,Centro 4,Online,2024-02-19,49
PYT,Centro 3,In-person,2024-02-19,49
SCI,Centro 4,In-person,2024-02-19,49
CYB,Centro 2,In-person,2024-02-19,46
SCI,Centro 3,Hybrid,2024-02-19,46
FOR,Centro 1,Hybrid,2024-02-19,44
GES,Centro 2,In-person,2024-02-19,43
CYB,Centro 5,Online,2024-02-19,42
LOG,Centro 3,In-person,2024-02-19,42
EXC,Centro 4,In-person,2024-02-19,41
HOT,Centro 2,Hybrid,2024-02-19,41
HOT,Centro 5,In-person,2024-02-19,41
ING,Centro 2,Hybrid,2024-02-19,41
PBI,Centro 2,Hybrid,2024-02-19,40
SST,Centro 5,Hybrid,2024-02-19,37
GER,Centro 1,Hybrid,2024-02-19,35
PBI,Centro 3,Online,2024-02-19,35
LOG,Centro 2,In-person,2024-02-19,34
HOT,Centro 3,In-person,2024-02-19,32
LOG,Centro 3,Hybrid,2024-02-19,32
SOC,Centro 3,In-person,2024-02-19,32
GES,Centro 5,Hybrid,2024-02-19,31
PRO,Centro 2,Online,2024-02-19,31
ING,Centro 5,Hybrid,2024-02-19,29
PRI,Centro 3,In-person,2024-02-19,28
FOR,Centro 3,Hybrid,2024-02-19,27
LOG,Centro 2,Hybrid,2024-02-19,27
SST,Centro 3,Hybrid,2024-02-19,26
GES,Centro 4,Hybrid,2024-02-19,25
PYT,Centro 2,Hybrid,2024-02-19,25
GER,Centro 2,In-person,2024-02-19,23
INF,Centro 2,Hybrid,2024-02-19,22
ING,Centro 3,Hybrid,2024-02-19,22
SST,Centro 2,In-person,2024-02-19,22
LOG,Centro 4,In-person,2024-02-19,20
PRO,Centro 4,Online,2024-02-19,20
LID,Centro 4,In-person,2024-02-19,19
PBI,Centro 1,Hybrid,2024-02-19,19
PRO,Centro 1,Hybrid,2024-02-19,18
GER,Centro 5,In-person,2024-02-19,17
MNT,Centro 1,In-person,2024-02-19,17
SST,Centro 1,In-person,2024-02-19,17
FOR,Centro 5,Online,2024-02-19,16
HOT,Centro 2,In-person,2024-02-19,16
SST,Centro 1,Online,2024-02-19,16
MNT,Centro 4,In-person,2024-02-19,15
EMP,Centro 1,In-person,2024-02-19,14
EMP,Centro 5,In-person,2024-02-19,13
HOT,Centro 4,In-person,2024-02-19,13
PRI,Centro 2,In-person,2024-02-19,13
EXC,Centro 2,Hybrid,2024-02-19,12
FOR,Centro 5,In-person,2024-02-19,12
SST,Centro 4,In-person,2024-02-19,11
PRI,Centro 5,Hybrid,2024-02-19,10
PRI,Centro 1,In-person,2024-02-19,10
PRI,Centro 5,In-person,2024-02-19,10
TUR,Centro 2,In-person,2024-02-19,10
HCP,Centro 1,In-person,2024-02-19,9
CYB,Centro 4,Online,2024-02-19,8
PRO,Centro 3,Hybrid,2024-02-19,8
SEG,Centro 3,In-person,2024-02-19,7
VND,Centro 2,In-person,2024-02-19,7
PBI,Centro 4,In-person,2024-02-19,6
SEG,Centro 1,Online,2024-02-19,6
SEG,Centro 4,Online,2024-02-19,6
GES,Centro 1,In-person,2024-02-19,5
LID,Centro 4,Hybrid,2024-02-19,5
MNT,Centro 3,In-person,2024-02-19,5
PYT,Centro 5,Hybrid,2024-02-19,5
SOC,Centro 1,Hybrid,2024-02-19,5
EXC,Centro 2,Online,2024-02-19,4
MNT,Centro 5,In-person,2024-02-19,4
PBI,Centro 4,Hybrid,2024-02-19,4
PYT,Centro 2,In-person,2024-02-19,4
SOC,Centro 1,In-person,2024-02-19,4
VND,Centro 5,In-person,2024-02-19,4
HCP,Centro 3,In-person,2024-02-19,3
LOG,Centro 1,Hybrid,2024-02-19,3
PRI,Centro 4,In-person,2024-02-19,3
PBI,Centro 4,Online,2024-02-26,156
LOG,Centro 3,In-person,2024-02-26,108
ING,Centro 5,Hybrid,2024-02-26,103
EXC,Centro 4,Online,2024-02-26,101
MNT,Centro 5,In-person,2024-02-26,101
PBI,Centro 4,Hybrid,2024-02-26,85
PYT,Centro 5,Hybrid,2024-02-26,83
SST,Centro 5,Hybrid,2024-02-26,82
EXC,Centro 5,Hybrid,2024-02-26,80
SEG,Centro 4,In-person,2024-02-26,80
GES,Centro 5,Online,2024-02-26,79
GES,Centro 1,In-person,2024-02-26,78
SST,Centro 3,Hybrid,2024-02-26,78
SEG,Centro 3,Online,2024-02-26,77
ING,Centro 2,Online,2024-02-26,76
MNT,Centro 2,In-person,2024-02-26,75
FOR,Centro 3,Hybrid,2024-02-26,74
PYT,Centro 2,In-person,2024-02-26,73
FOR,Centro 4,In-person,2024-02-26,71
PRI,Centro 1,Hybrid,2024-02-26,66
EMP,Centro 2,In-person,2024-02-26,65
FOR,Centro 5,Online,2024-02-26,64
EXC,Centro 2,In-person,2024-02-26,61
PRO,Centro 4,Online,2024-02-26,58
GER,Centro 1,Hybrid,2024-02-26,57
INF,Centro 3,In-person,2024-02-26,56
INF,Centro 3,Hybrid,2024-02-26,54
PBI,Centro 2,In-person,2024-02-26,54
PRI,Centro 1,In-person,2024-02-26,54
PYT,Centro 3,In-person,2024-02-26,53
SCI,Centro 1,In-person,2024-02-26,53
GER,Centro 2,In-person,2024-02-26,52
MNT,Centro 3,In-person,2024-02-26,50
GER,Centro 4,Hybrid,2024-02-26,49
HOT,Centro 5,In-person,2024-02-26,48
VND,Centro 4,Online,2024-02-26,48
GER,Centro 1,In-person,2024-02-26,47
MNT,Centro 1,In-person,2024-02-26,47
EMP,Centro 3,In-person,2024-02-26,44
SCI,Centro 4,In-person,2024-02-26,44
CYB,Centro 3,In-person,2024-02-26,43
PBI,Centro 2,Online,2024-02-26,43
EXC,Centro 4,In-person,2024-02-26,42
VND,Centro 5,In-person,2024-02-26,41
CYB,Centro 4,Hybrid,2024-02-26,40
HOT,Centro 2,In-person,2024-02-26,39
EMP,Centro 1,In-person,2024-02-26,38
HCP,Centro 5,Hybrid,2024-02-26,37
EMP,Centro 4,In-person,2024-02-26,36
VND,Centro 5,Hybrid,2024-02-26,35
EXC,Centro 3,Hybrid,2024-02-26,34
PRI,Centro 2,In-person,2024-02-26,34
PRI,Centro 5,In-person,2024-02-26,34
CYB,Centro 2,Online,2024-02-26,32
GES,Centro 5,Hybrid,2024-02-26,31
EMP,Centro 5,In-person,2024-02-26,30
GER,Centro 3,In-person,2024-02-26,29
HOT,Centro 4,In-person,2024-02-26,29
PBI,Centro 3,Hybrid,2024-02-26,29
PRO,Centro 5,Online,2024-02-26,29
EXC,Centro 5,Online,2024-02-26,28
SEG,Centro 5,In-person,2024-02-26,27
SST,Centro 2,In-person,2024-02-26,25
FOR,Centro 2,In-person,2024-02-26,24
GES,Centro 3,Hybrid,2024-02-26,24
HCP,Centro 2,In-person,2024-02-26,24
GER,Centro 5,In-person,2024-02-26,23
HOT,Centro 3,In-person,2024-02-26,23
SST,Centro 1,In-person,2024-02-26,23
INF,Centro 4,In-person,2024-02-26,22
PRI,Centro 4,Hybrid,2024-02-26,21
SEG,Centro 1,Online,2024-02-26,21
TUR,Centro 5,In-person,2024-02-26,21
HAC,Centro 3,In-person,2024-02-26,20
CYB,Centro 5,Online,2024-02-26,18
EXC,Centro 2,Hybrid,2024-02-26,18
GES,Centro 1,Online,2024-02-26,18
HCP,Centro 3,In-person,2024-02-26,18
LID,Centro 5,In-person,2024-02-26,18
MNT,Centro 4,In-person,2024-02-26,16
HAC,Centro 5,Online,2024-02-26,15
HAC,Centro 5,In-person,2024-02-26,15
HAC,Centro 3,Hybrid,2024-02-26,14
SOC,Centro 1,In-person,2024-02-26,13
PRO,Centro 1,Online,2024-02-26,12
SEG,Centro 4,Online,2024-02-26,12
SEG,Centro 2,In-person,2024-02-26,12
GES,Centro 4,In-person,2024-02-26,11
SOC,Centro 2,In-person,2024-02-26,11
SST,Centro 4,In-person,2024-02-26,11
CYB,Centro 2,Hybrid,2024-02-26,10
FOR,Centro 4,Online,2024-02-26,10
PBI,Centro 2,Hybrid,2024-02-26,10
PRI,Centro 5,Hybrid,2024-02-26,10
SCI,Centro 1,Hybrid,2024-02-26,10
VND,Centro 1,Hybrid,2024-02-26,10
CYB,Centro 3,Online,2024-02-26,9
SST,Centro 4,Online,2024-02-26,9
FOR,Centro 2,Online,2024-02-26,8
FOR,Centro 4,Hybrid,2024-02-26,8
LOG,Centro 4,In-person,2024-02-26,8
CYB,Centro 1,Hybrid,2024-02-26,7
EXC,Centro 5,In-person,2024-02-26,7
LID,Centro 3,Online,2024-02-26,7
LID,Centro 4,Hybrid,2024-02-26,7
SOC,Centro 3,In-person,2024-02-26,7
INF,Centro 1,Hybrid,2024-02-26,6
CYB,Centro 4,Online,2024-02-26,5
PBI,Centro 1,Hybrid,2024-02-26,5
PRO,Centro 2,Online,2024-02-26,5
PYT,Centro 3,Online,2024-02-26,5
FOR,Centro 1,Hybrid,2024-02-26,4
GER,Centro 2,Hybrid,2024-02-26,4
GER,Centro 3,Hybrid,2024-02-26,4
HCP,Centro 3,Hybrid,2024-02-26,4
ING,Centro 3,Hybrid,2024-02-26,4
PRO,Centro 4,Hybrid,2024-02-26,4
PYT,Centro 3,Hybrid,2024-02-26,4
SEG,Centro 1,Hybrid,2024-02-26,4
SOC,Centro 4,In-person,2024-02-26,4
EXC,Centro 3,Online,2024-02-26,3
HAC,Centro 1,In-person,2024-02-26,3
HCP,Centro 5,In-person,2024-02-26,3
INF,Centro 2,Hybrid,2024-02-26,3
SEG,Centro 4,Hybrid,2024-02-26,3
SEG,Centro 3,In-person,2024-02-26,3
ING,Centro 2,Online,2024-03-04,165
PYT,Centro 3,In-person,2024-03-04,93
PYT,Centro 5,Hybrid,2024-03-04,92
PBI,Centro 2,Online,2024-03-04,90
ING,Centro 5,Online,2024-03-04,83
HCP,Centro 3,Hybrid,2024-03-04,82
CYB,Centro 1,In-person,2024-03-04,80
PBI,Centro 3,Online,2024-03-04,79
SOC,Centro 5,In-person,2024-03-04,75
SST,Centro 5,Hybrid,2024-03-04,74
GER,Centro 3,Hybrid,2024-03-04,71
SST,Centro 4,Online,2024-03-04,70
GES,Centro 5,Hybrid,2024-03-04,68
SST,Centro 1,In-person,2024-03-04,67
PRI,Centro 4,Hybrid,2024-03-04,63
SCI,Centro 1,In-person,2024-03-04,62
SST,Centro 2,In-person,2024-03-04,62
MNT,Centro 2,In-person,2024-03-04,61
INF,Centro 2,In-person,2024-03-04,57
LOG,Centro 1,Hybrid,2024-03-04,57
MNT,Centro 4,In-person,2024-03-04,56
SOC,Centro 4,In-person,2024-03-04,55
INF,Centro 5,In-person,2024-03-04,53
PBI,Centro 4,Hybrid,2024-03-04,52
PRI,Centro 5,In-person,2024-03-04,52
VND,Centro 5,Hybrid,2024-03-04,49
LID,Centro 1,Hybrid,2024-03-04,48
SEG,Centro 4,Online,2024-03-04,47
CYB,Centro 3,Online,2024-03-04,46
HAC,Centro 5,In-person,2024-03-04,46
HCP,Centro 3,In-person,2024-03-04,45
SST,Centro 4,In-person,2024-03-04,45
TUR,Centro 1,In-person,2024-03-04,44
CYB,Centro 5,In-person,2024-03-04,43
SEG,Centro 2,In-person,2024-03-04,42
HAC,Centro 5,Online,2024-03-04,40
SEG,Centro 1,In-person,2024-03-04,40
HAC,Centro 1,In-person,2024-03-04,39
SEG,Centro 4,In-person,2024-03-04,37
EXC,Centro 4,Online,2024-03-04,36
SST,Centro 2,Hybrid,2024-03-04,36
HOT,Centro 4,In-person,2024-03-04,35
PRI,Centro 3,In-person,2024-03-04,35
FOR,Centro 5,In-person,2024-03-04,33
INF,Centro 3,Hybrid,2024-03-04,33
TUR,Centro 5,In-person,2024-03-04,33
HOT,Centro 2,In-person,2024-03-04,32
PYT,Centro 2,Online,2024-03-04,32
CYB,Centro 5,Online,2024-03-04,31
HOT,Centro 3,In-person,2024-03-04,31
VND,Centro 5,In-person,2024-03-04,29
EMP,Centro 4,In-person,2024-03-04,28
PRI,Centro 1,Hybrid,2024-03-04,27
PRI,Centro 3,Hybrid,2024-03-04,27
PRO,Centro 4,Hybrid,2024-03-04,27
CYB,Centro 2,Online,2024-03-04,26
CYB,Centro 2,In-person,2024-03-04,26
EXC,Centro 2,Hybrid,2024-03-04,26
INF,Centro 3,In-person,2024-03-04,26
ING,Centro 3,Hybrid,2024-03-04,25
VND,Centro 1,Hybrid,2024-03-04,24
ING,Centro 3,Online,2024-03-04,23
PBI,Centro 2,In-person,2024-03-04,23
PYT,Centro 2,Hybrid,2024-03-04,23
SEG,Centro 5,In-person,2024-03-04,23
LID,Centro 5,In-person,2024-03-04,22
PBI,Centro 4,In-person,2024-03-04,22
GER,Centro 4,Hybrid,2024-03-04,21
PRI,Centro 5,Hybrid,2024-03-04,21
GER,Centro 1,In-person,2024-03-04,20
SOC,Centro 1,In-person,2024-03-04,20
GES,Centro 5,In-person,2024-03-04,19
HOT,Centro 5,In-person,2024-03-04,19
SCI,Centro 3,In-person,2024-03-04,19
PRI,Centro 1,In-person,2024-03-04,18
PYT,Centro 2,In-person,2024-03-04,17
FOR,Centro 4,In-person,2024-03-04,16
SCI,Centro 3,Hybrid,2024-03-04,16
CYB,Centro 1,Hybrid,2024-03-04,15
HCP,Centro 4,Hybrid,2024-03-04,15
PRO,Centro 4,Online,2024-03-04,15
GES,Centro 2,In-person,2024-03-04,14
EXC,Centro 3,Hybrid,2024-03-04,13
EXC,Centro 5,Hybrid,2024-03-04,13
INF,Centro 4,In-person,2024-03-04,12
GES,Centro 4,In-person,2024-03-04,11
PRI,Centro 2,In-person,2024-03-04,11
EMP,Centro 5,In-person,2024-03-04,10
GER,Centro 2,In-person,2024-03-04,10
LOG,Centro 1,In-person,2024-03-04,10
MNT,Centro 5,In-person,2024-03-04,9
PRI,Centro 2,Hybrid,2024-03-04,8
PRO,Centro 3,Hybrid,2024-03-04,8
EMP,Centro 3,In-person,2024-03-04,7
LOG,Centro 4,In-person,2024-03-04,7
SST,Centro 3,Hybrid,2024-03-04,7
HAC,Centro 5,Hybrid,2024-03-04,6
LOG,Centro 2,Hybrid,2024-03-04,6
CYB,Centro 3,In-person,2024-03-04,5
FOR,Centro 3,Hybrid,2024-03-04,5
MNT,Centro 1,In-person,2024-03-04,5
CYB,Centro 3,Hybrid,2024-03-04,4
EXC,Centro 3,Online,2024-03-04,4
FOR,Centro 4,Online,2024-03-04,4
LOG,Centro 3,Hybrid,2024-03-04,4
HCP,Centro 5,In-person,2024-03-04,3
INF,Centro 2,Hybrid,2024-03-04,3
LOG,Centro 2,In-person,2024-03-04,3
VND,Centro 4,Hybrid,2024-03-04,3
MNT,Centro 1,In-person,2024-03-11,131
GES,Centro 1,Online,2024-03-11,129
CYB,Centro 2,Hybrid,2024-03-11,127
EMP,Centro 3,In-person,2024-03-11,120
GES,Centro 5,In-person,2024-03-11,110
TUR,Centro 2,In-person,2024-03-11,104
CYB,Centro 1,Hybrid,2024-03-11,92
PYT,Centro 3,Online,2024-03-11,86
PRI,Centro 5,In-person,2024-03-11,85
EMP,Centro 4,In-person,2024-03-11,81
CYB,Centro 4,Online,2024-03-11,76
HOT,Centro 2,In-person,2024-03-11,68
SEG,Centro 4,In-person,2024-03-11,67
EXC,Centro 1,Hybrid,2024-03-11,66
CYB,Centro 5,Online,2024-03-11,64
ING,Centro 5,Online,2024-03-11,64
PYT,Centro 5,Online,2024-03-11,63
CYB,Centro 4,Hybrid,2024-03-11,55
LOG,Centro 5,In-person,2024-03-11,50
LOG,Centro 1,In-person,2024-03-11,49
SEG,Centro 4,Online,2024-03-11,49
SST,Centro 1,Online,2024-03-11,49
SST,Centro 1,In-person,2024-03-11,49
EXC,Centro 3,Online,2024-03-11,47
LOG,Centro 4,In-person,2024-03-11,47
INF,Centro 4,In-person,2024-03-11,45
FOR,Centro 4,In-person,2024-03-11,44
PYT,Centro 2,Online,2024-03-11,42
MNT,Centro 5,In-person,2024-03-11,40
PRI,Centro 3,In-person,2024-03-11,40
SOC,Centro 1,In-person,2024-03-11,40
PYT,Centro 3,In-person,2024-03-11,39
EXC,Centro 5,In-person,2024-03-11,38
PRI,Centro 5,Hybrid,2024-03-11,38
PYT,Centro 4,Online,2024-03-11,38
SCI,Centro 2,In-person,2024-03-11,37
SEG,Centro 1,In-person,2024-03-11,37
SST,Centro 2,In-person,2024-03-11,37
INF,Centro 2,Hybrid,2024-03-11,34
EXC,Centro 4,Online,2024-03-11,31
HAC,Centro 2,Online,2024-03-11,31
LID,Centro 5,Online,2024-03-11,31
PRI,Centro 3,Hybrid,2024-03-11,28
GER,Centro 1,In-person,2024-03-11,27
LID,Centro 3,Online,2024-03-11,27
VND,Centro 2,Online,2024-03-11,27
CYB,Centro 3,In-person,2024-03-11,26
ING,Centro 2,Online,2024-03-11,26
SEG,Centro 3,Hybrid,2024-03-11,23
VND,Centro 4,In-person,2024-03-11,23
HOT,Centro 5,Hybrid,2024-03-11,22
SST,Centro 2,Hybrid,2024-03-11,22
FOR,Centro 2,In-person,2024-03-11,21
HOT,Centro 5,In-person,2024-03-11,20
EMP,Centro 1,In-person,2024-03-11,19
FOR,Centro 5,Online,2024-03-11,19
HAC,Centro 5,Hybrid,2024-03-11,19
HOT,Centro 4,In-person,2024-03-11,19
PRO,Centro 1,Online,2024-03-11,18
PYT,Centro 2,In-person,2024-03-11,18
TUR,Centro 4,In-person,2024-03-11,18
HOT,Centro 3,In-person,2024-03-11,17
MNT,Centro 2,In-person,2024-03-11,17
PRI,Centro 1,In-person,2024-03-11,17
CYB,Centro 3,Hybrid,2024-03-11,16
EXC,Centro 5,Hybrid,2024-03-11,16
LOG,Centro 1,Hybrid,2024-03-11,16
SEG,Centro 1,Hybrid,2024-03-11,16
GER,Centro 2,In-person,2024-03-11,15
HCP,Centro 4,Hybrid,2024-03-11,15
CYB,Centro 2,Online,2024-03-11,14
EXC,Centro 4,Hybrid,2024-03-11,14
FOR,Centro 4,Online,2024-03-11,14
GER,Centro 4,Hybrid,2024-03-11,13
SEG,Centro 3,Online,2024-03-11,13
VND,Centro 5,Hybrid,2024-03-11,13
GER,Centro 2,Hybrid,2024-03-11,11
HAC,Centro 5,Online,2024-03-11,11
HCP,Centro 3,In-person,2024-03-11,11
ING,Centro 1,Online,2024-03-11,11
EXC,Centro 4,In-person,2024-03-11,10
ING,Centro 4,Online,2024-03-11,10
SCI,Centro 4,In-person,2024-03-11,10
VND,Centro 4,Online,2024-03-11,10
CYB,Centro 3,Online,2024-03-11,9
FOR,Centro 4,Hybrid,2024-03-11,9
HCP,Centro 5,Hybrid,2024-03-11,9
CYB,Centro 4,In-person,2024-03-11,8
GER,Centro 3,Hybrid,2024-03-11,8
GES,Centro 5,Hybrid,2024-03-11,8
PRO,Centro 5,Hybrid,2024-03-11,8
SOC,Centro 5,In-person,2024-03-11,8
EXC,Centro 2,In-person,2024-03-11,7
INF,Centro 5,In-person,2024-03-11,7
ING,Centro 2,Hybrid,2024-03-11,7
ING,Centro 5,Hybrid,2024-03-11,7
SEG,Centro 4,Hybrid,2024-03-11,7
PRI,Centro 2,In-person,2024-03-11,6
SST,Centro 2,Online,2024-03-11,6
SST,Centro 4,In-person,2024-03-11,6
GER,Centro 5,In-person,2024-03-11,5
INF,Centro 3,Hybrid,2024-03-11,5
MNT,Centro 3,In-person,2024-03-11,5
PRO,Centro 4,Hybrid,2024-03-11,5
PYT,Centro 3,Hybrid,2024-03-11,5
SOC,Centro 2,In-person,2024-03-11,5
HCP,Centro 3,Hybrid,2024-03-11,4
LID,Centro 1,Hybrid,2024-03-11,4
LOG,Centro 3,Hybrid,2024-03-11,4
LOG,Centro 2,In-person,2024-03-11,4
PRI,Centro 4,In-person,2024-03-11,4
PYT,Centro 2,Hybrid,2024-03-11,4
PYT,Centro 5,Hybrid,2024-03-11,4
SEG,Centro 3,In-person,2024-03-11,4
SEG,Centro 5,In-person,2024-03-11,4
SST,Centro 3,Hybrid,2024-03-11,4
HAC,Centro 1,In-person,2024-03-11,3
HAC,Centro 3,In-person,2024-03-11,3
PBI,Centro 4,Hybrid,2024-03-11,3
HCP,Centro 1,In-person,2024-03-11,1
PBI,Centro 2,Online,2024-03-18,172
INF,Centro 5,In-person,2024-03-18,133
PBI,Centro 4,In-person,2024-03-18,124
SCI,Centro 3,In-person,2024-03-18,102
PYT,Centro 3,In-person,2024-03-18,96
CYB,Centro 2,Hybrid,2024-03-18,90
CYB,Centro 3,Online,2024-03-18,85
HCP,Centro 5,In-person,2024-03-18,78
PYT,Centro 3,Hybrid,2024-03-18,74
LID,Centro 3,Online,2024-03-18,73
PYT,Centro 3,Online,2024-03-18,72
PRO,Centro 4,Hybrid,2024-03-18,71
VND,Centro 3,Hybrid,2024-03-18,69
CYB,Centro 5,Online,2024-03-18,68
EMP,Centro 4,In-person,2024-03-18,67
EXC,Centro 4,Online,2024-03-18,67
PBI,Centro 3,Hybrid,2024-03-18,65
INF,Centro 2,Hybrid,2024-03-18,64
EXC,Centro 5,Hybrid,2024-03-18,55
HOT,Centro 5,In-person,2024-03-18,53
INF,Centro 3,Hybrid,2024-03-18,53
PRI,Centro 1,In-person,2024-03-18,53
LID,Centro 5,Online,2024-03-18,52
PRI,Centro 4,In-person,2024-03-18,51
PRI,Centro 4,Hybrid,2024-03-18,50
HAC,Centro 1,In-person,2024-03-18,48
FOR,Centro 2,Hybrid,2024-03-18,46
HCP,Centro 3,Hybrid,2024-03-18,45
LOG,Centro 5,In-person,2024-03-18,44
MNT,Centro 4,In-person,2024-03-18,43
MNT,Centro 3,In-person,2024-03-18,42
PRO,Centro 4,In-person,2024-03-18,41
TUR,Centro 2,In-person,2024-03-18,41
PRO,Centro 5,Hybrid,2024-03-18,40
GES,Centro 5,Online,2024-03-18,39
INF,Centro 4,In-person,2024-03-18,37
SEG,Centro 1,Hybrid,2024-03-18,37
SEG,Centro 4,In-person,2024-03-18,37
SOC,Centro 5,In-person,2024-03-18,37
LID,Centro 1,Hybrid,2024-03-18,36
HAC,Centro 5,Online,2024-03-18,35
GES,Centro 4,In-person,2024-03-18,31
INF,Centro 2,In-person,2024-03-18,31
TUR,Centro 1,Hybrid,2024-03-18,31
VND,Centro 2,Online,2024-03-18,31
MNT,Centro 2,In-person,2024-03-18,28
PRI,Centro 3,In-person,2024-03-18,28
EMP,Centro 3,In-person,2024-03-18,27
CYB,Centro 5,Hybrid,2024-03-18,26
SST,Centro 2,In-person,2024-03-18,26
TUR,Centro 5,In-person,2024-03-18,25
CYB,Centro 2,Online,2024-03-18,24
GER,Centro 1,In-person,2024-03-18,24
PBI,Centro 1,Online,2024-03-18,24
SOC,Centro 5,Hybrid,2024-03-18,24
LID,Centro 2,Hybrid,2024-03-18,23
MNT,Centro 1,In-person,2024-03-18,22
SEG,Centro 1,In-person,2024-03-18,22
EXC,Centro 4,In-person,2024-03-18,21
HCP,Centro 5,Hybrid,2024-03-18,21
PYT,Centro 4,Online,2024-03-18,21
PRO,Centro 4,Online,2024-03-18,20
ING,Centro 2,Hybrid,2024-03-18,19
LOG,Centro 1,Hybrid,2024-03-18,19
SOC,Centro 2,In-person,2024-03-18,18
FOR,Centro 3,Online,2024-03-18,15
GER,Centro 2,Hybrid,2024-03-18,13
HOT,Centro 5,Hybrid,2024-03-18,13
CYB,Centro 3,In-person,2024-03-18,12
HOT,Centro 1,Hybrid,2024-03-18,12
PBI,Centro 4,Online,2024-03-18,12
PBI,Centro 2,In-person,2024-03-18,12
PYT,Centro 2,Hybrid,2024-03-18,12
SST,Centro 1,Online,2024-03-18,12
GES,Centro 2,In-person,2024-03-18,11
ING,Centro 5,Hybrid,2024-03-18,11
PYT,Centro 2,Online,2024-03-18,11
EMP,Centro 5,In-person,2024-03-18,10
PRI,Centro 1,Hybrid,2024-03-18,10
CYB,Centro 4,Hybrid,2024-03-18,9
EXC,Centro 4,Hybrid,2024-03-18,9
HAC,Centro 5,Hybrid,2024-03-18,9
LOG,Centro 4,Hybrid,2024-03-18,9
PRI,Centro 2,In-person,2024-03-18,9
TUR,Centro 4,Hybrid,2024-03-18,9
SCI,Centro 1,In-person,2024-03-18,8
CYB,Centro 1,Hybrid,2024-03-18,7
CYB,Centro 2,In-person,2024-03-18,7
GER,Centro 3,Hybrid,2024-03-18,7
HOT,Centro 4,Hybrid,2024-03-18,7
ING,Centro 5,Online,2024-03-18,7
LOG,Centro 1,In-person,2024-03-18,7
PRI,Centro 2,Hybrid,2024-03-18,7
PRI,Centro 5,In-person,2024-03-18,7
INF,Centro 1,In-person,2024-03-18,6
GES,Centro 1,Hybrid,2024-03-18,5
ING,Centro 3,In-person,2024-03-18,5
PRO,Centro 2,Online,2024-03-18,5
PRO,Centro 5,In-person,2024-03-18,5
PYT,Centro 4,In-person,2024-03-18,5
SCI,Centro 1,Hybrid,2024-03-18,5
EXC,Centro 1,Hybrid,2024-03-18,4
FOR,Centro 3,Hybrid,2024-03-18,4
GES,Centro 4,Online,2024-03-18,4
HAC,Centro 2,Online,2024-03-18,4
HAC,Centro 5,In-person,2024-03-18,4
MNT,Centro 5,In-person,2024-03-18,4
PBI,Centro 5,In-person,2024-03-18,4
PYT,Centro 5,Hybrid,2024-03-18,4
SST,Centro 3,In-person,2024-03-18,4
LOG,Centro 2,Hybrid,2024-03-18,3
SCI,Centro 2,In-person,2024-03-18,3
VND,Centro 4,Online,2024-03-18,3
PYT,Centro 2,Online,2024-03-25,134
SEG,Centro 1,Hybrid,2024-03-25,106
CYB,Centro 4,In-person,2024-03-25,100
CYB,Centro 1,Online,2024-03-25,94
PRO,Centro 4,Hybrid,2024-03-25,87
LOG,Centro 3,Hybrid,2024-03-25,85
SOC,Centro 5,Hybrid,2024-03-25,85
HAC,Centro 5,Online,2024-03-25,83
PYT,Centro 2,Hybrid,2024-03-25,82
VND,Centro 2,Online,2024-03-25,80
SOC,Centro 3,In-person,2024-03-25,76
CYB,Centro 3,Online,2024-03-25,75
LOG,Centro 5,In-person,2024-03-25,75
FOR,Centro 5,Online,2024-03-25,74
LID,Centro 3,Online,2024-03-25,74
PBI,Centro 5,Online,2024-03-25,74
CYB,Centro 4,Online,2024-03-25,73
PRI,Centro 2,In-person,2024-03-25,71
PYT,Centro 5,In-person,2024-03-25,70
PYT,Centro 1,Online,2024-03-25,68
PBI,Centro 5,In-person,2024-03-25,65
SEG,Centro 3,In-person,2024-03-25,62
SCI,Centro 4,Hybrid,2024-03-25,59
MNT,Centro 1,In-person,2024-03-25,57
GER,Centro 4,In-person,2024-03-25,56
FOR,Centro 2,In-person,2024-03-25,52
HAC,Centro 5,In-person,2024-03-25,51
CYB,Centro 1,Hybrid,2024-03-25,50
HCP,Centro 4,Hybrid,2024-03-25,50
PBI,Centro 1,Online,2024-03-25,49
INF,Centro 3,Hybrid,2024-03-25,48
ING,Centro 3,Hybrid,2024-03-25,47
SEG,Centro 5,In-person,2024-03-25,47
EXC,Centro 1,Hybrid,2024-03-25,46
PRO,Centro 4,Online,2024-03-25,46
SST,Centro 5,In-person,2024-03-25,46
MNT,Centro 4,In-person,2024-03-25,45
EXC,Centro 4,Hybrid,2024-03-25,43
PBI,Centro 4,Hybrid,2024-03-25,43
VND,Centro 2,In-person,2024-03-25,43
HCP,Centro 5,In-person,2024-03-25,42
GES,Centro 3,Hybrid,2024-03-25,40
ING,Centro 2,Hybrid,2024-03-25,40
EMP,Centro 5,In-person,2024-03-25,38
PRO,Centro 5,Hybrid,2024-03-25,38
GES,Centro 2,Hybrid,2024-03-25,37
INF,Centro 4,In-person,2024-03-25,34
LOG,Centro 1,In-person,2024-03-25,34
CYB,Centro 4,Hybrid,2024-03-25,32
PYT,Centro 5,Online,2024-03-25,31
EXC,Centro 5,Hybrid,2024-03-25,30
VND,Centro 4,Hybrid,2024-03-25,30
MNT,Centro 2,In-person,2024-03-25,28
SCI,Centro 3,In-person,2024-03-25,28
EXC,Centro 2,In-person,2024-03-25,27
HOT,Centro 2,Hybrid,2024-03-25,27
SOC,Centro 1,In-person,2024-03-25,27
SST,Centro 4,Hybrid,2024-03-25,27
CYB,Centro 3,In-person,2024-03-25,26
PBI,Centro 2,In-person,2024-03-25,26
LID,Centro 1,Hybrid,2024-03-25,25
PBI,Centro 2,Online,2024-03-25,25
TUR,Centro 4,In-person,2024-03-25,25
ING,Centro 1,In-person,2024-03-25,24
LOG,Centro 2,Hybrid,2024-03-25,24
HCP,Centro 5,Hybrid,2024-03-25,23
ING,Centro 2,Online,2024-03-25,23
EXC,Centro 5,In-person,2024-03-25,22
FOR,Centro 1,Hybrid,2024-03-25,21
CYB,Centro 5,In-person,2024-03-25,20
GER,Centro 2,In-person,2024-03-25,20
VND,Centro 2,Hybrid,2024-03-25,20
PBI,Centro 4,In-person,2024-03-25,19
CYB,Centro 2,In-person,2024-03-25,17
EXC,Centro 4,Online,2024-03-25,17
LOG,Centro 1,Hybrid,2024-03-25,16
MNT,Centro 3,In-person,2024-03-25,15
PYT,Centro 4,Online,2024-03-25,15
FOR,Centro 5,In-person,2024-03-25,14
PRI,Centro 1,In-person,2024-03-25,14
PYT,Centro 2,In-person,2024-03-25,14
HOT,Centro 1,In-person,2024-03-25,13
INF,Centro 2,In-person,2024-03-25,13
LID,Centro 2,Hybrid,2024-03-25,13
VND,Centro 4,Online,2024-03-25,13
MNT,Centro 5,In-person,2024-03-25,12
PYT,Centro 5,Hybrid,2024-03-25,12
SEG,Centro 4,Online,2024-03-25,12
SEG,Centro 1,In-person,2024-03-25,12
SST,Centro 4,In-person,2024-03-25,12
EMP,Centro 3,In-person,2024-03-25,11
HCP,Centro 4,In-person,2024-03-25,11
FOR,Centro 4,Online,2024-03-25,10
HCP,Centro 3,In-person,2024-03-25,10
SOC,Centro 5,In-person,2024-03-25,10
EXC,Centro 2,Online,2024-03-25,9
PRI,Centro 4,In-person,2024-03-25,9
SEG,Centro 5,Online,2024-03-25,9
FOR,Centro 3,Hybrid,2024-03-25,8
GES,Centro 4,In-person,2024-03-25,8
HAC,Centro 2,Online,2024-03-25,8
ING,Centro 5,Online,2024-03-25,8
PYT,Centro 3,In-person,2024-03-25,8
VND,Centro 3,Hybrid,2024-03-25,8
GES,Centro 1,Online,2024-03-25,7
SCI,Centro 4,In-person,2024-03-25,7
EMP,Centro 1,In-person,2024-03-25,6
HAC,Centro 1,In-person,2024-03-25,6
PRI,Centro 1,Hybrid,2024-03-25,6
SST,Centro 1,Hybrid,2024-03-25,6
GER,Centro 3,Hybrid,2024-03-25,5
PRO,Centro 2,Online,2024-03-25,5
CYB,Centro 2,Online,2024-03-25,4
EMP,Centro 4,In-person,2024-03-25,4
GER,Centro 1,Hybrid,2024-03-25,4
HOT,Centro 4,Hybrid,2024-03-25,4
LOG,Centro 2,In-person,2024-03-25,4
PRO,Centro 4,In-person,2024-03-25,4
SEG,Centro 4,In-person,2024-03-25,4
SST,Centro 1,Online,2024-03-25,4
TUR,Centro 5,Hybrid,2024-03-25,4
TUR,Centro 2,In-person,2024-03-25,4
VND,Centro 1,In-person,2024-03-25,4
HCP,Centro 1,In-person,2024-03-25,3
LOG,Centro 4,Hybrid,2024-03-25,3
PRI,Centro 5,In-person,2024-03-25,3
SST,Centro 2,Online,2024-03-25,3
SST,Centro 2,In-person,2024-03-25,3
MNT,Centro 5,In-person,2024-04-01,137
HAC,Centro 3,Hybrid,2024-04-01,127
CYB,Centro 3,Online,2024-04-01,102
PYT,Centro 2,Hybrid,2024-04-01,101
CYB,Centro 5,Online,2024-04-01,96
MNT,Centro 1,In-person,2024-04-01,85
PYT,Centro 2,Online,2024-04-01,81
PRO,Centro 4,Hybrid,2024-04-01,80
SCI,Centro 5,Hybrid,2024-04-01,75
FOR,Centro 4,Online,2024-04-01,74
GER,Centro 2,Hybrid,2024-04-01,70
SST,Centro 1,Online,2024-04-01,70
LID,Centro 2,Hybrid,2024-04-01,66
CYB,Centro 1,Hybrid,2024-04-01,64
PRI,Centro 2,Hybrid,2024-04-01,64
LOG,Centro 1,Hybrid,2024-04-01,62
HOT,Centro 4,Hybrid,2024-04-01,60
LID,Centro 3,Online,2024-04-01,59
PRI,Centro 4,In-person,2024-04-01,59
CYB,Centro 4,Hybrid,2024-04-01,57
SST,Centro 4,In-person,2024-04-01,56
INF,Centro 4,In-person,2024-04-01,53
LOG,Centro 2,Hybrid,2024-04-01,53
VND,Centro 2,Hybrid,2024-04-01,53
FOR,Centro 1,Hybrid,2024-04-01,51
ING,Centro 5,Online,2024-04-01,51
PYT,Centro 4,Online,2024-04-01,51
SCI,Centro 2,Hybrid,2024-04-01,50
PRI,Centro 5,In-person,2024-04-01,49
SCI,Centro 1,Hybrid,2024-04-01,48
TUR,Centro 4,Hybrid,2024-04-01,48
PRO,Centro 5,In-person,2024-04-01,45
EMP,Centro 4,In-person,2024-04-01,44
FOR,Centro 4,In-person,2024-04-01,44
GER,Centro 2,In-person,2024-04-01,44
HAC,Centro 1,In-person,2024-04-01,44
INF,Centro 3,Hybrid,2024-04-01,43
ING,Centro 3,Hybrid,2024-04-01,41
INF,Centro 2,Hybrid,2024-04-01,39
SOC,Centro 3,Hybrid,2024-04-01,39
CYB,Centro 2,Hybrid,2024-04-01,38
GER,Centro 1,In-person,2024-04-01,38
TUR,Centro 4,In-person,2024-04-01,37
ING,Centro 1,In-person,2024-04-01,35
EMP,Centro 1,In-person,2024-04-01,34
HOT,Centro 1,In-person,2024-04-01,34
EXC,Centro 3,Online,2024-04-01,32
PBI,Centro 2,Hybrid,2024-04-01,32
GER,Centro 3,In-person,2024-04-01,31
PBI,Centro 4,In-person,2024-04-01,31
PYT,Centro 2,In-person,2024-04-01,31
ING,Centro 4,Online,2024-04-01,30
HAC,Centro 3,In-person,2024-04-01,29
ING,Centro 3,Online,2024-04-01,29
SEG,Centro 3,In-person,2024-04-01,28
EXC,Centro 4,Online,2024-04-01,27
EMP,Centro 3,In-person,2024-04-01,26
HOT,Centro 2,Hybrid,2024-04-01,25
SEG,Centro 2,In-person,2024-04-01,25
TUR,Centro 5,In-person,2024-04-01,25
ING,Centro 3,In-person,2024-04-01,24
GES,Centro 2,Hybrid,2024-04-01,23
HAC,Centro 2,In-person,2024-04-01,23
SEG,Centro 4,Online,2024-04-01,23
FOR,Centro 5,Online,2024-04-01,22
PRO,Centro 4,In-person,2024-04-01,22
SST,Centro 1,In-person,2024-04-01,22
SOC,Centro 5,Hybrid,2024-04-01,21
PYT,Centro 5,Hybrid,2024-04-01,20
HAC,Centro 5,Hybrid,2024-04-01,19
SEG,Centro 4,In-person,2024-04-01,19
TUR,Centro 5,Hybrid,2024-04-01,17
GER,Centro 4,In-person,2024-04-01,16
INF,Centro 5,In-person,2024-04-01,16
LID,Centro 4,In-person,2024-04-01,16
LOG,Centro 5,In-person,2024-04-01,16
PBI,Centro 4,Hybrid,2024-04-01,15
TUR,Centro 1,In-person,2024-04-01,15
FOR,Centro 2,In-person,2024-04-01,14
GER,Centro 1,Hybrid,2024-04-01,14
HCP,Centro 4,Hybrid,2024-04-01,14
LOG,Centro 1,In-person,2024-04-01,13
PBI,Centro 4,Online,2024-04-01,13
PYT,Centro 3,In-person,2024-04-01,13
FOR,Centro 5,In-person,2024-04-01,11
MNT,Centro 4,In-person,2024-04-01,11
EXC,Centro 5,In-person,2024-04-01,10
PRI,Centro 1,Hybrid,2024-04-01,10
SEG,Centro 3,Hybrid,2024-04-01,10
HCP,Centro 5,In-person,2024-04-01,9
HOT,Centro 5,Hybrid,2024-04-01,8
PYT,Centro 3,Hybrid,2024-04-01,8
EXC,Centro 5,Hybrid,2024-04-01,7
HCP,Centro 3,Hybrid,2024-04-01,7
ING,Centro 2,Hybrid,2024-04-01,7
PBI,Centro 1,In-person,2024-04-01,7
SCI,Centro 4,Hybrid,2024-04-01,7
PBI,Centro 2,In-person,2024-04-01,6
SST,Centro 3,In-person,2024-04-01,6
CYB,Centro 2,In-person,2024-04-01,5
CYB,Centro 3,In-person,2024-04-01,5
EMP,Centro 5,In-person,2024-04-01,5
FOR,Centro 3,In-person,2024-04-01,5
INF,Centro 5,Hybrid,2024-04-01,5
LID,Centro 1,Hybrid,2024-04-01,5
EXC,Centro 1,Hybrid,2024-04-01,4
GES,Centro 5,Online,2024-04-01,4
HOT,Centro 1,Hybrid,2024-04-01,4
PRO,Centro 5,Hybrid,2024-04-01,4
SST,Centro 1,Hybrid,2024-04-01,4
TUR,Centro 3,In-person,2024-04-01,4
EXC,Centro 3,Hybrid,2024-04-01,3
EXC,Centro 2,In-person,2024-04-01,3
PBI,Centro 2,Online,2024-04-01,3
PRI,Centro 2,In-person,2024-04-01,3
SEG,Centro 1,Hybrid,2024-04-01,3
VND,Centro 4,Online,2024-04-01,3
VND,Centro 2,In-person,2024-04-01,3
LOG,Centro 1,Hybrid,2024-04-08,159
GER,Centro 1,Hybrid,2024-04-08,117
ING,Centro 5,Online,2024-04-08,114
LID,Centro 3,Online,2024-04-08,111
VND,Centro 4,Online,2024-04-08,110
PYT,Centro 5,Hybrid,2024-04-08,99
EXC,Centro 4,Online,2024-04-08,86
MNT,Centro 1,In-person,2024-04-08,83
GES,Centro 4,Online,2024-04-08,82
PRO,Centro 3,Online,2024-04-08,68
SCI,Centro 2,Hybrid,2024-04-08,68
CYB,Centro 3,Hybrid,2024-04-08,67
LID,Centro 2,Hybrid,2024-04-08,67
SST,Centro 5,In-person,2024-04-08,67
CYB,Centro 2,In-person,2024-04-08,66
LID,Centro 4,In-person,2024-04-08,63
TUR,Centro 4,Hybrid,2024-04-08,63
ING,Centro 2,Hybrid,2024-04-08,61
SOC,Centro 5,Hybrid,2024-04-08,60
PBI,Centro 5,Online,2024-04-08,59
PBI,Centro 3,In-person,2024-04-08,59
TUR,Centro 3,In-person,2024-04-08,59
PRI,Centro 1,In-person,2024-04-08,57
PYT,Centro 1,In-person,2024-04-08,56
SEG,Centro 4,Online,2024-04-08,56
SCI,Centro 4,In-person,2024-04-08,55
FOR,Centro 2,Hybrid,2024-04-08,53
PBI,Centro 4,Online,2024-04-08,52
EMP,Centro 4,In-person,2024-04-08,50
CYB,Centro 4,Hybrid,2024-04-08,48
HAC,Centro 3,Hybrid,2024-04-08,47
GER,Centro 4,In-person,2024-04-08,46
PBI,Centro 2,Online,2024-04-08,46
GES,Centro 4,In-person,2024-04-08,45
HAC,Centro 3,In-person,2024-04-08,44
ING,Centro 2,Online,2024-04-08,44
PRI,Centro 2,In-person,2024-04-08,44
HOT,Centro 4,In-person,2024-04-08,42
HAC,Centro 2,Online,2024-04-08,41
HOT,Centro 5,In-person,2024-04-08,41
VND,Centro 5,In-person,2024-04-08,39
EXC,Centro 3,Online,2024-04-08,38
GER,Centro 2,In-person,2024-04-08,38
FOR,Centro 4,Online,2024-04-08,37
SEG,Centro 1,Hybrid,2024-04-08,37
GES,Centro 2,In-person,2024-04-08,36
ING,Centro 3,Online,2024-04-08,36
PBI,Centro 3,Online,2024-04-08,36
SEG,Centro 4,Hybrid,2024-04-08,34
SOC,Centro 3,In-person,2024-04-08,34
HAC,Centro 4,In-person,2024-04-08,33
SCI,Centro 4,Hybrid,2024-04-08,31
EXC,Centro 1,Hybrid,2024-04-08,29
CYB,Centro 3,In-person,2024-04-08,28
FOR,Centro 1,Hybrid,2024-04-08,28
LID,Centro 5,Hybrid,2024-04-08,28
CYB,Centro 4,Online,2024-04-08,27
CYB,Centro 1,Hybrid,2024-04-08,26
CYB,Centro 2,Hybrid,2024-04-08,26
HAC,Centro 5,In-person,2024-04-08,26
PBI,Centro 2,In-person,2024-04-08,26
HCP,Centro 4,In-person,2024-04-08,25
PBI,Centro 4,In-person,2024-04-08,25
TUR,Centro 4,In-person,2024-04-08,23
GES,Centro 2,Hybrid,2024-04-08,22
HCP,Centro 2,In-person,2024-04-08,22
ING,Centro 5,Hybrid,2024-04-08,22
EXC,Centro 5,Hybrid,2024-04-08,21
INF,Centro 5,In-person,2024-04-08,21
GER,Centro 5,In-person,2024-04-08,20
HAC,Centro 5,Hybrid,2024-04-08,20
LOG,Centro 2,Hybrid,2024-04-08,20
FOR,Centro 5,In-person,2024-04-08,19
INF,Centro 1,In-person,2024-04-08,19
LOG,Centro 4,Hybrid,2024-04-08,19
HOT,Centro 1,In-person,2024-04-08,18
PRO,Centro 4,Hybrid,2024-04-08,18
VND,Centro 4,Hybrid,2024-04-08,18
SEG,Centro 2,In-person,2024-04-08,17
LID,Centro 2,Online,2024-04-08,16
CYB,Centro 2,Online,2024-04-08,15
GER,Centro 1,In-person,2024-04-08,15
LOG,Centro 5,In-person,2024-04-08,15
SEG,Centro 3,In-person,2024-04-08,15
PRI,Centro 5,In-person,2024-04-08,14
LOG,Centro 2,In-person,2024-04-08,13
PBI,Centro 1,Online,2024-04-08,13
EXC,Centro 3,Hybrid,2024-04-08,12
INF,Centro 4,In-person,2024-04-08,12
SOC,Centro 5,In-person,2024-04-08,12
MNT,Centro 4,In-person,2024-04-08,11
MNT,Centro 5,In-person,2024-04-08,11
PYT,Centro 4,In-person,2024-04-08,11
INF,Centro 2,Hybrid,2024-04-08,10
PRO,Centro 4,Online,2024-04-08,10
SEG,Centro 5,Online,2024-04-08,10
SEG,Centro 3,Hybrid,2024-04-08,10
SEG,Centro 4,In-person,2024-04-08,10
VND,Centro 2,Hybrid,2024-04-08,10
VND,Centro 1,In-person,2024-04-08,10
VND,Centro 2,In-person,2024-04-08,10
SST,Centro 3,Hybrid,2024-04-08,9
FOR,Centro 2,In-person,2024-04-08,8
FOR,Centro 4,In-person,2024-04-08,8
GER,Centro 5,Hybrid,2024-04-08,8
HAC,Centro 1,In-person,2024-04-08,8
HCP,Centro 1,In-person,2024-04-08,8
PRI,Centro 4,In-person,2024-04-08,8
CYB,Centro 1,Online,2024-04-08,7
MNT,Centro 2,In-person,2024-04-08,7
PYT,Centro 2,Hybrid,2024-04-08,7
SST,Centro 1,Hybrid,2024-04-08,6
FOR,Centro 2,Online,2024-04-08,5
FOR,Centro 5,Online,2024-04-08,5
PBI,Centro 5,Hybrid,2024-04-08,5
PRO,Centro 3,Hybrid,2024-04-08,5
PYT,Centro 3,Hybrid,2024-04-08,5
PYT,Centro 3,In-person,2024-04-08,5
SCI,Centro 5,Hybrid,2024-04-08,5
CYB,Centro 4,In-person,2024-04-08,4
EMP,Centro 3,In-person,2024-04-08,4
EXC,Centro 2,In-person,2024-04-08,4
GER,Centro 3,In-person,2024-04-08,4
LID,Centro 5,In-person,2024-04-08,4
LOG,Centro 3,Hybrid,2024-04-08,4
SEG,Centro 5,In-person,2024-04-08,4
TUR,Centro 5,Hybrid,2024-04-08,4
TUR,Centro 5,In-person,2024-04-08,4
LOG,Centro 5,Hybrid,2024-04-08,3
PRI,Centro 2,Hybrid,2024-04-08,3
SST,Centro 3,In-person,2024-04-08,1
ING,Centro 3,Online,2024-04-15,169
PBI,Centro 4,Online,2024-04-15,143
GES,Centro 5,Online,2024-04-15,114
FOR,Centro 4,Hybrid,2024-04-15,99
EMP,Centro 3,In-person,2024-04-15,93
LOG,Centro 3,Hybrid,2024-04-15,93
CYB,Centro 2,Hybrid,2024-04-15,91
FOR,Centro 5,Online,2024-04-15,90
GER,Centro 2,In-person,2024-04-15,87
GER,Centro 1,Hybrid,2024-04-15,84
GER,Centro 5,In-person,2024-04-15,80
SCI,Centro 4,In-person,2024-04-15,76
VND,Centro 2,Hybrid,2024-04-15,76
EMP,Centro 1,In-person,2024-04-15,75
HAC,Centro 2,Online,2024-04-15,75
CYB,Centro 2,Online,2024-04-15,73
SST,Centro 1,Online,2024-04-15,71
EXC,Centro 4,In-person,2024-04-15,67
INF,Centro 2,Hybrid,2024-04-15,67
LID,Centro 2,Hybrid,2024-04-15,67
SOC,Centro 2,Hybrid,2024-04-15,67
EXC,Centro 4,Hybrid,2024-04-15,66
FOR,Centro 3,Hybrid,2024-04-15,63
SEG,Centro 1,In-person,2024-04-15,62
PYT,Centro 4,Hybrid,2024-04-15,61
CYB,Centro 1,Hybrid,2024-04-15,59
LID,Centro 3,Hybrid,2024-04-15,58
ING,Centro 3,In-person,2024-04-15,56
MNT,Centro 1,In-person,2024-04-15,56
MNT,Centro 4,In-person,2024-04-15,56
SOC,Centro 3,Hybrid,2024-04-15,54
PBI,Centro 2,Online,2024-04-15,52
PYT,Centro 4,In-person,2024-04-15,51
TUR,Centro 4,In-person,2024-04-15,50
PRI,Centro 1,Hybrid,2024-04-15,48
PYT,Centro 2,Hybrid,2024-04-15,48
HAC,Centro 3,In-person,2024-04-15,47
LOG,Centro 4,Hybrid,2024-04-15,47
FOR,Centro 3,In-person,2024-04-15,46
HAC,Centro 1,In-person,2024-04-15,46
HOT,Centro 1,Hybrid,2024-04-15,46
SEG,Centro 3,In-person,2024-04-15,46
SEG,Centro 4,Hybrid,2024-04-15,45
LOG,Centro 1,In-person,2024-04-15,41
VND,Centro 1,In-person,2024-04-15,39
FOR,Centro 1,Hybrid,2024-04-15,38
INF,Centro 3,Hybrid,2024-04-15,37
CYB,Centro 3,In-person,2024-04-15,36
ING,Centro 3,Hybrid,2024-04-15,35
SEG,Centro 3,Hybrid,2024-04-15,35
SOC,Centro 1,Hybrid,2024-04-15,35
SST,Centro 1,Hybrid,2024-04-15,35
CYB,Centro 4,Hybrid,2024-04-15,34
HCP,Centro 5,Hybrid,2024-04-15,33
PBI,Centro 3,In-person,2024-04-15,33
TUR,Centro 5,Hybrid,2024-04-15,33
EXC,Centro 2,Online,2024-04-15,31
LID,Centro 5,In-person,2024-04-15,31
PYT,Centro 3,In-person,2024-04-15,31
CYB,Centro 2,In-person,2024-04-15,29
SST,Centro 5,In-person,2024-04-15,27
HOT,Centro 2,In-person,2024-04-15,26
PYT,Centro 2,In-person,2024-04-15,26
VND,Centro 4,Online,2024-04-15,25
HCP,Centro 2,In-person,2024-04-15,24
HOT,Centro 1,In-person,2024-04-15,23
EMP,Centro 2,In-person,2024-04-15,22
EXC,Centro 3,Online,2024-04-15,21
SST,Centro 3,In-person,2024-04-15,21
EXC,Centro 2,In-person,2024-04-15,20
PYT,Centro 4,Online,2024-04-15,20
PRI,Centro 3,Hybrid,2024-04-15,18
VND,Centro 3,In-person,2024-04-15,18
LOG,Centro 2,Hybrid,2024-04-15,17
LOG,Centro 2,In-person,2024-04-15,17
TUR,Centro 1,In-person,2024-04-15,17
EMP,Centro 5,In-person,2024-04-15,16
GER,Centro 3,Hybrid,2024-04-15,16
PYT,Centro 5,In-person,2024-04-15,16
SEG,Centro 4,In-person,2024-04-15,16
EXC,Centro 5,Hybrid,2024-04-15,15
PRI,Centro 2,Hybrid,2024-04-15,15
SCI,Centro 5,Hybrid,2024-04-15,15
CYB,Centro 4,In-person,2024-04-15,14
HCP,Centro 4,Hybrid,2024-04-15,14
LID,Centro 5,Hybrid,2024-04-15,14
SCI,Centro 4,Hybrid,2024-04-15,13
SST,Centro 1,In-person,2024-04-15,12
HAC,Centro 5,In-person,2024-04-15,11
SST,Centro 2,In-person,2024-04-15,11
CYB,Centro 4,Online,2024-04-15,10
CYB,Centro 5,In-person,2024-04-15,10
EMP,Centro 4,In-person,2024-04-15,10
GES,Centro 4,In-person,2024-04-15,10
PBI,Centro 4,In-person,2024-04-15,9
PRI,Centro 5,In-person,2024-04-15,9
ING,Centro 4,Online,2024-04-15,8
ING,Centro 2,Hybrid,2024-04-15,8
FOR,Centro 4,In-person,2024-04-15,7
HOT,Centro 3,In-person,2024-04-15,7
INF,Centro 1,In-person,2024-04-15,7
INF,Centro 4,In-person,2024-04-15,7
MNT,Centro 2,In-person,2024-04-15,7
MNT,Centro 5,In-person,2024-04-15,7
PRO,Centro 2,Online,2024-04-15,7
EXC,Centro 4,Online,2024-04-15,6
LOG,Centro 1,Hybrid,2024-04-15,6
LOG,Centro 5,Hybrid,2024-04-15,6
VND,Centro 2,Online,2024-04-15,6
VND,Centro 2,In-person,2024-04-15,6
CYB,Centro 5,Hybrid,2024-04-15,5
GES,Centro 3,Hybrid,2024-04-15,5
PBI,Centro 1,Hybrid,2024-04-15,5
PYT,Centro 3,Hybrid,2024-04-15,5
PYT,Centro 1,In-person,2024-04-15,5
SOC,Centro 3,In-person,2024-04-15,5
HCP,Centro 3,In-person,2024-04-15,4
HCP,Centro 4,In-person,2024-04-15,4
PRI,Centro 2,In-person,2024-04-15,4
PYT,Centro 5,Hybrid,2024-04-15,4
VND,Centro 4,Hybrid,2024-04-15,4
HCP,Centro 5,In-person,2024-04-15,3
LOG,Centro 4,In-person,2024-04-15,3
PRI,Centro 1,In-person,2024-04-15,3
SEG,Centro 1,Hybrid,2024-04-15,3
SST,Centro 5,Online,2024-04-15,3
VND,Centro 5,Hybrid,2024-04-15,1
PBI,Centro 2,Online,2024-04-22,181
PYT,Centro 2,Online,2024-04-22,154
EXC,Centro 5,Hybrid,2024-04-22,153
PBI,Centro 1,Online,2024-04-22,141
EXC,Centro 2,Online,2024-04-22,128
FOR,Centro 3,Hybrid,2024-04-22,115
PRI,Centro 3,In-person,2024-04-22,114
MNT,Centro 3,In-person,2024-04-22,109
SST,Centro 1,In-person,2024-04-22,100
GER,Centro 1,Hybrid,2024-04-22,97
VND,Centro 3,Hybrid,2024-04-22,96
SEG,Centro 3,Hybrid,2024-04-22,95
CYB,Centro 1,Hybrid,2024-04-22,89
PRI,Centro 1,In-person,2024-04-22,80
CYB,Centro 4,Hybrid,2024-04-22,75
CYB,Centro 5,Online,2024-04-22,72
SEG,Centro 1,Online,2024-04-22,69
FOR,Centro 4,In-person,2024-04-22,68
ING,Centro 5,Hybrid,2024-04-22,68
PRI,Centro 2,Hybrid,2024-04-22,66
GES,Centro 1,Hybrid,2024-04-22,62
SOC,Centro 1,Hybrid,2024-04-22,60
SOC,Centro 3,Hybrid,2024-04-22,58
MNT,Centro 2,In-person,2024-04-22,56
EXC,Centro 4,Online,2024-04-22,55
PRO,Centro 2,Hybrid,2024-04-22,54
SEG,Centro 4,In-person,2024-04-22,54
SST,Centro 3,Hybrid,2024-04-22,54
ING,Centro 2,Online,2024-04-22,51
LID,Centro 2,Hybrid,2024-04-22,51
LID,Centro 2,In-person,2024-04-22,49
SOC,Centro 2,In-person,2024-04-22,49
FOR,Centro 2,Hybrid,2024-04-22,48
PBI,Centro 4,In-person,2024-04-22,48
VND,Centro 3,In-person,2024-04-22,46
CYB,Centro 2,Hybrid,2024-04-22,44
ING,Centro 3,Online,2024-04-22,44
LOG,Centro 1,In-person,2024-04-22,42
HAC,Centro 5,Online,2024-04-22,41
HAC,Centro 1,Hybrid,2024-04-22,40
PRI,Centro 3,Hybrid,2024-04-22,39
PBI,Centro 4,Online,2024-04-22,37
PBI,Centro 5,Online,2024-04-22,37
SCI,Centro 4,In-person,2024-04-22,37
VND,Centro 1,In-person,2024-04-22,37
LOG,Centro 3,Hybrid,2024-04-22,36
SEG,Centro 2,Hybrid,2024-04-22,36
INF,Centro 5,In-person,2024-04-22,35
SEG,Centro 1,In-person,2024-04-22,35
TUR,Centro 1,Hybrid,2024-04-22,35
CYB,Centro 3,In-person,2024-04-22,34
GES,Centro 3,Hybrid,2024-04-22,34
ING,Centro 4,Online,2024-04-22,34
VND,Centro 2,In-person,2024-04-22,34
CYB,Centro 2,In-person,2024-04-22,33
EXC,Centro 3,Hybrid,2024-04-22,33
VND,Centro 5,In-person,2024-04-22,33
FOR,Centro 1,Online,2024-04-22,32
INF,Centro 4,In-person,2024-04-22,32
MNT,Centro 5,In-person,2024-04-22,32
EMP,Centro 1,In-person,2024-04-22,31
VND,Centro 5,Online,2024-04-22,31
HCP,Centro 3,Hybrid,2024-04-22,28
GER,Centro 3,In-person,2024-04-22,27
GES,Centro 5,Online,2024-04-22,26
PRO,Centro 4,Hybrid,2024-04-22,26
INF,Centro 2,In-person,2024-04-22,25
VND,Centro 2,Online,2024-04-22,25
HAC,Centro 3,In-person,2024-04-22,24
CYB,Centro 5,Hybrid,2024-04-22,23
SST,Centro 4,Hybrid,2024-04-22,23
ING,Centro 1,In-person,2024-04-22,22
PYT,Centro 1,In-person,2024-04-22,22
PRI,Centro 5,In-person,2024-04-22,21
SEG,Centro 3,In-person,2024-04-22,21
CYB,Centro 2,Online,2024-04-22,20
HOT,Centro 3,In-person,2024-04-22,20
CYB,Centro 4,In-person,2024-04-22,19
FOR,Centro 2,In-person,2024-04-22,19
HOT,Centro 1,Hybrid,2024-04-22,19
PRI,Centro 4,Hybrid,2024-04-22,17
SEG,Centro 5,Online,2024-04-22,17
EXC,Centro 5,In-person,2024-04-22,16
GER,Centro 5,In-person,2024-04-22,16
HAC,Centro 2,In-person,2024-04-22,16
MNT,Centro 1,In-person,2024-04-22,16
CYB,Centro 5,In-person,2024-04-22,15
HAC,Centro 5,Hybrid,2024-04-22,15
HCP,Centro 2,In-person,2024-04-22,15
TUR,Centro 4,In-person,2024-04-22,15
EMP,Centro 4,In-person,2024-04-22,13
HOT,Centro 1,In-person,2024-04-22,13
TUR,Centro 4,Hybrid,2024-04-22,13
HCP,Centro 4,In-person,2024-04-22,12
LOG,Centro 2,Hybrid,2024-04-22,12
FOR,Centro 2,Online,2024-04-22,11
PBI,Centro 1,Hybrid,2024-04-22,11
HOT,Centro 2,Hybrid,2024-04-22,10
PRO,Centro 3,Online,2024-04-22,10
SST,Centro 5,In-person,2024-04-22,10
LOG,Centro 5,In-person,2024-04-22,9
INF,Centro 5,Hybrid,2024-04-22,8
LID,Centro 2,Online,2024-04-22,8
PBI,Centro 3,Online,2024-04-22,8
LID,Centro 3,Online,2024-04-22,7
PYT,Centro 2,In-person,2024-04-22,7
SOC,Centro 2,Hybrid,2024-04-22,7
SST,Centro 3,Online,2024-04-22,7
SST,Centro 4,In-person,2024-04-22,7
TUR,Centro 5,Hybrid,2024-04-22,7
EXC,Centro 1,Hybrid,2024-04-22,6
FOR,Centro 4,Hybrid,2024-04-22,5
HOT,Centro 5,In-person,2024-04-22,5
LID,Centro 5,In-person,2024-04-22,5
PRO,Centro 5,Online,2024-04-22,5
PRO,Centro 5,Hybrid,2024-04-22,5
PYT,Centro 3,Hybrid,2024-04-22,5
SOC,Centro 3,In-person,2024-04-22,5
CYB,Centro 3,Hybrid,2024-04-22,4
GER,Centro 4,In-person,2024-04-22,4
HAC,Centro 3,Hybrid,2024-04-22,4
HCP,Centro 5,In-person,2024-04-22,4
HOT,Centro 4,Hybrid,2024-04-22,4
LOG,Centro 5,Hybrid,2024-04-22,4
TUR,Centro 3,In-person,2024-04-22,4
HCP,Centro 4,Hybrid,2024-04-22,3
SST,Centro 1,Online,2024-04-22,3
SST,Centro 3,In-person,2024-04-22,3
VND,Centro 4,Hybrid,2024-04-22,3
PBI,Centro 1,Online,2024-04-29,183
VND,Centro 4,Online,2024-04-29,174
EXC,Centro 3,Online,2024-04-29,138
PYT,Centro 2,Online,2024-04-29,131
ING,Centro 3,Hybrid,2024-04-29,122
CYB,Centro 2,Hybrid,2024-04-29,119
EXC,Centro 2,Hybrid,2024-04-29,113
PBI,Centro 4,Online,2024-04-29,110
MNT,Centro 5,In-person,2024-04-29,87
INF,Centro 5,Hybrid,2024-04-29,86
EXC,Centro 5,Hybrid,2024-04-29,84
LOG,Centro 5,Hybrid,2024-04-29,82
CYB,Centro 5,Online,2024-04-29,81
PRO,Centro 5,Hybrid,2024-04-29,78
GER,Centro 3,In-person,2024-04-29,75
HAC,Centro 3,Hybrid,2024-04-29,74
HAC,Centro 1,In-person,2024-04-29,71
PRI,Centro 3,In-person,2024-04-29,71
CYB,Centro 2,Online,2024-04-29,70
MNT,Centro 1,In-person,2024-04-29,70
SOC,Centro 3,In-person,2024-04-29,70
PBI,Centro 1,Hybrid,2024-04-29,68
ING,Centro 2,Hybrid,2024-04-29,66
VND,Centro 2,Hybrid,2024-04-29,64
INF,Centro 5,In-person,2024-04-29,55
LOG,Centro 2,Hybrid,2024-04-29,55
HCP,Centro 4,Hybrid,2024-04-29,54
MNT,Centro 3,In-person,2024-04-29,54
SOC,Centro 4,In-person,2024-04-29,54
SEG,Centro 3,Hybrid,2024-04-29,53
SEG,Centro 5,Online,2024-04-29,51
FOR,Centro 1,Online,2024-04-29,49
LOG,Centro 3,Hybrid,2024-04-29,49
SST,Centro 2,In-person,2024-04-29,49
GES,Centro 2,In-person,2024-04-29,48
CYB,Centro 4,Online,2024-04-29,47
PRO,Centro 1,Online,2024-04-29,47
PYT,Centro 2,In-person,2024-04-29,47
CYB,Centro 4,Hybrid,2024-04-29,46
EXC,Centro 4,In-person,2024-04-29,45
SST,Centro 1,Online,2024-04-29,45
PBI,Centro 2,Hybrid,2024-04-29,44
HOT,Centro 4,Hybrid,2024-04-29,43
LID,Centro 2,Hybrid,2024-04-29,43
PRI,Centro 2,In-person,2024-04-29,43
PYT,Centro 4,In-person,2024-04-29,43
VND,Centro 1,In-person,2024-04-29,43
EMP,Centro 3,In-person,2024-04-29,42
LOG,Centro 5,In-person,2024-04-29,41
GER,Centro 2,In-person,2024-04-29,40
PBI,Centro 4,In-person,2024-04-29,40
VND,Centro 2,In-person,2024-04-29,40
HAC,Centro 4,In-person,2024-04-29,39
SST,Centro 1,In-person,2024-04-29,39
PRI,Centro 1,Hybrid,2024-04-29,38
EXC,Centro 2,Online,2024-04-29,37
ING,Centro 1,In-person,2024-04-29,36
PRI,Centro 1,In-person,2024-04-29,36
PYT,Centro 1,Online,2024-04-29,36
CYB,Centro 1,Online,2024-04-29,35
SEG,Centro 4,In-person,2024-04-29,35
ING,Centro 3,Online,2024-04-29,34
FOR,Centro 5,Online,2024-04-29,33
LOG,Centro 3,In-person,2024-04-29,33
FOR,Centro 5,In-person,2024-04-29,32
CYB,Centro 1,Hybrid,2024-04-29,31
HOT,Centro 2,In-person,2024-04-29,31
EXC,Centro 4,Online,2024-04-29,30
GES,Centro 4,In-person,2024-04-29,30
HOT,Centro 3,In-person,2024-04-29,30
MNT,Centro 4,In-person,2024-04-29,30
TUR,Centro 4,In-person,2024-04-29,30
HCP,Centro 3,Hybrid,2024-04-29,28
EXC,Centro 1,Hybrid,2024-04-29,27
MNT,Centro 2,In-person,2024-04-29,27
PRI,Centro 2,Hybrid,2024-04-29,27
EXC,Centro 3,Hybrid,2024-04-29,26
FOR,Centro 4,Hybrid,2024-04-29,26
SST,Centro 3,Online,2024-04-29,26
EMP,Centro 1,In-person,2024-04-29,25
PYT,Centro 4,Hybrid,2024-04-29,25
SEG,Centro 1,Hybrid,2024-04-29,25
PRI,Centro 3,Hybrid,2024-04-29,24
SEG,Centro 3,In-person,2024-04-29,24
INF,Centro 4,In-person,2024-04-29,23
HAC,Centro 5,Hybrid,2024-04-29,22
SCI,Centro 4,In-person,2024-04-29,20
GER,Centro 4,In-person,2024-04-29,19
TUR,Centro 3,In-person,2024-04-29,18
ING,Centro 2,In-person,2024-04-29,16
VND,Centro 5,Online,2024-04-29,16
VND,Centro 5,Hybrid,2024-04-29,16
EXC,Centro 4,Hybrid,2024-04-29,15
SCI,Centro 1,Hybrid,2024-04-29,14
LID,Centro 2,Online,2024-04-29,13
PRO,Centro 3,Online,2024-04-29,13
SOC,Centro 2,In-person,2024-04-29,13
INF,Centro 1,In-person,2024-04-29,12
SCI,Centro 2,Hybrid,2024-04-29,12
GER,Centro 3,Hybrid,2024-04-29,11
HAC,Centro 2,In-person,2024-04-29,11
LID,Centro 4,In-person,2024-04-29,11
LID,Centro 5,In-person,2024-04-29,11
PBI,Centro 1,In-person,2024-04-29,11
PBI,Centro 2,In-person,2024-04-29,11
SST,Centro 2,Hybrid,2024-04-29,11
LID,Centro 2,In-person,2024-04-29,10
PBI,Centro 5,Online,2024-04-29,10
CYB,Centro 3,Hybrid,2024-04-29,9
GER,Centro 4,Hybrid,2024-04-29,9
LID,Centro 3,Online,2024-04-29,9
PYT,Centro 3,Hybrid,2024-04-29,9
SCI,Centro 4,Hybrid,2024-04-29,9
SEG,Centro 5,In-person,2024-04-29,9
SST,Centro 4,In-person,2024-04-29,9
FOR,Centro 4,In-person,2024-04-29,8
EMP,Centro 4,In-person,2024-04-29,7
GES,Centro 1,Hybrid,2024-04-29,7
SST,Centro 3,Hybrid,2024-04-29,7
HCP,Centro 1,Hybrid,2024-04-29,6
HOT,Centro 2,Hybrid,2024-04-29,6
TUR,Centro 4,Hybrid,2024-04-29,6
CYB,Centro 4,In-person,2024-04-29,5
GES,Centro 1,Online,2024-04-29,5
INF,Centro 3,Hybrid,2024-04-29,5
FOR,Centro 3,Hybrid,2024-04-29,4
FOR,Centro 3,In-person,2024-04-29,4
HAC,Centro 5,In-person,2024-04-29,4
HCP,Centro 3,In-person,2024-04-29,4
LOG,Centro 4,In-person,2024-04-29,4
PRI,Centro 5,In-person,2024-04-29,4
PYT,Centro 4,Online,2024-04-29,4
SEG,Centro 1,In-person,2024-04-29,4
SOC,Centro 1,Hybrid,2024-04-29,4
SST,Centro 5,In-person,2024-04-29,4
TUR,Centro 1,In-person,2024-04-29,4
HCP,Centro 2,In-person,2024-04-29,3
HCP,Centro 5,In-person,2024-04-29,3
INF,Centro 1,Hybrid,2024-04-29,3
INF,Centro 2,In-person,2024-04-29,3
SST,Centro 3,In-person,2024-04-29,3
HAC,Centro 3,In-person,2024-04-29,1
MNT,Centro 1,In-person,2024-05-06,127
SEG,Centro 3,In-person,2024-05-06,118
EXC,Centro 1,Hybrid,2024-05-06,117
PRO,Centro 3,Hybrid,2024-05-06,113
CYB,Centro 3,In-person,2024-05-06,107
LID,Centro 5,In-person,2024-05-06,105
SCI,Centro 1,In-person,2024-05-06,99
SST,Centro 2,Hybrid,2024-05-06,87
LOG,Centro 3,Hybrid,2024-05-06,72
VND,Centro 5,Online,2024-05-06,72
PRO,Centro 1,Online,2024-05-06,71
PBI,Centro 1,Online,2024-05-06,70
MNT,Centro 3,In-person,2024-05-06,69
EXC,Centro 4,Online,2024-05-06,67
MNT,Centro 5,In-person,2024-05-06,67
GER,Centro 5,In-person,2024-05-06,65
PRI,Centro 1,Hybrid,2024-05-06,65
GER,Centro 4,In-person,2024-05-06,64
SOC,Centro 3,In-person,2024-05-06,63
PBI,Centro 5,Online,2024-05-06,62
LID,Centro 2,Hybrid,2024-05-06,59
HAC,Centro 2,In-person,2024-05-06,56
PYT,Centro 4,Online,2024-05-06,56
PYT,Centro 1,Hybrid,2024-05-06,56
SCI,Centro 4,Hybrid,2024-05-06,55
LOG,Centro 5,In-person,2024-05-06,52
PYT,Centro 2,Online,2024-05-06,50
CYB,Centro 5,Online,2024-05-06,49
EMP,Centro 5,In-person,2024-05-06,49
PRI,Centro 3,Hybrid,2024-05-06,47
EMP,Centro 1,In-person,2024-05-06,45
MNT,Centro 4,In-person,2024-05-06,45
PBI,Centro 4,Online,2024-05-06,45
SEG,Centro 3,Hybrid,2024-05-06,45
SOC,Centro 2,In-person,2024-05-06,45
LID,Centro 5,Hybrid,2024-05-06,44
FOR,Centro 5,Hybrid,2024-05-06,42
ING,Centro 1,Online,2024-05-06,40
LOG,Centro 5,Hybrid,2024-05-06,40
TUR,Centro 1,In-person,2024-05-06,40
INF,Centro 4,In-person,2024-05-06,39
SST,Centro 4,In-person,2024-05-06,39
GER,Centro 3,Hybrid,2024-05-06,38
LID,Centro 2,Online,2024-05-06,36
SST,Centro 3,In-person,2024-05-06,36
ING,Centro 1,Hybrid,2024-05-06,35
CYB,Centro 2,In-person,2024-05-06,34
EMP,Centro 4,In-person,2024-05-06,34
SST,Centro 3,Hybrid,2024-05-06,33
PBI,Centro 3,Online,2024-05-06,32
PRO,Centro 4,Online,2024-05-06,31
SEG,Centro 5,Online,2024-05-06,31
PRI,Centro 4,In-person,2024-05-06,30
EXC,Centro 2,Hybrid,2024-05-06,29
GES,Centro 2,Hybrid,2024-05-06,28
ING,Centro 5,Online,2024-05-06,28
PRO,Centro 2,Hybrid,2024-05-06,28
FOR,Centro 4,Online,2024-05-06,27
VND,Centro 1,In-person,2024-05-06,27
PRI,Centro 3,In-person,2024-05-06,24
PBI,Centro 2,Hybrid,2024-05-06,23
VND,Centro 2,Hybrid,2024-05-06,23
EXC,Centro 2,Online,2024-05-06,22
INF,Centro 2,In-person,2024-05-06,22
HAC,Centro 1,In-person,2024-05-06,21
INF,Centro 5,Hybrid,2024-05-06,20
SST,Centro 5,In-person,2024-05-06,20
PYT,Centro 5,Hybrid,2024-05-06,19
HAC,Centro 5,Online,2024-05-06,18
SEG,Centro 4,Hybrid,2024-05-06,18
VND,Centro 4,In-person,2024-05-06,18
CYB,Centro 2,Hybrid,2024-05-06,17
HCP,Centro 4,In-person,2024-05-06,17
SST,Centro 4,Online,2024-05-06,17
HOT,Centro 5,In-person,2024-05-06,16
LOG,Centro 1,In-person,2024-05-06,16
PBI,Centro 1,In-person,2024-05-06,16
SEG,Centro 4,In-person,2024-05-06,16
FOR,Centro 1,Online,2024-05-06,15
SEG,Centro 1,Online,2024-05-06,15
SST,Centro 4,Hybrid,2024-05-06,15
HOT,Centro 4,Hybrid,2024-05-06,13
PRI,Centro 2,In-person,2024-05-06,13
VND,Centro 5,In-person,2024-05-06,13
HCP,Centro 5,Hybrid,2024-05-06,12
PYT,Centro 1,In-person,2024-05-06,12
SOC,Centro 3,Hybrid,2024-05-06,12
CYB,Centro 4,Hybrid,2024-05-06,11
FOR,Centro 3,Hybrid,2024-05-06,11
PRO,Centro 2,Online,2024-05-06,11
GES,Centro 1,Online,2024-05-06,10
ING,Centro 1,In-person,2024-05-06,10
SEG,Centro 1,In-person,2024-05-06,10
HAC,Centro 5,Hybrid,2024-05-06,9
PBI,Centro 2,Online,2024-05-06,9
PRO,Centro 1,Hybrid,2024-05-06,9
CYB,Centro 1,Online,2024-05-06,8
GER,Centro 5,Hybrid,2024-05-06,7
LOG,Centro 4,In-person,2024-05-06,7
PRI,Centro 2,Hybrid,2024-05-06,7
PRI,Centro 1,In-person,2024-05-06,7
SOC,Centro 1,Hybrid,2024-05-06,7
SST,Centro 1,In-person,2024-05-06,6
VND,Centro 2,Online,2024-05-06,6
CYB,Centro 3,Hybrid,2024-05-06,5
LID,Centro 3,In-person,2024-05-06,5
PRO,Centro 5,In-person,2024-05-06,5
PYT,Centro 2,Hybrid,2024-05-06,5
FOR,Centro 2,Hybrid,2024-05-06,4
FOR,Centro 3,In-person,2024-05-06,4
GES,Centro 4,In-person,2024-05-06,4
HAC,Centro 3,In-person,2024-05-06,4
HCP,Centro 5,In-person,2024-05-06,4
INF,Centro 1,In-person,2024-05-06,4
LOG,Centro 2,In-person,2024-05-06,4
PRO,Centro 4,Hybrid,2024-05-06,4
PYT,Centro 1,Online,2024-05-06,4
PYT,Centro 4,In-person,2024-05-06,4
SEG,Centro 1,Hybrid,2024-05-06,4
TUR,Centro 4,Hybrid,2024-05-06,4
TUR,Centro 4,In-person,2024-05-06,4
EXC,Centro 3,Online,2024-05-06,3
EXC,Centro 4,In-person,2024-05-06,3
GER,Centro 2,In-person,2024-05-06,3
LOG,Centro 3,In-person,2024-05-06,3
SST,Centro 5,Online,2024-05-06,3
SST,Centro 2,In-person,2024-05-06,3
TUR,Centro 2,Hybrid,2024-05-06,3
GES,Centro 3,Online,2024-05-13,101
PRI,Centro 1,Hybrid,2024-05-13,99
EXC,Centro 1,Online,2024-05-13,91
PRO,Centro 2,Online,2024-05-13,86
LID,Centro 2,Hybrid,2024-05-13,76
PRI,Centro 1,In-person,2024-05-13,76
GES,Centro 4,Online,2024-05-13,75
LOG,Centro 5,Hybrid,2024-05-13,74
PRO,Centro 3,Hybrid,2024-05-13,74
CYB,Centro 5,Online,2024-05-13,66
ING,Centro 1,Online,2024-05-13,65
HCP,Centro 3,In-person,2024-05-13,63
CYB,Centro 4,Hybrid,2024-05-13,59
SCI,Centro 3,Hybrid,2024-05-13,59
SST,Centro 3,In-person,2024-05-13,58
SST,Centro 3,Online,2024-05-13,57
PBI,Centro 2,In-person,2024-05-13,55
CYB,Centro 4,Online,2024-05-13,54
FOR,Centro 1,Hybrid,2024-05-13,54
SST,Centro 4,In-person,2024-05-13,48
MNT,Centro 4,In-person,2024-05-13,47
HCP,Centro 2,In-person,2024-05-13,46
MNT,Centro 1,In-person,2024-05-13,46
SEG,Centro 5,In-person,2024-05-13,46
FOR,Centro 4,Hybrid,2024-05-13,45
LID,Centro 2,Online,2024-05-13,45
SCI,Centro 4,Hybrid,2024-05-13,45
CYB,Centro 2,In-person,2024-05-13,44
SEG,Centro 3,Hybrid,2024-05-13,44
EMP,Centro 1,In-person,2024-05-13,43
HAC,Centro 5,Hybrid,2024-05-13,43
HAC,Centro 2,In-person,2024-05-13,42
INF,Centro 2,Hybrid,2024-05-13,41
GER,Centro 5,Hybrid,2024-05-13,40
SST,Centro 2,In-person,2024-05-13,40
FOR,Centro 3,In-person,2024-05-13,39
HCP,Centro 5,Hybrid,2024-05-13,39
LOG,Centro 2,In-person,2024-05-13,38
MNT,Centro 5,In-person,2024-05-13,38
PBI,Centro 1,Online,2024-05-13,38
SOC,Centro 5,Hybrid,2024-05-13,38
SOC,Centro 4,In-person,2024-05-13,38
HOT,Centro 1,In-person,2024-05-13,37
INF,Centro 1,In-person,2024-05-13,37
PRO,Centro 1,Hybrid,2024-05-13,35
LID,Centro 1,In-person,2024-05-13,34
FOR,Centro 2,Online,2024-05-13,33
GER,Centro 4,In-person,2024-05-13,33
LID,Centro 4,Hybrid,2024-05-13,33
HAC,Centro 1,Hybrid,2024-05-13,31
EMP,Centro 5,In-person,2024-05-13,30
SEG,Centro 4,In-person,2024-05-13,29
SST,Centro 5,In-person,2024-05-13,29
SST,Centro 1,In-person,2024-05-13,28
MNT,Centro 2,In-person,2024-05-13,27
ING,Centro 1,Hybrid,2024-05-13,26
PBI,Centro 3,In-person,2024-05-13,26
SOC,Centro 1,Hybrid,2024-05-13,26
LOG,Centro 1,In-person,2024-05-13,25
LOG,Centro 4,In-person,2024-05-13,23
PBI,Centro 5,Online,2024-05-13,23
ING,Centro 4,Hybrid,2024-05-13,22
PRO,Centro 5,Hybrid,2024-05-13,22
PRO,Centro 2,In-person,2024-05-13,22
CYB,Centro 3,Online,2024-05-13,21
FOR,Centro 1,In-person,2024-05-13,21
GES,Centro 2,Hybrid,2024-05-13,20
PBI,Centro 1,In-person,2024-05-13,20
SST,Centro 1,Hybrid,2024-05-13,20
INF,Centro 2,In-person,2024-05-13,19
LOG,Centro 3,In-person,2024-05-13,19
EXC,Centro 2,Online,2024-05-13,18
LID,Centro 2,In-person,2024-05-13,16
PBI,Centro 2,Hybrid,2024-05-13,16
SCI,Centro 1,In-person,2024-05-13,16
ING,Centro 5,Online,2024-05-13,15
PRI,Centro 2,In-person,2024-05-13,15
PRO,Centro 2,Hybrid,2024-05-13,14
TUR,Centro 3,In-person,2024-05-13,14
EMP,Centro 3,In-person,2024-05-13,13
GER,Centro 3,In-person,2024-05-13,13
PRI,Centro 2,Hybrid,2024-05-13,13
GES,Centro 5,Hybrid,2024-05-13,12
PYT,Centro 1,In-person,2024-05-13,12
SST,Centro 3,Hybrid,2024-05-13,12
INF,Centro 3,In-person,2024-05-13,11
PYT,Centro 4,Online,2024-05-13,10
TUR,Centro 4,In-person,2024-05-13,10
SCI,Centro 1,Hybrid,2024-05-13,9
LID,Centro 4,In-person,2024-05-13,8
PYT,Centro 4,In-person,2024-05-13,8
SEG,Centro 2,Hybrid,2024-05-13,8
LID,Centro 3,Online,2024-05-13,7
SCI,Centro 2,Hybrid,2024-05-13,7
VND,Centro 5,In-person,2024-05-13,7
EXC,Centro 2,Hybrid,2024-05-13,6
LOG,Centro 1,Hybrid,2024-05-13,6
PRI,Centro 3,Hybrid,2024-05-13,6
SST,Centro 1,Online,2024-05-13,6
GES,Centro 4,In-person,2024-05-13,5
LID,Centro 5,In-person,2024-05-13,5
PRO,Centro 5,Online,2024-05-13,5
PYT,Centro 2,Hybrid,2024-05-13,5
PYT,Centro 2,In-person,2024-05-13,5
SOC,Centro 3,In-person,2024-05-13,5
CYB,Centro 2,Online,2024-05-13,4
EXC,Centro 3,Online,2024-05-13,4
FOR,Centro 3,Hybrid,2024-05-13,4
GER,Centro 4,Hybrid,2024-05-13,4
HAC,Centro 4,In-person,2024-05-13,4
INF,Centro 5,Hybrid,2024-05-13,4
INF,Centro 4,In-person,2024-05-13,4
LOG,Centro 5,In-person,2024-05-13,4
PBI,Centro 4,In-person,2024-05-13,4
PYT,Centro 3,Hybrid,2024-05-13,4
TUR,Centro 2,Hybrid,2024-05-13,4
EXC,Centro 4,Hybrid,2024-05-13,3
PBI,Centro 4,Online,2024-05-13,3
PBI,Centro 2,Hybrid,2024-05-20,148
FOR,Centro 2,Online,2024-05-20,133
MNT,Centro 2,In-person,2024-05-20,122
MNT,Centro 1,In-person,2024-05-20,119
PRO,Centro 5,Online,2024-05-20,117
GES,Centro 1,Hybrid,2024-05-20,102
MNT,Centro 4,In-person,2024-05-20,99
GES,Centro 1,Online,2024-05-20,96
LID,Centro 3,In-person,2024-05-20,85
PBI,Centro 3,Online,2024-05-20,80
TUR,Centro 3,In-person,2024-05-20,80
PRO,Centro 4,In-person,2024-05-20,79
PYT,Centro 2,Hybrid,2024-05-20,79
VND,Centro 1,In-person,2024-05-20,73
PYT,Centro 3,Hybrid,2024-05-20,71
HAC,Centro 2,In-person,2024-05-20,69
ING,Centro 4,Hybrid,2024-05-20,67
EXC,Centro 1,Online,2024-05-20,66
EXC,Centro 3,Online,2024-05-20,66
GER,Centro 1,In-person,2024-05-20,64
HCP,Centro 5,In-person,2024-05-20,62
PYT,Centro 4,In-person,2024-05-20,61
SCI,Centro 2,Hybrid,2024-05-20,60
SEG,Centro 3,Hybrid,2024-05-20,58
PBI,Centro 3,Hybrid,2024-05-20,55
SEG,Centro 2,In-person,2024-05-20,55
EMP,Centro 5,In-person,2024-05-20,54
FOR,Centro 5,Hybrid,2024-05-20,52
PBI,Centro 1,Online,2024-05-20,51
GER,Centro 5,Hybrid,2024-05-20,50
LID,Centro 2,In-person,2024-05-20,50
GES,Centro 4,In-person,2024-05-20,47
SST,Centro 2,In-person,2024-05-20,47
VND,Centro 2,In-person,2024-05-20,47
PBI,Centro 5,Online,2024-05-20,46
TUR,Centro 2,Hybrid,2024-05-20,46
HOT,Centro 4,Hybrid,2024-05-20,44
EXC,Centro 4,Hybrid,2024-05-20,43
EXC,Centro 1,Hybrid,2024-05-20,42
FOR,Centro 5,Online,2024-05-20,40
LOG,Centro 5,Hybrid,2024-05-20,40
SST,Centro 1,Online,2024-05-20,39
EXC,Centro 3,In-person,2024-05-20,36
LOG,Centro 4,In-person,2024-05-20,36
INF,Centro 4,In-person,2024-05-20,35
PRI,Centro 2,Hybrid,2024-05-20,35
PRO,Centro 4,Online,2024-05-20,35
FOR,Centro 3,Hybrid,2024-05-20,33
LID,Centro 1,In-person,2024-05-20,33
LOG,Centro 2,In-person,2024-05-20,33
INF,Centro 3,Hybrid,2024-05-20,31
SCI,Centro 3,In-person,2024-05-20,31
ING,Centro 2,In-person,2024-05-20,30
SEG,Centro 5,Online,2024-05-20,30
PRI,Centro 3,In-person,2024-05-20,29
CYB,Centro 2,Online,2024-05-20,28
HCP,Centro 5,Hybrid,2024-05-20,28
LID,Centro 1,Online,2024-05-20,26
TUR,Centro 1,In-person,2024-05-20,26
TUR,Centro 5,In-person,2024-05-20,26
CYB,Centro 5,Hybrid,2024-05-20,24
LID,Centro 4,In-person,2024-05-20,24
LID,Centro 5,In-person,2024-05-20,24
PRO,Centro 1,Hybrid,2024-05-20,24
SCI,Centro 4,In-person,2024-05-20,24
SEG,Centro 4,Hybrid,2024-05-20,23
HOT,Centro 2,Hybrid,2024-05-20,22
SST,Centro 4,In-person,2024-05-20,22
FOR,Centro 1,Online,2024-05-20,21
GES,Centro 4,Online,2024-05-20,21
VND,Centro 2,Hybrid,2024-05-20,21
HAC,Centro 1,Hybrid,2024-05-20,20
SST,Centro 5,In-person,2024-05-20,20
ING,Centro 3,Online,2024-05-20,18
MNT,Centro 3,In-person,2024-05-20,18
PRI,Centro 4,In-person,2024-05-20,17
SOC,Centro 3,In-person,2024-05-20,17
GER,Centro 5,In-person,2024-05-20,16
FOR,Centro 3,In-person,2024-05-20,15
SEG,Centro 2,Hybrid,2024-05-20,15
SEG,Centro 5,In-person,2024-05-20,15
LID,Centro 2,Online,2024-05-20,13
SEG,Centro 3,In-person,2024-05-20,11
EMP,Centro 1,In-person,2024-05-20,10
FOR,Centro 4,Online,2024-05-20,10
GES,Centro 5,Hybrid,2024-05-20,10
GES,Centro 2,In-person,2024-05-20,10
HOT,Centro 1,In-person,2024-05-20,10
HOT,Centro 2,In-person,2024-05-20,10
INF,Centro 2,Hybrid,2024-05-20,10
PRI,Centro 2,In-person,2024-05-20,10
PRO,Centro 3,Hybrid,2024-05-20,9
VND,Centro 5,Hybrid,2024-05-20,9
ING,Centro 1,In-person,2024-05-20,8
GER,Centro 3,Hybrid,2024-05-20,7
INF,Centro 2,In-person,2024-05-20,7
ING,Centro 3,Hybrid,2024-05-20,7
SOC,Centro 3,Hybrid,2024-05-20,7
SST,Centro 3,In-person,2024-05-20,7
SEG,Centro 1,In-person,2024-05-20,6
CYB,Centro 3,Online,2024-05-20,5
FOR,Centro 4,Hybrid,2024-05-20,5
SCI,Centro 5,In-person,2024-05-20,5
CYB,Centro 3,In-person,2024-05-20,4
EMP,Centro 3,In-person,2024-05-20,4
GER,Centro 3,In-person,2024-05-20,4
GES,Centro 2,Hybrid,2024-05-20,4
HCP,Centro 3,In-person,2024-05-20,4
PBI,Centro 1,Hybrid,2024-05-20,4
PYT,Centro 4,Online,2024-05-20,4
SST,Centro 3,Hybrid,2024-05-20,4
EXC,Centro 2,Hybrid,2024-05-20,3
HCP,Centro 2,In-person,2024-05-20,3
LOG,Centro 3,In-person,2024-05-20,3
PRI,Centro 1,Hybrid,2024-05-20,3
SST,Centro 5,Online,2024-05-20,3
PBI,Centro 3,In-person,2024-05-20,2
PBI,Centro 5,Online,2024-05-27,110
PRO,Centro 5,Hybrid,2024-05-27,98
HAC,Centro 5,In-person,2024-05-27,96
PYT,Centro 1,Online,2024-05-27,89
LID,Centro 2,Online,2024-05-27,88
PBI,Centro 2,Online,2024-05-27,86
PBI,Centro 1,Online,2024-05-27,84
INF,Centro 3,In-person,2024-05-27,80
PRO,Centro 5,Online,2024-05-27,78
LID,Centro 1,Online,2024-05-27,73
SCI,Centro 5,In-person,2024-05-27,67
CYB,Centro 1,Hybrid,2024-05-27,64
TUR,Centro 2,In-person,2024-05-27,63
PBI,Centro 5,Hybrid,2024-05-27,56
GES,Centro 5,Hybrid,2024-05-27,55
LOG,Centro 3,Hybrid,2024-05-27,55
ING,Centro 4,Hybrid,2024-05-27,53
HAC,Centro 2,In-person,2024-05-27,52
GER,Centro 5,Hybrid,2024-05-27,50
INF,Centro 2,Hybrid,2024-05-27,49
EXC,Centro 5,In-person,2024-05-27,48
MNT,Centro 5,In-person,2024-05-27,47
VND,Centro 5,Hybrid,2024-05-27,47
EMP,Centro 4,In-person,2024-05-27,46
SST,Centro 2,Hybrid,2024-05-27,46
LOG,Centro 2,Hybrid,2024-05-27,45
SST,Centro 3,Hybrid,2024-05-27,45
EXC,Centro 3,Hybrid,2024-05-27,42
PBI,Centro 2,Hybrid,2024-05-27,41
SCI,Centro 1,Hybrid,2024-05-27,40
SST,Centro 5,In-person,2024-05-27,38
TUR,Centro 3,In-person,2024-05-27,37
EXC,Centro 4,Hybrid,2024-05-27,36
CYB,Centro 2,In-person,2024-05-27,33
SST,Centro 3,In-person,2024-05-27,33
PRI,Centro 1,In-person,2024-05-27,32
HAC,Centro 1,Hybrid,2024-05-27,31
INF,Centro 5,Hybrid,2024-05-27,31
LID,Centro 5,Hybrid,2024-05-27,31
PYT,Centro 4,Hybrid,2024-05-27,28
SEG,Centro 2,In-person,2024-05-27,28
VND,Centro 4,In-person,2024-05-27,28
SOC,Centro 4,In-person,2024-05-27,25
CYB,Centro 4,In-person,2024-05-27,24
GER,Centro 4,In-person,2024-05-27,23
SEG,Centro 3,Hybrid,2024-05-27,23
HCP,Centro 5,In-person,2024-05-27,22
FOR,Centro 4,Hybrid,2024-05-27,21
ING,Centro 3,Online,2024-05-27,21
MNT,Centro 4,In-person,2024-05-27,21
EXC,Centro 2,Hybrid,2024-05-27,19
GER,Centro 1,In-person,2024-05-27,19
HOT,Centro 1,In-person,2024-05-27,18
PYT,Centro 1,Hybrid,2024-05-27,18
HAC,Centro 1,In-person,2024-05-27,17
GER,Centro 4,Hybrid,2024-05-27,16
PBI,Centro 4,Online,2024-05-27,16
SOC,Centro 3,In-person,2024-05-27,16
HCP,Centro 4,In-person,2024-05-27,15
LOG,Centro 5,Hybrid,2024-05-27,15
LOG,Centro 5,In-person,2024-05-27,15
MNT,Centro 1,In-person,2024-05-27,15
CYB,Centro 4,Hybrid,2024-05-27,14
EXC,Centro 4,Online,2024-05-27,14
LID,Centro 4,In-person,2024-05-27,13
SCI,Centro 2,Hybrid,2024-05-27,13
PBI,Centro 3,Hybrid,2024-05-27,11
SCI,Centro 1,In-person,2024-05-27,10
FOR,Centro 1,Hybrid,2024-05-27,9
SEG,Centro 4,Hybrid,2024-05-27,9
CYB,Centro 3,In-person,2024-05-27,8
EMP,Centro 1,In-person,2024-05-27,8
PYT,Centro 2,Online,2024-05-27,8
PYT,Centro 1,In-person,2024-05-27,8
EMP,Centro 2,In-person,2024-05-27,6
EXC,Centro 2,Online,2024-05-27,6
PRI,Centro 2,In-person,2024-05-27,6
PRI,Centro 3,In-person,2024-05-27,6
SST,Centro 1,Online,2024-05-27,6
EMP,Centro 3,In-person,2024-05-27,5
EMP,Centro 5,In-person,2024-05-27,5
FOR,Centro 2,Online,2024-05-27,5
GES,Centro 1,Online,2024-05-27,5
GES,Centro 2,Hybrid,2024-05-27,5
LID,Centro 2,In-person,2024-05-27,5
PBI,Centro 1,Hybrid,2024-05-27,5
PRO,Centro 3,Hybrid,2024-05-27,5
FOR,Centro 3,Hybrid,2024-05-27,4
HOT,Centro 5,In-person,2024-05-27,4
PRI,Centro 1,Hybrid,2024-05-27,4
SEG,Centro 4,In-person,2024-05-27,4
PBI,Centro 4,In-person,2024-05-27,3
PRI,Centro 2,Hybrid,2024-05-27,3
PRO,Centro 3,Hybrid,2024-06-03,108
CYB,Centro 1,Hybrid,2024-06-03,101
EXC,Centro 3,Online,2024-06-03,96
LOG,Centro 4,In-person,2024-06-03,92
HOT,Centro 1,In-person,2024-06-03,85
CYB,Centro 3,Online,2024-06-03,75
HAC,Centro 3,Online,2024-06-03,74
GES,Centro 4,Hybrid,2024-06-03,69
CYB,Centro 2,Online,2024-06-03,66
SEG,Centro 1,Hybrid,2024-06-03,64
PRO,Centro 3,In-person,2024-06-03,62
TUR,Centro 4,In-person,2024-06-03,56
EMP,Centro 1,In-person,2024-06-03,55
INF,Centro 3,In-person,2024-06-03,52
SST,Centro 5,In-person,2024-06-03,51
HCP,Centro 5,In-person,2024-06-03,50
SST,Centro 1,Hybrid,2024-06-03,48
EXC,Centro 3,Hybrid,2024-06-03,46
INF,Centro 1,In-person,2024-06-03,46
PRI,Centro 2,Hybrid,2024-06-03,46
PYT,Centro 2,Online,2024-06-03,45
MNT,Centro 5,In-person,2024-06-03,44
PRI,Centro 3,In-person,2024-06-03,41
MNT,Centro 2,In-person,2024-06-03,40
PBI,Centro 5,Online,2024-06-03,39
PBI,Centro 3,Hybrid,2024-06-03,37
PRI,Centro 1,In-person,2024-06-03,37
SCI,Centro 1,In-person,2024-06-03,33
SST,Centro 2,Hybrid,2024-06-03,33
EXC,Centro 2,Hybrid,2024-06-03,30
SST,Centro 4,In-person,2024-06-03,30
GER,Centro 4,Hybrid,2024-06-03,29
MNT,Centro 3,In-person,2024-06-03,29
TUR,Centro 4,Hybrid,2024-06-03,29
SCI,Centro 3,In-person,2024-06-03,28
CYB,Centro 2,Hybrid,2024-06-03,27
FOR,Centro 1,Hybrid,2024-06-03,24
LOG,Centro 3,In-person,2024-06-03,24
CYB,Centro 2,In-person,2024-06-03,22
ING,Centro 2,In-person,2024-06-03,21
FOR,Centro 3,Hybrid,2024-06-03,19
PRO,Centro 2,In-person,2024-06-03,19
FOR,Centro 1,Online,2024-06-03,17
TUR,Centro 3,In-person,2024-06-03,17
EXC,Centro 1,Hybrid,2024-06-03,16
FOR,Centro 4,Online,2024-06-03,16
FOR,Centro 3,In-person,2024-06-03,15
SST,Centro 2,In-person,2024-06-03,14
GER,Centro 4,In-person,2024-06-03,13
GER,Centro 5,In-person,2024-06-03,13
INF,Centro 3,Hybrid,2024-06-03,13
VND,Centro 4,In-person,2024-06-03,13
PBI,Centro 3,In-person,2024-06-03,12
LID,Centro 4,Hybrid,2024-06-03,10
MNT,Centro 1,In-person,2024-06-03,10
SST,Centro 5,Online,2024-06-03,10
EMP,Centro 5,In-person,2024-06-03,9
SCI,Centro 3,Hybrid,2024-06-03,9
LID,Centro 2,Hybrid,2024-06-03,8
EMP,Centro 3,In-person,2024-06-03,7
GER,Centro 5,Hybrid,2024-06-03,7
HAC,Centro 1,Hybrid,2024-06-03,7
HCP,Centro 5,Hybrid,2024-06-03,7
HCP,Centro 2,In-person,2024-06-03,7
PBI,Centro 3,Online,2024-06-03,7
SCI,Centro 1,Hybrid,2024-06-03,7
SEG,Centro 1,In-person,2024-06-03,7
EXC,Centro 3,In-person,2024-06-03,6
LOG,Centro 2,Hybrid,2024-06-03,6
TUR,Centro 2,Hybrid,2024-06-03,6
VND,Centro 2,Online,2024-06-03,6
FOR,Centro 2,Online,2024-06-03,5
EXC,Centro 2,Online,2024-06-03,4
FOR,Centro 5,Online,2024-06-03,4
HAC,Centro 5,In-person,2024-06-03,4
INF,Centro 1,Hybrid,2024-06-03,4
LID,Centro 5,Hybrid,2024-06-03,4
PRO,Centro 5,Hybrid,2024-06-03,4
SCI,Centro 5,In-person,2024-06-03,4
VND,Centro 5,Hybrid,2024-06-03,4
HCP,Centro 1,Hybrid,2024-06-03,3
LOG,Centro 5,In-person,2024-06-03,3
SEG,Centro 3,Hybrid,2024-06-03,3
CYB,Centro 4,In-person,2024-06-10,108
LOG,Centro 1,In-person,2024-06-10,107
CYB,Centro 2,Online,2024-06-10,91
FOR,Centro 3,Hybrid,2024-06-10,89
MNT,Centro 5,In-person,2024-06-10,79
ING,Centro 2,Online,2024-06-10,75
VND,Centro 1,In-person,2024-06-10,63
CYB,Centro 2,Hybrid,2024-06-10,58
PRI,Centro 3,In-person,2024-06-10,53
TUR,Centro 5,In-person,2024-06-10,53
LID,Centro 5,Hybrid,2024-06-10,52
EXC,Centro 2,Online,2024-06-10,51
EMP,Centro 5,In-person,2024-06-10,50
SST,Centro 3,In-person,2024-06-10,50
INF,Centro 2,Hybrid,2024-06-10,49
LOG,Centro 4,Hybrid,2024-06-10,49
PBI,Centro 3,Hybrid,2024-06-10,49
LID,Centro 4,Hybrid,2024-06-10,47
EXC,Centro 4,Online,2024-06-10,46
SST,Centro 4,Online,2024-06-10,46
SST,Centro 5,In-person,2024-06-10,45
LOG,Centro 3,In-person,2024-06-10,44
PYT,Centro 1,Hybrid,2024-06-10,41
HOT,Centro 3,In-person,2024-06-10,40
SOC,Centro 5,Hybrid,2024-06-10,40
HOT,Centro 1,In-person,2024-06-10,36
SOC,Centro 3,In-person,2024-06-10,34
VND,Centro 5,In-person,2024-06-10,34
GES,Centro 2,Hybrid,2024-06-10,33
LOG,Centro 2,Hybrid,2024-06-10,30
HOT,Centro 4,Hybrid,2024-06-10,28
ING,Centro 2,In-person,2024-06-10,28
GER,Centro 1,In-person,2024-06-10,27
HCP,Centro 4,Hybrid,2024-06-10,27
HOT,Centro 5,In-person,2024-06-10,26
EMP,Centro 2,In-person,2024-06-10,24
GER,Centro 4,Hybrid,2024-06-10,24
ING,Centro 3,Online,2024-06-10,24
EXC,Centro 3,In-person,2024-06-10,23
SEG,Centro 3,Hybrid,2024-06-10,23
GER,Centro 2,Hybrid,2024-06-10,22
CYB,Centro 4,Hybrid,2024-06-10,21
HAC,Centro 5,In-person,2024-06-10,21
PBI,Centro 1,Hybrid,2024-06-10,21
SCI,Centro 1,In-person,2024-06-10,21
EXC,Centro 1,Online,2024-06-10,20
EXC,Centro 4,Hybrid,2024-06-10,19
EMP,Centro 1,In-person,2024-06-10,17
PRO,Centro 5,Online,2024-06-10,17
LOG,Centro 2,In-person,2024-06-10,15
PRO,Centro 2,In-person,2024-06-10,15
EXC,Centro 3,Online,2024-06-10,14
CYB,Centro 5,Online,2024-06-10,13
EMP,Centro 3,In-person,2024-06-10,13
GER,Centro 2,In-person,2024-06-10,13
HCP,Centro 5,In-person,2024-06-10,13
PYT,Centro 1,Online,2024-06-10,13
TUR,Centro 3,In-person,2024-06-10,13
FOR,Centro 1,Hybrid,2024-06-10,12
INF,Centro 4,In-person,2024-06-10,12
INF,Centro 3,In-person,2024-06-10,11
VND,Centro 3,Online,2024-06-10,11
GER,Centro 5,In-person,2024-06-10,10
HOT,Centro 2,In-person,2024-06-10,10
SST,Centro 2,Hybrid,2024-06-10,10
FOR,Centro 2,In-person,2024-06-10,8
FOR,Centro 3,In-person,2024-06-10,8
GER,Centro 5,Hybrid,2024-06-10,8
ING,Centro 4,Online,2024-06-10,8
LID,Centro 3,Hybrid,2024-06-10,8
MNT,Centro 1,In-person,2024-06-10,7
PRI,Centro 2,Hybrid,2024-06-10,7
SCI,Centro 3,Hybrid,2024-06-10,7
SEG,Centro 1,In-person,2024-06-10,7
SEG,Centro 3,In-person,2024-06-10,7
PRI,Centro 5,In-person,2024-06-10,6
GES,Centro 3,Online,2024-06-10,5
ING,Centro 4,Hybrid,2024-06-10,5
PBI,Centro 3,In-person,2024-06-10,5
SCI,Centro 5,In-person,2024-06-10,5
CYB,Centro 3,In-person,2024-06-10,4
GER,Centro 4,In-person,2024-06-10,4
GES,Centro 4,In-person,2024-06-10,4
HCP,Centro 3,In-person,2024-06-10,4
LOG,Centro 1,Hybrid,2024-06-10,4
LOG,Centro 4,In-person,2024-06-10,4
EXC,Centro 1,Hybrid,2024-06-10,3
PRI,Centro 2,In-person,2024-06-10,3
SST,Centro 3,Hybrid,2024-06-10,3
VND,Centro 2,Online,2024-06-17,98
VND,Centro 3,Online,2024-06-17,92
PBI,Centro 3,Hybrid,2024-06-17,87
CYB,Centro 4,Hybrid,2024-06-17,86
LID,Centro 3,Hybrid,2024-06-17,85
LID,Centro 4,Hybrid,2024-06-17,85
INF,Centro 5,In-person,2024-06-17,73
VND,Centro 2,Hybrid,2024-06-17,71
FOR,Centro 1,Online,2024-06-17,69
CYB,Centro 3,In-person,2024-06-17,66
EMP,Centro 1,In-person,2024-06-17,66
PYT,Centro 4,Hybrid,2024-06-17,66
PBI,Centro 4,Online,2024-06-17,65
INF,Centro 3,Hybrid,2024-06-17,63
TUR,Centro 1,In-person,2024-06-17,61
HCP,Centro 1,Hybrid,2024-06-17,60
HOT,Centro 5,In-person,2024-06-17,56
LOG,Centro 1,Hybrid,2024-06-17,55
FOR,Centro 5,Online,2024-06-17,54
GER,Centro 1,In-person,2024-06-17,51
SST,Centro 2,In-person,2024-06-17,51
LOG,Centro 3,In-person,2024-06-17,49
HAC,Centro 5,In-person,2024-06-17,48
SEG,Centro 5,Hybrid,2024-06-17,45
FOR,Centro 1,In-person,2024-06-17,44
CYB,Centro 1,In-person,2024-06-17,41
EXC,Centro 4,Hybrid,2024-06-17,40
EXC,Centro 1,Hybrid,2024-06-17,38
MNT,Centro 2,In-person,2024-06-17,38
TUR,Centro 3,Hybrid,2024-06-17,38
SST,Centro 2,Online,2024-06-17,37
HOT,Centro 3,In-person,2024-06-17,32
VND,Centro 1,In-person,2024-06-17,32
SCI,Centro 1,In-person,2024-06-17,30
SOC,Centro 3,In-person,2024-06-17,30
ING,Centro 2,In-person,2024-06-17,29
SEG,Centro 1,Online,2024-06-17,25
SST,Centro 5,In-person,2024-06-17,25
ING,Centro 1,Online,2024-06-17,23
GER,Centro 2,In-person,2024-06-17,22
PRI,Centro 1,In-person,2024-06-17,22
LOG,Centro 1,In-person,2024-06-17,20
EXC,Centro 5,In-person,2024-06-17,18
ING,Centro 3,Online,2024-06-17,18
PRI,Centro 3,In-person,2024-06-17,18
CYB,Centro 2,Online,2024-06-17,17
SST,Centro 4,Online,2024-06-17,17
GES,Centro 4,In-person,2024-06-17,16
LID,Centro 5,Online,2024-06-17,16
SCI,Centro 4,In-person,2024-06-17,16
HAC,Centro 3,Online,2024-06-17,15
ING,Centro 4,Online,2024-06-17,14
ING,Centro 4,Hybrid,2024-06-17,14
LOG,Centro 2,Hybrid,2024-06-17,14
EXC,Centro 3,Online,2024-06-17,13
GES,Centro 4,Hybrid,2024-06-17,13
LOG,Centro 5,Hybrid,2024-06-17,13
CYB,Centro 5,Online,2024-06-17,11
MNT,Centro 1,In-person,2024-06-17,10
SEG,Centro 3,Hybrid,2024-06-17,10
FOR,Centro 1,Hybrid,2024-06-17,9
GES,Centro 3,Online,2024-06-17,9
MNT,Centro 3,In-person,2024-06-17,8
PBI,Centro 3,In-person,2024-06-17,8
VND,Centro 3,In-person,2024-06-17,8
HOT,Centro 1,In-person,2024-06-17,7
ING,Centro 2,Online,2024-06-17,7
MNT,Centro 5,In-person,2024-06-17,7
TUR,Centro 4,In-person,2024-06-17,7
HOT,Centro 2,Hybrid,2024-06-17,6
SEG,Centro 1,In-person,2024-06-17,6
SST,Centro 3,In-person,2024-06-17,6
SOC,Centro 4,Hybrid,2024-06-17,5
INF,Centro 1,Hybrid,2024-06-17,4
ING,Centro 1,In-person,2024-06-17,4
LOG,Centro 5,In-person,2024-06-17,4
PBI,Centro 1,In-person,2024-06-17,4
HOT,Centro 2,In-person,2024-06-24,133
VND,Centro 3,Online,2024-06-24,97
SST,Centro 1,In-person,2024-06-24,94
LID,Centro 1,Online,2024-06-24,91
LOG,Centro 5,In-person,2024-06-24,91
PBI,Centro 4,Online,2024-06-24,86
CYB,Centro 4,Hybrid,2024-06-24,85
PRO,Centro 2,Online,2024-06-24,85
TUR,Centro 4,In-person,2024-06-24,79
FOR,Centro 1,Hybrid,2024-06-24,78
CYB,Centro 5,Online,2024-06-24,75
HOT,Centro 3,Hybrid,2024-06-24,74
INF,Centro 5,In-person,2024-06-24,72
EXC,Centro 5,Online,2024-06-24,63
EMP,Centro 1,In-person,2024-06-24,57
SEG,Centro 1,In-person,2024-06-24,56
EXC,Centro 3,Online,2024-06-24,54
PYT,Centro 1,Online,2024-06-24,47
SST,Centro 2,Online,2024-06-24,47
HAC,Centro 4,Hybrid,2024-06-24,45
SEG,Centro 5,Hybrid,2024-06-24,45
SCI,Centro 1,In-person,2024-06-24,44
INF,Centro 3,In-person,2024-06-24,43
GER,Centro 2,In-person,2024-06-24,41
HOT,Centro 5,In-person,2024-06-24,40
FOR,Centro 2,In-person,2024-06-24,39
SST,Centro 5,Hybrid,2024-06-24,39
PBI,Centro 1,Hybrid,2024-06-24,38
VND,Centro 2,In-person,2024-06-24,38
HOT,Centro 5,Hybrid,2024-06-24,37
GER,Centro 5,Hybrid,2024-06-24,34
HCP,Centro 1,In-person,2024-06-24,34
TUR,Centro 4,Hybrid,2024-06-24,34
EXC,Centro 1,Hybrid,2024-06-24,31
LOG,Centro 3,In-person,2024-06-24,30
SST,Centro 5,In-person,2024-06-24,30
CYB,Centro 1,Hybrid,2024-06-24,29
EXC,Centro 3,Hybrid,2024-06-24,27
MNT,Centro 1,In-person,2024-06-24,24
CYB,Centro 2,Hybrid,2024-06-24,23
SST,Centro 4,Online,2024-06-24,22
VND,Centro 1,In-person,2024-06-24,22
PYT,Centro 1,Hybrid,2024-06-24,20
EXC,Centro 4,Online,2024-06-24,19
LOG,Centro 1,Hybrid,2024-06-24,19
LOG,Centro 2,Hybrid,2024-06-24,19
EXC,Centro 4,Hybrid,2024-06-24,16
HAC,Centro 3,Hybrid,2024-06-24,16
ING,Centro 2,In-person,2024-06-24,13
MNT,Centro 2,In-person,2024-06-24,11
MNT,Centro 3,In-person,2024-06-24,10
PRI,Centro 5,In-person,2024-06-24,10
HAC,Centro 5,Hybrid,2024-06-24,9
HOT,Centro 4,In-person,2024-06-24,9
PRI,Centro 1,In-person,2024-06-24,9
SCI,Centro 2,Hybrid,2024-06-24,9
CYB,Centro 4,Online,2024-06-24,8
CYB,Centro 4,In-person,2024-06-24,8
GES,Centro 4,In-person,2024-06-24,8
ING,Centro 1,In-person,2024-06-24,8
HAC,Centro 2,In-person,2024-06-24,7
LID,Centro 5,Online,2024-06-24,7
INF,Centro 2,Hybrid,2024-06-24,6
PRI,Centro 3,In-person,2024-06-24,6
SST,Centro 2,Hybrid,2024-06-24,6
SST,Centro 3,In-person,2024-06-24,6
GER,Centro 5,In-person,2024-06-24,5
GES,Centro 4,Hybrid,2024-06-24,5
ING,Centro 3,Online,2024-06-24,5
ING,Centro 4,Hybrid,2024-06-24,5
PRO,Centro 4,Online,2024-06-24,5
FOR,Centro 5,Online,2024-06-24,4
HAC,Centro 1,Hybrid,2024-06-24,4
INF,Centro 3,Hybrid,2024-06-24,4
ING,Centro 4,Online,2024-06-24,4
LOG,Centro 5,Hybrid,2024-06-24,4
LOG,Centro 4,In-person,2024-06-24,4
SEG,Centro 2,In-person,2024-06-24,4
SST,Centro 5,In-person,2024-07-01,109
HCP,Centro 5,Hybrid,2024-07-01,102
VND,Centro 3,In-person,2024-07-01,85
SOC,Centro 4,Hybrid,2024-07-01,82
PBI,Centro 5,Online,2024-07-01,79
GER,Centro 2,In-person,2024-07-01,76
INF,Centro 3,In-person,2024-07-01,70
GER,Centro 1,In-person,2024-07-01,69
ING,Centro 1,Online,2024-07-01,66
EXC,Centro 4,Hybrid,2024-07-01,54
ING,Centro 4,Online,2024-07-01,54
VND,Centro 2,Online,2024-07-01,53
GER,Centro 2,Hybrid,2024-07-01,48
SOC,Centro 3,Hybrid,2024-07-01,48
PRO,Centro 2,Hybrid,2024-07-01,47
MNT,Centro 1,In-person,2024-07-01,46
HOT,Centro 2,In-person,2024-07-01,44
PRI,Centro 3,In-person,2024-07-01,44
CYB,Centro 3,Online,2024-07-01,37
LOG,Centro 3,Hybrid,2024-07-01,37
SCI,Centro 1,In-person,2024-07-01,37
SST,Centro 1,In-person,2024-07-01,37
GES,Centro 2,Hybrid,2024-07-01,36
ING,Centro 3,Online,2024-07-01,36
PRI,Centro 1,In-person,2024-07-01,35
LOG,Centro 2,Hybrid,2024-07-01,34
PBI,Centro 3,In-person,2024-07-01,33
SOC,Centro 1,Hybrid,2024-07-01,32
HAC,Centro 1,Hybrid,2024-07-01,31
EXC,Centro 3,Online,2024-07-01,29
GER,Centro 4,In-person,2024-07-01,28
PRI,Centro 5,Hybrid,2024-07-01,28
SEG,Centro 1,Online,2024-07-01,27
VND,Centro 4,Hybrid,2024-07-01,26
GER,Centro 5,In-person,2024-07-01,25
LOG,Centro 4,In-person,2024-07-01,25
LOG,Centro 5,In-person,2024-07-01,25
HAC,Centro 2,In-person,2024-07-01,24
HOT,Centro 4,In-person,2024-07-01,24
HOT,Centro 5,In-person,2024-07-01,24
SCI,Centro 4,In-person,2024-07-01,24
PYT,Centro 1,Hybrid,2024-07-01,23
PRI,Centro 2,In-person,2024-07-01,22
SCI,Centro 3,In-person,2024-07-01,22
TUR,Centro 1,In-person,2024-07-01,22
EXC,Centro 1,Hybrid,2024-07-01,21
INF,Centro 1,Hybrid,2024-07-01,17
PRO,Centro 2,Online,2024-07-01,17
PYT,Centro 1,Online,2024-07-01,16
SEG,Centro 1,Hybrid,2024-07-01,14
TUR,Centro 4,In-person,2024-07-01,12
FOR,Centro 5,In-person,2024-07-01,11
GER,Centro 3,In-person,2024-07-01,11
HAC,Centro 1,Online,2024-07-01,9
LOG,Centro 3,In-person,2024-07-01,9
SEG,Centro 1,In-person,2024-07-01,9
PRO,Centro 1,In-person,2024-07-01,8
CYB,Centro 1,In-person,2024-07-01,7
EXC,Centro 3,In-person,2024-07-01,6
SST,Centro 2,Hybrid,2024-07-01,6
CYB,Centro 4,Hybrid,2024-07-01,5
EMP,Centro 3,In-person,2024-07-01,5
VND,Centro 1,Hybrid,2024-07-01,5
FOR,Centro 3,Hybrid,2024-07-01,4
FOR,Centro 1,In-person,2024-07-01,4
HOT,Centro 3,Hybrid,2024-07-01,4
HOT,Centro 3,In-person,2024-07-01,4
PRO,Centro 4,Online,2024-07-01,4
HAC,Centro 5,Online,2024-07-01,3
INF,Centro 4,In-person,2024-07-01,3
VND,Centro 1,In-person,2024-07-08,104
VND,Centro 1,Hybrid,2024-07-08,92
HCP,Centro 1,In-person,2024-07-08,80
HAC,Centro 5,Online,2024-07-08,79
GES,Centro 2,Hybrid,2024-07-08,76
PYT,Centro 1,In-person,2024-07-08,74
ING,Centro 3,Online,2024-07-08,70
HOT,Centro 2,Hybrid,2024-07-08,62
EXC,Centro 4,Online,2024-07-08,57
PYT,Centro 2,Online,2024-07-08,57
PRI,Centro 3,In-person,2024-07-08,56
PYT,Centro 3,In-person,2024-07-08,56
TUR,Centro 3,Hybrid,2024-07-08,56
EXC,Centro 3,In-person,2024-07-08,55
GES,Centro 2,In-person,2024-07-08,48
LOG,Centro 5,In-person,2024-07-08,48
FOR,Centro 5,Online,2024-07-08,46
PRI,Centro 4,In-person,2024-07-08,46
FOR,Centro 3,Online,2024-07-08,42
PRO,Centro 2,Online,2024-07-08,42
HOT,Centro 5,In-person,2024-07-08,40
MNT,Centro 1,In-person,2024-07-08,38
CYB,Centro 4,Hybrid,2024-07-08,37
GER,Centro 3,Hybrid,2024-07-08,37
GES,Centro 1,Online,2024-07-08,36
ING,Centro 5,Online,2024-07-08,35
TUR,Centro 2,In-person,2024-07-08,35
ING,Centro 4,Online,2024-07-08,34
MNT,Centro 3,In-person,2024-07-08,34
PRO,Centro 4,Hybrid,2024-07-08,32
PRO,Centro 4,In-person,2024-07-08,29
SST,Centro 1,Online,2024-07-08,28
MNT,Centro 4,In-person,2024-07-08,27
PBI,Centro 3,Hybrid,2024-07-08,27
GER,Centro 5,In-person,2024-07-08,26
HCP,Centro 4,Hybrid,2024-07-08,26
INF,Centro 2,In-person,2024-07-08,26
VND,Centro 4,Hybrid,2024-07-08,25
SCI,Centro 1,Hybrid,2024-07-08,24
CYB,Centro 2,Hybrid,2024-07-08,21
EMP,Centro 3,In-person,2024-07-08,21
PYT,Centro 4,In-person,2024-07-08,21
SEG,Centro 5,In-person,2024-07-08,21
HAC,Centro 1,Hybrid,2024-07-08,20
LID,Centro 4,Online,2024-07-08,19
EMP,Centro 4,In-person,2024-07-08,18
HAC,Centro 2,In-person,2024-07-08,18
LID,Centro 1,Online,2024-07-08,18
TUR,Centro 5,In-person,2024-07-08,18
HOT,Centro 2,In-person,2024-07-08,17
LID,Centro 1,In-person,2024-07-08,17
ING,Centro 2,Online,2024-07-08,16
SST,Centro 3,In-person,2024-07-08,15
INF,Centro 3,Hybrid,2024-07-08,14
SEG,Centro 1,Hybrid,2024-07-08,13
TUR,Centro 4,In-person,2024-07-08,13
EMP,Centro 5,In-person,2024-07-08,12
GER,Centro 4,In-person,2024-07-08,12
PRI,Centro 2,In-person,2024-07-08,12
EXC,Centro 4,Hybrid,2024-07-08,10
PBI,Centro 1,In-person,2024-07-08,10
PRI,Centro 5,In-person,2024-07-08,10
INF,Centro 4,Hybrid,2024-07-08,9
PRI,Centro 1,In-person,2024-07-08,9
SEG,Centro 1,In-person,2024-07-08,6
FOR,Centro 1,Hybrid,2024-07-08,5
GER,Centro 1,In-person,2024-07-08,5
PRO,Centro 1,In-person,2024-07-08,5
CYB,Centro 2,In-person,2024-07-08,4
FOR,Centro 2,Online,2024-07-08,4
FOR,Centro 3,Hybrid,2024-07-08,4
HCP,Centro 5,Hybrid,2024-07-08,4
INF,Centro 1,Hybrid,2024-07-08,4
INF,Centro 5,In-person,2024-07-08,4
PBI,Centro 1,Online,2024-07-08,4
PBI,Centro 4,Hybrid,2024-07-08,4
SST,Centro 5,In-person,2024-07-08,4
TUR,Centro 1,In-person,2024-07-08,4
EXC,Centro 3,Online,2024-07-08,3
GER,Centro 2,In-person,2024-07-08,3
LOG,Centro 3,Hybrid,2024-07-08,3
PRO,Centro 4,Online,2024-07-15,101
PYT,Centro 3,Hybrid,2024-07-15,93
CYB,Centro 4,Online,2024-07-15,80
PYT,Centro 1,Hybrid,2024-07-15,78
GER,Centro 5,In-person,2024-07-15,76
LOG,Centro 3,Hybrid,2024-07-15,70
ING,Centro 4,Online,2024-07-15,68
SEG,Centro 1,Online,2024-07-15,65
ING,Centro 3,Online,2024-07-15,62
SST,Centro 1,Online,2024-07-15,62
PYT,Centro 1,Online,2024-07-15,58
EMP,Centro 4,In-person,2024-07-15,49
FOR,Centro 5,Online,2024-07-15,46
SEG,Centro 1,In-person,2024-07-15,43
HOT,Centro 5,In-person,2024-07-15,41
PRI,Centro 5,In-person,2024-07-15,40
INF,Centro 1,In-person,2024-07-15,38
SCI,Centro 3,In-person,2024-07-15,36
GER,Centro 2,Hybrid,2024-07-15,35
MNT,Centro 3,In-person,2024-07-15,34
PBI,Centro 2,In-person,2024-07-15,30
HCP,Centro 1,In-person,2024-07-15,28
PRO,Centro 2,Online,2024-07-15,28
MNT,Centro 1,In-person,2024-07-15,27
GER,Centro 1,In-person,2024-07-15,26
SST,Centro 3,In-person,2024-07-15,26
INF,Centro 3,In-person,2024-07-15,25
SOC,Centro 3,Hybrid,2024-07-15,25
VND,Centro 1,Online,2024-07-15,20
CYB,Centro 1,In-person,2024-07-15,19
SEG,Centro 4,Hybrid,2024-07-15,19
FOR,Centro 1,Hybrid,2024-07-15,18
VND,Centro 4,Hybrid,2024-07-15,18
FOR,Centro 3,Hybrid,2024-07-15,14
SEG,Centro 3,In-person,2024-07-15,13
SOC,Centro 4,Hybrid,2024-07-15,13
PBI,Centro 4,Hybrid,2024-07-15,12
HAC,Centro 3,In-person,2024-07-15,10
INF,Centro 4,In-person,2024-07-15,10
SCI,Centro 2,Hybrid,2024-07-15,10
EXC,Centro 4,Hybrid,2024-07-15,9
LID,Centro 2,Online,2024-07-15,9
TUR,Centro 4,In-person,2024-07-15,9
CYB,Centro 4,Hybrid,2024-07-15,8
CYB,Centro 2,In-person,2024-07-15,8
FOR,Centro 5,In-person,2024-07-15,8
GER,Centro 3,In-person,2024-07-15,8
PRO,Centro 2,Hybrid,2024-07-15,8
VND,Centro 1,In-person,2024-07-15,8
GES,Centro 4,Hybrid,2024-07-15,7
LOG,Centro 5,In-person,2024-07-15,7
LOG,Centro 5,Hybrid,2024-07-15,6
HOT,Centro 3,Hybrid,2024-07-15,5
PBI,Centro 3,Online,2024-07-15,5
EMP,Centro 5,In-person,2024-07-15,4
HAC,Centro 5,In-person,2024-07-15,4
PRO,Centro 1,In-person,2024-07-15,4
PYT,Centro 1,In-person,2024-07-15,4
HAC,Centro 5,Online,2024-07-15,3
LOG,Centro 2,In-person,2024-07-22,116
PRO,Centro 2,Online,2024-07-22,86
ING,Centro 3,Online,2024-07-22,70
FOR,Centro 5,Online,2024-07-22,63
HCP,Centro 1,In-person,2024-07-22,63
SEG,Centro 1,Hybrid,2024-07-22,63
SEG,Centro 1,In-person,2024-07-22,62
SEG,Centro 1,Online,2024-07-22,61
FOR,Centro 3,Hybrid,2024-07-22,56
CYB,Centro 4,Online,2024-07-22,55
GER,Centro 4,In-person,2024-07-22,54
HAC,Centro 1,Hybrid,2024-07-22,53
CYB,Centro 4,Hybrid,2024-07-22,52
PRI,Centro 5,Hybrid,2024-07-22,50
LOG,Centro 5,In-person,2024-07-22,49
PBI,Centro 2,In-person,2024-07-22,48
GES,Centro 5,Hybrid,2024-07-22,46
PBI,Centro 1,In-person,2024-07-22,46
INF,Centro 1,Hybrid,2024-07-22,45
PRI,Centro 1,In-person,2024-07-22,45
PRO,Centro 4,Hybrid,2024-07-22,45
PRO,Centro 5,Hybrid,2024-07-22,45
PRO,Centro 2,In-person,2024-07-22,43
CYB,Centro 2,In-person,2024-07-22,42
TUR,Centro 5,In-person,2024-07-22,42
HAC,Centro 5,In-person,2024-07-22,40
ING,Centro 4,Online,2024-07-22,40
EMP,Centro 3,In-person,2024-07-22,38
PBI,Centro 1,Online,2024-07-22,38
INF,Centro 5,In-person,2024-07-22,37
ING,Centro 1,In-person,2024-07-22,37
HOT,Centro 5,Hybrid,2024-07-22,35
SCI,Centro 1,Hybrid,2024-07-22,35
INF,Centro 4,Hybrid,2024-07-22,34
PRI,Centro 4,In-person,2024-07-22,34
EXC,Centro 5,Hybrid,2024-07-22,33
GER,Centro 2,Hybrid,2024-07-22,33
PBI,Centro 3,Online,2024-07-22,33
MNT,Centro 5,In-person,2024-07-22,32
SCI,Centro 3,In-person,2024-07-22,32
SEG,Centro 5,In-person,2024-07-22,32
HAC,Centro 5,Online,2024-07-22,31
HOT,Centro 4,In-person,2024-07-22,31
PRI,Centro 3,In-person,2024-07-22,31
PRI,Centro 5,In-person,2024-07-22,31
LID,Centro 4,In-person,2024-07-22,26
MNT,Centro 4,In-person,2024-07-22,25
VND,Centro 3,Hybrid,2024-07-22,25
HAC,Centro 3,Hybrid,2024-07-22,24
HCP,Centro 3,In-person,2024-07-22,23
SST,Centro 1,In-person,2024-07-22,23
SEG,Centro 3,In-person,2024-07-22,20
INF,Centro 2,Hybrid,2024-07-22,19
PYT,Centro 2,Hybrid,2024-07-22,19
PBI,Centro 3,In-person,2024-07-22,18
PYT,Centro 4,Hybrid,2024-07-22,17
LID,Centro 4,Online,2024-07-22,16
PYT,Centro 1,Online,2024-07-22,16
SEG,Centro 5,Hybrid,2024-07-22,16
HAC,Centro 1,Online,2024-07-22,15
HOT,Centro 1,Hybrid,2024-07-22,15
INF,Centro 4,In-person,2024-07-22,15
HOT,Centro 2,In-person,2024-07-22,14
PRO,Centro 2,Hybrid,2024-07-22,14
SEG,Centro 2,In-person,2024-07-22,14
PBI,Centro 3,Hybrid,2024-07-22,13
FOR,Centro 3,Online,2024-07-22,12
LOG,Centro 4,Hybrid,2024-07-22,12
SOC,Centro 3,Hybrid,2024-07-22,12
VND,Centro 2,Hybrid,2024-07-22,12
PRO,Centro 4,In-person,2024-07-22,11
SOC,Centro 1,Hybrid,2024-07-22,11
EXC,Centro 5,Online,2024-07-22,10
HAC,Centro 3,In-person,2024-07-22,9
MNT,Centro 1,In-person,2024-07-22,9
FOR,Centro 2,In-person,2024-07-22,8
GER,Centro 3,Hybrid,2024-07-22,8
GES,Centro 4,In-person,2024-07-22,8
VND,Centro 1,Hybrid,2024-07-22,8
INF,Centro 2,In-person,2024-07-22,7
VND,Centro 4,Hybrid,2024-07-22,7
EXC,Centro 4,Online,2024-07-22,6
GER,Centro 5,In-person,2024-07-22,5
HOT,Centro 3,Hybrid,2024-07-22,5
LID,Centro 2,Online,2024-07-22,5
PRO,Centro 1,Hybrid,2024-07-22,5
PYT,Centro 1,In-person,2024-07-22,5
SCI,Centro 1,In-person,2024-07-22,5
CYB,Centro 4,In-person,2024-07-22,4
EXC,Centro 1,Online,2024-07-22,4
LID,Centro 5,In-person,2024-07-22,4
LOG,Centro 1,Hybrid,2024-07-22,4
PYT,Centro 5,In-person,2024-07-22,4
SOC,Centro 4,In-person,2024-07-22,4
VND,Centro 2,Online,2024-07-22,4
HAC,Centro 4,Hybrid,2024-07-22,3
HOT,Centro 2,Hybrid,2024-07-22,3
LOG,Centro 3,Hybrid,2024-07-22,3
PBI,Centro 4,Online,2024-07-22,3
SST,Centro 5,Hybrid,2024-07-22,3
SST,Centro 2,In-person,2024-07-22,3
SST,Centro 5,In-person,2024-07-22,3
LID,Centro 4,Online,2024-07-29,122
CYB,Centro 2,Online,2024-07-29,103
PRO,Centro 4,In-person,2024-07-29,97
MNT,Centro 4,In-person,2024-07-29,82
VND,Centro 4,Online,2024-07-29,73
GES,Centro 4,Hybrid,2024-07-29,71
SEG,Centro 5,Hybrid,2024-07-29,71
LID,Centro 2,In-person,2024-07-29,68
HAC,Centro 1,Online,2024-07-29,65
GER,Centro 5,In-person,2024-07-29,64
SCI,Centro 2,Hybrid,2024-07-29,64
PRI,Centro 5,Hybrid,2024-07-29,63
HCP,Centro 1,In-person,2024-07-29,59
GER,Centro 3,In-person,2024-07-29,56
PRO,Centro 2,Online,2024-07-29,56
INF,Centro 5,In-person,2024-07-29,53
CYB,Centro 5,Online,2024-07-29,52
FOR,Centro 2,In-person,2024-07-29,52
SST,Centro 1,In-person,2024-07-29,52
INF,Centro 3,Hybrid,2024-07-29,50
INF,Centro 4,Hybrid,2024-07-29,49
PBI,Centro 4,Hybrid,2024-07-29,49
SST,Centro 4,In-person,2024-07-29,49
FOR,Centro 3,Hybrid,2024-07-29,48
PYT,Centro 2,Online,2024-07-29,47
PBI,Centro 2,Hybrid,2024-07-29,46
SST,Centro 1,Hybrid,2024-07-29,46
ING,Centro 4,Online,2024-07-29,43
INF,Centro 5,Hybrid,2024-07-29,42
PRO,Centro 1,Online,2024-07-29,42
SEG,Centro 1,In-person,2024-07-29,41
CYB,Centro 4,Hybrid,2024-07-29,40
CYB,Centro 4,In-person,2024-07-29,40
PYT,Centro 1,Online,2024-07-29,40
HOT,Centro 1,Hybrid,2024-07-29,39
INF,Centro 3,In-person,2024-07-29,39
MNT,Centro 2,In-person,2024-07-29,38
CYB,Centro 3,Hybrid,2024-07-29,36
SEG,Centro 1,Online,2024-07-29,36
HOT,Centro 1,In-person,2024-07-29,35
GER,Centro 2,In-person,2024-07-29,34
INF,Centro 2,In-person,2024-07-29,34
GES,Centro 1,Online,2024-07-29,32
PRO,Centro 1,Hybrid,2024-07-29,31
PRI,Centro 1,In-person,2024-07-29,30
INF,Centro 4,In-person,2024-07-29,28
EMP,Centro 3,In-person,2024-07-29,26
GES,Centro 2,Hybrid,2024-07-29,26
HCP,Centro 5,Hybrid,2024-07-29,26
MNT,Centro 1,In-person,2024-07-29,26
PRO,Centro 2,Hybrid,2024-07-29,25
SCI,Centro 1,Hybrid,2024-07-29,25
PBI,Centro 4,In-person,2024-07-29,24
SEG,Centro 2,In-person,2024-07-29,24
SOC,Centro 4,In-person,2024-07-29,24
FOR,Centro 5,In-person,2024-07-29,22
ING,Centro 5,Hybrid,2024-07-29,21
PRI,Centro 5,In-person,2024-07-29,21
HCP,Centro 3,In-person,2024-07-29,18
SCI,Centro 3,In-person,2024-07-29,18
GER,Centro 4,Hybrid,2024-07-29,16
CYB,Centro 2,Hybrid,2024-07-29,15
HAC,Centro 5,Online,2024-07-29,15
SST,Centro 5,Hybrid,2024-07-29,15
VND,Centro 2,In-person,2024-07-29,15
LOG,Centro 2,In-person,2024-07-29,14
PRO,Centro 2,In-person,2024-07-29,14
SEG,Centro 5,In-person,2024-07-29,13
FOR,Centro 3,In-person,2024-07-29,11
LID,Centro 5,Hybrid,2024-07-29,11
SCI,Centro 1,In-person,2024-07-29,11
PBI,Centro 3,Online,2024-07-29,10
PRO,Centro 4,Hybrid,2024-07-29,10
SST,Centro 3,In-person,2024-07-29,10
TUR,Centro 5,In-person,2024-07-29,10
HAC,Centro 1,Hybrid,2024-07-29,9
HAC,Centro 5,In-person,2024-07-29,9
PBI,Centro 1,Online,2024-07-29,8
SOC,Centro 1,In-person,2024-07-29,8
SOC,Centro 1,Hybrid,2024-07-29,7
HAC,Centro 4,Hybrid,2024-07-29,6
HCP,Centro 3,Hybrid,2024-07-29,6
PRI,Centro 3,Hybrid,2024-07-29,6
ING,Centro 5,Online,2024-07-29,5
PBI,Centro 5,Hybrid,2024-07-29,5
PYT,Centro 1,Hybrid,2024-07-29,5
TUR,Centro 3,In-person,2024-07-29,5
CYB,Centro 2,In-person,2024-07-29,4
EMP,Centro 5,In-person,2024-07-29,4
GER,Centro 3,Hybrid,2024-07-29,4
GER,Centro 1,In-person,2024-07-29,4
LOG,Centro 4,In-person,2024-07-29,4
LOG,Centro 5,In-person,2024-07-29,4
PBI,Centro 1,In-person,2024-07-29,4
PRI,Centro 1,Hybrid,2024-07-29,4
PYT,Centro 1,In-person,2024-07-29,4
SEG,Centro 4,Hybrid,2024-07-29,4
SST,Centro 5,In-person,2024-07-29,4
VND,Centro 2,Online,2024-07-29,4
VND,Centro 5,Hybrid,2024-07-29,4
HAC,Centro 3,In-person,2024-07-29,3
HCP,Centro 4,Hybrid,2024-07-29,3
LOG,Centro 1,Hybrid,2024-07-29,3
EXC,Centro 5,Online,2024-08-05,119
EXC,Centro 1,Online,2024-08-05,103
SCI,Centro 2,Hybrid,2024-08-05,100
MNT,Centro 1,In-person,2024-08-05,91
CYB,Centro 1,Online,2024-08-05,88
SEG,Centro 1,In-person,2024-08-05,87
PYT,Centro 2,Hybrid,2024-08-05,85
LOG,Centro 5,In-person,2024-08-05,83
HOT,Centro 3,In-person,2024-08-05,82
GER,Centro 3,Hybrid,2024-08-05,80
GER,Centro 5,In-person,2024-08-05,78
LID,Centro 5,Hybrid,2024-08-05,78
TUR,Centro 2,Hybrid,2024-08-05,77
FOR,Centro 5,Online,2024-08-05,76
CYB,Centro 2,In-person,2024-08-05,73
INF,Centro 3,In-person,2024-08-05,64
GER,Centro 2,Hybrid,2024-08-05,63
HCP,Centro 3,Hybrid,2024-08-05,61
INF,Centro 2,In-person,2024-08-05,61
MNT,Centro 4,In-person,2024-08-05,53
PYT,Centro 4,In-person,2024-08-05,53
EXC,Centro 3,Online,2024-08-05,51
MNT,Centro 3,In-person,2024-08-05,51
GER,Centro 4,In-person,2024-08-05,50
EXC,Centro 4,Online,2024-08-05,49
PBI,Centro 4,Hybrid,2024-08-05,48
SEG,Centro 1,Hybrid,2024-08-05,48
PYT,Centro 4,Hybrid,2024-08-05,47
SCI,Centro 1,In-person,2024-08-05,46
INF,Centro 2,Hybrid,2024-08-05,44
PRI,Centro 1,Hybrid,2024-08-05,43
HOT,Centro 5,In-person,2024-08-05,42
LID,Centro 1,In-person,2024-08-05,38
VND,Centro 2,In-person,2024-08-05,38
HAC,Centro 5,Online,2024-08-05,37
PRI,Centro 3,In-person,2024-08-05,36
SOC,Centro 4,In-person,2024-08-05,36
FOR,Centro 4,In-person,2024-08-05,35
SEG,Centro 4,Hybrid,2024-08-05,34
MNT,Centro 5,In-person,2024-08-05,33
HAC,Centro 4,In-person,2024-08-05,31
PBI,Centro 4,Online,2024-08-05,31
SEG,Centro 4,In-person,2024-08-05,29
HAC,Centro 3,Hybrid,2024-08-05,26
INF,Centro 1,In-person,2024-08-05,26
ING,Centro 5,Online,2024-08-05,26
PRI,Centro 4,In-person,2024-08-05,26
TUR,Centro 2,In-person,2024-08-05,25
VND,Centro 5,Hybrid,2024-08-05,25
SCI,Centro 3,In-person,2024-08-05,24
EXC,Centro 5,Hybrid,2024-08-05,23
GER,Centro 3,In-person,2024-08-05,23
PBI,Centro 1,Hybrid,2024-08-05,23
PYT,Centro 2,Online,2024-08-05,23
VND,Centro 1,Hybrid,2024-08-05,23
HAC,Centro 3,In-person,2024-08-05,22
SOC,Centro 1,Hybrid,2024-08-05,22
VND,Centro 3,Hybrid,2024-08-05,22
LID,Centro 2,Hybrid,2024-08-05,20
SEG,Centro 2,In-person,2024-08-05,19
EMP,Centro 2,In-person,2024-08-05,18
HCP,Centro 5,Hybrid,2024-08-05,16
PRO,Centro 5,Hybrid,2024-08-05,16
INF,Centro 5,Hybrid,2024-08-05,15
PRO,Centro 1,Hybrid,2024-08-05,15
PBI,Centro 1,Online,2024-08-05,14
PRI,Centro 3,Hybrid,2024-08-05,13
PYT,Centro 3,Hybrid,2024-08-05,13
LID,Centro 5,In-person,2024-08-05,12
TUR,Centro 1,In-person,2024-08-05,12
VND,Centro 2,Hybrid,2024-08-05,12
SST,Centro 5,Hybrid,2024-08-05,11
GER,Centro 1,In-person,2024-08-05,10
HCP,Centro 5,In-person,2024-08-05,10
PBI,Centro 2,Hybrid,2024-08-05,10
HOT,Centro 1,In-person,2024-08-05,9
ING,Centro 2,Online,2024-08-05,9
PYT,Centro 3,In-person,2024-08-05,9
PYT,Centro 5,In-person,2024-08-05,9
SST,Centro 5,In-person,2024-08-05,9
LID,Centro 2,Online,2024-08-05,8
PYT,Centro 1,In-person,2024-08-05,8
FOR,Centro 2,Hybrid,2024-08-05,7
HCP,Centro 4,Hybrid,2024-08-05,7
HOT,Centro 4,In-person,2024-08-05,7
INF,Centro 4,Hybrid,2024-08-05,7
LID,Centro 4,Online,2024-08-05,7
PBI,Centro 3,Online,2024-08-05,7
PRI,Centro 5,Hybrid,2024-08-05,7
SEG,Centro 5,In-person,2024-08-05,7
HCP,Centro 2,In-person,2024-08-05,6
EMP,Centro 5,In-person,2024-08-05,5
LID,Centro 4,In-person,2024-08-05,5
PYT,Centro 1,Online,2024-08-05,5
EXC,Centro 2,Hybrid,2024-08-05,4
GES,Centro 4,Online,2024-08-05,4
INF,Centro 3,Hybrid,2024-08-05,4
LOG,Centro 4,In-person,2024-08-05,4
MNT,Centro 2,In-person,2024-08-05,4
TUR,Centro 3,In-person,2024-08-05,4
TUR,Centro 4,In-person,2024-08-05,4
EXC,Centro 2,Online,2024-08-05,3
HOT,Centro 2,Hybrid,2024-08-05,3
INF,Centro 4,In-person,2024-08-05,3
SST,Centro 1,In-person,2024-08-05,3
CYB,Centro 4,In-person,2024-08-05,1
VND,Centro 2,Online,2024-08-05,1
PBI,Centro 3,Online,2024-08-12,143
MNT,Centro 1,In-person,2024-08-12,107
PRI,Centro 1,In-person,2024-08-12,98
CYB,Centro 2,Online,2024-08-12,97
INF,Centro 3,Hybrid,2024-08-12,83
SCI,Centro 2,Hybrid,2024-08-12,81
GER,Centro 5,In-person,2024-08-12,77
GES,Centro 5,Hybrid,2024-08-12,74
FOR,Centro 1,Online,2024-08-12,71
FOR,Centro 5,Hybrid,2024-08-12,71
PBI,Centro 1,Hybrid,2024-08-12,70
SST,Centro 2,In-person,2024-08-12,69
TUR,Centro 3,In-person,2024-08-12,67
HCP,Centro 5,Hybrid,2024-08-12,66
VND,Centro 4,Online,2024-08-12,66
MNT,Centro 2,In-person,2024-08-12,64
INF,Centro 5,In-person,2024-08-12,63
PBI,Centro 2,In-person,2024-08-12,61
VND,Centro 5,Hybrid,2024-08-12,61
TUR,Centro 1,In-person,2024-08-12,60
GES,Centro 4,In-person,2024-08-12,59
SEG,Centro 4,In-person,2024-08-12,57
TUR,Centro 1,Hybrid,2024-08-12,57
PRO,Centro 5,In-person,2024-08-12,55
CYB,Centro 3,Hybrid,2024-08-12,54
HCP,Centro 3,In-person,2024-08-12,54
PBI,Centro 4,In-person,2024-08-12,54
TUR,Centro 4,In-person,2024-08-12,52
PRI,Centro 3,Hybrid,2024-08-12,51
PYT,Centro 1,Online,2024-08-12,51
ING,Centro 5,Hybrid,2024-08-12,50
SST,Centro 3,In-person,2024-08-12,49
VND,Centro 3,Hybrid,2024-08-12,49
LID,Centro 4,Online,2024-08-12,47
PYT,Centro 1,In-person,2024-08-12,45
TUR,Centro 2,In-person,2024-08-12,45
PBI,Centro 4,Online,2024-08-12,43
CYB,Centro 1,Online,2024-08-12,41
SST,Centro 1,Hybrid,2024-08-12,40
VND,Centro 2,Hybrid,2024-08-12,39
GER,Centro 2,Hybrid,2024-08-12,38
GER,Centro 2,In-person,2024-08-12,38
HCP,Centro 1,In-person,2024-08-12,38
HCP,Centro 2,Hybrid,2024-08-12,37
PBI,Centro 4,Hybrid,2024-08-12,35
PBI,Centro 1,In-person,2024-08-12,35
GER,Centro 1,In-person,2024-08-12,33
CYB,Centro 4,Online,2024-08-12,32
EMP,Centro 1,In-person,2024-08-12,32
CYB,Centro 4,In-person,2024-08-12,31
EMP,Centro 3,In-person,2024-08-12,31
INF,Centro 1,In-person,2024-08-12,30
HAC,Centro 5,Online,2024-08-12,29
PRO,Centro 5,Hybrid,2024-08-12,28
SOC,Centro 1,In-person,2024-08-12,28
LID,Centro 5,Hybrid,2024-08-12,26
HCP,Centro 2,In-person,2024-08-12,25
EXC,Centro 5,Online,2024-08-12,24
GES,Centro 4,Online,2024-08-12,24
HAC,Centro 1,Online,2024-08-12,24
HAC,Centro 4,Hybrid,2024-08-12,23
HAC,Centro 2,In-person,2024-08-12,21
CYB,Centro 2,In-person,2024-08-12,20
LOG,Centro 1,Hybrid,2024-08-12,20
HCP,Centro 3,Hybrid,2024-08-12,19
CYB,Centro 5,Online,2024-08-12,18
EMP,Centro 4,In-person,2024-08-12,18
PYT,Centro 1,Hybrid,2024-08-12,18
GER,Centro 4,In-person,2024-08-12,17
HCP,Centro 4,In-person,2024-08-12,17
MNT,Centro 3,In-person,2024-08-12,17
PRO,Centro 4,In-person,2024-08-12,17
CYB,Centro 4,Hybrid,2024-08-12,16
GER,Centro 3,Hybrid,2024-08-12,16
EXC,Centro 5,In-person,2024-08-12,15
LID,Centro 3,In-person,2024-08-12,15
LOG,Centro 5,Hybrid,2024-08-12,15
LOG,Centro 5,In-person,2024-08-12,15
SEG,Centro 5,In-person,2024-08-12,15
GES,Centro 4,Hybrid,2024-08-12,13
ING,Centro 2,Online,2024-08-12,13
SEG,Centro 1,In-person,2024-08-12,13
PBI,Centro 2,Online,2024-08-12,12
SST,Centro 5,Hybrid,2024-08-12,12
MNT,Centro 4,In-person,2024-08-12,11
PRI,Centro 1,Hybrid,2024-08-12,11
PBI,Centro 3,Hybrid,2024-08-12,10
TUR,Centro 5,In-person,2024-08-12,10
INF,Centro 4,In-person,2024-08-12,9
PBI,Centro 1,Online,2024-08-12,9
PYT,Centro 3,In-person,2024-08-12,9
EXC,Centro 2,In-person,2024-08-12,7
HAC,Centro 3,In-person,2024-08-12,7
LID,Centro 1,In-person,2024-08-12,7
PRI,Centro 5,In-person,2024-08-12,7
SEG,Centro 1,Online,2024-08-12,7
SST,Centro 5,In-person,2024-08-12,7
SST,Centro 1,In-person,2024-08-12,6
FOR,Centro 5,Online,2024-08-12,5
GER,Centro 1,Hybrid,2024-08-12,5
GER,Centro 3,In-person,2024-08-12,5
ING,Centro 3,Hybrid,2024-08-12,5
PYT,Centro 2,Hybrid,2024-08-12,5
PYT,Centro 3,Hybrid,2024-08-12,5
SCI,Centro 3,Hybrid,2024-08-12,5
SCI,Centro 3,In-person,2024-08-12,5
CYB,Centro 3,Online,2024-08-12,4
HOT,Centro 3,In-person,2024-08-12,4
INF,Centro 5,Hybrid,2024-08-12,4
LID,Centro 2,In-person,2024-08-12,4
PRI,Centro 4,Hybrid,2024-08-12,4
PRI,Centro 4,In-person,2024-08-12,4
VND,Centro 4,Hybrid,2024-08-12,4
EMP,Centro 2,In-person,2024-08-12,3
HOT,Centro 2,Hybrid,2024-08-12,3
HOT,Centro 1,In-person,2024-08-12,3
LOG,Centro 3,Hybrid,2024-08-12,3
SCI,Centro 4,In-person,2024-08-12,3
SST,Centro 1,Online,2024-08-12,3
PYT,Centro 5,In-person,2024-08-12,1
CYB,Centro 4,Online,2024-08-19,114
PBI,Centro 3,Online,2024-08-19,106
GES,Centro 5,Hybrid,2024-08-19,103
EXC,Centro 4,Online,2024-08-19,102
GER,Centro 4,In-person,2024-08-19,100
EMP,Centro 3,In-person,2024-08-19,99
HCP,Centro 5,In-person,2024-08-19,99
PYT,Centro 3,Hybrid,2024-08-19,87
INF,Centro 2,In-person,2024-08-19,82
LID,Centro 2,Online,2024-08-19,79
TUR,Centro 2,In-person,2024-08-19,77
SST,Centro 5,Online,2024-08-19,76
TUR,Centro 1,In-person,2024-08-19,71
HCP,Centro 3,Hybrid,2024-08-19,68
VND,Centro 4,Hybrid,2024-08-19,66
SEG,Centro 4,In-person,2024-08-19,65
VND,Centro 1,Online,2024-08-19,63
PRO,Centro 4,Hybrid,2024-08-19,62
FOR,Centro 3,In-person,2024-08-19,58
LID,Centro 5,Online,2024-08-19,57
PBI,Centro 1,Online,2024-08-19,57
HCP,Centro 1,In-person,2024-08-19,55
INF,Centro 3,Hybrid,2024-08-19,55
SEG,Centro 1,Hybrid,2024-08-19,50
PYT,Centro 1,Online,2024-08-19,48
GES,Centro 4,Online,2024-08-19,46
SOC,Centro 4,In-person,2024-08-19,43
VND,Centro 2,In-person,2024-08-19,40
VND,Centro 1,Hybrid,2024-08-19,39
HCP,Centro 5,Hybrid,2024-08-19,37
LOG,Centro 1,Hybrid,2024-08-19,37
MNT,Centro 2,In-person,2024-08-19,35
SCI,Centro 4,In-person,2024-08-19,35
SEG,Centro 3,Online,2024-08-19,35
HAC,Centro 2,In-person,2024-08-19,34
SEG,Centro 5,Hybrid,2024-08-19,34
PRI,Centro 4,In-person,2024-08-19,33
INF,Centro 3,In-person,2024-08-19,30
PBI,Centro 4,Online,2024-08-19,30
PYT,Centro 3,In-person,2024-08-19,30
SOC,Centro 1,In-person,2024-08-19,30
CYB,Centro 4,Hybrid,2024-08-19,27
CYB,Centro 2,In-person,2024-08-19,27
HAC,Centro 3,In-person,2024-08-19,27
ING,Centro 5,Online,2024-08-19,26
MNT,Centro 1,In-person,2024-08-19,24
CYB,Centro 3,Hybrid,2024-08-19,23
PYT,Centro 1,Hybrid,2024-08-19,22
PRI,Centro 1,Hybrid,2024-08-19,21
SST,Centro 5,In-person,2024-08-19,21
HOT,Centro 5,In-person,2024-08-19,20
LID,Centro 4,In-person,2024-08-19,20
PRI,Centro 5,Hybrid,2024-08-19,19
ING,Centro 4,Online,2024-08-19,17
SEG,Centro 2,In-person,2024-08-19,16
EXC,Centro 5,Online,2024-08-19,15
PRI,Centro 5,In-person,2024-08-19,15
SCI,Centro 3,In-person,2024-08-19,15
CYB,Centro 4,In-person,2024-08-19,14
GER,Centro 1,In-person,2024-08-19,14
LID,Centro 5,In-person,2024-08-19,14
TUR,Centro 3,Hybrid,2024-08-19,13
LOG,Centro 4,In-person,2024-08-19,12
SEG,Centro 4,Online,2024-08-19,12
FOR,Centro 5,In-person,2024-08-19,11
GER,Centro 5,In-person,2024-08-19,11
HOT,Centro 3,In-person,2024-08-19,11
MNT,Centro 3,In-person,2024-08-19,11
PBI,Centro 1,Hybrid,2024-08-19,11
TUR,Centro 3,In-person,2024-08-19,11
INF,Centro 4,In-person,2024-08-19,9
HAC,Centro 1,Hybrid,2024-08-19,8
EMP,Centro 1,In-person,2024-08-19,7
GER,Centro 2,Hybrid,2024-08-19,7
LID,Centro 2,In-person,2024-08-19,7
LOG,Centro 5,In-person,2024-08-19,7
PRI,Centro 3,Hybrid,2024-08-19,7
SCI,Centro 1,In-person,2024-08-19,7
SEG,Centro 1,In-person,2024-08-19,7
FOR,Centro 5,Online,2024-08-19,5
GER,Centro 3,Hybrid,2024-08-19,5
HOT,Centro 5,Hybrid,2024-08-19,5
ING,Centro 5,Hybrid,2024-08-19,5
PRO,Centro 2,Hybrid,2024-08-19,5
CYB,Centro 3,Online,2024-08-19,4
EXC,Centro 1,Online,2024-08-19,4
EXC,Centro 2,In-person,2024-08-19,4
GER,Centro 5,Hybrid,2024-08-19,4
HCP,Centro 3,In-person,2024-08-19,4
PBI,Centro 2,Hybrid,2024-08-19,4
PBI,Centro 3,Hybrid,2024-08-19,4
PRI,Centro 2,In-person,2024-08-19,4
PRO,Centro 1,Online,2024-08-19,4
PYT,Centro 5,In-person,2024-08-19,4
SST,Centro 1,Online,2024-08-19,4
TUR,Centro 4,In-person,2024-08-19,4
EXC,Centro 2,Online,2024-08-19,3
HAC,Centro 4,Hybrid,2024-08-19,3
HOT,Centro 1,Hybrid,2024-08-19,3
SST,Centro 1,In-person,2024-08-19,3
SST,Centro 1,Hybrid,2024-08-19,1
ING,Centro 2,Online,2024-08-26,159
SST,Centro 1,Online,2024-08-26,106
PBI,Centro 4,Online,2024-08-26,103
EMP,Centro 1,In-person,2024-08-26,101
MNT,Centro 1,In-person,2024-08-26,101
GER,Centro 5,In-person,2024-08-26,100
MNT,Centro 4,In-person,2024-08-26,100
SST,Centro 1,Hybrid,2024-08-26,89
PYT,Centro 4,Hybrid,2024-08-26,85
TUR,Centro 1,In-person,2024-08-26,85
HOT,Centro 2,Hybrid,2024-08-26,83
SEG,Centro 1,In-person,2024-08-26,83
CYB,Centro 2,Hybrid,2024-08-26,78
SCI,Centro 2,Hybrid,2024-08-26,78
PYT,Centro 2,Hybrid,2024-08-26,75
EXC,Centro 1,Online,2024-08-26,72
PBI,Centro 1,Online,2024-08-26,70
HAC,Centro 1,Hybrid,2024-08-26,69
GER,Centro 5,Hybrid,2024-08-26,67
GES,Centro 4,Online,2024-08-26,66
MNT,Centro 3,In-person,2024-08-26,66
CYB,Centro 3,Online,2024-08-26,64
CYB,Centro 4,Online,2024-08-26,64
SEG,Centro 4,Online,2024-08-26,63
SEG,Centro 1,Hybrid,2024-08-26,62
EXC,Centro 4,Online,2024-08-26,61
PRI,Centro 1,In-person,2024-08-26,59
CYB,Centro 2,In-person,2024-08-26,57
LID,Centro 4,Online,2024-08-26,57
SST,Centro 4,In-person,2024-08-26,57
ING,Centro 3,Hybrid,2024-08-26,56
CYB,Centro 3,Hybrid,2024-08-26,54
HOT,Centro 2,In-person,2024-08-26,54
PYT,Centro 2,Online,2024-08-26,53
MNT,Centro 2,In-person,2024-08-26,50
HCP,Centro 5,Hybrid,2024-08-26,49
PBI,Centro 4,In-person,2024-08-26,47
CYB,Centro 1,Hybrid,2024-08-26,46
FOR,Centro 4,In-person,2024-08-26,46
HAC,Centro 4,Hybrid,2024-08-26,46
HAC,Centro 5,Hybrid,2024-08-26,46
PRI,Centro 5,Hybrid,2024-08-26,46
VND,Centro 1,Hybrid,2024-08-26,45
GER,Centro 3,In-person,2024-08-26,44
SEG,Centro 5,In-person,2024-08-26,44
PBI,Centro 5,Hybrid,2024-08-26,43
GER,Centro 2,Hybrid,2024-08-26,41
PYT,Centro 5,In-person,2024-08-26,40
SST,Centro 5,In-person,2024-08-26,39
HCP,Centro 3,In-person,2024-08-26,38
HCP,Centro 1,In-person,2024-08-26,37
HOT,Centro 1,In-person,2024-08-26,37
PYT,Centro 3,Online,2024-08-26,37
CYB,Centro 4,Hybrid,2024-08-26,36
CYB,Centro 5,Hybrid,2024-08-26,36
PBI,Centro 3,In-person,2024-08-26,36
SEG,Centro 5,Hybrid,2024-08-26,36
SCI,Centro 3,In-person,2024-08-26,32
PRI,Centro 4,In-person,2024-08-26,31
SCI,Centro 5,Hybrid,2024-08-26,31
EMP,Centro 3,In-person,2024-08-26,30
GER,Centro 1,Hybrid,2024-08-26,29
SOC,Centro 4,In-person,2024-08-26,29
SEG,Centro 2,In-person,2024-08-26,28
GES,Centro 1,Online,2024-08-26,26
HCP,Centro 3,Hybrid,2024-08-26,26
PRO,Centro 4,Hybrid,2024-08-26,25
HAC,Centro 3,In-person,2024-08-26,24
TUR,Centro 2,In-person,2024-08-26,24
EXC,Centro 2,In-person,2024-08-26,23
FOR,Centro 2,In-person,2024-08-26,23
TUR,Centro 4,In-person,2024-08-26,23
VND,Centro 4,Online,2024-08-26,23
CYB,Centro 5,Online,2024-08-26,22
PRI,Centro 1,Hybrid,2024-08-26,22
INF,Centro 3,Hybrid,2024-08-26,21
LID,Centro 2,Hybrid,2024-08-26,21
MNT,Centro 5,In-person,2024-08-26,21
FOR,Centro 3,Hybrid,2024-08-26,18
LOG,Centro 2,In-person,2024-08-26,18
FOR,Centro 1,Hybrid,2024-08-26,17
GER,Centro 3,Hybrid,2024-08-26,16
LOG,Centro 4,Hybrid,2024-08-26,15
SST,Centro 1,In-person,2024-08-26,15
SCI,Centro 4,In-person,2024-08-26,14
FOR,Centro 4,Hybrid,2024-08-26,13
LOG,Centro 5,In-person,2024-08-26,13
PBI,Centro 3,Hybrid,2024-08-26,13
VND,Centro 1,Online,2024-08-26,13
ING,Centro 3,Online,2024-08-26,12
LID,Centro 1,In-person,2024-08-26,12
SST,Centro 5,Hybrid,2024-08-26,12
LID,Centro 5,Hybrid,2024-08-26,11
PBI,Centro 1,In-person,2024-08-26,11
PRO,Centro 1,Online,2024-08-26,11
PRO,Centro 4,In-person,2024-08-26,11
SEG,Centro 4,Hybrid,2024-08-26,11
PRI,Centro 3,Hybrid,2024-08-26,10
SST,Centro 2,In-person,2024-08-26,10
HCP,Centro 4,In-person,2024-08-26,9
HOT,Centro 5,In-person,2024-08-26,9
LID,Centro 5,Online,2024-08-26,9
TUR,Centro 5,In-person,2024-08-26,8
EXC,Centro 5,Online,2024-08-26,7
FOR,Centro 2,Online,2024-08-26,7
HAC,Centro 5,In-person,2024-08-26,7
HCP,Centro 5,In-person,2024-08-26,7
HOT,Centro 1,Hybrid,2024-08-26,7
PRI,Centro 5,In-person,2024-08-26,7
PRO,Centro 2,Hybrid,2024-08-26,7
SOC,Centro 2,In-person,2024-08-26,7
FOR,Centro 1,Online,2024-08-26,5
GES,Centro 4,In-person,2024-08-26,5
HAC,Centro 4,In-person,2024-08-26,5
PBI,Centro 1,Hybrid,2024-08-26,5
PRO,Centro 1,Hybrid,2024-08-26,5
TUR,Centro 3,In-person,2024-08-26,5
GER,Centro 4,In-person,2024-08-26,4
HAC,Centro 5,Online,2024-08-26,4
INF,Centro 4,Hybrid,2024-08-26,4
ING,Centro 5,Hybrid,2024-08-26,4
LID,Centro 2,Online,2024-08-26,4
PRI,Centro 4,Hybrid,2024-08-26,4
SEG,Centro 1,Online,2024-08-26,4
SEG,Centro 4,In-person,2024-08-26,4
TUR,Centro 1,Hybrid,2024-08-26,4
VND,Centro 5,Online,2024-08-26,4
HAC,Centro 2,In-person,2024-08-26,3
PBI,Centro 4,Hybrid,2024-08-26,3
PRI,Centro 3,In-person,2024-08-26,3
CYB,Centro 3,Online,2024-09-02,126
SOC,Centro 3,In-person,2024-09-02,125
PYT,Centro 3,Hybrid,2024-09-02,112
HAC,Centro 3,In-person,2024-09-02,109
CYB,Centro 1,Hybrid,2024-09-02,107
LID,Centro 5,Online,2024-09-02,96
HOT,Centro 1,In-person,2024-09-02,92
SOC,Centro 1,Hybrid,2024-09-02,86
LID,Centro 2,Hybrid,2024-09-02,85
PRO,Centro 2,Hybrid,2024-09-02,85
SEG,Centro 5,In-person,2024-09-02,85
PBI,Centro 2,Online,2024-09-02,82
GER,Centro 3,In-person,2024-09-02,80
PYT,Centro 3,Online,2024-09-02,76
VND,Centro 2,Hybrid,2024-09-02,75
ING,Centro 4,Online,2024-09-02,74
CYB,Centro 4,Online,2024-09-02,73
PRO,Centro 1,Online,2024-09-02,72
GER,Centro 3,Hybrid,2024-09-02,71
HCP,Centro 4,In-person,2024-09-02,66
LOG,Centro 2,Hybrid,2024-09-02,66
PRI,Centro 1,In-person,2024-09-02,65
EXC,Centro 4,Online,2024-09-02,63
PBI,Centro 4,In-person,2024-09-02,62
VND,Centro 5,Online,2024-09-02,62
SST,Centro 3,Hybrid,2024-09-02,60
EXC,Centro 2,In-person,2024-09-02,57
SST,Centro 2,In-person,2024-09-02,57
CYB,Centro 5,Online,2024-09-02,55
CYB,Centro 2,In-person,2024-09-02,55
LOG,Centro 3,Hybrid,2024-09-02,53
GES,Centro 3,Hybrid,2024-09-02,52
CYB,Centro 2,Hybrid,2024-09-02,51
INF,Centro 5,In-person,2024-09-02,50
INF,Centro 4,In-person,2024-09-02,49
VND,Centro 3,Hybrid,2024-09-02,49
SEG,Centro 1,Hybrid,2024-09-02,48
PRO,Centro 4,Hybrid,2024-09-02,47
INF,Centro 1,In-person,2024-09-02,45
SEG,Centro 4,In-person,2024-09-02,44
HAC,Centro 5,In-person,2024-09-02,43
SCI,Centro 3,Hybrid,2024-09-02,43
EXC,Centro 3,Online,2024-09-02,42
GER,Centro 4,In-person,2024-09-02,40
PYT,Centro 5,In-person,2024-09-02,39
EMP,Centro 2,In-person,2024-09-02,38
PBI,Centro 2,Hybrid,2024-09-02,38
GER,Centro 2,Hybrid,2024-09-02,37
PBI,Centro 4,Hybrid,2024-09-02,36
CYB,Centro 5,Hybrid,2024-09-02,34
HOT,Centro 3,Hybrid,2024-09-02,34
SEG,Centro 1,Online,2024-09-02,34
CYB,Centro 1,Online,2024-09-02,33
GER,Centro 5,In-person,2024-09-02,33
PYT,Centro 2,Hybrid,2024-09-02,33
PYT,Centro 4,Hybrid,2024-09-02,33
FOR,Centro 2,In-person,2024-09-02,32
SEG,Centro 3,Online,2024-09-02,31
EMP,Centro 1,In-person,2024-09-02,30
GER,Centro 2,In-person,2024-09-02,30
LOG,Centro 2,In-person,2024-09-02,28
MNT,Centro 1,In-person,2024-09-02,28
FOR,Centro 2,Online,2024-09-02,27
HAC,Centro 2,In-person,2024-09-02,27
HOT,Centro 5,In-person,2024-09-02,27
PRI,Centro 4,In-person,2024-09-02,27
SEG,Centro 2,In-person,2024-09-02,27
SOC,Centro 5,In-person,2024-09-02,27
TUR,Centro 1,In-person,2024-09-02,27
EMP,Centro 3,In-person,2024-09-02,26
LID,Centro 4,Hybrid,2024-09-02,26
PYT,Centro 5,Hybrid,2024-09-02,26
SEG,Centro 4,Hybrid,2024-09-02,26
SOC,Centro 4,In-person,2024-09-02,26
HCP,Centro 5,In-person,2024-09-02,25
LID,Centro 4,Online,2024-09-02,24
SST,Centro 5,In-person,2024-09-02,24
HCP,Centro 3,In-person,2024-09-02,23
ING,Centro 3,Hybrid,2024-09-02,22
LID,Centro 5,Hybrid,2024-09-02,22
FOR,Centro 4,Online,2024-09-02,21
INF,Centro 3,In-person,2024-09-02,21
LID,Centro 2,Online,2024-09-02,21
LID,Centro 5,In-person,2024-09-02,21
LOG,Centro 4,In-person,2024-09-02,21
CYB,Centro 3,Hybrid,2024-09-02,19
FOR,Centro 3,Online,2024-09-02,19
GER,Centro 1,Hybrid,2024-09-02,19
GES,Centro 5,Hybrid,2024-09-02,19
SCI,Centro 2,Hybrid,2024-09-02,19
LID,Centro 1,Online,2024-09-02,18
SCI,Centro 1,Hybrid,2024-09-02,18
FOR,Centro 2,Hybrid,2024-09-02,17
LOG,Centro 3,In-person,2024-09-02,17
PBI,Centro 4,Online,2024-09-02,17
TUR,Centro 2,In-person,2024-09-02,16
GES,Centro 1,Hybrid,2024-09-02,15
HAC,Centro 1,Online,2024-09-02,15
FOR,Centro 1,Online,2024-09-02,14
HOT,Centro 2,Hybrid,2024-09-02,13
VND,Centro 5,In-person,2024-09-02,13
EXC,Centro 1,Hybrid,2024-09-02,12
EXC,Centro 3,In-person,2024-09-02,12
GER,Centro 5,Hybrid,2024-09-02,11
GES,Centro 4,Online,2024-09-02,10
SST,Centro 4,In-person,2024-09-02,10
PRI,Centro 5,In-person,2024-09-02,9
CYB,Centro 4,In-person,2024-09-02,8
FOR,Centro 5,In-person,2024-09-02,8
TUR,Centro 3,Hybrid,2024-09-02,8
CYB,Centro 1,In-person,2024-09-02,7
EXC,Centro 2,Online,2024-09-02,7
EXC,Centro 2,Hybrid,2024-09-02,7
MNT,Centro 2,In-person,2024-09-02,7
PBI,Centro 3,Hybrid,2024-09-02,7
PRO,Centro 4,In-person,2024-09-02,7
SEG,Centro 3,In-person,2024-09-02,7
HAC,Centro 4,Hybrid,2024-09-02,6
HCP,Centro 2,Hybrid,2024-09-02,6
INF,Centro 4,Hybrid,2024-09-02,6
PRI,Centro 1,Hybrid,2024-09-02,6
SST,Centro 5,Online,2024-09-02,6
CYB,Centro 4,Hybrid,2024-09-02,5
FOR,Centro 5,Online,2024-09-02,5
FOR,Centro 4,Hybrid,2024-09-02,5
GER,Centro 1,In-person,2024-09-02,5
GES,Centro 4,Hybrid,2024-09-02,5
MNT,Centro 5,In-person,2024-09-02,5
HCP,Centro 2,In-person,2024-09-02,4
PRI,Centro 3,In-person,2024-09-02,4
PYT,Centro 1,Online,2024-09-02,4
PYT,Centro 1,Hybrid,2024-09-02,4
SEG,Centro 1,In-person,2024-09-02,4
EXC,Centro 5,In-person,2024-09-02,3
HAC,Centro 1,In-person,2024-09-02,3
HCP,Centro 5,Hybrid,2024-09-02,3
PRI,Centro 2,Hybrid,2024-09-02,3
PRI,Centro 2,In-person,2024-09-02,3
SCI,Centro 4,In-person,2024-09-02,3
LID,Centro 2,Online,2024-09-09,144
GER,Centro 5,In-person,2024-09-09,138
GES,Centro 4,Online,2024-09-09,128
SST,Centro 5,Hybrid,2024-09-09,105
MNT,Centro 5,In-person,2024-09-09,104
CYB,Centro 1,Online,2024-09-09,103
VND,Centro 2,Hybrid,2024-09-09,100
ING,Centro 3,Hybrid,2024-09-09,96
CYB,Centro 2,Hybrid,2024-09-09,95
PBI,Centro 4,Online,2024-09-09,94
HOT,Centro 5,In-person,2024-09-09,93
CYB,Centro 1,Hybrid,2024-09-09,90
CYB,Centro 4,Hybrid,2024-09-09,89
EXC,Centro 2,In-person,2024-09-09,86
LID,Centro 3,In-person,2024-09-09,85
SEG,Centro 4,In-person,2024-09-09,83
EXC,Centro 2,Online,2024-09-09,80
LID,Centro 4,Online,2024-09-09,80
FOR,Centro 4,Hybrid,2024-09-09,76
PYT,Centro 3,Online,2024-09-09,76
SST,Centro 1,Hybrid,2024-09-09,74
SST,Centro 5,In-person,2024-09-09,74
VND,Centro 5,In-person,2024-09-09,73
GER,Centro 2,Hybrid,2024-09-09,70
INF,Centro 1,Hybrid,2024-09-09,68
LID,Centro 5,In-person,2024-09-09,65
VND,Centro 4,Online,2024-09-09,65
HAC,Centro 5,Online,2024-09-09,64
SCI,Centro 2,Hybrid,2024-09-09,63
PRI,Centro 1,In-person,2024-09-09,60
PRO,Centro 1,Hybrid,2024-09-09,59
HAC,Centro 1,Online,2024-09-09,56
INF,Centro 3,In-person,2024-09-09,55
LOG,Centro 4,Hybrid,2024-09-09,54
HAC,Centro 4,Hybrid,2024-09-09,53
PYT,Centro 2,Hybrid,2024-09-09,53
VND,Centro 4,Hybrid,2024-09-09,53
VND,Centro 4,In-person,2024-09-09,53
EXC,Centro 1,Hybrid,2024-09-09,52
MNT,Centro 2,In-person,2024-09-09,52
TUR,Centro 5,In-person,2024-09-09,52
EXC,Centro 2,Hybrid,2024-09-09,50
HCP,Centro 4,In-person,2024-09-09,48
PRI,Centro 4,In-person,2024-09-09,47
SOC,Centro 2,Hybrid,2024-09-09,47
HCP,Centro 3,In-person,2024-09-09,44
PBI,Centro 4,Hybrid,2024-09-09,44
CYB,Centro 3,Hybrid,2024-09-09,43
MNT,Centro 1,In-person,2024-09-09,43
HCP,Centro 5,In-person,2024-09-09,42
SEG,Centro 5,Hybrid,2024-09-09,42
LOG,Centro 2,In-person,2024-09-09,40
PYT,Centro 5,In-person,2024-09-09,40
SST,Centro 2,Online,2024-09-09,40
HCP,Centro 3,Hybrid,2024-09-09,39
SST,Centro 2,In-person,2024-09-09,39
SST,Centro 4,In-person,2024-09-09,37
FOR,Centro 2,Hybrid,2024-09-09,35
ING,Centro 5,Online,2024-09-09,34
PYT,Centro 1,Hybrid,2024-09-09,34
PYT,Centro 4,Hybrid,2024-09-09,34
SST,Centro 1,In-person,2024-09-09,34
HAC,Centro 1,In-person,2024-09-09,32
GER,Centro 4,Hybrid,2024-09-09,30
PRO,Centro 4,Hybrid,2024-09-09,30
SEG,Centro 2,In-person,2024-09-09,29
HAC,Centro 2,In-person,2024-09-09,27
PBI,Centro 1,Online,2024-09-09,27
TUR,Centro 5,Hybrid,2024-09-09,26
SEG,Centro 3,Online,2024-09-09,25
FOR,Centro 2,Online,2024-09-09,24
FOR,Centro 3,Online,2024-09-09,23
PBI,Centro 5,Hybrid,2024-09-09,23
EXC,Centro 4,In-person,2024-09-09,22
PRO,Centro 5,In-person,2024-09-09,22
SEG,Centro 3,In-person,2024-09-09,22
SOC,Centro 2,In-person,2024-09-09,22
EMP,Centro 3,In-person,2024-09-09,21
HAC,Centro 3,Hybrid,2024-09-09,21
HCP,Centro 2,In-person,2024-09-09,21
PRI,Centro 4,Hybrid,2024-09-09,21
EXC,Centro 3,Online,2024-09-09,20
HAC,Centro 4,In-person,2024-09-09,20
HCP,Centro 5,Hybrid,2024-09-09,19
FOR,Centro 1,Online,2024-09-09,18
GER,Centro 2,In-person,2024-09-09,18
SCI,Centro 3,In-person,2024-09-09,18
EXC,Centro 3,In-person,2024-09-09,16
GES,Centro 4,In-person,2024-09-09,16
LID,Centro 4,In-person,2024-09-09,16
LID,Centro 5,Online,2024-09-09,15
FOR,Centro 5,Online,2024-09-09,14
GER,Centro 1,Hybrid,2024-09-09,14
HOT,Centro 3,Hybrid,2024-09-09,14
LID,Centro 2,In-person,2024-09-09,14
GES,Centro 5,Hybrid,2024-09-09,13
SST,Centro 1,Online,2024-09-09,13
GER,Centro 3,Hybrid,2024-09-09,12
HAC,Centro 3,In-person,2024-09-09,12
INF,Centro 3,Hybrid,2024-09-09,12
SEG,Centro 5,In-person,2024-09-09,12
CYB,Centro 2,In-person,2024-09-09,11
PBI,Centro 4,In-person,2024-09-09,10
SOC,Centro 4,In-person,2024-09-09,10
TUR,Centro 1,In-person,2024-09-09,10
CYB,Centro 5,Hybrid,2024-09-09,9
GER,Centro 5,Hybrid,2024-09-09,9
PRI,Centro 5,In-person,2024-09-09,9
HOT,Centro 5,Hybrid,2024-09-09,8
PYT,Centro 3,Hybrid,2024-09-09,8
CYB,Centro 4,Online,2024-09-09,7
VND,Centro 3,Hybrid,2024-09-09,7
EMP,Centro 1,In-person,2024-09-09,6
EMP,Centro 2,In-person,2024-09-09,6
LOG,Centro 3,Hybrid,2024-09-09,6
SEG,Centro 5,Online,2024-09-09,6
GER,Centro 3,In-person,2024-09-09,5
ING,Centro 2,Online,2024-09-09,5
ING,Centro 3,Online,2024-09-09,5
LID,Centro 4,Hybrid,2024-09-09,5
PYT,Centro 1,Online,2024-09-09,5
TUR,Centro 3,Hybrid,2024-09-09,5
VND,Centro 1,Online,2024-09-09,5
VND,Centro 5,Online,2024-09-09,5
CYB,Centro 5,Online,2024-09-09,4
EXC,Centro 1,In-person,2024-09-09,4
GES,Centro 4,Hybrid,2024-09-09,4
GES,Centro 5,In-person,2024-09-09,4
ING,Centro 4,Online,2024-09-09,4
LID,Centro 2,Hybrid,2024-09-09,4
MNT,Centro 4,In-person,2024-09-09,4
PRI,Centro 5,Hybrid,2024-09-09,4
PYT,Centro 4,In-person,2024-09-09,4
SCI,Centro 5,Hybrid,2024-09-09,4
EMP,Centro 4,In-person,2024-09-09,3
HOT,Centro 2,In-person,2024-09-09,3
INF,Centro 1,In-person,2024-09-09,3
LOG,Centro 2,Hybrid,2024-09-09,3
CYB,Centro 5,Online,2024-09-16,291
ING,Centro 3,Online,2024-09-16,113
TUR,Centro 2,In-person,2024-09-16,105
GER,Centro 3,In-person,2024-09-16,100
PYT,Centro 3,Online,2024-09-16,100
GER,Centro 5,In-person,2024-09-16,93
PYT,Centro 5,Hybrid,2024-09-16,93
PYT,Centro 2,Online,2024-09-16,92
PRI,Centro 4,Hybrid,2024-09-16,89
EXC,Centro 2,Hybrid,2024-09-16,87
GER,Centro 2,In-person,2024-09-16,85
LOG,Centro 5,Hybrid,2024-09-16,84
EXC,Centro 3,Online,2024-09-16,82
PBI,Centro 2,Online,2024-09-16,80
PBI,Centro 1,In-person,2024-09-16,79
EMP,Centro 2,In-person,2024-09-16,77
FOR,Centro 3,Hybrid,2024-09-16,77
VND,Centro 4,Hybrid,2024-09-16,77
EXC,Centro 2,Online,2024-09-16,76
PYT,Centro 4,Online,2024-09-16,73
MNT,Centro 5,In-person,2024-09-16,71
EXC,Centro 4,Hybrid,2024-09-16,68
PBI,Centro 5,Online,2024-09-16,68
SCI,Centro 2,Hybrid,2024-09-16,68
PBI,Centro 4,In-person,2024-09-16,67
ING,Centro 2,Hybrid,2024-09-16,64
CYB,Centro 1,In-person,2024-09-16,62
PBI,Centro 3,Hybrid,2024-09-16,62
PBI,Centro 4,Online,2024-09-16,60
EMP,Centro 4,In-person,2024-09-16,57
SEG,Centro 3,In-person,2024-09-16,57
CYB,Centro 1,Hybrid,2024-09-16,56
TUR,Centro 3,Hybrid,2024-09-16,56
INF,Centro 3,In-person,2024-09-16,55
SOC,Centro 1,In-person,2024-09-16,54
LID,Centro 4,Online,2024-09-16,53
LOG,Centro 2,Hybrid,2024-09-16,53
PBI,Centro 3,Online,2024-09-16,52
SCI,Centro 4,In-person,2024-09-16,51
SST,Centro 1,Online,2024-09-16,51
MNT,Centro 3,In-person,2024-09-16,50
LID,Centro 3,In-person,2024-09-16,49
HCP,Centro 5,In-person,2024-09-16,48
PRI,Centro 1,Hybrid,2024-09-16,47
HOT,Centro 3,In-person,2024-09-16,45
MNT,Centro 2,In-person,2024-09-16,45
CYB,Centro 5,Hybrid,2024-09-16,44
HOT,Centro 5,In-person,2024-09-16,42
SEG,Centro 1,Online,2024-09-16,42
TUR,Centro 3,In-person,2024-09-16,41
FOR,Centro 4,Hybrid,2024-09-16,39
SEG,Centro 1,Hybrid,2024-09-16,39
GES,Centro 5,Hybrid,2024-09-16,38
LID,Centro 4,Hybrid,2024-09-16,38
TUR,Centro 1,Hybrid,2024-09-16,38
HAC,Centro 1,In-person,2024-09-16,37
TUR,Centro 5,In-person,2024-09-16,36
SCI,Centro 2,In-person,2024-09-16,34
VND,Centro 5,In-person,2024-09-16,34
LOG,Centro 4,In-person,2024-09-16,33
HAC,Centro 3,Hybrid,2024-09-16,31
MNT,Centro 4,In-person,2024-09-16,31
PRI,Centro 4,In-person,2024-09-16,31
SEG,Centro 5,In-person,2024-09-16,29
SOC,Centro 3,In-person,2024-09-16,29
EMP,Centro 1,In-person,2024-09-16,28
SST,Centro 2,In-person,2024-09-16,28
CYB,Centro 3,Online,2024-09-16,27
CYB,Centro 1,Online,2024-09-16,26
FOR,Centro 2,Hybrid,2024-09-16,26
GES,Centro 1,Hybrid,2024-09-16,26
INF,Centro 1,Hybrid,2024-09-16,26
SEG,Centro 4,In-person,2024-09-16,26
HOT,Centro 2,Hybrid,2024-09-16,23
PYT,Centro 1,Online,2024-09-16,23
CYB,Centro 4,In-person,2024-09-16,22
EXC,Centro 1,Online,2024-09-16,22
SST,Centro 3,In-person,2024-09-16,22
ING,Centro 4,Hybrid,2024-09-16,20
PRO,Centro 2,Hybrid,2024-09-16,20
SST,Centro 5,In-person,2024-09-16,20
PRI,Centro 3,In-person,2024-09-16,19
SST,Centro 4,Online,2024-09-16,19
EXC,Centro 1,In-person,2024-09-16,16
LOG,Centro 3,In-person,2024-09-16,16
GER,Centro 3,Hybrid,2024-09-16,15
PRO,Centro 1,Online,2024-09-16,15
VND,Centro 5,Hybrid,2024-09-16,14
VND,Centro 4,In-person,2024-09-16,14
HAC,Centro 5,In-person,2024-09-16,13
CYB,Centro 4,Hybrid,2024-09-16,11
PRI,Centro 1,In-person,2024-09-16,11
SCI,Centro 3,Hybrid,2024-09-16,11
VND,Centro 5,Online,2024-09-16,11
GER,Centro 2,Hybrid,2024-09-16,10
HCP,Centro 4,In-person,2024-09-16,9
LOG,Centro 3,Hybrid,2024-09-16,9
PRO,Centro 3,Hybrid,2024-09-16,9
CYB,Centro 2,Online,2024-09-16,8
SCI,Centro 1,Hybrid,2024-09-16,8
SCI,Centro 1,In-person,2024-09-16,8
LOG,Centro 4,Hybrid,2024-09-16,7
EXC,Centro 2,In-person,2024-09-16,6
HCP,Centro 5,Hybrid,2024-09-16,6
FOR,Centro 5,In-person,2024-09-16,5
LID,Centro 2,Online,2024-09-16,5
PRO,Centro 4,Hybrid,2024-09-16,5
PYT,Centro 2,Hybrid,2024-09-16,5
PYT,Centro 4,In-person,2024-09-16,5
CYB,Centro 2,Hybrid,2024-09-16,4
FOR,Centro 1,Online,2024-09-16,4
GER,Centro 5,Hybrid,2024-09-16,4
HOT,Centro 5,Hybrid,2024-09-16,4
INF,Centro 3,Hybrid,2024-09-16,4
INF,Centro 5,In-person,2024-09-16,4
SOC,Centro 4,In-person,2024-09-16,4
SST,Centro 1,In-person,2024-09-16,4
HAC,Centro 1,Hybrid,2024-09-16,3
HAC,Centro 4,Hybrid,2024-09-16,3
HAC,Centro 3,In-person,2024-09-16,3
HCP,Centro 3,In-person,2024-09-16,3
INF,Centro 4,In-person,2024-09-16,3
LOG,Centro 2,In-person,2024-09-16,3
PBI,Centro 4,Hybrid,2024-09-16,3
CYB,Centro 5,Online,2024-09-23,180
PBI,Centro 4,Online,2024-09-23,157
CYB,Centro 4,Online,2024-09-23,133
PYT,Centro 4,Online,2024-09-23,123
FOR,Centro 4,Online,2024-09-23,115
PYT,Centro 2,Hybrid,2024-09-23,104
ING,Centro 5,Online,2024-09-23,100
GES,Centro 2,Hybrid,2024-09-23,95
EMP,Centro 1,In-person,2024-09-23,94
SCI,Centro 1,Hybrid,2024-09-23,92
PYT,Centro 3,Hybrid,2024-09-23,86
PBI,Centro 1,Hybrid,2024-09-23,85
HCP,Centro 2,Hybrid,2024-09-23,84
EXC,Centro 1,Hybrid,2024-09-23,79
EXC,Centro 2,Online,2024-09-23,78
PRI,Centro 5,In-person,2024-09-23,72
CYB,Centro 4,In-person,2024-09-23,70
PRO,Centro 5,In-person,2024-09-23,70
SEG,Centro 5,Online,2024-09-23,70
HAC,Centro 3,In-person,2024-09-23,68
HOT,Centro 4,Hybrid,2024-09-23,67
PRO,Centro 4,Online,2024-09-23,67
FOR,Centro 3,In-person,2024-09-23,63
LID,Centro 4,Online,2024-09-23,62
GER,Centro 3,Hybrid,2024-09-23,61
HCP,Centro 5,In-person,2024-09-23,61
CYB,Centro 2,Hybrid,2024-09-23,58
SOC,Centro 5,In-person,2024-09-23,58
SEG,Centro 1,In-person,2024-09-23,56
SST,Centro 3,In-person,2024-09-23,55
CYB,Centro 5,Hybrid,2024-09-23,53
GER,Centro 2,In-person,2024-09-23,53
GER,Centro 3,In-person,2024-09-23,53
HCP,Centro 2,In-person,2024-09-23,52
SST,Centro 4,In-person,2024-09-23,52
HOT,Centro 5,Hybrid,2024-09-23,50
PRO,Centro 4,Hybrid,2024-09-23,50
PYT,Centro 5,Hybrid,2024-09-23,50
FOR,Centro 2,In-person,2024-09-23,49
GER,Centro 5,In-person,2024-09-23,49
PBI,Centro 5,Online,2024-09-23,48
PBI,Centro 1,Online,2024-09-23,45
HOT,Centro 1,Hybrid,2024-09-23,44
PRI,Centro 4,In-person,2024-09-23,44
HOT,Centro 4,In-person,2024-09-23,43
PBI,Centro 2,Hybrid,2024-09-23,42
LOG,Centro 5,Hybrid,2024-09-23,41
EXC,Centro 3,Online,2024-09-23,39
LOG,Centro 4,Hybrid,2024-09-23,39
SEG,Centro 5,In-person,2024-09-23,39
HCP,Centro 5,Hybrid,2024-09-23,38
SCI,Centro 1,In-person,2024-09-23,38
VND,Centro 4,Hybrid,2024-09-23,38
CYB,Centro 1,Hybrid,2024-09-23,37
HOT,Centro 3,In-person,2024-09-23,37
PRI,Centro 1,In-person,2024-09-23,37
SOC,Centro 3,In-person,2024-09-23,37
SCI,Centro 2,Hybrid,2024-09-23,36
MNT,Centro 2,In-person,2024-09-23,35
MNT,Centro 4,In-person,2024-09-23,35
SEG,Centro 5,Hybrid,2024-09-23,35
SOC,Centro 2,In-person,2024-09-23,34
SST,Centro 3,Hybrid,2024-09-23,34
EXC,Centro 5,Online,2024-09-23,33
PRO,Centro 2,Hybrid,2024-09-23,31
VND,Centro 2,Hybrid,2024-09-23,31
HAC,Centro 3,Hybrid,2024-09-23,30
PRI,Centro 3,In-person,2024-09-23,29
SST,Centro 1,Hybrid,2024-09-23,29
CYB,Centro 3,Online,2024-09-23,28
VND,Centro 5,Online,2024-09-23,27
VND,Centro 5,Hybrid,2024-09-23,27
MNT,Centro 3,In-person,2024-09-23,26
SST,Centro 5,In-person,2024-09-23,26
EXC,Centro 4,In-person,2024-09-23,25
HOT,Centro 2,Hybrid,2024-09-23,25
SCI,Centro 3,Hybrid,2024-09-23,25
SOC,Centro 4,In-person,2024-09-23,25
ING,Centro 3,Online,2024-09-23,24
VND,Centro 1,Hybrid,2024-09-23,24
PYT,Centro 1,Online,2024-09-23,23
FOR,Centro 5,Hybrid,2024-09-23,22
HAC,Centro 5,Online,2024-09-23,22
LOG,Centro 2,In-person,2024-09-23,21
SCI,Centro 3,In-person,2024-09-23,21
TUR,Centro 4,In-person,2024-09-23,21
LID,Centro 2,Hybrid,2024-09-23,20
PBI,Centro 4,Hybrid,2024-09-23,20
EXC,Centro 1,In-person,2024-09-23,19
CYB,Centro 3,Hybrid,2024-09-23,18
GES,Centro 4,Online,2024-09-23,18
HOT,Centro 3,Hybrid,2024-09-23,17
GES,Centro 5,In-person,2024-09-23,16
ING,Centro 2,Online,2024-09-23,16
MNT,Centro 1,In-person,2024-09-23,16
HAC,Centro 1,Online,2024-09-23,15
ING,Centro 3,Hybrid,2024-09-23,15
SCI,Centro 5,Hybrid,2024-09-23,15
SST,Centro 1,In-person,2024-09-23,15
VND,Centro 4,Online,2024-09-23,15
LID,Centro 5,In-person,2024-09-23,14
LOG,Centro 4,In-person,2024-09-23,14
HCP,Centro 3,In-person,2024-09-23,13
INF,Centro 3,In-person,2024-09-23,13
LID,Centro 2,In-person,2024-09-23,13
SEG,Centro 1,Hybrid,2024-09-23,13
TUR,Centro 5,Hybrid,2024-09-23,13
GER,Centro 5,Hybrid,2024-09-23,11
HOT,Centro 2,In-person,2024-09-23,10
INF,Centro 1,In-person,2024-09-23,10
LID,Centro 2,Online,2024-09-23,10
EMP,Centro 4,In-person,2024-09-23,9
PRO,Centro 3,Hybrid,2024-09-23,9
CYB,Centro 1,Online,2024-09-23,8
HCP,Centro 4,Hybrid,2024-09-23,8
LID,Centro 5,Online,2024-09-23,8
PYT,Centro 5,In-person,2024-09-23,8
EXC,Centro 3,In-person,2024-09-23,7
FOR,Centro 2,Hybrid,2024-09-23,7
HAC,Centro 5,In-person,2024-09-23,7
INF,Centro 4,In-person,2024-09-23,7
PBI,Centro 2,Online,2024-09-23,7
PBI,Centro 4,In-person,2024-09-23,7
PRI,Centro 4,Hybrid,2024-09-23,7
SCI,Centro 4,In-person,2024-09-23,7
TUR,Centro 2,In-person,2024-09-23,7
VND,Centro 3,Hybrid,2024-09-23,7
VND,Centro 3,In-person,2024-09-23,7
SEG,Centro 2,In-person,2024-09-23,6
MNT,Centro 5,In-person,2024-09-23,5
SOC,Centro 1,Hybrid,2024-09-23,5
TUR,Centro 1,Hybrid,2024-09-23,5
CYB,Centro 1,In-person,2024-09-23,4
FOR,Centro 1,In-person,2024-09-23,4
GER,Centro 1,In-person,2024-09-23,4
HAC,Centro 4,Hybrid,2024-09-23,4
HCP,Centro 3,Hybrid,2024-09-23,4
HOT,Centro 5,In-person,2024-09-23,4
PBI,Centro 1,In-person,2024-09-23,4
SEG,Centro 4,Hybrid,2024-09-23,4
SST,Centro 1,Online,2024-09-23,4
SST,Centro 2,Hybrid,2024-09-23,4
SST,Centro 4,Hybrid,2024-09-23,4
EXC,Centro 5,In-person,2024-09-23,3
INF,Centro 1,Hybrid,2024-09-23,3
LOG,Centro 2,Hybrid,2024-09-23,3
LOG,Centro 3,Hybrid,2024-09-23,3
CYB,Centro 5,Online,2024-09-30,171
CYB,Centro 3,Online,2024-09-30,166
TUR,Centro 3,Hybrid,2024-09-30,141
LID,Centro 4,Hybrid,2024-09-30,122
FOR,Centro 5,Online,2024-09-30,119
FOR,Centro 4,Hybrid,2024-09-30,118
LOG,Centro 5,In-person,2024-09-30,114
PBI,Centro 3,Online,2024-09-30,114
GER,Centro 2,In-person,2024-09-30,112
SST,Centro 5,Online,2024-09-30,108
PYT,Centro 3,Online,2024-09-30,107
HCP,Centro 5,Hybrid,2024-09-30,104
MNT,Centro 2,In-person,2024-09-30,96
VND,Centro 5,In-person,2024-09-30,96
GER,Centro 3,In-person,2024-09-30,91
HAC,Centro 1,Online,2024-09-30,88
LOG,Centro 5,Hybrid,2024-09-30,87
HAC,Centro 5,Online,2024-09-30,85
LOG,Centro 1,In-person,2024-09-30,85
TUR,Centro 3,In-person,2024-09-30,83
LID,Centro 5,Online,2024-09-30,82
PRO,Centro 1,Online,2024-09-30,82
SEG,Centro 1,Online,2024-09-30,82
FOR,Centro 2,In-person,2024-09-30,74
CYB,Centro 1,In-person,2024-09-30,73
SST,Centro 5,In-person,2024-09-30,73
SCI,Centro 4,In-person,2024-09-30,69
INF,Centro 4,In-person,2024-09-30,66
MNT,Centro 1,In-person,2024-09-30,65
MNT,Centro 4,In-person,2024-09-30,64
PBI,Centro 1,Hybrid,2024-09-30,64
FOR,Centro 5,Hybrid,2024-09-30,62
VND,Centro 4,In-person,2024-09-30,62
GER,Centro 3,Hybrid,2024-09-30,61
PYT,Centro 3,Hybrid,2024-09-30,61
EXC,Centro 3,Online,2024-09-30,59
SCI,Centro 3,Hybrid,2024-09-30,58
EXC,Centro 4,Online,2024-09-30,57
INF,Centro 3,Hybrid,2024-09-30,57
PYT,Centro 2,In-person,2024-09-30,57
ING,Centro 4,Hybrid,2024-09-30,56
PBI,Centro 5,Online,2024-09-30,55
CYB,Centro 4,Hybrid,2024-09-30,53
HAC,Centro 5,Hybrid,2024-09-30,49
GER,Centro 5,Hybrid,2024-09-30,48
PRI,Centro 2,In-person,2024-09-30,48
HAC,Centro 4,Hybrid,2024-09-30,46
CYB,Centro 4,Online,2024-09-30,44
EXC,Centro 2,Hybrid,2024-09-30,44
PRI,Centro 1,Hybrid,2024-09-30,42
INF,Centro 5,In-person,2024-09-30,41
LID,Centro 2,In-person,2024-09-30,40
PBI,Centro 4,Online,2024-09-30,40
SEG,Centro 4,In-person,2024-09-30,39
SST,Centro 1,In-person,2024-09-30,38
FOR,Centro 1,Online,2024-09-30,37
PYT,Centro 1,Online,2024-09-30,37
LID,Centro 2,Hybrid,2024-09-30,35
VND,Centro 5,Hybrid,2024-09-30,34
SEG,Centro 1,Hybrid,2024-09-30,33
VND,Centro 4,Hybrid,2024-09-30,32
GES,Centro 3,Hybrid,2024-09-30,31
TUR,Centro 2,Hybrid,2024-09-30,31
SST,Centro 3,Hybrid,2024-09-30,30
GER,Centro 4,Hybrid,2024-09-30,29
INF,Centro 1,In-person,2024-09-30,29
HCP,Centro 5,In-person,2024-09-30,28
ING,Centro 4,In-person,2024-09-30,27
GES,Centro 1,Hybrid,2024-09-30,26
CYB,Centro 3,Hybrid,2024-09-30,25
CYB,Centro 5,Hybrid,2024-09-30,24
PRO,Centro 4,Hybrid,2024-09-30,24
HCP,Centro 4,Hybrid,2024-09-30,23
SEG,Centro 1,In-person,2024-09-30,23
GES,Centro 1,Online,2024-09-30,22
EXC,Centro 3,Hybrid,2024-09-30,20
EMP,Centro 2,In-person,2024-09-30,19
SST,Centro 2,Online,2024-09-30,19
TUR,Centro 2,In-person,2024-09-30,19
CYB,Centro 1,Hybrid,2024-09-30,18
ING,Centro 1,Online,2024-09-30,18
PBI,Centro 4,In-person,2024-09-30,16
PRI,Centro 2,Hybrid,2024-09-30,16
PRI,Centro 4,In-person,2024-09-30,16
ING,Centro 5,Online,2024-09-30,15
PBI,Centro 2,Online,2024-09-30,15
PRI,Centro 1,In-person,2024-09-30,15
GER,Centro 5,In-person,2024-09-30,14
LOG,Centro 4,In-person,2024-09-30,14
PRI,Centro 3,In-person,2024-09-30,14
PYT,Centro 4,Online,2024-09-30,14
SST,Centro 2,In-person,2024-09-30,14
HOT,Centro 4,Hybrid,2024-09-30,13
LOG,Centro 2,In-person,2024-09-30,13
PBI,Centro 4,Hybrid,2024-09-30,13
SOC,Centro 1,In-person,2024-09-30,13
VND,Centro 4,Online,2024-09-30,13
HOT,Centro 1,In-person,2024-09-30,12
PRO,Centro 2,Hybrid,2024-09-30,12
SOC,Centro 5,In-person,2024-09-30,12
CYB,Centro 2,Hybrid,2024-09-30,11
GER,Centro 1,Hybrid,2024-09-30,11
ING,Centro 2,Online,2024-09-30,11
LID,Centro 1,Online,2024-09-30,11
LID,Centro 3,In-person,2024-09-30,11
PBI,Centro 1,In-person,2024-09-30,11
FOR,Centro 4,Online,2024-09-30,10
MNT,Centro 5,In-person,2024-09-30,10
PYT,Centro 4,In-person,2024-09-30,10
SEG,Centro 3,In-person,2024-09-30,10
VND,Centro 1,In-person,2024-09-30,10
GER,Centro 1,In-person,2024-09-30,9
HCP,Centro 2,In-person,2024-09-30,9
PRO,Centro 5,In-person,2024-09-30,8
SCI,Centro 5,Hybrid,2024-09-30,8
CYB,Centro 4,In-person,2024-09-30,7
EMP,Centro 1,In-person,2024-09-30,7
EXC,Centro 2,In-person,2024-09-30,7
ING,Centro 3,Hybrid,2024-09-30,7
LOG,Centro 3,In-person,2024-09-30,7
PBI,Centro 3,In-person,2024-09-30,7
TUR,Centro 5,Hybrid,2024-09-30,7
TUR,Centro 4,In-person,2024-09-30,7
HCP,Centro 4,In-person,2024-09-30,6
SEG,Centro 2,In-person,2024-09-30,6
FOR,Centro 2,Hybrid,2024-09-30,5
INF,Centro 3,In-person,2024-09-30,5
MNT,Centro 3,In-person,2024-09-30,5
TUR,Centro 1,Hybrid,2024-09-30,5
EMP,Centro 3,In-person,2024-09-30,4
ING,Centro 4,Online,2024-09-30,4
PBI,Centro 2,Hybrid,2024-09-30,4
PRO,Centro 1,Hybrid,2024-09-30,4
SCI,Centro 1,Hybrid,2024-09-30,4
SOC,Centro 4,In-person,2024-09-30,4
SST,Centro 1,Hybrid,2024-09-30,4
SST,Centro 2,Hybrid,2024-09-30,4
EXC,Centro 2,Online,2024-09-30,3
GER,Centro 2,Hybrid,2024-09-30,3
PBI,Centro 2,In-person,2024-09-30,3
SEG,Centro 3,Hybrid,2024-09-30,3
PBI,Centro 3,Online,2024-10-07,210
MNT,Centro 5,In-person,2024-10-07,104
SST,Centro 4,Hybrid,2024-10-07,103
INF,Centro 1,Hybrid,2024-10-07,98
EXC,Centro 1,Online,2024-10-07,95
PYT,Centro 1,Online,2024-10-07,92
PBI,Centro 2,Online,2024-10-07,81
CYB,Centro 4,In-person,2024-10-07,78
TUR,Centro 2,In-person,2024-10-07,77
GER,Centro 2,Hybrid,2024-10-07,75
PYT,Centro 5,Hybrid,2024-10-07,75
SCI,Centro 5,Hybrid,2024-10-07,73
FOR,Centro 1,Online,2024-10-07,71
LOG,Centro 1,In-person,2024-10-07,71
CYB,Centro 5,Online,2024-10-07,70
ING,Centro 1,Online,2024-10-07,65
HCP,Centro 5,Hybrid,2024-10-07,62
FOR,Centro 4,Hybrid,2024-10-07,60
PYT,Centro 3,In-person,2024-10-07,60
PBI,Centro 2,Hybrid,2024-10-07,59
SEG,Centro 3,In-person,2024-10-07,58
SEG,Centro 5,Hybrid,2024-10-07,57
CYB,Centro 5,Hybrid,2024-10-07,52
LID,Centro 1,Online,2024-10-07,52
PRI,Centro 5,In-person,2024-10-07,52
HAC,Centro 2,Online,2024-10-07,51
CYB,Centro 1,Online,2024-10-07,49
MNT,Centro 1,In-person,2024-10-07,48
SEG,Centro 2,In-person,2024-10-07,47
PRI,Centro 4,In-person,2024-10-07,46
PRO,Centro 5,Online,2024-10-07,46
TUR,Centro 3,Hybrid,2024-10-07,46
EXC,Centro 4,In-person,2024-10-07,43
FOR,Centro 1,Hybrid,2024-10-07,43
HCP,Centro 3,In-person,2024-10-07,42
ING,Centro 5,Online,2024-10-07,41
LOG,Centro 4,In-person,2024-10-07,41
HAC,Centro 1,Online,2024-10-07,40
HCP,Centro 4,In-person,2024-10-07,39
SCI,Centro 4,In-person,2024-10-07,39
EMP,Centro 2,In-person,2024-10-07,37
HAC,Centro 3,In-person,2024-10-07,37
MNT,Centro 3,In-person,2024-10-07,37
SCI,Centro 1,Hybrid,2024-10-07,37
TUR,Centro 4,In-person,2024-10-07,37
EXC,Centro 2,Online,2024-10-07,35
HCP,Centro 4,Hybrid,2024-10-07,35
MNT,Centro 2,In-person,2024-10-07,35
SST,Centro 3,Hybrid,2024-10-07,35
SOC,Centro 4,In-person,2024-10-07,34
EXC,Centro 3,Hybrid,2024-10-07,32
SEG,Centro 1,Hybrid,2024-10-07,31
CYB,Centro 1,In-person,2024-10-07,30
PBI,Centro 3,Hybrid,2024-10-07,30
PYT,Centro 2,Online,2024-10-07,29
FOR,Centro 2,Hybrid,2024-10-07,28
GER,Centro 2,In-person,2024-10-07,28
PYT,Centro 3,Online,2024-10-07,28
SOC,Centro 5,In-person,2024-10-07,26
CYB,Centro 3,Online,2024-10-07,25
LID,Centro 4,Hybrid,2024-10-07,25
EXC,Centro 3,Online,2024-10-07,24
INF,Centro 1,In-person,2024-10-07,24
VND,Centro 2,Hybrid,2024-10-07,24
PRI,Centro 3,In-person,2024-10-07,23
HOT,Centro 2,Hybrid,2024-10-07,22
PBI,Centro 4,In-person,2024-10-07,21
ING,Centro 2,Hybrid,2024-10-07,20
PRO,Centro 3,Hybrid,2024-10-07,19
SST,Centro 5,Hybrid,2024-10-07,19
CYB,Centro 4,Hybrid,2024-10-07,17
PRO,Centro 1,Hybrid,2024-10-07,17
CYB,Centro 1,Hybrid,2024-10-07,16
LOG,Centro 5,Hybrid,2024-10-07,16
LOG,Centro 3,In-person,2024-10-07,16
PYT,Centro 5,In-person,2024-10-07,15
FOR,Centro 3,In-person,2024-10-07,14
HAC,Centro 3,Hybrid,2024-10-07,14
SST,Centro 2,Online,2024-10-07,14
GER,Centro 1,Hybrid,2024-10-07,13
LOG,Centro 2,In-person,2024-10-07,13
ING,Centro 3,Online,2024-10-07,11
ING,Centro 4,In-person,2024-10-07,11
MNT,Centro 4,In-person,2024-10-07,11
PRO,Centro 2,Hybrid,2024-10-07,11
SCI,Centro 3,In-person,2024-10-07,11
SOC,Centro 2,Hybrid,2024-10-07,11
VND,Centro 3,Hybrid,2024-10-07,11
EMP,Centro 4,In-person,2024-10-07,10
EXC,Centro 5,Online,2024-10-07,10
GES,Centro 4,Online,2024-10-07,10
HOT,Centro 3,In-person,2024-10-07,10
PBI,Centro 1,Hybrid,2024-10-07,10
VND,Centro 4,Online,2024-10-07,10
GES,Centro 5,Online,2024-10-07,9
PYT,Centro 2,Hybrid,2024-10-07,9
SST,Centro 5,Online,2024-10-07,9
SST,Centro 1,In-person,2024-10-07,9
FOR,Centro 5,Online,2024-10-07,8
PYT,Centro 4,Hybrid,2024-10-07,8
VND,Centro 5,In-person,2024-10-07,8
EMP,Centro 1,In-person,2024-10-07,7
LID,Centro 5,Hybrid,2024-10-07,7
SOC,Centro 3,In-person,2024-10-07,7
VND,Centro 4,In-person,2024-10-07,7
PBI,Centro 2,In-person,2024-10-07,6
INF,Centro 3,Hybrid,2024-10-07,5
LID,Centro 2,Hybrid,2024-10-07,5
PBI,Centro 5,Online,2024-10-07,5
SOC,Centro 1,Hybrid,2024-10-07,5
TUR,Centro 3,In-person,2024-10-07,5
EMP,Centro 5,In-person,2024-10-07,4
EXC,Centro 2,Hybrid,2024-10-07,4
GER,Centro 3,Hybrid,2024-10-07,4
GES,Centro 5,Hybrid,2024-10-07,4
HAC,Centro 5,In-person,2024-10-07,4
PBI,Centro 1,Online,2024-10-07,4
PRI,Centro 2,In-person,2024-10-07,4
PRO,Centro 5,In-person,2024-10-07,4
SEG,Centro 4,In-person,2024-10-07,4
VND,Centro 5,Hybrid,2024-10-07,4
HAC,Centro 2,In-person,2024-10-07,3
LOG,Centro 5,In-person,2024-10-07,3
SST,Centro 2,In-person,2024-10-07,3
CYB,Centro 1,Online,2024-10-14,176
GER,Centro 1,Hybrid,2024-10-14,117
MNT,Centro 5,In-person,2024-10-14,111
MNT,Centro 4,In-person,2024-10-14,89
SST,Centro 1,Hybrid,2024-10-14,85
GES,Centro 5,In-person,2024-10-14,79
GER,Centro 3,In-person,2024-10-14,76
HCP,Centro 5,In-person,2024-10-14,76
SST,Centro 1,In-person,2024-10-14,69
TUR,Centro 4,In-person,2024-10-14,67
PBI,Centro 1,Online,2024-10-14,65
CYB,Centro 5,Hybrid,2024-10-14,63
INF,Centro 3,In-person,2024-10-14,63
ING,Centro 2,Hybrid,2024-10-14,62
PRI,Centro 4,In-person,2024-10-14,60
MNT,Centro 2,In-person,2024-10-14,59
PRI,Centro 1,Hybrid,2024-10-14,59
PRO,Centro 1,Online,2024-10-14,54
VND,Centro 4,Online,2024-10-14,54
LID,Centro 2,Online,2024-10-14,51
PBI,Centro 3,Online,2024-10-14,50
SST,Centro 4,Online,2024-10-14,49
HAC,Centro 5,In-person,2024-10-14,47
MNT,Centro 3,In-person,2024-10-14,47
SEG,Centro 2,Hybrid,2024-10-14,45
HAC,Centro 1,In-person,2024-10-14,44
HOT,Centro 1,In-person,2024-10-14,44
LID,Centro 4,Online,2024-10-14,44
PRO,Centro 2,Online,2024-10-14,44
PYT,Centro 4,Hybrid,2024-10-14,44
SOC,Centro 3,Hybrid,2024-10-14,44
GER,Centro 5,In-person,2024-10-14,41
CYB,Centro 2,Hybrid,2024-10-14,40
EXC,Centro 1,Hybrid,2024-10-14,38
HCP,Centro 5,Hybrid,2024-10-14,37
PBI,Centro 2,Hybrid,2024-10-14,36
GER,Centro 1,In-person,2024-10-14,35
PBI,Centro 4,In-person,2024-10-14,35
EXC,Centro 4,In-person,2024-10-14,34
LOG,Centro 5,In-person,2024-10-14,34
SEG,Centro 1,In-person,2024-10-14,33
LOG,Centro 2,Hybrid,2024-10-14,32
CYB,Centro 3,In-person,2024-10-14,31
SOC,Centro 5,In-person,2024-10-14,31
HCP,Centro 2,In-person,2024-10-14,30
EXC,Centro 3,Online,2024-10-14,29
ING,Centro 5,In-person,2024-10-14,29
LOG,Centro 1,In-person,2024-10-14,29
HOT,Centro 2,Hybrid,2024-10-14,28
PRI,Centro 3,In-person,2024-10-14,28
SST,Centro 5,Hybrid,2024-10-14,28
EMP,Centro 5,In-person,2024-10-14,27
HOT,Centro 3,In-person,2024-10-14,27
PYT,Centro 1,In-person,2024-10-14,27
SEG,Centro 5,Hybrid,2024-10-14,27
SEG,Centro 4,Hybrid,2024-10-14,26
VND,Centro 5,Online,2024-10-14,25
PBI,Centro 3,Hybrid,2024-10-14,24
ING,Centro 3,Online,2024-10-14,23
LID,Centro 1,Online,2024-10-14,23
PYT,Centro 2,In-person,2024-10-14,23
TUR,Centro 2,Hybrid,2024-10-14,23
HCP,Centro 4,Hybrid,2024-10-14,22
LID,Centro 5,Online,2024-10-14,22
GER,Centro 3,Hybrid,2024-10-14,20
EXC,Centro 5,In-person,2024-10-14,19
HAC,Centro 5,Hybrid,2024-10-14,19
PYT,Centro 1,Online,2024-10-14,19
TUR,Centro 3,In-person,2024-10-14,19
EXC,Centro 2,Hybrid,2024-10-14,18
LOG,Centro 2,In-person,2024-10-14,18
VND,Centro 5,Hybrid,2024-10-14,18
CYB,Centro 4,In-person,2024-10-14,17
INF,Centro 3,Hybrid,2024-10-14,17
PRI,Centro 2,Hybrid,2024-10-14,17
PYT,Centro 2,Online,2024-10-14,17
EXC,Centro 2,Online,2024-10-14,16
GES,Centro 4,Online,2024-10-14,16
TUR,Centro 3,Hybrid,2024-10-14,16
GES,Centro 4,Hybrid,2024-10-14,15
HCP,Centro 4,In-person,2024-10-14,15
HOT,Centro 1,Hybrid,2024-10-14,15
LOG,Centro 5,Hybrid,2024-10-14,15
SCI,Centro 1,Hybrid,2024-10-14,15
SCI,Centro 5,Hybrid,2024-10-14,15
HAC,Centro 4,Hybrid,2024-10-14,14
PRI,Centro 5,In-person,2024-10-14,14
PRO,Centro 5,In-person,2024-10-14,13
PYT,Centro 5,In-person,2024-10-14,13
SST,Centro 2,Online,2024-10-14,13
VND,Centro 1,Hybrid,2024-10-14,13
HCP,Centro 2,Hybrid,2024-10-14,12
LID,Centro 2,In-person,2024-10-14,11
PBI,Centro 4,Online,2024-10-14,11
SCI,Centro 3,Hybrid,2024-10-14,11
EMP,Centro 2,In-person,2024-10-14,10
GER,Centro 2,In-person,2024-10-14,10
MNT,Centro 1,In-person,2024-10-14,10
PRI,Centro 2,In-person,2024-10-14,10
SST,Centro 4,Hybrid,2024-10-14,10
PYT,Centro 3,Online,2024-10-14,9
FOR,Centro 3,In-person,2024-10-14,8
FOR,Centro 5,In-person,2024-10-14,8
ING,Centro 4,In-person,2024-10-14,8
PBI,Centro 5,In-person,2024-10-14,8
TUR,Centro 5,Hybrid,2024-10-14,8
TUR,Centro 5,In-person,2024-10-14,8
EXC,Centro 1,Online,2024-10-14,7
FOR,Centro 4,Online,2024-10-14,7
FOR,Centro 2,In-person,2024-10-14,7
LID,Centro 4,Hybrid,2024-10-14,7
SEG,Centro 3,In-person,2024-10-14,7
SST,Centro 2,In-person,2024-10-14,7
EMP,Centro 4,In-person,2024-10-14,6
CYB,Centro 2,In-person,2024-10-14,5
INF,Centro 5,In-person,2024-10-14,5
ING,Centro 4,Hybrid,2024-10-14,5
SOC,Centro 4,In-person,2024-10-14,5
FOR,Centro 1,In-person,2024-10-14,4
HAC,Centro 1,Hybrid,2024-10-14,4
HAC,Centro 3,In-person,2024-10-14,4
HOT,Centro 2,In-person,2024-10-14,4
INF,Centro 4,In-person,2024-10-14,4
PYT,Centro 2,Hybrid,2024-10-14,4
SST,Centro 3,In-person,2024-10-14,4
VND,Centro 5,In-person,2024-10-14,4
EMP,Centro 1,In-person,2024-10-14,3
INF,Centro 4,Hybrid,2024-10-14,3
LOG,Centro 1,Hybrid,2024-10-14,3
PBI,Centro 2,In-person,2024-10-14,3
SEG,Centro 2,In-person,2024-10-14,3
EXC,Centro 2,In-person,2024-10-14,1
EXC,Centro 1,Online,2024-10-21,149
MNT,Centro 1,In-person,2024-10-21,118
ING,Centro 5,Online,2024-10-21,105
GES,Centro 4,Online,2024-10-21,92
PBI,Centro 5,Hybrid,2024-10-21,91
CYB,Centro 1,Online,2024-10-21,88
SST,Centro 3,In-person,2024-10-21,79
PYT,Centro 3,Online,2024-10-21,78
PYT,Centro 4,Online,2024-10-21,78
LID,Centro 4,Online,2024-10-21,77
HAC,Centro 5,Online,2024-10-21,72
SOC,Centro 5,In-person,2024-10-21,72
PRO,Centro 5,In-person,2024-10-21,70
SEG,Centro 4,Hybrid,2024-10-21,70
VND,Centro 5,In-person,2024-10-21,69
CYB,Centro 2,Hybrid,2024-10-21,68
SOC,Centro 4,In-person,2024-10-21,68
SST,Centro 5,Hybrid,2024-10-21,67
CYB,Centro 3,Online,2024-10-21,64
MNT,Centro 2,In-person,2024-10-21,61
PYT,Centro 2,Online,2024-10-21,61
PRI,Centro 2,Hybrid,2024-10-21,60
EMP,Centro 3,In-person,2024-10-21,54
LID,Centro 3,In-person,2024-10-21,53
LOG,Centro 3,In-person,2024-10-21,53
HOT,Centro 1,In-person,2024-10-21,52
PYT,Centro 2,Hybrid,2024-10-21,52
CYB,Centro 4,Online,2024-10-21,51
HOT,Centro 3,In-person,2024-10-21,51
LID,Centro 2,In-person,2024-10-21,51
VND,Centro 5,Online,2024-10-21,51
LOG,Centro 1,In-person,2024-10-21,50
SOC,Centro 2,Hybrid,2024-10-21,50
PBI,Centro 5,In-person,2024-10-21,49
EMP,Centro 4,In-person,2024-10-21,47
INF,Centro 3,Hybrid,2024-10-21,47
SST,Centro 5,In-person,2024-10-21,45
HCP,Centro 5,Hybrid,2024-10-21,44
PRI,Centro 3,Hybrid,2024-10-21,44
PBI,Centro 2,Hybrid,2024-10-21,43
GES,Centro 4,In-person,2024-10-21,42
TUR,Centro 5,In-person,2024-10-21,42
EXC,Centro 2,Online,2024-10-21,41
PRO,Centro 2,Hybrid,2024-10-21,41
PBI,Centro 1,Hybrid,2024-10-21,37
TUR,Centro 2,In-person,2024-10-21,37
CYB,Centro 3,In-person,2024-10-21,36
FOR,Centro 3,In-person,2024-10-21,35
EMP,Centro 2,In-person,2024-10-21,33
INF,Centro 4,In-person,2024-10-21,33
LID,Centro 4,In-person,2024-10-21,33
SCI,Centro 1,Hybrid,2024-10-21,33
PBI,Centro 4,Online,2024-10-21,32
INF,Centro 3,In-person,2024-10-21,31
ING,Centro 1,Online,2024-10-21,30
PBI,Centro 3,Online,2024-10-21,30
CYB,Centro 5,Online,2024-10-21,28
HCP,Centro 5,In-person,2024-10-21,28
LOG,Centro 2,Hybrid,2024-10-21,28
MNT,Centro 5,In-person,2024-10-21,28
SST,Centro 1,Online,2024-10-21,28
GER,Centro 3,In-person,2024-10-21,27
SST,Centro 4,Hybrid,2024-10-21,27
TUR,Centro 3,Hybrid,2024-10-21,27
INF,Centro 5,In-person,2024-10-21,26
ING,Centro 3,Hybrid,2024-10-21,26
FOR,Centro 4,Hybrid,2024-10-21,25
HCP,Centro 4,Hybrid,2024-10-21,25
VND,Centro 3,In-person,2024-10-21,25
SST,Centro 3,Hybrid,2024-10-21,24
LOG,Centro 1,Hybrid,2024-10-21,23
CYB,Centro 4,Hybrid,2024-10-21,21
PYT,Centro 3,In-person,2024-10-21,21
SEG,Centro 5,In-person,2024-10-21,21
GES,Centro 4,Hybrid,2024-10-21,20
SST,Centro 4,In-person,2024-10-21,20
EXC,Centro 4,In-person,2024-10-21,19
ING,Centro 4,Hybrid,2024-10-21,19
PYT,Centro 1,Online,2024-10-21,19
SEG,Centro 2,In-person,2024-10-21,19
CYB,Centro 1,Hybrid,2024-10-21,18
EXC,Centro 1,In-person,2024-10-21,18
HCP,Centro 3,In-person,2024-10-21,18
PRI,Centro 3,In-person,2024-10-21,18
SEG,Centro 1,In-person,2024-10-21,18
SEG,Centro 5,Hybrid,2024-10-21,17
GES,Centro 5,In-person,2024-10-21,16
TUR,Centro 4,In-person,2024-10-21,16
SEG,Centro 1,Online,2024-10-21,15
FOR,Centro 1,In-person,2024-10-21,14
MNT,Centro 4,In-person,2024-10-21,14
VND,Centro 1,Hybrid,2024-10-21,14
TUR,Centro 3,In-person,2024-10-21,13
EXC,Centro 2,Hybrid,2024-10-21,12
FOR,Centro 5,Online,2024-10-21,12
GER,Centro 1,Hybrid,2024-10-21,10
PRI,Centro 5,In-person,2024-10-21,10
SST,Centro 1,In-person,2024-10-21,10
FOR,Centro 3,Hybrid,2024-10-21,9
VND,Centro 4,Online,2024-10-21,9
GER,Centro 1,In-person,2024-10-21,8
HAC,Centro 5,In-person,2024-10-21,7
HCP,Centro 4,In-person,2024-10-21,7
ING,Centro 3,Online,2024-10-21,7
LOG,Centro 5,In-person,2024-10-21,7
PBI,Centro 1,In-person,2024-10-21,7
SST,Centro 2,In-person,2024-10-21,7
GER,Centro 2,In-person,2024-10-21,6
SCI,Centro 4,In-person,2024-10-21,6
SEG,Centro 4,In-person,2024-10-21,6
VND,Centro 2,Hybrid,2024-10-21,6
FOR,Centro 1,Online,2024-10-21,5
PRO,Centro 2,Online,2024-10-21,5
PRO,Centro 4,Online,2024-10-21,5
TUR,Centro 5,Hybrid,2024-10-21,5
EXC,Centro 3,Hybrid,2024-10-21,4
EXC,Centro 2,In-person,2024-10-21,4
PBI,Centro 3,Hybrid,2024-10-21,4
EXC,Centro 3,Online,2024-10-21,3
EXC,Centro 5,In-person,2024-10-21,3
HAC,Centro 1,Online,2024-10-21,3
HAC,Centro 2,In-person,2024-10-21,3
HAC,Centro 3,In-person,2024-10-21,3
HCP,Centro 3,Hybrid,2024-10-21,3
HOT,Centro 2,Hybrid,2024-10-21,3
LOG,Centro 5,Hybrid,2024-10-21,3
PBI,Centro 2,In-person,2024-10-21,3
SEG,Centro 5,Online,2024-10-21,3
SEG,Centro 3,Hybrid,2024-10-21,3
SST,Centro 1,Hybrid,2024-10-21,3
ING,Centro 4,Hybrid,2024-10-28,162
CYB,Centro 3,Online,2024-10-28,158
GES,Centro 4,Hybrid,2024-10-28,121
PBI,Centro 4,Online,2024-10-28,114
ING,Centro 1,Online,2024-10-28,101
SST,Centro 3,In-person,2024-10-28,100
ING,Centro 4,Online,2024-10-28,89
CYB,Centro 1,Online,2024-10-28,84
EMP,Centro 2,In-person,2024-10-28,82
PBI,Centro 2,In-person,2024-10-28,74
LID,Centro 5,Hybrid,2024-10-28,72
MNT,Centro 1,In-person,2024-10-28,72
TUR,Centro 5,Hybrid,2024-10-28,67
HCP,Centro 1,In-person,2024-10-28,66
PYT,Centro 1,In-person,2024-10-28,65
GES,Centro 1,Online,2024-10-28,64
EXC,Centro 3,Online,2024-10-28,61
MNT,Centro 3,In-person,2024-10-28,59
LID,Centro 5,Online,2024-10-28,54
SCI,Centro 3,Hybrid,2024-10-28,53
VND,Centro 5,In-person,2024-10-28,52
SEG,Centro 4,In-person,2024-10-28,51
GER,Centro 3,In-person,2024-10-28,50
HAC,Centro 5,In-person,2024-10-28,50
TUR,Centro 3,In-person,2024-10-28,49
SOC,Centro 3,Hybrid,2024-10-28,48
EXC,Centro 5,In-person,2024-10-28,43
LID,Centro 2,In-person,2024-10-28,41
HCP,Centro 4,Hybrid,2024-10-28,39
SST,Centro 1,Hybrid,2024-10-28,39
LOG,Centro 2,In-person,2024-10-28,37
SEG,Centro 1,In-person,2024-10-28,37
EMP,Centro 4,In-person,2024-10-28,36
PRO,Centro 5,Online,2024-10-28,36
VND,Centro 4,Online,2024-10-28,35
SST,Centro 1,In-person,2024-10-28,33
GES,Centro 4,In-person,2024-10-28,32
ING,Centro 3,Hybrid,2024-10-28,31
PBI,Centro 2,Online,2024-10-28,31
SEG,Centro 5,Hybrid,2024-10-28,31
SST,Centro 2,In-person,2024-10-28,31
VND,Centro 3,In-person,2024-10-28,31
SEG,Centro 5,In-person,2024-10-28,30
EMP,Centro 5,In-person,2024-10-28,29
VND,Centro 1,Hybrid,2024-10-28,29
EMP,Centro 3,In-person,2024-10-28,28
CYB,Centro 4,Online,2024-10-28,27
GES,Centro 4,Online,2024-10-28,27
SST,Centro 4,Online,2024-10-28,27
CYB,Centro 3,In-person,2024-10-28,25
PBI,Centro 3,Hybrid,2024-10-28,25
PBI,Centro 5,In-person,2024-10-28,25
SST,Centro 3,Hybrid,2024-10-28,25
TUR,Centro 3,Hybrid,2024-10-28,25
TUR,Centro 4,In-person,2024-10-28,25
HAC,Centro 1,Online,2024-10-28,24
CYB,Centro 1,Hybrid,2024-10-28,23
PRI,Centro 3,In-person,2024-10-28,23
LOG,Centro 5,Hybrid,2024-10-28,22
SEG,Centro 3,In-person,2024-10-28,22
INF,Centro 5,In-person,2024-10-28,21
HAC,Centro 1,Hybrid,2024-10-28,20
HOT,Centro 1,In-person,2024-10-28,20
EXC,Centro 4,In-person,2024-10-28,19
INF,Centro 3,In-person,2024-10-28,19
PYT,Centro 1,Hybrid,2024-10-28,19
EXC,Centro 2,Hybrid,2024-10-28,18
LOG,Centro 1,In-person,2024-10-28,18
CYB,Centro 4,Hybrid,2024-10-28,16
MNT,Centro 4,In-person,2024-10-28,16
TUR,Centro 5,In-person,2024-10-28,16
SOC,Centro 3,In-person,2024-10-28,15
TUR,Centro 2,In-person,2024-10-28,15
HOT,Centro 5,In-person,2024-10-28,14
LID,Centro 1,In-person,2024-10-28,14
HCP,Centro 5,In-person,2024-10-28,13
MNT,Centro 5,In-person,2024-10-28,13
VND,Centro 3,Hybrid,2024-10-28,13
PBI,Centro 2,Hybrid,2024-10-28,12
PRI,Centro 2,In-person,2024-10-28,12
PRO,Centro 5,In-person,2024-10-28,12
FOR,Centro 1,Online,2024-10-28,11
INF,Centro 3,Hybrid,2024-10-28,11
LID,Centro 4,In-person,2024-10-28,11
INF,Centro 4,In-person,2024-10-28,10
PYT,Centro 4,Hybrid,2024-10-28,10
SST,Centro 4,In-person,2024-10-28,10
CYB,Centro 4,In-person,2024-10-28,9
LOG,Centro 5,In-person,2024-10-28,9
PYT,Centro 3,In-person,2024-10-28,9
CYB,Centro 2,Hybrid,2024-10-28,8
GES,Centro 5,Online,2024-10-28,8
PRO,Centro 4,Online,2024-10-28,8
PYT,Centro 2,Online,2024-10-28,8
EXC,Centro 2,Online,2024-10-28,7
FOR,Centro 3,In-person,2024-10-28,7
PBI,Centro 4,Hybrid,2024-10-28,7
PYT,Centro 2,Hybrid,2024-10-28,7
SOC,Centro 5,Hybrid,2024-10-28,7
SOC,Centro 4,In-person,2024-10-28,7
SOC,Centro 5,In-person,2024-10-28,7
HAC,Centro 3,In-person,2024-10-28,6
HOT,Centro 2,Hybrid,2024-10-28,6
LOG,Centro 1,Hybrid,2024-10-28,6
LOG,Centro 3,Hybrid,2024-10-28,6
SEG,Centro 1,Online,2024-10-28,6
FOR,Centro 2,In-person,2024-10-28,5
GES,Centro 2,Online,2024-10-28,5
EXC,Centro 3,Hybrid,2024-10-28,4
HAC,Centro 2,In-person,2024-10-28,4
HCP,Centro 3,Hybrid,2024-10-28,4
PRI,Centro 5,In-person,2024-10-28,4
PRO,Centro 4,In-person,2024-10-28,4
SCI,Centro 2,In-person,2024-10-28,4
HCP,Centro 3,In-person,2024-10-28,3
INF,Centro 4,Hybrid,2024-10-28,3
LOG,Centro 3,In-person,2024-10-28,3
PBI,Centro 4,In-person,2024-10-28,3
SEG,Centro 2,Hybrid,2024-10-28,3
SEG,Centro 4,Hybrid,2024-10-28,3
SST,Centro 2,Hybrid,2024-10-28,1
HOT,Centro 1,In-person,2024-11-04,109
LID,Centro 3,In-person,2024-11-04,94
GER,Centro 1,Hybrid,2024-11-04,85
PYT,Centro 3,Online,2024-11-04,76
SCI,Centro 1,In-person,2024-11-04,73
EXC,Centro 2,Online,2024-11-04,70
GES,Centro 3,Online,2024-11-04,67
SST,Centro 4,Hybrid,2024-11-04,67
SEG,Centro 2,In-person,2024-11-04,66
ING,Centro 3,Hybrid,2024-11-04,65
HAC,Centro 5,Hybrid,2024-11-04,63
SOC,Centro 4,Hybrid,2024-11-04,62
GER,Centro 3,In-person,2024-11-04,60
SCI,Centro 2,In-person,2024-11-04,59
EMP,Centro 2,In-person,2024-11-04,58
EMP,Centro 5,In-person,2024-11-04,57
CYB,Centro 4,Hybrid,2024-11-04,52
HAC,Centro 2,In-person,2024-11-04,52
MNT,Centro 5,In-person,2024-11-04,51
PRO,Centro 2,Online,2024-11-04,51
FOR,Centro 1,In-person,2024-11-04,50
PYT,Centro 3,In-person,2024-11-04,48
SEG,Centro 3,In-person,2024-11-04,46
LID,Centro 4,In-person,2024-11-04,45
EXC,Centro 5,Hybrid,2024-11-04,42
VND,Centro 4,Online,2024-11-04,42
VND,Centro 5,In-person,2024-11-04,42
HOT,Centro 5,In-person,2024-11-04,41
EXC,Centro 4,In-person,2024-11-04,40
PRI,Centro 2,Hybrid,2024-11-04,40
EMP,Centro 3,In-person,2024-11-04,39
SST,Centro 5,In-person,2024-11-04,39
PBI,Centro 4,Hybrid,2024-11-04,38
EXC,Centro 2,In-person,2024-11-04,36
LOG,Centro 3,In-person,2024-11-04,36
FOR,Centro 4,Hybrid,2024-11-04,35
HAC,Centro 2,Online,2024-11-04,35
TUR,Centro 2,In-person,2024-11-04,35
PBI,Centro 1,In-person,2024-11-04,34
PRI,Centro 5,In-person,2024-11-04,34
FOR,Centro 3,Hybrid,2024-11-04,31
HCP,Centro 4,Hybrid,2024-11-04,31
PYT,Centro 2,In-person,2024-11-04,31
PRO,Centro 1,Hybrid,2024-11-04,28
EXC,Centro 1,In-person,2024-11-04,27
LID,Centro 1,In-person,2024-11-04,27
SEG,Centro 5,Online,2024-11-04,27
EXC,Centro 1,Online,2024-11-04,25
INF,Centro 5,In-person,2024-11-04,25
LOG,Centro 4,In-person,2024-11-04,25
MNT,Centro 1,In-person,2024-11-04,25
LID,Centro 4,Online,2024-11-04,24
PBI,Centro 5,Hybrid,2024-11-04,24
LID,Centro 1,Online,2024-11-04,22
VND,Centro 3,In-person,2024-11-04,22
PRI,Centro 3,Hybrid,2024-11-04,21
SST,Centro 2,In-person,2024-11-04,21
LID,Centro 4,Hybrid,2024-11-04,20
EMP,Centro 4,In-person,2024-11-04,19
LOG,Centro 2,In-person,2024-11-04,18
SST,Centro 1,Online,2024-11-04,17
MNT,Centro 3,In-person,2024-11-04,15
PRO,Centro 1,Online,2024-11-04,15
SCI,Centro 1,Hybrid,2024-11-04,15
PBI,Centro 2,In-person,2024-11-04,14
FOR,Centro 4,In-person,2024-11-04,13
GES,Centro 4,Online,2024-11-04,13
HCP,Centro 3,In-person,2024-11-04,13
PRO,Centro 2,Hybrid,2024-11-04,12
SCI,Centro 4,In-person,2024-11-04,12
TUR,Centro 5,Hybrid,2024-11-04,12
TUR,Centro 5,In-person,2024-11-04,12
EXC,Centro 2,Hybrid,2024-11-04,11
GES,Centro 5,Online,2024-11-04,11
MNT,Centro 4,In-person,2024-11-04,11
SST,Centro 1,In-person,2024-11-04,11
HOT,Centro 3,Hybrid,2024-11-04,10
PBI,Centro 3,Online,2024-11-04,9
CYB,Centro 1,Hybrid,2024-11-04,8
HAC,Centro 1,Hybrid,2024-11-04,7
HAC,Centro 3,In-person,2024-11-04,7
ING,Centro 4,Online,2024-11-04,7
SEG,Centro 4,In-person,2024-11-04,7
SEG,Centro 5,In-person,2024-11-04,7
SST,Centro 4,In-person,2024-11-04,7
VND,Centro 1,In-person,2024-11-04,7
LOG,Centro 1,In-person,2024-11-04,6
CYB,Centro 3,Online,2024-11-04,5
GER,Centro 5,Hybrid,2024-11-04,5
PRO,Centro 4,Online,2024-11-04,5
CYB,Centro 5,Online,2024-11-04,4
FOR,Centro 1,Online,2024-11-04,4
GES,Centro 4,Hybrid,2024-11-04,4
HOT,Centro 3,In-person,2024-11-04,4
INF,Centro 3,In-person,2024-11-04,4
INF,Centro 4,In-person,2024-11-04,4
ING,Centro 4,Hybrid,2024-11-04,4
PBI,Centro 4,In-person,2024-11-04,4
PRI,Centro 3,In-person,2024-11-04,4
SCI,Centro 3,Hybrid,2024-11-04,4
SOC,Centro 5,In-person,2024-11-04,4
SEG,Centro 5,Hybrid,2024-11-04,3
SST,Centro 4,Online,2024-11-04,3
VND,Centro 5,In-person,2024-11-11,142
GES,Centro 5,Online,2024-11-11,93
ING,Centro 1,Online,2024-11-11,85
PYT,Centro 4,Hybrid,2024-11-11,84
TUR,Centro 5,In-person,2024-11-11,72
HAC,Centro 2,Online,2024-11-11,70
CYB,Centro 4,Hybrid,2024-11-11,67
SST,Centro 4,In-person,2024-11-11,66
GES,Centro 1,In-person,2024-11-11,59
SST,Centro 4,Online,2024-11-11,59
GER,Centro 3,In-person,2024-11-11,58
PYT,Centro 1,Hybrid,2024-11-11,57
ING,Centro 1,Hybrid,2024-11-11,55
SEG,Centro 5,In-person,2024-11-11,53
INF,Centro 3,In-person,2024-11-11,52
ING,Centro 3,Hybrid,2024-11-11,51
SEG,Centro 1,In-person,2024-11-11,51
PRO,Centro 3,In-person,2024-11-11,50
PBI,Centro 2,In-person,2024-11-11,48
CYB,Centro 3,In-person,2024-11-11,47
SEG,Centro 3,In-person,2024-11-11,47
TUR,Centro 5,Hybrid,2024-11-11,47
SST,Centro 5,In-person,2024-11-11,46
PRO,Centro 1,Hybrid,2024-11-11,45
LID,Centro 4,Hybrid,2024-11-11,44
PYT,Centro 5,Hybrid,2024-11-11,44
MNT,Centro 4,In-person,2024-11-11,43
PBI,Centro 1,Hybrid,2024-11-11,43
SOC,Centro 2,Hybrid,2024-11-11,43
HAC,Centro 1,Hybrid,2024-11-11,41
SST,Centro 1,Online,2024-11-11,41
PRI,Centro 5,In-person,2024-11-11,40
HOT,Centro 2,Hybrid,2024-11-11,38
GER,Centro 4,In-person,2024-11-11,36
EXC,Centro 1,Hybrid,2024-11-11,33
HAC,Centro 4,Hybrid,2024-11-11,33
LOG,Centro 3,In-person,2024-11-11,33
GES,Centro 3,Online,2024-11-11,31
ING,Centro 5,In-person,2024-11-11,31
PYT,Centro 2,Hybrid,2024-11-11,31
LOG,Centro 1,Hybrid,2024-11-11,29
LOG,Centro 1,In-person,2024-11-11,29
HCP,Centro 3,In-person,2024-11-11,28
PRI,Centro 4,Hybrid,2024-11-11,28
SEG,Centro 5,Hybrid,2024-11-11,28
SOC,Centro 3,In-person,2024-11-11,28
HAC,Centro 3,Hybrid,2024-11-11,23
PRO,Centro 2,Hybrid,2024-11-11,23
SST,Centro 1,In-person,2024-11-11,23
EMP,Centro 3,In-person,2024-11-11,22
FOR,Centro 4,Hybrid,2024-11-11,22
PBI,Centro 3,Hybrid,2024-11-11,22
SEG,Centro 4,Hybrid,2024-11-11,22
EMP,Centro 4,In-person,2024-11-11,21
EXC,Centro 2,Online,2024-11-11,21
EXC,Centro 3,In-person,2024-11-11,20
INF,Centro 2,In-person,2024-11-11,20
MNT,Centro 1,In-person,2024-11-11,20
PRI,Centro 1,Hybrid,2024-11-11,20
CYB,Centro 4,Online,2024-11-11,17
PBI,Centro 5,Hybrid,2024-11-11,17
PRI,Centro 3,In-person,2024-11-11,17
SEG,Centro 1,Online,2024-11-11,17
ING,Centro 4,Hybrid,2024-11-11,16
MNT,Centro 3,In-person,2024-11-11,16
ING,Centro 2,Online,2024-11-11,15
CYB,Centro 2,In-person,2024-11-11,14
LID,Centro 1,Online,2024-11-11,14
VND,Centro 1,In-person,2024-11-11,14
GER,Centro 5,Hybrid,2024-11-11,13
EXC,Centro 3,Online,2024-11-11,12
EMP,Centro 5,In-person,2024-11-11,11
ING,Centro 5,Online,2024-11-11,11
LID,Centro 4,In-person,2024-11-11,11
SEG,Centro 3,Hybrid,2024-11-11,10
HCP,Centro 4,In-person,2024-11-11,9
PBI,Centro 4,Online,2024-11-11,9
PYT,Centro 2,In-person,2024-11-11,9
GER,Centro 3,Hybrid,2024-11-11,7
LOG,Centro 4,In-person,2024-11-11,7
SCI,Centro 1,In-person,2024-11-11,7
EXC,Centro 3,Hybrid,2024-11-11,6
HAC,Centro 1,In-person,2024-11-11,6
HAC,Centro 3,In-person,2024-11-11,6
LOG,Centro 5,In-person,2024-11-11,6
FOR,Centro 1,Online,2024-11-11,5
GES,Centro 4,Hybrid,2024-11-11,5
LID,Centro 5,Online,2024-11-11,5
PRO,Centro 4,Online,2024-11-11,5
CYB,Centro 2,Hybrid,2024-11-11,4
INF,Centro 4,Hybrid,2024-11-11,4
INF,Centro 4,In-person,2024-11-11,4
ING,Centro 4,Online,2024-11-11,4
MNT,Centro 5,In-person,2024-11-11,4
PBI,Centro 3,Online,2024-11-11,4
PRI,Centro 2,In-person,2024-11-11,4
EXC,Centro 5,In-person,2024-11-11,3
SEG,Centro 2,Hybrid,2024-11-11,3
TUR,Centro 2,In-person,2024-11-11,3
FOR,Centro 3,Hybrid,2024-11-11,1
VND,Centro 5,In-person,2024-11-18,107
CYB,Centro 5,Hybrid,2024-11-18,94
PBI,Centro 5,Online,2024-11-18,91
LOG,Centro 3,Hybrid,2024-11-18,88
VND,Centro 2,Hybrid,2024-11-18,73
EMP,Centro 3,In-person,2024-11-18,72
LOG,Centro 1,In-person,2024-11-18,69
CYB,Centro 3,Hybrid,2024-11-18,66
CYB,Centro 4,Hybrid,2024-11-18,63
HAC,Centro 5,Online,2024-11-18,63
HCP,Centro 3,In-person,2024-11-18,63
LID,Centro 1,Online,2024-11-18,59
GER,Centro 5,Hybrid,2024-11-18,56
PRI,Centro 3,In-person,2024-11-18,56
PBI,Centro 1,Online,2024-11-18,55
EXC,Centro 3,Online,2024-11-18,54
PRI,Centro 5,In-person,2024-11-18,50
HOT,Centro 2,Hybrid,2024-11-18,47
HOT,Centro 3,Hybrid,2024-11-18,47
TUR,Centro 5,In-person,2024-11-18,46
EXC,Centro 4,Online,2024-11-18,44
LOG,Centro 4,In-person,2024-11-18,44
FOR,Centro 3,Hybrid,2024-11-18,43
SCI,Centro 1,In-person,2024-11-18,41
HAC,Centro 1,Online,2024-11-18,39
HCP,Centro 3,Hybrid,2024-11-18,39
FOR,Centro 5,In-person,2024-11-18,38
HAC,Centro 1,In-person,2024-11-18,37
SST,Centro 1,In-person,2024-11-18,35
VND,Centro 1,In-person,2024-11-18,35
SST,Centro 5,Online,2024-11-18,34
PRI,Centro 1,In-person,2024-11-18,32
SOC,Centro 3,In-person,2024-11-18,30
MNT,Centro 1,In-person,2024-11-18,24
SST,Centro 5,In-person,2024-11-18,24
CYB,Centro 3,Online,2024-11-18,23
HCP,Centro 4,In-person,2024-11-18,23
LID,Centro 1,In-person,2024-11-18,23
PYT,Centro 5,Hybrid,2024-11-18,23
LOG,Centro 3,In-person,2024-11-18,22
TUR,Centro 2,In-person,2024-11-18,21
EXC,Centro 1,Hybrid,2024-11-18,20
HOT,Centro 5,In-person,2024-11-18,20
PYT,Centro 4,Online,2024-11-18,20
SCI,Centro 2,In-person,2024-11-18,19
CYB,Centro 2,In-person,2024-11-18,17
SCI,Centro 3,Hybrid,2024-11-18,17
SST,Centro 5,Hybrid,2024-11-18,16
EXC,Centro 4,In-person,2024-11-18,15
CYB,Centro 1,Hybrid,2024-11-18,14
FOR,Centro 3,In-person,2024-11-18,14
PYT,Centro 2,Online,2024-11-18,14
LID,Centro 4,Hybrid,2024-11-18,13
PBI,Centro 3,Online,2024-11-18,13
INF,Centro 4,In-person,2024-11-18,12
SEG,Centro 1,Online,2024-11-18,12
HAC,Centro 3,In-person,2024-11-18,11
MNT,Centro 4,In-person,2024-11-18,11
SST,Centro 3,In-person,2024-11-18,11
GER,Centro 1,In-person,2024-11-18,10
GER,Centro 3,In-person,2024-11-18,10
CYB,Centro 2,Hybrid,2024-11-18,9
SST,Centro 4,Hybrid,2024-11-18,9
ING,Centro 4,In-person,2024-11-18,8
ING,Centro 5,In-person,2024-11-18,8
EMP,Centro 2,In-person,2024-11-18,7
HAC,Centro 5,Hybrid,2024-11-18,7
INF,Centro 3,In-person,2024-11-18,7
LID,Centro 4,In-person,2024-11-18,7
PRI,Centro 2,In-person,2024-11-18,7
VND,Centro 5,Online,2024-11-18,7
EXC,Centro 5,In-person,2024-11-18,6
PRI,Centro 1,Hybrid,2024-11-18,6
SEG,Centro 3,Hybrid,2024-11-18,6
ING,Centro 4,Hybrid,2024-11-18,5
MNT,Centro 3,In-person,2024-11-18,5
EXC,Centro 2,In-person,2024-11-18,4
HAC,Centro 2,Online,2024-11-18,4
ING,Centro 4,Online,2024-11-18,4
PRO,Centro 4,In-person,2024-11-18,4
SEG,Centro 1,In-person,2024-11-18,4
EXC,Centro 5,Hybrid,2024-11-18,3
GER,Centro 2,In-person,2024-11-18,3
LOG,Centro 1,Hybrid,2024-11-18,3
PBI,Centro 4,Hybrid,2024-11-18,3
SEG,Centro 5,In-person,2024-11-18,3
SST,Centro 4,Online,2024-11-18,3
TUR,Centro 4,In-person,2024-11-18,3
TUR,Centro 2,In-person,2024-11-25,114
ING,Centro 2,Hybrid,2024-11-25,91
EMP,Centro 3,In-person,2024-11-25,77
LID,Centro 3,Hybrid,2024-11-25,74
LID,Centro 4,Hybrid,2024-11-25,72
INF,Centro 4,In-person,2024-11-25,69
CYB,Centro 4,Online,2024-11-25,68
PRI,Centro 1,Hybrid,2024-11-25,63
ING,Centro 3,Hybrid,2024-11-25,62
SCI,Centro 3,Hybrid,2024-11-25,59
GER,Centro 2,In-person,2024-11-25,58
HCP,Centro 5,Hybrid,2024-11-25,55
PBI,Centro 3,Online,2024-11-25,55
SST,Centro 5,Online,2024-11-25,54
SST,Centro 4,Hybrid,2024-11-25,53
LID,Centro 4,In-person,2024-11-25,52
PRO,Centro 4,In-person,2024-11-25,51
LID,Centro 1,Online,2024-11-25,50
GES,Centro 2,Online,2024-11-25,49
PBI,Centro 2,Online,2024-11-25,49
HOT,Centro 1,Hybrid,2024-11-25,48
TUR,Centro 5,In-person,2024-11-25,48
SEG,Centro 1,In-person,2024-11-25,46
VND,Centro 3,Online,2024-11-25,46
EXC,Centro 3,Hybrid,2024-11-25,42
SEG,Centro 4,In-person,2024-11-25,40
EXC,Centro 5,In-person,2024-11-25,39
FOR,Centro 5,Hybrid,2024-11-25,39
MNT,Centro 3,In-person,2024-11-25,39
HOT,Centro 5,In-person,2024-11-25,37
HOT,Centro 3,Hybrid,2024-11-25,34
PYT,Centro 2,In-person,2024-11-25,34
CYB,Centro 2,Hybrid,2024-11-25,32
EXC,Centro 1,Hybrid,2024-11-25,32
VND,Centro 5,In-person,2024-11-25,32
LID,Centro 5,Online,2024-11-25,31
SST,Centro 5,In-person,2024-11-25,30
PBI,Centro 4,In-person,2024-11-25,29
ING,Centro 4,In-person,2024-11-25,27
TUR,Centro 1,Hybrid,2024-11-25,27
HCP,Centro 2,In-person,2024-11-25,25
LOG,Centro 2,In-person,2024-11-25,25
LOG,Centro 4,In-person,2024-11-25,24
PRI,Centro 1,In-person,2024-11-25,24
MNT,Centro 5,In-person,2024-11-25,22
PRO,Centro 1,Hybrid,2024-11-25,22
SCI,Centro 5,In-person,2024-11-25,20
INF,Centro 2,In-person,2024-11-25,19
HOT,Centro 2,In-person,2024-11-25,18
EMP,Centro 4,In-person,2024-11-25,16
CYB,Centro 3,Online,2024-11-25,15
GER,Centro 3,In-person,2024-11-25,15
GER,Centro 4,In-person,2024-11-25,15
HAC,Centro 5,Hybrid,2024-11-25,15
HAC,Centro 1,In-person,2024-11-25,15
EXC,Centro 1,In-person,2024-11-25,14
FOR,Centro 2,Online,2024-11-25,14
FOR,Centro 4,In-person,2024-11-25,14
EXC,Centro 2,Online,2024-11-25,13
FOR,Centro 4,Online,2024-11-25,13
PBI,Centro 2,In-person,2024-11-25,13
VND,Centro 1,In-person,2024-11-25,13
EMP,Centro 2,In-person,2024-11-25,12
PYT,Centro 1,Hybrid,2024-11-25,12
SEG,Centro 1,Online,2024-11-25,12
HAC,Centro 4,In-person,2024-11-25,11
EXC,Centro 2,In-person,2024-11-25,10
HCP,Centro 4,Hybrid,2024-11-25,10
LOG,Centro 1,Hybrid,2024-11-25,10
MNT,Centro 4,In-person,2024-11-25,10
EXC,Centro 1,Online,2024-11-25,9
ING,Centro 1,Hybrid,2024-11-25,9
PBI,Centro 4,Hybrid,2024-11-25,9
INF,Centro 3,In-person,2024-11-25,8
PBI,Centro 4,Online,2024-11-25,8
SCI,Centro 3,In-person,2024-11-25,8
FOR,Centro 2,Hybrid,2024-11-25,7
SEG,Centro 4,Hybrid,2024-11-25,7
SST,Centro 5,Hybrid,2024-11-25,7
EXC,Centro 5,Online,2024-11-25,6
HAC,Centro 2,Online,2024-11-25,6
PRI,Centro 2,In-person,2024-11-25,6
SST,Centro 3,In-person,2024-11-25,6
CYB,Centro 1,Hybrid,2024-11-25,5
FOR,Centro 1,Online,2024-11-25,5
PBI,Centro 3,Hybrid,2024-11-25,5
PBI,Centro 1,In-person,2024-11-25,5
SOC,Centro 3,In-person,2024-11-25,5
LID,Centro 1,In-person,2024-11-25,4
PYT,Centro 1,In-person,2024-11-25,4
HCP,Centro 3,Hybrid,2024-11-25,3
PRI,Centro 5,In-person,2024-11-25,3
FOR,Centro 1,Online,2024-12-02,120
PYT,Centro 2,In-person,2024-12-02,107
PYT,Centro 2,Online,2024-12-02,103
CYB,Centro 5,Online,2024-12-02,89
GER,Centro 3,Hybrid,2024-12-02,87
CYB,Centro 1,Hybrid,2024-12-02,82
SST,Centro 1,Online,2024-12-02,82
PBI,Centro 1,Online,2024-12-02,79
ING,Centro 4,Online,2024-12-02,71
ING,Centro 2,Online,2024-12-02,70
SST,Centro 2,In-person,2024-12-02,68
CYB,Centro 4,Online,2024-12-02,64
SOC,Centro 5,Hybrid,2024-12-02,61
ING,Centro 4,In-person,2024-12-02,59
VND,Centro 5,Online,2024-12-02,59
INF,Centro 3,In-person,2024-12-02,57
SOC,Centro 4,In-person,2024-12-02,53
PBI,Centro 4,Hybrid,2024-12-02,50
FOR,Centro 4,In-person,2024-12-02,46
GER,Centro 5,Hybrid,2024-12-02,46
TUR,Centro 5,In-person,2024-12-02,46
SEG,Centro 1,In-person,2024-12-02,45
PRO,Centro 4,Online,2024-12-02,44
PYT,Centro 2,Hybrid,2024-12-02,41
INF,Centro 4,Hybrid,2024-12-02,40
FOR,Centro 4,Hybrid,2024-12-02,38
EXC,Centro 2,Hybrid,2024-12-02,37
ING,Centro 2,Hybrid,2024-12-02,37
PYT,Centro 4,Online,2024-12-02,37
SEG,Centro 1,Online,2024-12-02,37
PRO,Centro 5,Hybrid,2024-12-02,36
HOT,Centro 3,Hybrid,2024-12-02,35
SCI,Centro 2,Hybrid,2024-12-02,34
GES,Centro 2,Online,2024-12-02,32
EXC,Centro 2,Online,2024-12-02,31
HOT,Centro 2,Hybrid,2024-12-02,28
PRO,Centro 1,Hybrid,2024-12-02,27
SCI,Centro 1,In-person,2024-12-02,27
SCI,Centro 2,In-person,2024-12-02,27
TUR,Centro 1,In-person,2024-12-02,27
HAC,Centro 3,Hybrid,2024-12-02,26
PRI,Centro 4,In-person,2024-12-02,26
MNT,Centro 4,In-person,2024-12-02,25
SEG,Centro 2,In-person,2024-12-02,25
TUR,Centro 1,Hybrid,2024-12-02,25
FOR,Centro 5,In-person,2024-12-02,23
PRO,Centro 3,In-person,2024-12-02,23
SOC,Centro 3,In-person,2024-12-02,22
HCP,Centro 2,Hybrid,2024-12-02,21
SEG,Centro 5,In-person,2024-12-02,21
EMP,Centro 5,In-person,2024-12-02,20
EXC,Centro 5,Hybrid,2024-12-02,20
FOR,Centro 5,Hybrid,2024-12-02,19
PRI,Centro 3,In-person,2024-12-02,19
GER,Centro 3,In-person,2024-12-02,17
LID,Centro 4,Hybrid,2024-12-02,17
CYB,Centro 3,Hybrid,2024-12-02,16
HCP,Centro 4,Hybrid,2024-12-02,16
LOG,Centro 1,In-person,2024-12-02,16
SOC,Centro 4,Hybrid,2024-12-02,16
GES,Centro 1,In-person,2024-12-02,15
HCP,Centro 4,In-person,2024-12-02,15
EMP,Centro 3,In-person,2024-12-02,14
LID,Centro 1,Online,2024-12-02,14
INF,Centro 4,In-person,2024-12-02,13
GER,Centro 2,In-person,2024-12-02,12
HCP,Centro 5,Hybrid,2024-12-02,12
LID,Centro 3,Hybrid,2024-12-02,11
PBI,Centro 4,In-person,2024-12-02,10
PYT,Centro 4,Hybrid,2024-12-02,10
PRI,Centro 3,Hybrid,2024-12-02,9
CYB,Centro 3,Online,2024-12-02,8
ING,Centro 1,Hybrid,2024-12-02,7
LID,Centro 5,Hybrid,2024-12-02,7
HAC,Centro 1,Hybrid,2024-12-02,6
HCP,Centro 3,In-person,2024-12-02,6
LID,Centro 4,In-person,2024-12-02,5
SOC,Centro 1,In-person,2024-12-02,5
VND,Centro 5,Hybrid,2024-12-02,5
EMP,Centro 1,In-person,2024-12-02,4
EXC,Centro 4,In-person,2024-12-02,4
ING,Centro 5,Online,2024-12-02,4
ING,Centro 5,In-person,2024-12-02,4
LOG,Centro 4,In-person,2024-12-02,4
PRI,Centro 2,In-person,2024-12-02,4
SCI,Centro 3,Hybrid,2024-12-02,4
VND,Centro 4,In-person,2024-12-02,4
EMP,Centro 4,In-person,2024-12-02,3
HAC,Centro 5,Online,2024-12-02,3
HOT,Centro 4,Hybrid,2024-12-02,3
HOT,Centro 2,In-person,2024-12-02,3
PBI,Centro 4,Online,2024-12-02,3
SEG,Centro 4,In-person,2024-12-02,3
SST,Centro 5,Hybrid,2024-12-02,3
MNT,Centro 5,In-person,2024-12-09,170
EXC,Centro 2,Online,2024-12-09,131
GES,Centro 2,Hybrid,2024-12-09,110
SEG,Centro 1,In-person,2024-12-09,108
CYB,Centro 5,Online,2024-12-09,92
LID,Centro 2,Online,2024-12-09,89
SST,Centro 5,Online,2024-12-09,86
LID,Centro 3,Hybrid,2024-12-09,82
FOR,Centro 4,Online,2024-12-09,74
PBI,Centro 4,Online,2024-12-09,73
HCP,Centro 4,In-person,2024-12-09,60
PRI,Centro 2,In-person,2024-12-09,60
PYT,Centro 5,Hybrid,2024-12-09,55
VND,Centro 4,Hybrid,2024-12-09,55
CYB,Centro 4,Hybrid,2024-12-09,50
EXC,Centro 4,In-person,2024-12-09,50
HOT,Centro 4,Hybrid,2024-12-09,50
PRO,Centro 4,In-person,2024-12-09,49
HAC,Centro 4,In-person,2024-12-09,46
EXC,Centro 2,Hybrid,2024-12-09,45
MNT,Centro 3,In-person,2024-12-09,45
SST,Centro 1,In-person,2024-12-09,44
FOR,Centro 2,Hybrid,2024-12-09,42
GES,Centro 2,Online,2024-12-09,42
CYB,Centro 4,Online,2024-12-09,40
GER,Centro 1,In-person,2024-12-09,40
PBI,Centro 4,In-person,2024-12-09,37
PRI,Centro 3,Hybrid,2024-12-09,37
SST,Centro 4,Hybrid,2024-12-09,37
PBI,Centro 5,Hybrid,2024-12-09,36
SEG,Centro 3,In-person,2024-12-09,36
GES,Centro 4,In-person,2024-12-09,34
PRI,Centro 4,In-person,2024-12-09,34
HAC,Centro 1,Hybrid,2024-12-09,32
HCP,Centro 5,In-person,2024-12-09,32
LOG,Centro 3,In-person,2024-12-09,32
INF,Centro 2,In-person,2024-12-09,30
HCP,Centro 2,Hybrid,2024-12-09,29
VND,Centro 5,Online,2024-12-09,29
PBI,Centro 1,Hybrid,2024-12-09,28
LID,Centro 1,Hybrid,2024-12-09,27
TUR,Centro 4,In-person,2024-12-09,27
CYB,Centro 1,Online,2024-12-09,26
PYT,Centro 2,Hybrid,2024-12-09,26
SEG,Centro 2,In-person,2024-12-09,23
PRI,Centro 2,Hybrid,2024-12-09,22
SOC,Centro 5,Hybrid,2024-12-09,22
EMP,Centro 5,In-person,2024-12-09,17
HAC,Centro 2,In-person,2024-12-09,17
ING,Centro 2,In-person,2024-12-09,16
VND,Centro 1,Hybrid,2024-12-09,14
MNT,Centro 1,In-person,2024-12-09,13
EXC,Centro 5,Hybrid,2024-12-09,12
HAC,Centro 5,In-person,2024-12-09,12
HOT,Centro 2,In-person,2024-12-09,12
VND,Centro 4,In-person,2024-12-09,12
TUR,Centro 1,Hybrid,2024-12-09,11
EXC,Centro 1,In-person,2024-12-09,10
HCP,Centro 4,Hybrid,2024-12-09,10
INF,Centro 1,In-person,2024-12-09,10
LOG,Centro 3,Hybrid,2024-12-09,10
MNT,Centro 2,In-person,2024-12-09,10
EXC,Centro 1,Hybrid,2024-12-09,9
PRI,Centro 4,Hybrid,2024-12-09,9
SCI,Centro 2,In-person,2024-12-09,9
SST,Centro 5,In-person,2024-12-09,9
HOT,Centro 5,In-person,2024-12-09,8
ING,Centro 1,Online,2024-12-09,8
ING,Centro 5,Online,2024-12-09,8
SCI,Centro 1,In-person,2024-12-09,8
TUR,Centro 5,In-person,2024-12-09,8
FOR,Centro 4,Hybrid,2024-12-09,7
PBI,Centro 4,Hybrid,2024-12-09,7
SCI,Centro 4,In-person,2024-12-09,7
TUR,Centro 2,In-person,2024-12-09,6
FOR,Centro 1,Online,2024-12-09,5
LID,Centro 2,Hybrid,2024-12-09,5
PBI,Centro 3,Hybrid,2024-12-09,5
PYT,Centro 2,In-person,2024-12-09,5
FOR,Centro 5,In-person,2024-12-09,4
GER,Centro 3,Hybrid,2024-12-09,4
GER,Centro 4,In-person,2024-12-09,4
HOT,Centro 1,Hybrid,2024-12-09,4
LID,Centro 4,Hybrid,2024-12-09,4
LOG,Centro 4,In-person,2024-12-09,4
PYT,Centro 4,Online,2024-12-09,4
VND,Centro 1,In-person,2024-12-09,4
HAC,Centro 2,Hybrid,2024-12-09,3
TUR,Centro 5,In-person,2024-12-16,113
PYT,Centro 4,Online,2024-12-16,95
EXC,Centro 5,Hybrid,2024-12-16,90
PRO,Centro 4,In-person,2024-12-16,86
FOR,Centro 3,Online,2024-12-16,80
CYB,Centro 2,Online,2024-12-16,76
LID,Centro 4,In-person,2024-12-16,75
GER,Centro 3,In-person,2024-12-16,66
PRI,Centro 5,In-person,2024-12-16,64
VND,Centro 3,Online,2024-12-16,59
EXC,Centro 1,In-person,2024-12-16,58
SEG,Centro 4,Hybrid,2024-12-16,58
EXC,Centro 3,Hybrid,2024-12-16,56
PRO,Centro 1,Online,2024-12-16,51
SCI,Centro 5,In-person,2024-12-16,48
CYB,Centro 4,In-person,2024-12-16,46
LID,Centro 1,Online,2024-12-16,44
EMP,Centro 1,In-person,2024-12-16,43
EMP,Centro 2,In-person,2024-12-16,43
LOG,Centro 4,In-person,2024-12-16,39
PBI,Centro 2,Online,2024-12-16,38
SST,Centro 5,In-person,2024-12-16,38
PRO,Centro 1,Hybrid,2024-12-16,37
CYB,Centro 4,Hybrid,2024-12-16,35
HCP,Centro 1,Hybrid,2024-12-16,33
ING,Centro 2,Online,2024-12-16,32
HAC,Centro 4,In-person,2024-12-16,30
SEG,Centro 5,In-person,2024-12-16,30
HOT,Centro 2,Hybrid,2024-12-16,29
PRI,Centro 4,Hybrid,2024-12-16,29
ING,Centro 4,In-person,2024-12-16,28
PBI,Centro 4,Online,2024-12-16,28
SCI,Centro 2,In-person,2024-12-16,28
PYT,Centro 2,In-person,2024-12-16,27
CYB,Centro 2,In-person,2024-12-16,25
PRI,Centro 3,In-person,2024-12-16,25
LOG,Centro 1,Hybrid,2024-12-16,23
EXC,Centro 4,In-person,2024-12-16,22
HAC,Centro 2,In-person,2024-12-16,22
ING,Centro 4,Online,2024-12-16,22
EXC,Centro 1,Hybrid,2024-12-16,20
GES,Centro 4,Hybrid,2024-12-16,20
EMP,Centro 3,In-person,2024-12-16,19
MNT,Centro 4,In-person,2024-12-16,19
CYB,Centro 5,Online,2024-12-16,18
EXC,Centro 2,Hybrid,2024-12-16,18
PBI,Centro 1,Online,2024-12-16,16
GER,Centro 4,In-person,2024-12-16,15
EMP,Centro 4,In-person,2024-12-16,13
FOR,Centro 4,Hybrid,2024-12-16,13
GES,Centro 2,Online,2024-12-16,13
INF,Centro 1,In-person,2024-12-16,13
TUR,Centro 1,In-person,2024-12-16,13
HAC,Centro 2,Hybrid,2024-12-16,12
HAC,Centro 1,In-person,2024-12-16,12
PRI,Centro 4,In-person,2024-12-16,12
SST,Centro 1,In-person,2024-12-16,12
TUR,Centro 2,In-person,2024-12-16,12
VND,Centro 5,Hybrid,2024-12-16,12
FOR,Centro 1,Online,2024-12-16,11
HOT,Centro 2,In-person,2024-12-16,10
LOG,Centro 3,In-person,2024-12-16,10
SCI,Centro 4,In-person,2024-12-16,10
HCP,Centro 3,In-person,2024-12-16,9
SEG,Centro 2,Hybrid,2024-12-16,9
TUR,Centro 4,In-person,2024-12-16,9
FOR,Centro 1,In-person,2024-12-16,8
HAC,Centro 2,Online,2024-12-16,8
HAC,Centro 1,Hybrid,2024-12-16,8
LID,Centro 5,Online,2024-12-16,8
SOC,Centro 5,Hybrid,2024-12-16,8
VND,Centro 1,Online,2024-12-16,8
CYB,Centro 2,Hybrid,2024-12-16,7
HAC,Centro 5,In-person,2024-12-16,7
INF,Centro 2,In-person,2024-12-16,7
MNT,Centro 5,In-person,2024-12-16,7
HCP,Centro 4,In-person,2024-12-16,6
FOR,Centro 2,Online,2024-12-16,5
FOR,Centro 2,Hybrid,2024-12-16,5
PRO,Centro 2,Hybrid,2024-12-16,5
PRO,Centro 3,Hybrid,2024-12-16,5
PYT,Centro 2,Hybrid,2024-12-16,5
PYT,Centro 5,Hybrid,2024-12-16,5
VND,Centro 1,In-person,2024-12-16,5
EXC,Centro 4,Hybrid,2024-12-16,4
HAC,Centro 5,Online,2024-12-16,4
HOT,Centro 1,In-person,2024-12-16,4
ING,Centro 1,Online,2024-12-16,4
MNT,Centro 3,In-person,2024-12-16,4
PBI,Centro 4,Hybrid,2024-12-16,4
SCI,Centro 2,Hybrid,2024-12-16,4
SCI,Centro 3,Hybrid,2024-12-16,4
HOT,Centro 1,Hybrid,2024-12-16,3
PRI,Centro 2,In-person,2024-12-16,3
SST,Centro 1,Online,2024-12-16,3
PYT,Centro 4,Online,2024-12-23,105
PBI,Centro 4,Online,2024-12-23,98
INF,Centro 1,In-person,2024-12-23,90
EMP,Centro 3,In-person,2024-12-23,88
CYB,Centro 4,Hybrid,2024-12-23,86
CYB,Centro 2,Hybrid,2024-12-23,85
VND,Centro 5,Hybrid,2024-12-23,85
LID,Centro 3,Hybrid,2024-12-23,83
SOC,Centro 3,In-person,2024-12-23,81
PYT,Centro 2,In-person,2024-12-23,76
PRI,Centro 3,In-person,2024-12-23,73
TUR,Centro 2,In-person,2024-12-23,73
CYB,Centro 1,Online,2024-12-23,72
LID,Centro 1,Online,2024-12-23,72
SEG,Centro 3,Hybrid,2024-12-23,70
LOG,Centro 1,In-person,2024-12-23,69
HAC,Centro 2,Hybrid,2024-12-23,65
LID,Centro 5,Online,2024-12-23,64
SEG,Centro 1,Hybrid,2024-12-23,63
GER,Centro 4,Hybrid,2024-12-23,62
FOR,Centro 1,Online,2024-12-23,60
LOG,Centro 5,In-person,2024-12-23,60
EXC,Centro 4,Hybrid,2024-12-23,59
HCP,Centro 5,In-person,2024-12-23,57
SEG,Centro 2,Hybrid,2024-12-23,57
LID,Centro 5,Hybrid,2024-12-23,55
LOG,Centro 3,Hybrid,2024-12-23,55
PBI,Centro 4,Hybrid,2024-12-23,48
CYB,Centro 2,In-person,2024-12-23,46
PYT,Centro 2,Hybrid,2024-12-23,45
LOG,Centro 3,In-person,2024-12-23,43
PRO,Centro 1,Hybrid,2024-12-23,42
PBI,Centro 5,Hybrid,2024-12-23,37
CYB,Centro 5,In-person,2024-12-23,35
GES,Centro 3,In-person,2024-12-23,31
PRI,Centro 3,Hybrid,2024-12-23,31
SCI,Centro 2,Hybrid,2024-12-23,31
SOC,Centro 1,In-person,2024-12-23,31
GES,Centro 4,In-person,2024-12-23,30
HOT,Centro 3,Hybrid,2024-12-23,30
GES,Centro 2,Online,2024-12-23,29
SEG,Centro 4,Hybrid,2024-12-23,28
LID,Centro 3,In-person,2024-12-23,26
FOR,Centro 2,Online,2024-12-23,25
HAC,Centro 3,Hybrid,2024-12-23,25
MNT,Centro 3,In-person,2024-12-23,25
PRI,Centro 2,In-person,2024-12-23,24
PYT,Centro 1,Hybrid,2024-12-23,24
EXC,Centro 1,In-person,2024-12-23,22
HCP,Centro 2,In-person,2024-12-23,22
ING,Centro 5,Hybrid,2024-12-23,22
FOR,Centro 4,In-person,2024-12-23,21
PRI,Centro 1,In-person,2024-12-23,21
EXC,Centro 3,In-person,2024-12-23,20
PBI,Centro 1,Online,2024-12-23,17
PRO,Centro 3,Online,2024-12-23,17
SOC,Centro 2,In-person,2024-12-23,17
LID,Centro 2,Online,2024-12-23,16
EMP,Centro 2,In-person,2024-12-23,15
HOT,Centro 2,In-person,2024-12-23,15
INF,Centro 3,In-person,2024-12-23,15
SST,Centro 2,Hybrid,2024-12-23,15
TUR,Centro 1,Hybrid,2024-12-23,15
GER,Centro 5,Hybrid,2024-12-23,13
GER,Centro 3,In-person,2024-12-23,13
HAC,Centro 4,In-person,2024-12-23,13
MNT,Centro 4,In-person,2024-12-23,13
SST,Centro 1,In-person,2024-12-23,13
VND,Centro 4,Hybrid,2024-12-23,13
ING,Centro 2,Hybrid,2024-12-23,12
MNT,Centro 1,In-person,2024-12-23,12
PRO,Centro 5,In-person,2024-12-23,12
VND,Centro 4,Online,2024-12-23,12
CYB,Centro 3,In-person,2024-12-23,11
EXC,Centro 2,Online,2024-12-23,11
LID,Centro 4,Hybrid,2024-12-23,11
PRI,Centro 4,In-person,2024-12-23,11
VND,Centro 3,Online,2024-12-23,11
SEG,Centro 5,In-person,2024-12-23,10
SST,Centro 5,In-person,2024-12-23,10
FOR,Centro 3,Online,2024-12-23,8
FOR,Centro 2,Hybrid,2024-12-23,8
PBI,Centro 1,Hybrid,2024-12-23,8
PYT,Centro 1,Online,2024-12-23,8
FOR,Centro 5,Hybrid,2024-12-23,7
HAC,Centro 5,In-person,2024-12-23,7
INF,Centro 2,Hybrid,2024-12-23,7
LID,Centro 4,In-person,2024-12-23,7
PRI,Centro 1,Hybrid,2024-12-23,7
PRI,Centro 2,Hybrid,2024-12-23,7
SCI,Centro 2,In-person,2024-12-23,7
SCI,Centro 5,In-person,2024-12-23,7
LOG,Centro 4,In-person,2024-12-23,6
TUR,Centro 4,In-person,2024-12-23,6
CYB,Centro 2,Online,2024-12-23,5
ING,Centro 4,In-person,2024-12-23,5
PRO,Centro 5,Hybrid,2024-12-23,5
VND,Centro 1,In-person,2024-12-23,5
CYB,Centro 1,Hybrid,2024-12-23,4
FOR,Centro 5,In-person,2024-12-23,4
GER,Centro 1,In-person,2024-12-23,4
HOT,Centro 5,In-person,2024-12-23,4
MNT,Centro 5,In-person,2024-12-23,4
PRO,Centro 3,Hybrid,2024-12-23,4
SST,Centro 4,Hybrid,2024-12-23,4
HCP,Centro 4,In-person,2024-12-23,3
HOT,Centro 1,In-person,2024-12-23,3
SCI,Centro 4,In-person,2024-12-23,3
SCI,Centro 2,In-person,2024-12-30,135
HCP,Centro 3,In-person,2024-12-30,107
PYT,Centro 5,Hybrid,2024-12-30,101
ING,Centro 4,Online,2024-12-30,98
GER,Centro 3,Hybrid,2024-12-30,94
LID,Centro 2,Hybrid,2024-12-30,89
PBI,Centro 2,Online,2024-12-30,85
VND,Centro 1,Hybrid,2024-12-30,83
GER,Centro 4,In-person,2024-12-30,80
PBI,Centro 1,Hybrid,2024-12-30,79
ING,Centro 2,Hybrid,2024-12-30,78
SST,Centro 1,Hybrid,2024-12-30,77
PYT,Centro 4,Online,2024-12-30,76
SOC,Centro 3,In-person,2024-12-30,70
HAC,Centro 2,In-person,2024-12-30,60
LOG,Centro 4,In-person,2024-12-30,59
SCI,Centro 3,In-person,2024-12-30,59
LOG,Centro 1,In-person,2024-12-30,58
HAC,Centro 3,Online,2024-12-30,57
PYT,Centro 2,Online,2024-12-30,55
HAC,Centro 1,Hybrid,2024-12-30,54
TUR,Centro 5,In-person,2024-12-30,54
HCP,Centro 2,Hybrid,2024-12-30,53
INF,Centro 3,Hybrid,2024-12-30,53
LID,Centro 4,Online,2024-12-30,53
EXC,Centro 1,In-person,2024-12-30,52
ING,Centro 2,In-person,2024-12-30,48
PRO,Centro 1,Hybrid,2024-12-30,48
INF,Centro 2,In-person,2024-12-30,47
FOR,Centro 2,Online,2024-12-30,45
LOG,Centro 2,Hybrid,2024-12-30,43
LOG,Centro 3,In-person,2024-12-30,43
EXC,Centro 3,In-person,2024-12-30,42
TUR,Centro 3,In-person,2024-12-30,42
HOT,Centro 5,In-person,2024-12-30,41
MNT,Centro 3,In-person,2024-12-30,41
EXC,Centro 3,Hybrid,2024-12-30,39
PBI,Centro 4,Hybrid,2024-12-30,38
EMP,Centro 4,In-person,2024-12-30,36
CYB,Centro 3,In-person,2024-12-30,33
EMP,Centro 3,In-person,2024-12-30,33
HAC,Centro 1,In-person,2024-12-30,33
ING,Centro 4,In-person,2024-12-30,32
VND,Centro 1,In-person,2024-12-30,32
EMP,Centro 1,In-person,2024-12-30,28
SEG,Centro 5,In-person,2024-12-30,28
PBI,Centro 5,Hybrid,2024-12-30,27
PBI,Centro 2,In-person,2024-12-30,25
GER,Centro 5,Hybrid,2024-12-30,23
LOG,Centro 5,In-person,2024-12-30,20
SEG,Centro 3,In-person,2024-12-30,20
LID,Centro 5,In-person,2024-12-30,19
PRI,Centro 2,In-person,2024-12-30,19
SEG,Centro 2,In-person,2024-12-30,19
MNT,Centro 5,In-person,2024-12-30,17
PRO,Centro 2,In-person,2024-12-30,16
SCI,Centro 2,Hybrid,2024-12-30,16
HOT,Centro 5,Hybrid,2024-12-30,15
INF,Centro 2,Hybrid,2024-12-30,15
VND,Centro 4,Hybrid,2024-12-30,15
EXC,Centro 2,Hybrid,2024-12-30,14
GER,Centro 3,In-person,2024-12-30,14
GER,Centro 5,In-person,2024-12-30,14
LID,Centro 4,In-person,2024-12-30,14
PRI,Centro 3,In-person,2024-12-30,14
SCI,Centro 5,In-person,2024-12-30,14
SEG,Centro 1,In-person,2024-12-30,14
CYB,Centro 5,Online,2024-12-30,13
SST,Centro 1,In-person,2024-12-30,13
LOG,Centro 2,In-person,2024-12-30,12
VND,Centro 2,In-person,2024-12-30,12
CYB,Centro 4,Hybrid,2024-12-30,11
GES,Centro 1,Hybrid,2024-12-30,11
SOC,Centro 1,In-person,2024-12-30,11
CYB,Centro 4,In-person,2024-12-30,10
HAC,Centro 4,In-person,2024-12-30,10
PBI,Centro 1,Online,2024-12-30,10
PBI,Centro 4,Online,2024-12-30,10
MNT,Centro 1,In-person,2024-12-30,9
CYB,Centro 1,Online,2024-12-30,8
CYB,Centro 2,Hybrid,2024-12-30,8
EMP,Centro 2,In-person,2024-12-30,7
EXC,Centro 4,Hybrid,2024-12-30,7
HCP,Centro 4,Hybrid,2024-12-30,7
LID,Centro 2,Online,2024-12-30,7
PBI,Centro 4,In-person,2024-12-30,7
PRI,Centro 1,Hybrid,2024-12-30,7
CYB,Centro 1,Hybrid,2024-12-30,5
CYB,Centro 5,Hybrid,2024-12-30,5
GES,Centro 2,Online,2024-12-30,5
GES,Centro 2,Hybrid,2024-12-30,5
LID,Centro 1,Online,2024-12-30,5
PYT,Centro 1,In-person,2024-12-30,5
EMP,Centro 5,In-person,2024-12-30,4
FOR,Centro 4,Online,2024-12-30,4
FOR,Centro 1,Hybrid,2024-12-30,4
FOR,Centro 2,Hybrid,2024-12-30,4
GES,Centro 5,Hybrid,2024-12-30,4
HAC,Centro 5,Online,2024-12-30,4
LOG,Centro 5,Hybrid,2024-12-30,4
PBI,Centro 3,Hybrid,2024-12-30,4
PRO,Centro 3,Hybrid,2024-12-30,4
PYT,Centro 2,Hybrid,2024-12-30,4
SCI,Centro 4,In-person,2024-12-30,4
SST,Centro 5,Hybrid,2024-12-30,4
EXC,Centro 2,Online,2024-12-30,3
HOT,Centro 4,In-person,2024-12-30,3
LOG,Centro 3,Hybrid,2024-12-30,3
TUR,Centro 5,In-person,2025-01-06,116
VND,Centro 3,Hybrid,2025-01-06,106
LID,Centro 2,Hybrid,2025-01-06,91
GES,Centro 2,Hybrid,2025-01-06,87
EXC,Centro 2,Hybrid,2025-01-06,81
LID,Centro 5,Hybrid,2025-01-06,81
SOC,Centro 3,In-person,2025-01-06,80
PRI,Centro 2,Hybrid,2025-01-06,79
GER,Centro 4,In-person,2025-01-06,72
CYB,Centro 2,In-person,2025-01-06,67
EXC,Centro 1,In-person,2025-01-06,67
SST,Centro 5,Online,2025-01-06,67
EXC,Centro 4,Hybrid,2025-01-06,66
SST,Centro 2,Online,2025-01-06,66
FOR,Centro 2,Hybrid,2025-01-06,65
LOG,Centro 5,Hybrid,2025-01-06,62
PBI,Centro 4,Hybrid,2025-01-06,62
VND,Centro 4,Hybrid,2025-01-06,62
LID,Centro 4,Online,2025-01-06,57
LOG,Centro 1,In-person,2025-01-06,57
PBI,Centro 2,Online,2025-01-06,57
EXC,Centro 5,Online,2025-01-06,56
LOG,Centro 2,In-person,2025-01-06,54
SEG,Centro 4,Hybrid,2025-01-06,53
SCI,Centro 4,In-person,2025-01-06,52
SST,Centro 2,Hybrid,2025-01-06,50
CYB,Centro 5,Online,2025-01-06,49
LOG,Centro 5,In-person,2025-01-06,48
PYT,Centro 1,In-person,2025-01-06,48
GES,Centro 5,Hybrid,2025-01-06,47
LOG,Centro 3,In-person,2025-01-06,47
SCI,Centro 5,In-person,2025-01-06,47
EMP,Centro 2,In-person,2025-01-06,46
MNT,Centro 4,In-person,2025-01-06,46
EXC,Centro 1,Hybrid,2025-01-06,45
LID,Centro 1,In-person,2025-01-06,43
HAC,Centro 5,In-person,2025-01-06,42
PRI,Centro 3,In-person,2025-01-06,40
SST,Centro 3,In-person,2025-01-06,39
HAC,Centro 2,In-person,2025-01-06,38
SEG,Centro 4,In-person,2025-01-06,38
EXC,Centro 4,In-person,2025-01-06,35
GES,Centro 4,Hybrid,2025-01-06,35
HOT,Centro 1,In-person,2025-01-06,35
CYB,Centro 4,Hybrid,2025-01-06,33
MNT,Centro 1,In-person,2025-01-06,33
FOR,Centro 1,Hybrid,2025-01-06,32
PRI,Centro 1,In-person,2025-01-06,32
PYT,Centro 2,Online,2025-01-06,31
EMP,Centro 1,In-person,2025-01-06,30
ING,Centro 2,Online,2025-01-06,30
LID,Centro 1,Online,2025-01-06,30
PYT,Centro 4,In-person,2025-01-06,30
SOC,Centro 5,Hybrid,2025-01-06,29
HCP,Centro 3,In-person,2025-01-06,28
PBI,Centro 4,Online,2025-01-06,27
FOR,Centro 2,Online,2025-01-06,26
HOT,Centro 5,In-person,2025-01-06,25
GER,Centro 5,Hybrid,2025-01-06,24
PYT,Centro 4,Online,2025-01-06,24
HCP,Centro 5,In-person,2025-01-06,23
HOT,Centro 5,Hybrid,2025-01-06,23
EMP,Centro 5,In-person,2025-01-06,22
LID,Centro 1,Hybrid,2025-01-06,21
SEG,Centro 5,In-person,2025-01-06,20
VND,Centro 4,Online,2025-01-06,20
HCP,Centro 1,Hybrid,2025-01-06,19
SCI,Centro 1,In-person,2025-01-06,19
SST,Centro 1,Online,2025-01-06,18
SST,Centro 5,In-person,2025-01-06,18
LID,Centro 3,Online,2025-01-06,17
PYT,Centro 2,In-person,2025-01-06,17
TUR,Centro 2,In-person,2025-01-06,16
CYB,Centro 5,In-person,2025-01-06,15
EMP,Centro 3,In-person,2025-01-06,15
HCP,Centro 2,Hybrid,2025-01-06,14
PBI,Centro 5,In-person,2025-01-06,14
SST,Centro 4,In-person,2025-01-06,14
TUR,Centro 4,Hybrid,2025-01-06,14
PRI,Centro 4,In-person,2025-01-06,13
PYT,Centro 5,Hybrid,2025-01-06,12
SEG,Centro 1,In-person,2025-01-06,11
CYB,Centro 2,Hybrid,2025-01-06,10
EXC,Centro 5,In-person,2025-01-06,10
ING,Centro 2,Hybrid,2025-01-06,10
SOC,Centro 5,In-person,2025-01-06,10
SEG,Centro 3,In-person,2025-01-06,9
SST,Centro 1,Hybrid,2025-01-06,9
HCP,Centro 2,In-person,2025-01-06,8
MNT,Centro 3,In-person,2025-01-06,8
SCI,Centro 3,In-person,2025-01-06,8
CYB,Centro 1,Online,2025-01-06,7
FOR,Centro 2,In-person,2025-01-06,7
ING,Centro 5,Online,2025-01-06,7
ING,Centro 4,In-person,2025-01-06,7
LID,Centro 5,Online,2025-01-06,7
LOG,Centro 2,Hybrid,2025-01-06,7
PBI,Centro 1,Online,2025-01-06,7
SCI,Centro 2,In-person,2025-01-06,7
SEG,Centro 1,Hybrid,2025-01-06,7
VND,Centro 1,Online,2025-01-06,7
INF,Centro 3,In-person,2025-01-06,6
SCI,Centro 2,Hybrid,2025-01-06,6
TUR,Centro 2,Hybrid,2025-01-06,6
FOR,Centro 5,Online,2025-01-06,5
GES,Centro 1,Hybrid,2025-01-06,5
CYB,Centro 4,Online,2025-01-06,4
CYB,Centro 1,Hybrid,2025-01-06,4
MNT,Centro 5,In-person,2025-01-06,4
PRO,Centro 4,Online,2025-01-06,4
TUR,Centro 1,In-person,2025-01-06,4
TUR,Centro 4,In-person,2025-01-06,4
EMP,Centro 4,In-person,2025-01-06,3
EXC,Centro 5,Hybrid,2025-01-06,3
SCI,Centro 4,Hybrid,2025-01-06,3
SST,Centro 1,In-person,2025-01-06,3
FOR,Centro 3,Online,2025-01-13,148
EMP,Centro 1,In-person,2025-01-13,112
HOT,Centro 1,In-person,2025-01-13,92
VND,Centro 4,Online,2025-01-13,90
PBI,Centro 5,In-person,2025-01-13,87
LID,Centro 5,Online,2025-01-13,86
CYB,Centro 5,In-person,2025-01-13,84
SEG,Centro 4,Hybrid,2025-01-13,78
SOC,Centro 3,Hybrid,2025-01-13,78
MNT,Centro 3,In-person,2025-01-13,75
SCI,Centro 4,Hybrid,2025-01-13,74
SEG,Centro 3,Hybrid,2025-01-13,72
PRO,Centro 4,Online,2025-01-13,68
GER,Centro 5,In-person,2025-01-13,67
HOT,Centro 2,In-person,2025-01-13,67
GER,Centro 4,In-person,2025-01-13,64
PRO,Centro 3,Online,2025-01-13,63
SOC,Centro 2,Hybrid,2025-01-13,61
FOR,Centro 1,In-person,2025-01-13,60
MNT,Centro 5,In-person,2025-01-13,60
PBI,Centro 4,Online,2025-01-13,60
CYB,Centro 2,In-person,2025-01-13,56
ING,Centro 2,Online,2025-01-13,55
PBI,Centro 5,Hybrid,2025-01-13,54
ING,Centro 5,Online,2025-01-13,53
LOG,Centro 2,In-person,2025-01-13,52
EXC,Centro 5,Online,2025-01-13,51
PRI,Centro 3,In-person,2025-01-13,51
PYT,Centro 2,In-person,2025-01-13,51
ING,Centro 3,Hybrid,2025-01-13,50
PYT,Centro 3,Online,2025-01-13,50
EXC,Centro 4,Hybrid,2025-01-13,49
SST,Centro 5,Hybrid,2025-01-13,49
SST,Centro 1,In-person,2025-01-13,49
PRO,Centro 5,In-person,2025-01-13,48
SCI,Centro 2,Hybrid,2025-01-13,44
ING,Centro 5,Hybrid,2025-01-13,40
MNT,Centro 1,In-person,2025-01-13,39
HOT,Centro 5,Hybrid,2025-01-13,38
VND,Centro 4,Hybrid,2025-01-13,38
PBI,Centro 3,Hybrid,2025-01-13,37
PRI,Centro 2,Hybrid,2025-01-13,35
EXC,Centro 1,In-person,2025-01-13,34
SEG,Centro 4,In-person,2025-01-13,34
SOC,Centro 3,In-person,2025-01-13,34
INF,Centro 1,In-person,2025-01-13,33
SCI,Centro 5,In-person,2025-01-13,31
GER,Centro 2,In-person,2025-01-13,29
EMP,Centro 3,In-person,2025-01-13,28
FOR,Centro 5,Online,2025-01-13,28
SST,Centro 2,Hybrid,2025-01-13,28
PYT,Centro 4,Online,2025-01-13,27
PYT,Centro 4,In-person,2025-01-13,27
SOC,Centro 2,In-person,2025-01-13,26
VND,Centro 1,Hybrid,2025-01-13,26
GER,Centro 5,Hybrid,2025-01-13,25
PBI,Centro 2,In-person,2025-01-13,25
PRI,Centro 1,In-person,2025-01-13,24
VND,Centro 2,Online,2025-01-13,24
MNT,Centro 4,In-person,2025-01-13,23
PRO,Centro 1,Online,2025-01-13,23
GES,Centro 5,Hybrid,2025-01-13,22
LID,Centro 4,Hybrid,2025-01-13,22
PRI,Centro 1,Hybrid,2025-01-13,22
SEG,Centro 2,In-person,2025-01-13,21
SOC,Centro 1,In-person,2025-01-13,21
FOR,Centro 4,Online,2025-01-13,20
VND,Centro 3,Online,2025-01-13,20
GER,Centro 3,In-person,2025-01-13,19
PBI,Centro 1,Hybrid,2025-01-13,19
VND,Centro 1,Online,2025-01-13,19
HAC,Centro 1,In-person,2025-01-13,18
TUR,Centro 5,In-person,2025-01-13,18
SOC,Centro 4,In-person,2025-01-13,16
GES,Centro 3,In-person,2025-01-13,15
HOT,Centro 4,In-person,2025-01-13,15
ING,Centro 2,Hybrid,2025-01-13,15
VND,Centro 1,In-person,2025-01-13,15
PRI,Centro 4,In-person,2025-01-13,14
SCI,Centro 2,In-person,2025-01-13,14
SOC,Centro 5,In-person,2025-01-13,14
LOG,Centro 5,In-person,2025-01-13,13
LID,Centro 4,Online,2025-01-13,12
SCI,Centro 3,In-person,2025-01-13,12
LID,Centro 1,In-person,2025-01-13,11
SEG,Centro 5,Online,2025-01-13,10
VND,Centro 3,Hybrid,2025-01-13,10
PBI,Centro 4,Hybrid,2025-01-13,9
GES,Centro 1,Hybrid,2025-01-13,8
LID,Centro 1,Online,2025-01-13,8
LOG,Centro 3,Hybrid,2025-01-13,8
LOG,Centro 4,In-person,2025-01-13,8
PRO,Centro 2,In-person,2025-01-13,8
PYT,Centro 2,Online,2025-01-13,8
EMP,Centro 2,In-person,2025-01-13,7
EMP,Centro 4,In-person,2025-01-13,7
EXC,Centro 2,Hybrid,2025-01-13,7
FOR,Centro 2,Online,2025-01-13,7
FOR,Centro 4,Hybrid,2025-01-13,7
EXC,Centro 4,In-person,2025-01-13,6
HAC,Centro 5,Online,2025-01-13,6
HAC,Centro 2,In-person,2025-01-13,6
LOG,Centro 3,In-person,2025-01-13,6
CYB,Centro 1,Online,2025-01-13,5
CYB,Centro 1,Hybrid,2025-01-13,5
FOR,Centro 1,Online,2025-01-13,5
GER,Centro 3,Hybrid,2025-01-13,5
GES,Centro 2,Hybrid,2025-01-13,5
CYB,Centro 2,Hybrid,2025-01-13,4
EXC,Centro 1,Online,2025-01-13,4
FOR,Centro 2,Hybrid,2025-01-13,4
GER,Centro 1,Hybrid,2025-01-13,4
PBI,Centro 2,Online,2025-01-13,4
PRI,Centro 2,In-person,2025-01-13,4
PRO,Centro 3,Hybrid,2025-01-13,4
SCI,Centro 1,Hybrid,2025-01-13,4
SEG,Centro 2,Online,2025-01-13,4
HAC,Centro 1,Hybrid,2025-01-13,3
SCI,Centro 4,In-person,2025-01-13,3
TUR,Centro 1,In-person,2025-01-13,3
LOG,Centro 2,Hybrid,2025-01-20,163
EXC,Centro 1,Online,2025-01-20,118
PBI,Centro 4,Online,2025-01-20,106
CYB,Centro 1,Online,2025-01-20,99
PRI,Centro 4,In-person,2025-01-20,97
SOC,Centro 5,In-person,2025-01-20,95
PRI,Centro 3,In-person,2025-01-20,85
SEG,Centro 2,In-person,2025-01-20,85
HOT,Centro 5,In-person,2025-01-20,81
PYT,Centro 1,Online,2025-01-20,81
GER,Centro 5,Hybrid,2025-01-20,80
PRO,Centro 1,Online,2025-01-20,76
MNT,Centro 1,In-person,2025-01-20,74
HAC,Centro 1,Hybrid,2025-01-20,73
VND,Centro 1,Online,2025-01-20,72
EXC,Centro 4,Hybrid,2025-01-20,71
EXC,Centro 3,Online,2025-01-20,70
LID,Centro 3,Online,2025-01-20,70
LOG,Centro 5,Hybrid,2025-01-20,70
PYT,Centro 1,In-person,2025-01-20,66
PRO,Centro 2,Hybrid,2025-01-20,65
SEG,Centro 2,Online,2025-01-20,60
VND,Centro 3,Online,2025-01-20,60
EXC,Centro 5,In-person,2025-01-20,59
TUR,Centro 4,In-person,2025-01-20,58
EXC,Centro 5,Hybrid,2025-01-20,57
FOR,Centro 4,In-person,2025-01-20,55
PYT,Centro 2,Online,2025-01-20,53
TUR,Centro 1,In-person,2025-01-20,53
FOR,Centro 1,Hybrid,2025-01-20,52
LID,Centro 1,Online,2025-01-20,51
LID,Centro 4,Online,2025-01-20,48
HAC,Centro 2,Online,2025-01-20,47
LOG,Centro 4,In-person,2025-01-20,47
GER,Centro 2,In-person,2025-01-20,45
MNT,Centro 5,In-person,2025-01-20,43
SCI,Centro 2,In-person,2025-01-20,43
CYB,Centro 2,In-person,2025-01-20,41
VND,Centro 4,Hybrid,2025-01-20,40
HCP,Centro 2,Hybrid,2025-01-20,38
SST,Centro 3,In-person,2025-01-20,38
FOR,Centro 5,In-person,2025-01-20,37
HAC,Centro 3,In-person,2025-01-20,37
SCI,Centro 1,In-person,2025-01-20,37
EXC,Centro 4,In-person,2025-01-20,36
GER,Centro 5,In-person,2025-01-20,36
PRO,Centro 2,In-person,2025-01-20,36
SCI,Centro 4,In-person,2025-01-20,36
SEG,Centro 1,In-person,2025-01-20,36
GER,Centro 4,In-person,2025-01-20,35
HOT,Centro 2,In-person,2025-01-20,35
PBI,Centro 1,Online,2025-01-20,34
HOT,Centro 3,Hybrid,2025-01-20,32
LOG,Centro 1,Hybrid,2025-01-20,32
LOG,Centro 2,In-person,2025-01-20,32
EMP,Centro 1,In-person,2025-01-20,31
INF,Centro 4,In-person,2025-01-20,31
SOC,Centro 2,In-person,2025-01-20,31
MNT,Centro 2,In-person,2025-01-20,30
PBI,Centro 2,In-person,2025-01-20,30
PRO,Centro 5,Hybrid,2025-01-20,30
HAC,Centro 1,In-person,2025-01-20,29
HAC,Centro 5,In-person,2025-01-20,29
HOT,Centro 1,In-person,2025-01-20,28
LID,Centro 3,In-person,2025-01-20,27
SOC,Centro 3,In-person,2025-01-20,27
GER,Centro 1,In-person,2025-01-20,26
SEG,Centro 4,In-person,2025-01-20,26
CYB,Centro 5,In-person,2025-01-20,24
HAC,Centro 2,Hybrid,2025-01-20,24
SST,Centro 1,In-person,2025-01-20,23
GES,Centro 4,Hybrid,2025-01-20,21
LID,Centro 4,Hybrid,2025-01-20,21
SCI,Centro 1,Hybrid,2025-01-20,21
EXC,Centro 4,Online,2025-01-20,20
ING,Centro 2,Hybrid,2025-01-20,20
PBI,Centro 4,In-person,2025-01-20,19
LID,Centro 5,Hybrid,2025-01-20,18
PRI,Centro 1,In-person,2025-01-20,18
CYB,Centro 4,Hybrid,2025-01-20,17
PBI,Centro 5,Hybrid,2025-01-20,17
PYT,Centro 4,In-person,2025-01-20,17
PRO,Centro 3,Hybrid,2025-01-20,16
VND,Centro 4,Online,2025-01-20,16
CYB,Centro 3,Hybrid,2025-01-20,15
ING,Centro 4,Online,2025-01-20,15
SST,Centro 4,Hybrid,2025-01-20,15
FOR,Centro 2,Online,2025-01-20,14
FOR,Centro 2,Hybrid,2025-01-20,14
PRI,Centro 2,Hybrid,2025-01-20,14
GES,Centro 2,In-person,2025-01-20,13
PBI,Centro 3,Hybrid,2025-01-20,13
PYT,Centro 1,Hybrid,2025-01-20,13
TUR,Centro 3,In-person,2025-01-20,13
CYB,Centro 5,Online,2025-01-20,12
EXC,Centro 2,Hybrid,2025-01-20,12
HCP,Centro 5,In-person,2025-01-20,12
LOG,Centro 3,In-person,2025-01-20,12
SEG,Centro 4,Hybrid,2025-01-20,12
EMP,Centro 4,In-person,2025-01-20,11
HCP,Centro 2,In-person,2025-01-20,11
SCI,Centro 5,In-person,2025-01-20,11
VND,Centro 1,In-person,2025-01-20,11
EXC,Centro 3,In-person,2025-01-20,10
FOR,Centro 1,Online,2025-01-20,10
PBI,Centro 5,In-person,2025-01-20,10
EXC,Centro 5,Online,2025-01-20,9
LID,Centro 5,Online,2025-01-20,9
LID,Centro 2,Hybrid,2025-01-20,9
MNT,Centro 3,In-person,2025-01-20,9
MNT,Centro 4,In-person,2025-01-20,9
GES,Centro 2,Hybrid,2025-01-20,7
PBI,Centro 5,Online,2025-01-20,7
PRI,Centro 1,Hybrid,2025-01-20,7
PYT,Centro 2,In-person,2025-01-20,7
SST,Centro 2,Online,2025-01-20,7
VND,Centro 3,Hybrid,2025-01-20,7
SST,Centro 5,Hybrid,2025-01-20,6
CYB,Centro 2,Hybrid,2025-01-20,5
VND,Centro 1,Hybrid,2025-01-20,5
EMP,Centro 3,In-person,2025-01-20,4
ING,Centro 5,In-person,2025-01-20,4
PRO,Centro 2,Online,2025-01-20,4
PRO,Centro 1,Hybrid,2025-01-20,4
SCI,Centro 2,Hybrid,2025-01-20,3
SCI,Centro 4,Hybrid,2025-01-20,3
SST,Centro 1,Hybrid,2025-01-20,3
PRI,Centro 3,In-person,2025-01-27,120
CYB,Centro 5,Online,2025-01-27,98
SEG,Centro 2,Online,2025-01-27,96
SCI,Centro 5,In-person,2025-01-27,90
GES,Centro 2,In-person,2025-01-27,89
EMP,Centro 3,In-person,2025-01-27,88
MNT,Centro 3,In-person,2025-01-27,84
MNT,Centro 5,In-person,2025-01-27,83
EXC,Centro 2,Online,2025-01-27,74
SCI,Centro 3,In-person,2025-01-27,70
CYB,Centro 1,Online,2025-01-27,69
SST,Centro 1,Online,2025-01-27,67
GER,Centro 1,Hybrid,2025-01-27,65
FOR,Centro 1,Hybrid,2025-01-27,64
PRO,Centro 1,Online,2025-01-27,63
HAC,Centro 2,In-person,2025-01-27,61
HAC,Centro 3,In-person,2025-01-27,59
LOG,Centro 1,Hybrid,2025-01-27,59
PRI,Centro 4,In-person,2025-01-27,59
EXC,Centro 3,Online,2025-01-27,57
HAC,Centro 4,Hybrid,2025-01-27,56
PBI,Centro 1,Online,2025-01-27,56
SEG,Centro 1,In-person,2025-01-27,56
CYB,Centro 4,Hybrid,2025-01-27,53
EXC,Centro 2,Hybrid,2025-01-27,53
LID,Centro 2,In-person,2025-01-27,53
LID,Centro 3,Online,2025-01-27,52
LID,Centro 4,In-person,2025-01-27,51
VND,Centro 1,Online,2025-01-27,50
ING,Centro 2,Online,2025-01-27,49
CYB,Centro 5,In-person,2025-01-27,48
GER,Centro 2,In-person,2025-01-27,47
GER,Centro 3,Hybrid,2025-01-27,46
PRI,Centro 1,In-person,2025-01-27,46
LID,Centro 5,In-person,2025-01-27,44
HCP,Centro 4,In-person,2025-01-27,43
SST,Centro 4,Hybrid,2025-01-27,42
PBI,Centro 5,Online,2025-01-27,38
LID,Centro 1,Hybrid,2025-01-27,37
LOG,Centro 3,In-person,2025-01-27,37
MNT,Centro 4,In-person,2025-01-27,36
PBI,Centro 1,Hybrid,2025-01-27,36
EMP,Centro 1,In-person,2025-01-27,34
HAC,Centro 5,Hybrid,2025-01-27,34
INF,Centro 2,Hybrid,2025-01-27,33
PYT,Centro 2,Hybrid,2025-01-27,32
MNT,Centro 1,In-person,2025-01-27,31
PYT,Centro 1,Hybrid,2025-01-27,30
PRO,Centro 3,Online,2025-01-27,29
GER,Centro 4,In-person,2025-01-27,28
PBI,Centro 4,Online,2025-01-27,28
PYT,Centro 4,Online,2025-01-27,28
EXC,Centro 5,Online,2025-01-27,27
FOR,Centro 4,Hybrid,2025-01-27,27
PBI,Centro 2,In-person,2025-01-27,27
LID,Centro 4,Online,2025-01-27,26
PYT,Centro 5,Hybrid,2025-01-27,26
CYB,Centro 3,In-person,2025-01-27,23
FOR,Centro 2,Online,2025-01-27,23
LOG,Centro 4,In-person,2025-01-27,22
GER,Centro 5,Hybrid,2025-01-27,21
LID,Centro 3,In-person,2025-01-27,21
PRI,Centro 5,In-person,2025-01-27,20
SEG,Centro 1,Hybrid,2025-01-27,20
HAC,Centro 5,Online,2025-01-27,18
ING,Centro 4,In-person,2025-01-27,18
TUR,Centro 4,Hybrid,2025-01-27,18
FOR,Centro 4,In-person,2025-01-27,17
HOT,Centro 2,In-person,2025-01-27,17
HOT,Centro 5,Hybrid,2025-01-27,15
LOG,Centro 2,In-person,2025-01-27,15
PBI,Centro 4,Hybrid,2025-01-27,15
SST,Centro 5,Online,2025-01-27,15
SST,Centro 5,In-person,2025-01-27,15
HAC,Centro 2,Online,2025-01-27,14
SST,Centro 2,Hybrid,2025-01-27,14
VND,Centro 3,Hybrid,2025-01-27,14
GER,Centro 1,In-person,2025-01-27,13
PRO,Centro 2,In-person,2025-01-27,13
SCI,Centro 2,In-person,2025-01-27,13
TUR,Centro 2,Hybrid,2025-01-27,13
SEG,Centro 5,Online,2025-01-27,12
SOC,Centro 2,In-person,2025-01-27,12
SST,Centro 3,In-person,2025-01-27,12
EXC,Centro 5,Hybrid,2025-01-27,11
PRO,Centro 5,Hybrid,2025-01-27,11
EXC,Centro 1,Hybrid,2025-01-27,10
LOG,Centro 1,In-person,2025-01-27,10
TUR,Centro 5,In-person,2025-01-27,10
CYB,Centro 2,In-person,2025-01-27,9
LOG,Centro 5,In-person,2025-01-27,9
PRI,Centro 5,Hybrid,2025-01-27,9
PRO,Centro 5,In-person,2025-01-27,9
EXC,Centro 4,Online,2025-01-27,8
EXC,Centro 4,Hybrid,2025-01-27,8
FOR,Centro 5,In-person,2025-01-27,8
GES,Centro 4,Online,2025-01-27,8
GES,Centro 1,Hybrid,2025-01-27,8
ING,Centro 3,Hybrid,2025-01-27,8
PBI,Centro 5,Hybrid,2025-01-27,8
PYT,Centro 2,Online,2025-01-27,8
EMP,Centro 4,In-person,2025-01-27,7
HCP,Centro 2,Hybrid,2025-01-27,7
INF,Centro 1,Hybrid,2025-01-27,7
LOG,Centro 2,Hybrid,2025-01-27,7
LOG,Centro 3,Hybrid,2025-01-27,7
MNT,Centro 2,In-person,2025-01-27,7
HCP,Centro 2,In-person,2025-01-27,6
HCP,Centro 3,In-person,2025-01-27,6
SST,Centro 1,In-person,2025-01-27,6
FOR,Centro 1,Online,2025-01-27,5
FOR,Centro 1,In-person,2025-01-27,5
GES,Centro 2,Hybrid,2025-01-27,5
EXC,Centro 5,In-person,2025-01-27,4
HAC,Centro 3,Online,2025-01-27,4
HOT,Centro 4,Hybrid,2025-01-27,4
LID,Centro 5,Online,2025-01-27,4
LOG,Centro 5,Hybrid,2025-01-27,4
PBI,Centro 2,Online,2025-01-27,4
PRI,Centro 2,Hybrid,2025-01-27,4
PRI,Centro 2,In-person,2025-01-27,4
SOC,Centro 3,In-person,2025-01-27,4
SST,Centro 1,Hybrid,2025-01-27,4
VND,Centro 1,Hybrid,2025-01-27,4
CYB,Centro 1,Hybrid,2025-01-27,3
EXC,Centro 1,Online,2025-01-27,3
HOT,Centro 5,In-person,2025-01-27,3
TUR,Centro 4,In-person,2025-01-27,3
PRO,Centro 1,Online,2025-02-03,142
GER,Centro 2,In-person,2025-02-03,123
MNT,Centro 5,In-person,2025-02-03,108
FOR,Centro 2,Hybrid,2025-02-03,100
GES,Centro 2,In-person,2025-02-03,94
CYB,Centro 3,Online,2025-02-03,87
LOG,Centro 5,In-person,2025-02-03,83
PBI,Centro 4,Hybrid,2025-02-03,83
ING,Centro 5,Hybrid,2025-02-03,78
PYT,Centro 1,Hybrid,2025-02-03,76
HAC,Centro 2,Online,2025-02-03,75
SOC,Centro 3,In-person,2025-02-03,71
SEG,Centro 2,Online,2025-02-03,64
FOR,Centro 5,Online,2025-02-03,61
CYB,Centro 4,Online,2025-02-03,60
FOR,Centro 5,In-person,2025-02-03,60
HOT,Centro 5,Hybrid,2025-02-03,60
EXC,Centro 5,Online,2025-02-03,58
GER,Centro 4,In-person,2025-02-03,57
HOT,Centro 1,Hybrid,2025-02-03,56
LOG,Centro 2,In-person,2025-02-03,56
GER,Centro 5,In-person,2025-02-03,55
GES,Centro 4,Hybrid,2025-02-03,55
PRI,Centro 5,Hybrid,2025-02-03,55
PRI,Centro 4,In-person,2025-02-03,55
PYT,Centro 4,In-person,2025-02-03,55
PRO,Centro 2,Hybrid,2025-02-03,54
LOG,Centro 3,Hybrid,2025-02-03,53
PRO,Centro 2,Online,2025-02-03,50
PYT,Centro 1,Online,2025-02-03,50
MNT,Centro 3,In-person,2025-02-03,49
EMP,Centro 3,In-person,2025-02-03,47
HAC,Centro 2,Hybrid,2025-02-03,47
LOG,Centro 2,Hybrid,2025-02-03,47
SOC,Centro 5,Hybrid,2025-02-03,47
GER,Centro 3,In-person,2025-02-03,46
PRI,Centro 3,In-person,2025-02-03,46
SCI,Centro 3,In-person,2025-02-03,46
HCP,Centro 1,Hybrid,2025-02-03,45
CYB,Centro 1,In-person,2025-02-03,42
GES,Centro 5,Hybrid,2025-02-03,42
PBI,Centro 1,Hybrid,2025-02-03,42
EXC,Centro 3,In-person,2025-02-03,41
PYT,Centro 3,Online,2025-02-03,36
CYB,Centro 5,Online,2025-02-03,35
EXC,Centro 2,Hybrid,2025-02-03,35
SCI,Centro 1,Hybrid,2025-02-03,35
HOT,Centro 5,In-person,2025-02-03,34
FOR,Centro 1,Hybrid,2025-02-03,33
EXC,Centro 3,Online,2025-02-03,32
LOG,Centro 4,In-person,2025-02-03,31
SST,Centro 3,In-person,2025-02-03,31
PRI,Centro 2,In-person,2025-02-03,30
PRI,Centro 5,In-person,2025-02-03,30
SEG,Centro 2,In-person,2025-02-03,30
LID,Centro 1,Hybrid,2025-02-03,28
PBI,Centro 4,Online,2025-02-03,27
CYB,Centro 1,Online,2025-02-03,25
EMP,Centro 4,In-person,2025-02-03,25
EXC,Centro 4,Hybrid,2025-02-03,25
HCP,Centro 3,Hybrid,2025-02-03,25
GER,Centro 5,Hybrid,2025-02-03,23
SEG,Centro 1,Hybrid,2025-02-03,22
GER,Centro 3,Hybrid,2025-02-03,21
HCP,Centro 5,In-person,2025-02-03,21
PRI,Centro 1,In-person,2025-02-03,21
PYT,Centro 4,Online,2025-02-03,21
VND,Centro 2,Hybrid,2025-02-03,21
EXC,Centro 2,Online,2025-02-03,20
INF,Centro 3,Hybrid,2025-02-03,20
ING,Centro 4,Hybrid,2025-02-03,19
VND,Centro 5,Online,2025-02-03,19
FOR,Centro 3,Online,2025-02-03,18
GER,Centro 1,In-person,2025-02-03,18
LID,Centro 1,In-person,2025-02-03,17
PYT,Centro 2,Online,2025-02-03,17
VND,Centro 5,In-person,2025-02-03,17
FOR,Centro 2,Online,2025-02-03,16
LOG,Centro 1,Hybrid,2025-02-03,16
CYB,Centro 2,In-person,2025-02-03,14
FOR,Centro 4,Hybrid,2025-02-03,13
PBI,Centro 5,Online,2025-02-03,13
VND,Centro 2,Online,2025-02-03,13
VND,Centro 4,Online,2025-02-03,13
EXC,Centro 1,Online,2025-02-03,12
HOT,Centro 2,In-person,2025-02-03,11
LID,Centro 4,Online,2025-02-03,11
LID,Centro 5,In-person,2025-02-03,11
SCI,Centro 5,In-person,2025-02-03,11
PBI,Centro 5,In-person,2025-02-03,10
SOC,Centro 2,Hybrid,2025-02-03,10
SST,Centro 5,Hybrid,2025-02-03,10
PRI,Centro 1,Hybrid,2025-02-03,9
PRI,Centro 2,Hybrid,2025-02-03,9
PBI,Centro 1,Online,2025-02-03,8
EXC,Centro 1,Hybrid,2025-02-03,7
HAC,Centro 3,Online,2025-02-03,7
ING,Centro 5,In-person,2025-02-03,7
LOG,Centro 5,Hybrid,2025-02-03,7
LOG,Centro 1,In-person,2025-02-03,7
SEG,Centro 1,In-person,2025-02-03,7
SST,Centro 2,In-person,2025-02-03,7
HAC,Centro 3,In-person,2025-02-03,6
SCI,Centro 4,In-person,2025-02-03,6
CYB,Centro 3,In-person,2025-02-03,5
FOR,Centro 1,Online,2025-02-03,5
FOR,Centro 2,In-person,2025-02-03,5
PBI,Centro 3,Hybrid,2025-02-03,5
PBI,Centro 3,In-person,2025-02-03,5
CYB,Centro 1,Hybrid,2025-02-03,4
CYB,Centro 5,In-person,2025-02-03,4
EXC,Centro 4,Online,2025-02-03,4
EXC,Centro 5,Hybrid,2025-02-03,4
ING,Centro 4,Online,2025-02-03,4
ING,Centro 2,In-person,2025-02-03,4
LID,Centro 5,Online,2025-02-03,4
PBI,Centro 5,Hybrid,2025-02-03,4
SCI,Centro 2,In-person,2025-02-03,4
VND,Centro 3,Hybrid,2025-02-03,4
EMP,Centro 1,In-person,2025-02-03,3
EXC,Centro 3,Hybrid,2025-02-03,3
HAC,Centro 2,In-person,2025-02-03,3
HAC,Centro 4,In-person,2025-02-03,3
HCP,Centro 3,In-person,2025-02-03,3
INF,Centro 4,In-person,2025-02-03,3
ING,Centro 2,Hybrid,2025-02-03,3
SEG,Centro 4,Hybrid,2025-02-03,3
SEG,Centro 3,In-person,2025-02-03,3
SST,Centro 1,In-person,2025-02-03,3
TUR,Centro 2,Hybrid,2025-02-03,3
EXC,Centro 4,Online,2025-02-10,116
PRO,Centro 2,Online,2025-02-10,113
LOG,Centro 4,In-person,2025-02-10,112
SEG,Centro 3,Online,2025-02-10,103
SEG,Centro 5,Online,2025-02-10,103
GER,Centro 4,In-person,2025-02-10,96
PRO,Centro 5,In-person,2025-02-10,95
CYB,Centro 3,Online,2025-02-10,89
EXC,Centro 2,Online,2025-02-10,88
CYB,Centro 2,In-person,2025-02-10,78
PBI,Centro 4,Online,2025-02-10,75
SST,Centro 5,Hybrid,2025-02-10,73
CYB,Centro 5,In-person,2025-02-10,72
LID,Centro 2,Online,2025-02-10,72
PBI,Centro 3,Hybrid,2025-02-10,72
LID,Centro 4,Online,2025-02-10,70
SCI,Centro 1,Hybrid,2025-02-10,70
FOR,Centro 4,Hybrid,2025-02-10,68
ING,Centro 4,Online,2025-02-10,68
GER,Centro 5,In-person,2025-02-10,67
SCI,Centro 4,In-person,2025-02-10,66
LID,Centro 1,Hybrid,2025-02-10,65
PYT,Centro 5,Hybrid,2025-02-10,63
SOC,Centro 3,In-person,2025-02-10,63
PRI,Centro 3,In-person,2025-02-10,62
EMP,Centro 1,In-person,2025-02-10,61
SOC,Centro 4,In-person,2025-02-10,58
CYB,Centro 4,Online,2025-02-10,56
PRI,Centro 4,In-person,2025-02-10,55
LOG,Centro 5,Hybrid,2025-02-10,53
SCI,Centro 3,In-person,2025-02-10,53
EXC,Centro 5,In-person,2025-02-10,50
SST,Centro 5,In-person,2025-02-10,49
GER,Centro 2,In-person,2025-02-10,48
HAC,Centro 2,In-person,2025-02-10,48
FOR,Centro 5,In-person,2025-02-10,47
SST,Centro 2,In-person,2025-02-10,45
VND,Centro 5,Online,2025-02-10,45
GES,Centro 1,In-person,2025-02-10,44
SCI,Centro 2,In-person,2025-02-10,43
EXC,Centro 2,Hybrid,2025-02-10,41
INF,Centro 4,In-person,2025-02-10,41
GER,Centro 3,Hybrid,2025-02-10,38
HAC,Centro 3,Online,2025-02-10,38
ING,Centro 3,Hybrid,2025-02-10,38
INF,Centro 3,In-person,2025-02-10,37
PRO,Centro 2,Hybrid,2025-02-10,35
HOT,Centro 2,In-person,2025-02-10,33
PRO,Centro 1,Online,2025-02-10,33
SST,Centro 4,In-person,2025-02-10,33
EXC,Centro 1,Online,2025-02-10,32
HCP,Centro 5,In-person,2025-02-10,32
MNT,Centro 5,In-person,2025-02-10,32
VND,Centro 3,Hybrid,2025-02-10,32
TUR,Centro 4,Hybrid,2025-02-10,31
PBI,Centro 3,In-person,2025-02-10,29
SST,Centro 3,In-person,2025-02-10,29
VND,Centro 4,Online,2025-02-10,29
CYB,Centro 4,Hybrid,2025-02-10,28
SEG,Centro 4,In-person,2025-02-10,28
GES,Centro 4,Hybrid,2025-02-10,27
MNT,Centro 3,In-person,2025-02-10,23
PBI,Centro 4,Hybrid,2025-02-10,23
PRO,Centro 2,In-person,2025-02-10,23
PRO,Centro 5,Hybrid,2025-02-10,22
SST,Centro 1,In-person,2025-02-10,22
HOT,Centro 3,In-person,2025-02-10,21
GES,Centro 5,Hybrid,2025-02-10,20
SEG,Centro 1,Hybrid,2025-02-10,20
HOT,Centro 5,Hybrid,2025-02-10,19
PYT,Centro 1,Hybrid,2025-02-10,19
VND,Centro 2,In-person,2025-02-10,19
PBI,Centro 5,Online,2025-02-10,18
PYT,Centro 2,Hybrid,2025-02-10,18
PRI,Centro 5,In-person,2025-02-10,17
GER,Centro 2,Hybrid,2025-02-10,16
EXC,Centro 4,Hybrid,2025-02-10,15
LID,Centro 4,Hybrid,2025-02-10,14
INF,Centro 3,Hybrid,2025-02-10,13
SOC,Centro 5,Hybrid,2025-02-10,13
EMP,Centro 3,In-person,2025-02-10,12
GER,Centro 3,In-person,2025-02-10,12
PRI,Centro 5,Hybrid,2025-02-10,12
VND,Centro 2,Online,2025-02-10,12
GER,Centro 1,Hybrid,2025-02-10,11
SST,Centro 4,Hybrid,2025-02-10,11
PYT,Centro 4,In-person,2025-02-10,10
FOR,Centro 4,In-person,2025-02-10,9
INF,Centro 1,In-person,2025-02-10,9
LOG,Centro 1,In-person,2025-02-10,8
CYB,Centro 2,Hybrid,2025-02-10,7
EXC,Centro 5,Online,2025-02-10,7
HAC,Centro 3,In-person,2025-02-10,7
SEG,Centro 1,In-person,2025-02-10,7
SOC,Centro 2,In-person,2025-02-10,7
PRI,Centro 2,In-person,2025-02-10,6
TUR,Centro 2,Hybrid,2025-02-10,6
CYB,Centro 1,Online,2025-02-10,5
FOR,Centro 2,In-person,2025-02-10,5
CYB,Centro 5,Online,2025-02-10,4
GES,Centro 5,In-person,2025-02-10,4
LOG,Centro 1,Hybrid,2025-02-10,4
LOG,Centro 5,In-person,2025-02-10,4
MNT,Centro 2,In-person,2025-02-10,4
PBI,Centro 2,In-person,2025-02-10,4
PRI,Centro 3,Hybrid,2025-02-10,4
SEG,Centro 2,In-person,2025-02-10,4
SST,Centro 2,Online,2025-02-10,4
EMP,Centro 4,In-person,2025-02-10,3
HAC,Centro 4,In-person,2025-02-10,3
HCP,Centro 2,Hybrid,2025-02-10,3
HCP,Centro 2,In-person,2025-02-10,3
PBI,Centro 4,In-person,2025-02-10,3
SST,Centro 1,Hybrid,2025-02-10,3
PRO,Centro 5,Hybrid,2025-02-17,137
FOR,Centro 4,Hybrid,2025-02-17,113
LOG,Centro 1,In-person,2025-02-17,105
PBI,Centro 4,Online,2025-02-17,99
CYB,Centro 5,Online,2025-02-17,87
PRI,Centro 3,In-person,2025-02-17,85
PRO,Centro 2,Hybrid,2025-02-17,84
PYT,Centro 1,Online,2025-02-17,84
MNT,Centro 5,In-person,2025-02-17,80
GER,Centro 1,Hybrid,2025-02-17,79
PRO,Centro 3,Online,2025-02-17,75
PBI,Centro 2,In-person,2025-02-17,74
CYB,Centro 1,Online,2025-02-17,70
LID,Centro 4,Online,2025-02-17,70
SOC,Centro 5,Hybrid,2025-02-17,68
ING,Centro 2,Hybrid,2025-02-17,66
EMP,Centro 4,In-person,2025-02-17,63
ING,Centro 5,In-person,2025-02-17,63
HOT,Centro 4,Hybrid,2025-02-17,62
SST,Centro 5,In-person,2025-02-17,62
SCI,Centro 1,Hybrid,2025-02-17,61
PBI,Centro 1,Online,2025-02-17,59
SST,Centro 5,Online,2025-02-17,58
GES,Centro 4,Online,2025-02-17,57
SST,Centro 1,Hybrid,2025-02-17,57
SST,Centro 1,In-person,2025-02-17,57
SST,Centro 3,In-person,2025-02-17,57
PRI,Centro 3,Hybrid,2025-02-17,55
SOC,Centro 3,In-person,2025-02-17,55
SEG,Centro 3,In-person,2025-02-17,54
TUR,Centro 4,In-person,2025-02-17,54
PBI,Centro 4,In-person,2025-02-17,53
SEG,Centro 5,Online,2025-02-17,53
INF,Centro 3,In-person,2025-02-17,52
PRO,Centro 3,In-person,2025-02-17,52
ING,Centro 2,In-person,2025-02-17,51
LOG,Centro 3,Hybrid,2025-02-17,50
CYB,Centro 2,Hybrid,2025-02-17,49
EXC,Centro 5,Online,2025-02-17,49
PBI,Centro 2,Online,2025-02-17,49
HOT,Centro 5,In-person,2025-02-17,48
PYT,Centro 1,Hybrid,2025-02-17,48
PYT,Centro 2,Hybrid,2025-02-17,47
VND,Centro 2,Online,2025-02-17,47
SEG,Centro 2,Online,2025-02-17,46
SEG,Centro 4,Hybrid,2025-02-17,46
PRI,Centro 4,In-person,2025-02-17,45
PRO,Centro 2,Online,2025-02-17,45
MNT,Centro 1,In-person,2025-02-17,44
GER,Centro 2,Hybrid,2025-02-17,43
GER,Centro 2,In-person,2025-02-17,43
PYT,Centro 2,In-person,2025-02-17,43
FOR,Centro 1,Hybrid,2025-02-17,42
HCP,Centro 5,In-person,2025-02-17,42
GER,Centro 3,In-person,2025-02-17,41
FOR,Centro 5,Online,2025-02-17,40
LOG,Centro 1,Hybrid,2025-02-17,39
HOT,Centro 1,In-person,2025-02-17,38
SST,Centro 2,In-person,2025-02-17,35
GER,Centro 1,In-person,2025-02-17,33
HCP,Centro 1,In-person,2025-02-17,33
EXC,Centro 3,Online,2025-02-17,32
TUR,Centro 2,Hybrid,2025-02-17,31
INF,Centro 4,In-person,2025-02-17,30
HAC,Centro 4,In-person,2025-02-17,29
PRO,Centro 1,Online,2025-02-17,28
LOG,Centro 2,In-person,2025-02-17,27
HAC,Centro 3,Online,2025-02-17,25
CYB,Centro 5,In-person,2025-02-17,23
EXC,Centro 1,Hybrid,2025-02-17,23
EXC,Centro 2,Hybrid,2025-02-17,22
EMP,Centro 1,In-person,2025-02-17,21
EXC,Centro 4,Online,2025-02-17,21
PYT,Centro 2,Online,2025-02-17,21
PYT,Centro 1,In-person,2025-02-17,21
EXC,Centro 4,Hybrid,2025-02-17,20
LID,Centro 5,Hybrid,2025-02-17,20
PBI,Centro 1,Hybrid,2025-02-17,20
PBI,Centro 4,Hybrid,2025-02-17,20
PBI,Centro 5,Online,2025-02-17,19
SOC,Centro 5,In-person,2025-02-17,18
VND,Centro 5,In-person,2025-02-17,18
GER,Centro 4,In-person,2025-02-17,17
ING,Centro 4,Online,2025-02-17,16
PBI,Centro 1,In-person,2025-02-17,16
GES,Centro 1,In-person,2025-02-17,15
INF,Centro 1,In-person,2025-02-17,15
PRI,Centro 5,In-person,2025-02-17,15
PYT,Centro 4,In-person,2025-02-17,15
GES,Centro 2,In-person,2025-02-17,14
LID,Centro 4,Hybrid,2025-02-17,14
HCP,Centro 1,Hybrid,2025-02-17,13
HOT,Centro 2,In-person,2025-02-17,12
SEG,Centro 3,Hybrid,2025-02-17,12
EMP,Centro 3,In-person,2025-02-17,10
EXC,Centro 5,Hybrid,2025-02-17,10
FOR,Centro 2,In-person,2025-02-17,10
SCI,Centro 2,In-person,2025-02-17,10
VND,Centro 1,Hybrid,2025-02-17,10
LOG,Centro 4,Hybrid,2025-02-17,9
FOR,Centro 1,Online,2025-02-17,8
PYT,Centro 3,Online,2025-02-17,8
SEG,Centro 2,In-person,2025-02-17,8
CYB,Centro 4,Online,2025-02-17,7
HAC,Centro 4,Hybrid,2025-02-17,7
SST,Centro 4,In-person,2025-02-17,7
ING,Centro 2,Online,2025-02-17,6
SEG,Centro 5,In-person,2025-02-17,6
CYB,Centro 2,In-person,2025-02-17,5
ING,Centro 5,Hybrid,2025-02-17,5
LID,Centro 2,Online,2025-02-17,5
LID,Centro 1,Hybrid,2025-02-17,5
SCI,Centro 1,In-person,2025-02-17,5
SCI,Centro 3,In-person,2025-02-17,5
EXC,Centro 3,In-person,2025-02-17,4
EXC,Centro 4,In-person,2025-02-17,4
GER,Centro 3,Hybrid,2025-02-17,4
GER,Centro 4,Hybrid,2025-02-17,4
GER,Centro 5,In-person,2025-02-17,4
LOG,Centro 2,Hybrid,2025-02-17,4
PRO,Centro 5,In-person,2025-02-17,4
EMP,Centro 5,In-person,2025-02-17,3
HAC,Centro 5,Online,2025-02-17,3
HOT,Centro 5,Hybrid,2025-02-17,3
LOG,Centro 3,In-person,2025-02-17,3
LOG,Centro 4,In-person,2025-02-17,3
SCI,Centro 4,In-person,2025-02-17,3
SEG,Centro 1,In-person,2025-02-17,3
SOC,Centro 3,In-person,2025-02-24,142
HCP,Centro 2,In-person,2025-02-24,132
PBI,Centro 4,Online,2025-02-24,117
LOG,Centro 2,Hybrid,2025-02-24,109
LID,Centro 4,Hybrid,2025-02-24,108
GER,Centro 2,In-person,2025-02-24,106
LOG,Centro 5,Hybrid,2025-02-24,105
PBI,Centro 2,Online,2025-02-24,102
CYB,Centro 2,In-person,2025-02-24,97
EXC,Centro 4,Hybrid,2025-02-24,92
FOR,Centro 4,Hybrid,2025-02-24,91
CYB,Centro 1,In-person,2025-02-24,81
CYB,Centro 4,Online,2025-02-24,75
VND,Centro 2,Online,2025-02-24,72
PBI,Centro 5,Hybrid,2025-02-24,66
PBI,Centro 4,Hybrid,2025-02-24,64
EXC,Centro 2,Hybrid,2025-02-24,63
LOG,Centro 4,In-person,2025-02-24,63
HCP,Centro 5,In-person,2025-02-24,59
GES,Centro 4,Online,2025-02-24,58
SCI,Centro 1,In-person,2025-02-24,58
SCI,Centro 4,In-person,2025-02-24,56
MNT,Centro 3,In-person,2025-02-24,55
MNT,Centro 5,In-person,2025-02-24,52
PRO,Centro 3,Online,2025-02-24,50
PYT,Centro 1,Hybrid,2025-02-24,50
HAC,Centro 5,In-person,2025-02-24,47
HOT,Centro 4,In-person,2025-02-24,47
INF,Centro 3,In-person,2025-02-24,45
SEG,Centro 2,In-person,2025-02-24,44
EXC,Centro 4,In-person,2025-02-24,42
HAC,Centro 5,Hybrid,2025-02-24,42
PYT,Centro 1,Online,2025-02-24,41
CYB,Centro 1,Hybrid,2025-02-24,40
TUR,Centro 5,In-person,2025-02-24,40
HAC,Centro 1,Hybrid,2025-02-24,39
HOT,Centro 5,In-person,2025-02-24,39
PRI,Centro 4,In-person,2025-02-24,38
EMP,Centro 3,In-person,2025-02-24,37
HOT,Centro 2,In-person,2025-02-24,37
LOG,Centro 2,In-person,2025-02-24,37
PYT,Centro 4,Online,2025-02-24,35
PRO,Centro 4,Hybrid,2025-02-24,34
EMP,Centro 1,In-person,2025-02-24,33
FOR,Centro 2,In-person,2025-02-24,33
INF,Centro 2,In-person,2025-02-24,33
PBI,Centro 4,In-person,2025-02-24,32
INF,Centro 1,Hybrid,2025-02-24,31
SEG,Centro 5,In-person,2025-02-24,30
GER,Centro 4,In-person,2025-02-24,29
PBI,Centro 1,Hybrid,2025-02-24,29
CYB,Centro 2,Hybrid,2025-02-24,28
LOG,Centro 5,In-person,2025-02-24,28
PBI,Centro 5,Online,2025-02-24,28
SEG,Centro 2,Hybrid,2025-02-24,28
PRI,Centro 3,Hybrid,2025-02-24,27
MNT,Centro 1,In-person,2025-02-24,26
HOT,Centro 3,Hybrid,2025-02-24,25
LID,Centro 2,In-person,2025-02-24,25
VND,Centro 2,Hybrid,2025-02-24,25
SST,Centro 1,Hybrid,2025-02-24,24
GER,Centro 3,Hybrid,2025-02-24,23
PRO,Centro 1,Online,2025-02-24,23
CYB,Centro 3,Online,2025-02-24,22
EMP,Centro 5,In-person,2025-02-24,22
EXC,Centro 5,In-person,2025-02-24,22
LOG,Centro 3,Hybrid,2025-02-24,22
SCI,Centro 1,Hybrid,2025-02-24,22
SCI,Centro 5,In-person,2025-02-24,22
FOR,Centro 2,Online,2025-02-24,21
GER,Centro 3,In-person,2025-02-24,21
MNT,Centro 2,In-person,2025-02-24,20
PBI,Centro 2,Hybrid,2025-02-24,20
HAC,Centro 4,In-person,2025-02-24,19
SCI,Centro 2,In-person,2025-02-24,19
PBI,Centro 2,In-person,2025-02-24,18
GES,Centro 2,In-person,2025-02-24,17
PRI,Centro 5,In-person,2025-02-24,17
LOG,Centro 4,Hybrid,2025-02-24,16
SST,Centro 3,In-person,2025-02-24,15
ING,Centro 2,In-person,2025-02-24,13
SEG,Centro 4,Hybrid,2025-02-24,13
HOT,Centro 5,Hybrid,2025-02-24,12
HOT,Centro 3,In-person,2025-02-24,12
SEG,Centro 4,Online,2025-02-24,12
SEG,Centro 1,Hybrid,2025-02-24,12
PRI,Centro 1,Hybrid,2025-02-24,11
EXC,Centro 4,Online,2025-02-24,10
EXC,Centro 5,Hybrid,2025-02-24,10
HCP,Centro 1,In-person,2025-02-24,10
PBI,Centro 3,Hybrid,2025-02-24,10
PRI,Centro 3,In-person,2025-02-24,10
PRO,Centro 2,In-person,2025-02-24,10
GER,Centro 4,Hybrid,2025-02-24,9
LID,Centro 5,In-person,2025-02-24,8
PYT,Centro 4,In-person,2025-02-24,8
EXC,Centro 1,Online,2025-02-24,7
HAC,Centro 3,Online,2025-02-24,7
HAC,Centro 3,In-person,2025-02-24,7
HCP,Centro 5,Hybrid,2025-02-24,7
INF,Centro 4,In-person,2025-02-24,7
SEG,Centro 3,Hybrid,2025-02-24,7
SOC,Centro 4,Hybrid,2025-02-24,7
SST,Centro 1,In-person,2025-02-24,7
EXC,Centro 3,Online,2025-02-24,6
CYB,Centro 3,Hybrid,2025-02-24,5
LID,Centro 4,Online,2025-02-24,5
EMP,Centro 4,In-person,2025-02-24,4
EXC,Centro 2,Online,2025-02-24,4
EXC,Centro 1,Hybrid,2025-02-24,4
GER,Centro 1,Hybrid,2025-02-24,4
ING,Centro 3,Hybrid,2025-02-24,4
ING,Centro 5,Hybrid,2025-02-24,4
ING,Centro 3,In-person,2025-02-24,4
LOG,Centro 1,In-person,2025-02-24,4
PRI,Centro 1,In-person,2025-02-24,4
SEG,Centro 1,In-person,2025-02-24,4
SST,Centro 4,Hybrid,2025-02-24,4
SST,Centro 2,Online,2025-02-24,3
SST,Centro 2,In-person,2025-02-24,3
PBI,Centro 1,Online,2025-03-03,221
LOG,Centro 3,In-person,2025-03-03,98
PRI,Centro 3,In-person,2025-03-03,96
CYB,Centro 5,Online,2025-03-03,88
ING,Centro 4,Online,2025-03-03,84
HAC,Centro 5,In-person,2025-03-03,82
SEG,Centro 1,In-person,2025-03-03,82
CYB,Centro 3,Online,2025-03-03,81
MNT,Centro 3,In-person,2025-03-03,79
PYT,Centro 3,Online,2025-03-03,79
FOR,Centro 5,Online,2025-03-03,78
ING,Centro 5,In-person,2025-03-03,74
HAC,Centro 3,Hybrid,2025-03-03,69
LID,Centro 3,Hybrid,2025-03-03,66
PBI,Centro 5,Online,2025-03-03,66
PBI,Centro 3,In-person,2025-03-03,62
GER,Centro 2,In-person,2025-03-03,60
INF,Centro 3,In-person,2025-03-03,60
LID,Centro 5,Hybrid,2025-03-03,60
ING,Centro 3,In-person,2025-03-03,57
HCP,Centro 1,In-person,2025-03-03,56
LOG,Centro 5,Hybrid,2025-03-03,56
VND,Centro 1,Hybrid,2025-03-03,56
SEG,Centro 4,Hybrid,2025-03-03,55
PBI,Centro 3,Online,2025-03-03,54
PRO,Centro 2,Online,2025-03-03,54
SCI,Centro 1,In-person,2025-03-03,53
SOC,Centro 3,In-person,2025-03-03,53
EXC,Centro 2,Online,2025-03-03,52
LOG,Centro 4,In-person,2025-03-03,52
LID,Centro 3,Online,2025-03-03,51
SST,Centro 1,In-person,2025-03-03,51
SST,Centro 2,In-person,2025-03-03,50
MNT,Centro 5,In-person,2025-03-03,48
PRO,Centro 2,Hybrid,2025-03-03,48
GER,Centro 2,Hybrid,2025-03-03,47
SEG,Centro 5,In-person,2025-03-03,47
FOR,Centro 1,Hybrid,2025-03-03,46
SOC,Centro 2,In-person,2025-03-03,46
GER,Centro 5,Hybrid,2025-03-03,44
PRO,Centro 4,Hybrid,2025-03-03,44
PRO,Centro 2,In-person,2025-03-03,44
EMP,Centro 3,In-person,2025-03-03,43
LOG,Centro 1,Hybrid,2025-03-03,42
SOC,Centro 5,In-person,2025-03-03,40
GES,Centro 4,Online,2025-03-03,39
SOC,Centro 1,In-person,2025-03-03,39
GER,Centro 4,In-person,2025-03-03,38
SST,Centro 5,Hybrid,2025-03-03,38
TUR,Centro 2,Hybrid,2025-03-03,38
GER,Centro 1,In-person,2025-03-03,37
HAC,Centro 4,Hybrid,2025-03-03,37
ING,Centro 3,Hybrid,2025-03-03,34
SEG,Centro 3,Hybrid,2025-03-03,34
SST,Centro 5,Online,2025-03-03,34
INF,Centro 4,In-person,2025-03-03,33
SCI,Centro 5,Hybrid,2025-03-03,33
LOG,Centro 5,In-person,2025-03-03,32
PBI,Centro 4,Online,2025-03-03,32
EXC,Centro 3,Online,2025-03-03,30
PRO,Centro 3,Online,2025-03-03,29
EXC,Centro 5,In-person,2025-03-03,28
PYT,Centro 3,In-person,2025-03-03,27
LID,Centro 4,Hybrid,2025-03-03,26
LOG,Centro 2,In-person,2025-03-03,26
PBI,Centro 1,Hybrid,2025-03-03,26
SCI,Centro 1,Hybrid,2025-03-03,26
TUR,Centro 4,In-person,2025-03-03,23
GES,Centro 5,Online,2025-03-03,22
LOG,Centro 1,In-person,2025-03-03,19
SST,Centro 1,Online,2025-03-03,19
SCI,Centro 5,In-person,2025-03-03,17
EXC,Centro 4,Hybrid,2025-03-03,16
PBI,Centro 4,Hybrid,2025-03-03,16
EMP,Centro 1,In-person,2025-03-03,15
HAC,Centro 3,Online,2025-03-03,15
EMP,Centro 5,In-person,2025-03-03,13
VND,Centro 5,In-person,2025-03-03,13
LOG,Centro 2,Hybrid,2025-03-03,12
PYT,Centro 4,Online,2025-03-03,12
PYT,Centro 2,Hybrid,2025-03-03,12
SEG,Centro 4,Online,2025-03-03,12
EXC,Centro 4,Online,2025-03-03,10
EXC,Centro 5,Online,2025-03-03,10
HCP,Centro 3,Hybrid,2025-03-03,10
HOT,Centro 3,In-person,2025-03-03,10
LID,Centro 1,Hybrid,2025-03-03,10
FOR,Centro 1,Online,2025-03-03,9
HAC,Centro 5,Hybrid,2025-03-03,9
PRI,Centro 2,In-person,2025-03-03,9
PRO,Centro 5,Hybrid,2025-03-03,9
PYT,Centro 5,Hybrid,2025-03-03,9
PYT,Centro 4,In-person,2025-03-03,9
SEG,Centro 2,In-person,2025-03-03,9
VND,Centro 2,Hybrid,2025-03-03,9
CYB,Centro 2,Online,2025-03-03,8
CYB,Centro 1,In-person,2025-03-03,8
MNT,Centro 1,In-person,2025-03-03,8
PBI,Centro 2,In-person,2025-03-03,8
PRI,Centro 3,Hybrid,2025-03-03,8
PRO,Centro 1,Online,2025-03-03,8
SST,Centro 2,Hybrid,2025-03-03,8
CYB,Centro 1,Online,2025-03-03,7
HOT,Centro 1,In-person,2025-03-03,7
EXC,Centro 1,Online,2025-03-03,6
EXC,Centro 3,In-person,2025-03-03,6
HOT,Centro 5,Hybrid,2025-03-03,6
SST,Centro 1,Hybrid,2025-03-03,6
FOR,Centro 4,Hybrid,2025-03-03,5
GER,Centro 5,In-person,2025-03-03,5
GES,Centro 5,In-person,2025-03-03,5
PRO,Centro 5,In-person,2025-03-03,5
EXC,Centro 3,Hybrid,2025-03-03,4
FOR,Centro 2,Online,2025-03-03,4
HCP,Centro 2,In-person,2025-03-03,4
HOT,Centro 4,Hybrid,2025-03-03,4
ING,Centro 2,In-person,2025-03-03,4
LOG,Centro 3,Hybrid,2025-03-03,4
LOG,Centro 4,Hybrid,2025-03-03,4
PYT,Centro 1,Hybrid,2025-03-03,4
PYT,Centro 2,In-person,2025-03-03,4
SEG,Centro 3,Online,2025-03-03,4
SST,Centro 2,Online,2025-03-03,4
SST,Centro 4,In-person,2025-03-03,4
TUR,Centro 1,Hybrid,2025-03-03,4
HCP,Centro 5,Hybrid,2025-03-03,3
HCP,Centro 5,In-person,2025-03-03,3
HOT,Centro 1,Hybrid,2025-03-03,3
INF,Centro 1,In-person,2025-03-03,3
ING,Centro 2,Hybrid,2025-03-03,3
PBI,Centro 4,In-person,2025-03-03,3
SOC,Centro 4,In-person,2025-03-03,3
VND,Centro 4,Hybrid,2025-03-03,3
PYT,Centro 5,Online,2025-03-10,85
LID,Centro 5,In-person,2025-03-10,83
EMP,Centro 1,In-person,2025-03-10,81
PBI,Centro 2,Online,2025-03-10,79
SEG,Centro 4,Online,2025-03-10,72
SCI,Centro 1,Hybrid,2025-03-10,70
LID,Centro 3,In-person,2025-03-10,68
HAC,Centro 3,In-person,2025-03-10,66
MNT,Centro 4,In-person,2025-03-10,64
SST,Centro 2,Hybrid,2025-03-10,64
CYB,Centro 2,Hybrid,2025-03-10,63
SST,Centro 3,In-person,2025-03-10,61
HOT,Centro 1,Hybrid,2025-03-10,60
ING,Centro 4,Hybrid,2025-03-10,60
ING,Centro 3,Hybrid,2025-03-10,59
MNT,Centro 3,In-person,2025-03-10,59
HOT,Centro 5,Hybrid,2025-03-10,57
PYT,Centro 5,Hybrid,2025-03-10,55
SEG,Centro 3,In-person,2025-03-10,54
LOG,Centro 1,In-person,2025-03-10,53
SST,Centro 3,Hybrid,2025-03-10,53
VND,Centro 4,Hybrid,2025-03-10,52
EXC,Centro 2,Online,2025-03-10,49
CYB,Centro 5,Online,2025-03-10,48
TUR,Centro 5,In-person,2025-03-10,48
EXC,Centro 2,Hybrid,2025-03-10,46
PRO,Centro 3,Hybrid,2025-03-10,46
SST,Centro 4,Online,2025-03-10,46
FOR,Centro 1,Online,2025-03-10,44
GER,Centro 5,Hybrid,2025-03-10,44
SOC,Centro 5,In-person,2025-03-10,43
EMP,Centro 5,In-person,2025-03-10,42
GES,Centro 1,In-person,2025-03-10,42
MNT,Centro 5,In-person,2025-03-10,42
PBI,Centro 3,In-person,2025-03-10,42
PRI,Centro 3,In-person,2025-03-10,42
SEG,Centro 2,Hybrid,2025-03-10,42
HCP,Centro 2,In-person,2025-03-10,41
HOT,Centro 3,In-person,2025-03-10,41
HCP,Centro 5,Hybrid,2025-03-10,40
CYB,Centro 1,Hybrid,2025-03-10,39
GER,Centro 4,Hybrid,2025-03-10,38
HAC,Centro 2,In-person,2025-03-10,38
PRI,Centro 5,Hybrid,2025-03-10,37
PRO,Centro 5,Hybrid,2025-03-10,37
SCI,Centro 5,In-person,2025-03-10,35
SST,Centro 5,Online,2025-03-10,35
PRI,Centro 2,In-person,2025-03-10,34
SST,Centro 1,Hybrid,2025-03-10,34
PRO,Centro 3,Online,2025-03-10,33
INF,Centro 3,Hybrid,2025-03-10,32
VND,Centro 4,In-person,2025-03-10,32
HCP,Centro 1,In-person,2025-03-10,31
SEG,Centro 1,In-person,2025-03-10,31
GER,Centro 3,Hybrid,2025-03-10,30
SST,Centro 4,In-person,2025-03-10,30
GES,Centro 5,In-person,2025-03-10,29
HAC,Centro 3,Online,2025-03-10,28
PYT,Centro 1,Online,2025-03-10,27
CYB,Centro 4,In-person,2025-03-10,25
EMP,Centro 4,In-person,2025-03-10,25
CYB,Centro 4,Online,2025-03-10,24
HOT,Centro 5,In-person,2025-03-10,24
PRO,Centro 5,In-person,2025-03-10,24
PBI,Centro 4,Hybrid,2025-03-10,23
LID,Centro 1,Hybrid,2025-03-10,22
LOG,Centro 5,Hybrid,2025-03-10,22
PYT,Centro 4,Online,2025-03-10,22
GER,Centro 2,Hybrid,2025-03-10,21
SEG,Centro 4,Hybrid,2025-03-10,20
PRO,Centro 2,Online,2025-03-10,18
PRI,Centro 3,Hybrid,2025-03-10,17
VND,Centro 5,Online,2025-03-10,17
HCP,Centro 2,Hybrid,2025-03-10,16
PRO,Centro 2,In-person,2025-03-10,15
TUR,Centro 1,Hybrid,2025-03-10,15
ING,Centro 5,Hybrid,2025-03-10,13
TUR,Centro 3,In-person,2025-03-10,13
HOT,Centro 4,In-person,2025-03-10,12
SEG,Centro 4,In-person,2025-03-10,12
SEG,Centro 5,In-person,2025-03-10,12
FOR,Centro 4,Hybrid,2025-03-10,11
GER,Centro 2,In-person,2025-03-10,11
INF,Centro 1,Hybrid,2025-03-10,11
INF,Centro 4,Hybrid,2025-03-10,11
PBI,Centro 2,Hybrid,2025-03-10,11
GES,Centro 4,In-person,2025-03-10,9
LOG,Centro 4,Hybrid,2025-03-10,9
PBI,Centro 4,Online,2025-03-10,9
PRI,Centro 1,In-person,2025-03-10,9
PRO,Centro 3,In-person,2025-03-10,9
PYT,Centro 2,Hybrid,2025-03-10,9
SCI,Centro 3,In-person,2025-03-10,8
SEG,Centro 3,Hybrid,2025-03-10,8
CYB,Centro 4,Hybrid,2025-03-10,7
GER,Centro 5,In-person,2025-03-10,7
ING,Centro 5,In-person,2025-03-10,7
LOG,Centro 1,Hybrid,2025-03-10,7
PBI,Centro 1,Online,2025-03-10,7
PRO,Centro 1,In-person,2025-03-10,7
SCI,Centro 1,In-person,2025-03-10,7
EXC,Centro 4,Hybrid,2025-03-10,6
HAC,Centro 3,Hybrid,2025-03-10,6
SCI,Centro 4,In-person,2025-03-10,6
SOC,Centro 4,Hybrid,2025-03-10,6
SST,Centro 1,In-person,2025-03-10,6
SST,Centro 5,In-person,2025-03-10,6
CYB,Centro 1,Online,2025-03-10,5
CYB,Centro 3,In-person,2025-03-10,5
GES,Centro 4,Hybrid,2025-03-10,5
MNT,Centro 1,In-person,2025-03-10,5
PBI,Centro 1,Hybrid,2025-03-10,5
PYT,Centro 4,In-person,2025-03-10,5
VND,Centro 1,Online,2025-03-10,5
EMP,Centro 3,In-person,2025-03-10,4
FOR,Centro 2,Online,2025-03-10,4
LID,Centro 2,Online,2025-03-10,4
LOG,Centro 5,In-person,2025-03-10,4
PBI,Centro 5,Online,2025-03-10,4
PBI,Centro 2,In-person,2025-03-10,4
PRO,Centro 4,In-person,2025-03-10,4
PYT,Centro 1,Hybrid,2025-03-10,4
SCI,Centro 2,Hybrid,2025-03-10,4
SOC,Centro 2,In-person,2025-03-10,4
EMP,Centro 2,In-person,2025-03-10,3
PRI,Centro 1,Hybrid,2025-03-10,3
PBI,Centro 4,Hybrid,2025-03-17,125
PYT,Centro 1,Online,2025-03-17,122
PRI,Centro 1,In-person,2025-03-17,112
LOG,Centro 5,Hybrid,2025-03-17,109
GER,Centro 4,In-person,2025-03-17,103
MNT,Centro 1,In-person,2025-03-17,102
HAC,Centro 5,In-person,2025-03-17,100
SST,Centro 1,Hybrid,2025-03-17,90
HOT,Centro 5,Hybrid,2025-03-17,85
CYB,Centro 3,Hybrid,2025-03-17,83
PYT,Centro 2,Hybrid,2025-03-17,81
PBI,Centro 5,Online,2025-03-17,77
SCI,Centro 1,In-person,2025-03-17,77
PBI,Centro 4,Online,2025-03-17,66
SOC,Centro 3,Hybrid,2025-03-17,63
SEG,Centro 5,Online,2025-03-17,62
PYT,Centro 5,Hybrid,2025-03-17,60
FOR,Centro 4,Hybrid,2025-03-17,58
LOG,Centro 4,Hybrid,2025-03-17,58
EXC,Centro 3,In-person,2025-03-17,57
GER,Centro 3,Hybrid,2025-03-17,57
SST,Centro 1,In-person,2025-03-17,56
PBI,Centro 4,In-person,2025-03-17,55
GER,Centro 3,In-person,2025-03-17,52
PBI,Centro 1,Online,2025-03-17,52
HAC,Centro 3,Online,2025-03-17,50
SEG,Centro 1,In-person,2025-03-17,50
HOT,Centro 2,In-person,2025-03-17,49
SCI,Centro 4,Hybrid,2025-03-17,49
PBI,Centro 2,In-person,2025-03-17,48
PRO,Centro 2,Online,2025-03-17,48
HCP,Centro 2,In-person,2025-03-17,47
CYB,Centro 2,Hybrid,2025-03-17,45
MNT,Centro 2,In-person,2025-03-17,45
ING,Centro 3,In-person,2025-03-17,44
PBI,Centro 1,Hybrid,2025-03-17,43
PRO,Centro 4,Online,2025-03-17,43
PRO,Centro 1,In-person,2025-03-17,40
VND,Centro 4,Hybrid,2025-03-17,40
GES,Centro 5,In-person,2025-03-17,38
HCP,Centro 1,Hybrid,2025-03-17,37
INF,Centro 2,Hybrid,2025-03-17,37
FOR,Centro 1,Online,2025-03-17,36
FOR,Centro 2,Online,2025-03-17,36
LID,Centro 1,Hybrid,2025-03-17,36
SEG,Centro 3,In-person,2025-03-17,35
LOG,Centro 2,In-person,2025-03-17,34
FOR,Centro 1,Hybrid,2025-03-17,33
PRO,Centro 5,Hybrid,2025-03-17,33
PRI,Centro 3,Hybrid,2025-03-17,32
VND,Centro 2,Online,2025-03-17,32
PBI,Centro 2,Online,2025-03-17,31
PRO,Centro 5,In-person,2025-03-17,31
SST,Centro 3,In-person,2025-03-17,31
EMP,Centro 3,In-person,2025-03-17,30
MNT,Centro 3,In-person,2025-03-17,30
GER,Centro 2,In-person,2025-03-17,29
PBI,Centro 3,In-person,2025-03-17,29
EMP,Centro 1,In-person,2025-03-17,28
SEG,Centro 2,Hybrid,2025-03-17,28
SEG,Centro 5,In-person,2025-03-17,28
EMP,Centro 4,In-person,2025-03-17,27
HCP,Centro 5,In-person,2025-03-17,27
LOG,Centro 4,In-person,2025-03-17,25
SEG,Centro 2,In-person,2025-03-17,25
MNT,Centro 5,In-person,2025-03-17,24
PRI,Centro 1,Hybrid,2025-03-17,24
PRO,Centro 3,In-person,2025-03-17,24
HCP,Centro 3,Hybrid,2025-03-17,22
HOT,Centro 4,In-person,2025-03-17,22
SEG,Centro 1,Hybrid,2025-03-17,22
SEG,Centro 3,Hybrid,2025-03-17,22
HCP,Centro 1,In-person,2025-03-17,21
SCI,Centro 3,In-person,2025-03-17,21
HOT,Centro 5,In-person,2025-03-17,20
PBI,Centro 5,Hybrid,2025-03-17,19
SCI,Centro 4,In-person,2025-03-17,19
TUR,Centro 4,In-person,2025-03-17,19
EMP,Centro 5,In-person,2025-03-17,18
EXC,Centro 4,Online,2025-03-17,18
EXC,Centro 2,Hybrid,2025-03-17,18
GES,Centro 1,In-person,2025-03-17,18
SEG,Centro 4,In-person,2025-03-17,18
VND,Centro 2,Hybrid,2025-03-17,18
HCP,Centro 4,In-person,2025-03-17,17
LOG,Centro 1,In-person,2025-03-17,17
CYB,Centro 3,Online,2025-03-17,15
PYT,Centro 4,Online,2025-03-17,15
GES,Centro 2,In-person,2025-03-17,14
PBI,Centro 1,In-person,2025-03-17,14
PYT,Centro 1,Hybrid,2025-03-17,14
TUR,Centro 5,In-person,2025-03-17,14
EXC,Centro 5,Hybrid,2025-03-17,12
INF,Centro 3,In-person,2025-03-17,12
LID,Centro 3,Online,2025-03-17,12
PRI,Centro 4,In-person,2025-03-17,12
FOR,Centro 5,In-person,2025-03-17,11
GER,Centro 1,In-person,2025-03-17,10
HOT,Centro 1,Hybrid,2025-03-17,10
PYT,Centro 2,Online,2025-03-17,10
SOC,Centro 4,In-person,2025-03-17,10
SST,Centro 5,In-person,2025-03-17,10
CYB,Centro 1,Hybrid,2025-03-17,9
HAC,Centro 3,Hybrid,2025-03-17,9
INF,Centro 2,In-person,2025-03-17,9
PRO,Centro 3,Online,2025-03-17,9
PYT,Centro 4,In-person,2025-03-17,9
LOG,Centro 3,In-person,2025-03-17,7
SOC,Centro 5,In-person,2025-03-17,7
EXC,Centro 2,Online,2025-03-17,6
SST,Centro 3,Hybrid,2025-03-17,6
GER,Centro 5,In-person,2025-03-17,5
LID,Centro 4,In-person,2025-03-17,5
CYB,Centro 2,Online,2025-03-17,4
CYB,Centro 5,Online,2025-03-17,4
CYB,Centro 4,Hybrid,2025-03-17,4
EMP,Centro 2,In-person,2025-03-17,4
HAC,Centro 5,Online,2025-03-17,4
HOT,Centro 2,Hybrid,2025-03-17,4
LOG,Centro 1,Hybrid,2025-03-17,4
MNT,Centro 4,In-person,2025-03-17,4
PRI,Centro 2,Hybrid,2025-03-17,4
SOC,Centro 2,In-person,2025-03-17,4
SST,Centro 2,Hybrid,2025-03-17,4
EXC,Centro 4,Hybrid,2025-03-17,3
HCP,Centro 2,Hybrid,2025-03-17,3
HOT,Centro 4,Hybrid,2025-03-17,3
INF,Centro 4,In-person,2025-03-17,3
SCI,Centro 2,Hybrid,2025-03-17,3
SST,Centro 2,In-person,2025-03-17,3
VND,Centro 1,Online,2025-03-17,1
PRO,Centro 5,Hybrid,2025-03-24,208
GER,Centro 3,In-person,2025-03-24,171
SCI,Centro 5,In-person,2025-03-24,128
ING,Centro 3,Online,2025-03-24,118
EMP,Centro 5,In-person,2025-03-24,116
SCI,Centro 3,In-person,2025-03-24,112
PBI,Centro 1,Online,2025-03-24,109
SST,Centro 1,Hybrid,2025-03-24,91
HCP,Centro 5,Hybrid,2025-03-24,90
PYT,Centro 5,Hybrid,2025-03-24,88
EXC,Centro 4,Online,2025-03-24,86
LOG,Centro 5,Hybrid,2025-03-24,86
LID,Centro 4,Hybrid,2025-03-24,85
CYB,Centro 1,Hybrid,2025-03-24,84
PYT,Centro 4,Online,2025-03-24,81
PBI,Centro 2,In-person,2025-03-24,80
SST,Centro 3,Hybrid,2025-03-24,79
INF,Centro 4,Hybrid,2025-03-24,77
MNT,Centro 2,In-person,2025-03-24,76
PRI,Centro 1,Hybrid,2025-03-24,72
GER,Centro 4,Hybrid,2025-03-24,69
HOT,Centro 5,Hybrid,2025-03-24,68
SEG,Centro 4,In-person,2025-03-24,68
GES,Centro 1,In-person,2025-03-24,65
PRO,Centro 2,Online,2025-03-24,65
SEG,Centro 1,Online,2025-03-24,63
TUR,Centro 1,Hybrid,2025-03-24,62
HCP,Centro 3,In-person,2025-03-24,61
SCI,Centro 1,Hybrid,2025-03-24,61
CYB,Centro 5,Hybrid,2025-03-24,60
EXC,Centro 4,Hybrid,2025-03-24,60
HAC,Centro 5,In-person,2025-03-24,59
SCI,Centro 2,Hybrid,2025-03-24,56
TUR,Centro 3,In-person,2025-03-24,56
CYB,Centro 4,Hybrid,2025-03-24,55
EXC,Centro 3,Hybrid,2025-03-24,54
VND,Centro 2,Online,2025-03-24,52
ING,Centro 5,In-person,2025-03-24,49
PYT,Centro 2,Online,2025-03-24,49
HAC,Centro 2,Online,2025-03-24,47
LOG,Centro 2,In-person,2025-03-24,47
CYB,Centro 4,In-person,2025-03-24,45
PRO,Centro 1,Hybrid,2025-03-24,45
GER,Centro 5,In-person,2025-03-24,44
ING,Centro 3,Hybrid,2025-03-24,44
SOC,Centro 1,In-person,2025-03-24,44
SST,Centro 5,Hybrid,2025-03-24,44
HCP,Centro 2,Hybrid,2025-03-24,42
LID,Centro 4,Online,2025-03-24,42
MNT,Centro 3,In-person,2025-03-24,42
EXC,Centro 2,Hybrid,2025-03-24,39
PRO,Centro 2,Hybrid,2025-03-24,39
FOR,Centro 3,Hybrid,2025-03-24,38
HOT,Centro 2,In-person,2025-03-24,38
PBI,Centro 4,Online,2025-03-24,38
PBI,Centro 4,Hybrid,2025-03-24,38
VND,Centro 4,In-person,2025-03-24,38
CYB,Centro 4,Online,2025-03-24,37
GER,Centro 2,In-person,2025-03-24,36
PBI,Centro 2,Online,2025-03-24,36
SCI,Centro 5,Hybrid,2025-03-24,36
PRI,Centro 3,In-person,2025-03-24,35
SEG,Centro 2,In-person,2025-03-24,35
GES,Centro 4,In-person,2025-03-24,34
MNT,Centro 5,In-person,2025-03-24,34
EMP,Centro 3,In-person,2025-03-24,33
INF,Centro 4,In-person,2025-03-24,33
LID,Centro 4,In-person,2025-03-24,33
PBI,Centro 3,In-person,2025-03-24,33
EXC,Centro 1,Hybrid,2025-03-24,32
FOR,Centro 2,Hybrid,2025-03-24,32
PBI,Centro 5,Online,2025-03-24,32
VND,Centro 2,Hybrid,2025-03-24,32
EXC,Centro 1,In-person,2025-03-24,31
PBI,Centro 2,Hybrid,2025-03-24,31
CYB,Centro 3,Online,2025-03-24,29
LID,Centro 5,In-person,2025-03-24,29
ING,Centro 3,In-person,2025-03-24,28
SEG,Centro 4,Hybrid,2025-03-24,28
CYB,Centro 3,Hybrid,2025-03-24,27
HAC,Centro 1,In-person,2025-03-24,26
HAC,Centro 2,In-person,2025-03-24,26
SEG,Centro 1,In-person,2025-03-24,26
HAC,Centro 3,Online,2025-03-24,25
HCP,Centro 1,Hybrid,2025-03-24,25
SEG,Centro 2,Hybrid,2025-03-24,25
CYB,Centro 1,In-person,2025-03-24,23
PBI,Centro 1,Hybrid,2025-03-24,23
PYT,Centro 1,Online,2025-03-24,23
SST,Centro 1,In-person,2025-03-24,23
EMP,Centro 4,In-person,2025-03-24,22
LOG,Centro 5,In-person,2025-03-24,22
PRO,Centro 4,Online,2025-03-24,21
PYT,Centro 2,Hybrid,2025-03-24,21
SEG,Centro 5,In-person,2025-03-24,21
PRO,Centro 3,Online,2025-03-24,20
TUR,Centro 5,Hybrid,2025-03-24,18
CYB,Centro 2,Hybrid,2025-03-24,17
GER,Centro 3,Hybrid,2025-03-24,17
PBI,Centro 3,Hybrid,2025-03-24,17
CYB,Centro 2,In-person,2025-03-24,16
HCP,Centro 2,In-person,2025-03-24,15
SST,Centro 4,Online,2025-03-24,15
SEG,Centro 3,In-person,2025-03-24,13
EXC,Centro 3,In-person,2025-03-24,12
HCP,Centro 3,Hybrid,2025-03-24,12
HOT,Centro 1,In-person,2025-03-24,12
GER,Centro 5,Hybrid,2025-03-24,11
GES,Centro 5,In-person,2025-03-24,11
HOT,Centro 4,In-person,2025-03-24,11
PRI,Centro 5,Hybrid,2025-03-24,11
SST,Centro 2,In-person,2025-03-24,11
LOG,Centro 4,In-person,2025-03-24,10
TUR,Centro 5,In-person,2025-03-24,10
HOT,Centro 5,In-person,2025-03-24,9
FOR,Centro 1,Online,2025-03-24,7
PYT,Centro 4,In-person,2025-03-24,7
SST,Centro 1,Online,2025-03-24,7
SST,Centro 5,In-person,2025-03-24,6
HAC,Centro 4,Hybrid,2025-03-24,5
LID,Centro 3,Online,2025-03-24,5
PBI,Centro 1,In-person,2025-03-24,5
PRI,Centro 2,Hybrid,2025-03-24,5
PRO,Centro 5,In-person,2025-03-24,5
PYT,Centro 3,Online,2025-03-24,5
SCI,Centro 1,In-person,2025-03-24,5
EXC,Centro 1,Online,2025-03-24,4
EXC,Centro 2,Online,2025-03-24,4
FOR,Centro 1,Hybrid,2025-03-24,4
GER,Centro 4,In-person,2025-03-24,4
LOG,Centro 4,Hybrid,2025-03-24,4
MNT,Centro 1,In-person,2025-03-24,4
GER,Centro 1,In-person,2025-03-24,3
INF,Centro 1,In-person,2025-03-24,3
INF,Centro 3,In-person,2025-03-24,3
SOC,Centro 4,In-person,2025-03-24,3
SST,Centro 4,In-person,2025-03-24,3
EXC,Centro 2,Online,2025-03-31,157
MNT,Centro 3,In-person,2025-03-31,144
PBI,Centro 4,Online,2025-03-31,141
SEG,Centro 1,Online,2025-03-31,137
PBI,Centro 2,Hybrid,2025-03-31,130
PYT,Centro 2,Hybrid,2025-03-31,129
PRO,Centro 5,Hybrid,2025-03-31,122
PYT,Centro 4,Online,2025-03-31,122
CYB,Centro 1,Hybrid,2025-03-31,117
MNT,Centro 1,In-person,2025-03-31,116
PBI,Centro 5,Online,2025-03-31,111
MNT,Centro 5,In-person,2025-03-31,106
CYB,Centro 2,Hybrid,2025-03-31,103
MNT,Centro 4,In-person,2025-03-31,102
GER,Centro 3,Hybrid,2025-03-31,97
SST,Centro 2,Online,2025-03-31,90
EMP,Centro 3,In-person,2025-03-31,85
PBI,Centro 3,Hybrid,2025-03-31,83
LOG,Centro 4,Hybrid,2025-03-31,81
SEG,Centro 4,In-person,2025-03-31,77
SEG,Centro 4,Hybrid,2025-03-31,75
GER,Centro 5,In-person,2025-03-31,74
SST,Centro 3,In-person,2025-03-31,74
PYT,Centro 4,In-person,2025-03-31,72
CYB,Centro 5,Online,2025-03-31,70
SEG,Centro 1,In-person,2025-03-31,68
PRO,Centro 4,Online,2025-03-31,62
PYT,Centro 5,Hybrid,2025-03-31,60
HAC,Centro 3,Online,2025-03-31,58
SEG,Centro 4,Online,2025-03-31,57
HOT,Centro 5,Hybrid,2025-03-31,56
SOC,Centro 4,Hybrid,2025-03-31,54
SOC,Centro 1,In-person,2025-03-31,53
MNT,Centro 2,In-person,2025-03-31,52
CYB,Centro 4,Online,2025-03-31,51
HCP,Centro 5,Hybrid,2025-03-31,51
LID,Centro 3,Online,2025-03-31,51
EXC,Centro 1,Hybrid,2025-03-31,49
ING,Centro 5,Online,2025-03-31,49
SEG,Centro 1,Hybrid,2025-03-31,48
SEG,Centro 3,Online,2025-03-31,47
GES,Centro 4,Hybrid,2025-03-31,46
PRI,Centro 3,Hybrid,2025-03-31,45
TUR,Centro 5,In-person,2025-03-31,45
FOR,Centro 1,Hybrid,2025-03-31,43
ING,Centro 3,In-person,2025-03-31,40
VND,Centro 1,In-person,2025-03-31,40
PRI,Centro 1,Hybrid,2025-03-31,39
HOT,Centro 1,In-person,2025-03-31,38
EXC,Centro 4,Online,2025-03-31,37
SCI,Centro 2,In-person,2025-03-31,37
HAC,Centro 1,In-person,2025-03-31,35
HCP,Centro 2,In-person,2025-03-31,35
INF,Centro 3,In-person,2025-03-31,34
LID,Centro 3,In-person,2025-03-31,34
ING,Centro 3,Online,2025-03-31,32
SCI,Centro 1,In-person,2025-03-31,32
HOT,Centro 4,In-person,2025-03-31,31
PRO,Centro 2,In-person,2025-03-31,31
PRI,Centro 2,In-person,2025-03-31,30
EXC,Centro 4,Hybrid,2025-03-31,29
GES,Centro 1,Online,2025-03-31,29
HCP,Centro 5,In-person,2025-03-31,29
PYT,Centro 3,Hybrid,2025-03-31,29
GES,Centro 1,In-person,2025-03-31,28
HOT,Centro 1,Hybrid,2025-03-31,28
GES,Centro 5,Online,2025-03-31,27
PBI,Centro 4,In-person,2025-03-31,25
PYT,Centro 1,Online,2025-03-31,25
HAC,Centro 4,Hybrid,2025-03-31,24
PRO,Centro 5,In-person,2025-03-31,24
PYT,Centro 2,Online,2025-03-31,24
EMP,Centro 5,In-person,2025-03-31,23
PRI,Centro 3,In-person,2025-03-31,23
GES,Centro 1,Hybrid,2025-03-31,22
PBI,Centro 5,Hybrid,2025-03-31,21
VND,Centro 2,Online,2025-03-31,21
GES,Centro 2,In-person,2025-03-31,20
HAC,Centro 2,In-person,2025-03-31,20
VND,Centro 5,Hybrid,2025-03-31,20
CYB,Centro 3,Online,2025-03-31,19
PRO,Centro 1,In-person,2025-03-31,19
SEG,Centro 5,In-person,2025-03-31,19
VND,Centro 4,Hybrid,2025-03-31,19
GER,Centro 4,Hybrid,2025-03-31,18
HAC,Centro 5,Hybrid,2025-03-31,18
HCP,Centro 1,In-person,2025-03-31,18
HOT,Centro 3,In-person,2025-03-31,18
GER,Centro 4,In-person,2025-03-31,16
PBI,Centro 3,Online,2025-03-31,16
PRO,Centro 3,In-person,2025-03-31,16
VND,Centro 4,In-person,2025-03-31,16
EMP,Centro 1,In-person,2025-03-31,15
EMP,Centro 4,In-person,2025-03-31,15
PBI,Centro 3,In-person,2025-03-31,15
SOC,Centro 5,In-person,2025-03-31,15
TUR,Centro 2,Hybrid,2025-03-31,15
EXC,Centro 1,Online,2025-03-31,14
LOG,Centro 1,In-person,2025-03-31,14
PBI,Centro 5,In-person,2025-03-31,14
CYB,Centro 4,In-person,2025-03-31,13
HCP,Centro 3,In-person,2025-03-31,13
TUR,Centro 1,Hybrid,2025-03-31,13
GES,Centro 5,In-person,2025-03-31,12
INF,Centro 4,Hybrid,2025-03-31,12
ING,Centro 2,Online,2025-03-31,12
SCI,Centro 3,In-person,2025-03-31,12
FOR,Centro 1,Online,2025-03-31,11
HCP,Centro 4,In-person,2025-03-31,11
LOG,Centro 4,In-person,2025-03-31,11
HAC,Centro 2,Online,2025-03-31,10
SEG,Centro 3,In-person,2025-03-31,10
VND,Centro 2,Hybrid,2025-03-31,10
HAC,Centro 5,In-person,2025-03-31,9
LID,Centro 3,Hybrid,2025-03-31,9
LOG,Centro 3,In-person,2025-03-31,9
PBI,Centro 1,Online,2025-03-31,9
PBI,Centro 1,Hybrid,2025-03-31,9
LID,Centro 1,In-person,2025-03-31,8
PRO,Centro 2,Hybrid,2025-03-31,8
HOT,Centro 5,In-person,2025-03-31,7
EXC,Centro 5,Hybrid,2025-03-31,6
HAC,Centro 3,Hybrid,2025-03-31,6
ING,Centro 5,In-person,2025-03-31,5
LID,Centro 4,Hybrid,2025-03-31,5
PRO,Centro 3,Online,2025-03-31,5
PYT,Centro 3,Online,2025-03-31,5
PYT,Centro 3,In-person,2025-03-31,5
SCI,Centro 5,In-person,2025-03-31,5
VND,Centro 1,Hybrid,2025-03-31,5
EXC,Centro 5,Online,2025-03-31,4
SOC,Centro 4,In-person,2025-03-31,4
SST,Centro 5,Online,2025-03-31,4
SST,Centro 1,In-person,2025-03-31,4
SST,Centro 4,In-person,2025-03-31,4
GER,Centro 2,In-person,2025-03-31,3
HAC,Centro 3,In-person,2025-03-31,3
INF,Centro 5,In-person,2025-03-31,3
LOG,Centro 1,Hybrid,2025-03-31,3
PBI,Centro 2,Online,2025-03-31,3
PBI,Centro 4,Hybrid,2025-03-31,3
SEG,Centro 2,Online,2025-03-31,3
SST,Centro 1,Hybrid,2025-03-31,3
SST,Centro 5,In-person,2025-03-31,3
TUR,Centro 4,In-person,2025-03-31,3
EXC,Centro 4,Hybrid,2025-04-07,161
GER,Centro 3,In-person,2025-04-07,156
PBI,Centro 4,Online,2025-04-07,117
PBI,Centro 5,Online,2025-04-07,110
HAC,Centro 2,In-person,2025-04-07,107
MNT,Centro 5,In-person,2025-04-07,102
SEG,Centro 1,In-person,2025-04-07,101
EMP,Centro 2,In-person,2025-04-07,99
MNT,Centro 1,In-person,2025-04-07,91
HOT,Centro 1,In-person,2025-04-07,90
CYB,Centro 1,Online,2025-04-07,89
GER,Centro 5,In-person,2025-04-07,85
PYT,Centro 4,Online,2025-04-07,84
EXC,Centro 2,Online,2025-04-07,83
GES,Centro 1,Online,2025-04-07,82
PBI,Centro 3,Online,2025-04-07,82
MNT,Centro 3,In-person,2025-04-07,79
PRO,Centro 5,Online,2025-04-07,77
PRO,Centro 5,Hybrid,2025-04-07,77
GES,Centro 4,Online,2025-04-07,76
HCP,Centro 1,In-person,2025-04-07,72
SCI,Centro 4,In-person,2025-04-07,72
CYB,Centro 4,Hybrid,2025-04-07,66
HAC,Centro 5,Hybrid,2025-04-07,66
PRI,Centro 1,In-person,2025-04-07,65
PBI,Centro 3,Hybrid,2025-04-07,63
PBI,Centro 1,Hybrid,2025-04-07,62
PRO,Centro 4,Hybrid,2025-04-07,62
SOC,Centro 1,In-person,2025-04-07,62
HAC,Centro 3,In-person,2025-04-07,61
VND,Centro 4,In-person,2025-04-07,60
HCP,Centro 3,Hybrid,2025-04-07,59
LOG,Centro 4,Hybrid,2025-04-07,59
ING,Centro 3,Online,2025-04-07,57
GER,Centro 1,Hybrid,2025-04-07,56
INF,Centro 3,In-person,2025-04-07,56
PBI,Centro 4,Hybrid,2025-04-07,56
HOT,Centro 5,Hybrid,2025-04-07,54
GES,Centro 1,In-person,2025-04-07,53
HCP,Centro 2,In-person,2025-04-07,52
SOC,Centro 4,In-person,2025-04-07,52
SST,Centro 3,Hybrid,2025-04-07,51
PYT,Centro 1,In-person,2025-04-07,49
SEG,Centro 1,Hybrid,2025-04-07,48
FOR,Centro 5,In-person,2025-04-07,47
TUR,Centro 2,In-person,2025-04-07,47
GES,Centro 1,Hybrid,2025-04-07,46
HAC,Centro 5,In-person,2025-04-07,44
SST,Centro 3,Online,2025-04-07,44
PRI,Centro 3,In-person,2025-04-07,43
CYB,Centro 4,Online,2025-04-07,42
LOG,Centro 1,Hybrid,2025-04-07,42
GES,Centro 5,In-person,2025-04-07,40
SST,Centro 3,In-person,2025-04-07,40
SST,Centro 5,Online,2025-04-07,39
PYT,Centro 1,Hybrid,2025-04-07,38
SCI,Centro 5,Hybrid,2025-04-07,38
CYB,Centro 1,Hybrid,2025-04-07,37
GER,Centro 4,In-person,2025-04-07,37
SOC,Centro 2,In-person,2025-04-07,37
SEG,Centro 3,Online,2025-04-07,36
SOC,Centro 5,In-person,2025-04-07,36
PRI,Centro 5,In-person,2025-04-07,35
SEG,Centro 5,In-person,2025-04-07,35
SST,Centro 5,In-person,2025-04-07,34
CYB,Centro 3,Hybrid,2025-04-07,31
FOR,Centro 3,Hybrid,2025-04-07,30
SST,Centro 4,In-person,2025-04-07,29
HAC,Centro 2,Online,2025-04-07,28
PYT,Centro 1,Online,2025-04-07,28
SEG,Centro 4,Hybrid,2025-04-07,28
EMP,Centro 5,In-person,2025-04-07,27
MNT,Centro 4,In-person,2025-04-07,27
CYB,Centro 5,Online,2025-04-07,26
GER,Centro 5,Hybrid,2025-04-07,26
PRO,Centro 3,Hybrid,2025-04-07,26
TUR,Centro 1,Hybrid,2025-04-07,26
LOG,Centro 2,In-person,2025-04-07,25
CYB,Centro 2,Hybrid,2025-04-07,23
GER,Centro 2,In-person,2025-04-07,21
PRO,Centro 3,Online,2025-04-07,21
PYT,Centro 4,In-person,2025-04-07,21
CYB,Centro 4,In-person,2025-04-07,20
GER,Centro 3,Hybrid,2025-04-07,20
SEG,Centro 4,In-person,2025-04-07,20
EXC,Centro 3,Online,2025-04-07,19
HAC,Centro 1,Online,2025-04-07,19
EMP,Centro 4,In-person,2025-04-07,18
CYB,Centro 2,Online,2025-04-07,17
EXC,Centro 4,Online,2025-04-07,17
PBI,Centro 1,Online,2025-04-07,17
SEG,Centro 3,In-person,2025-04-07,17
LOG,Centro 5,Hybrid,2025-04-07,16
SOC,Centro 3,In-person,2025-04-07,15
INF,Centro 3,Hybrid,2025-04-07,13
PYT,Centro 2,Hybrid,2025-04-07,13
SEG,Centro 3,Hybrid,2025-04-07,13
VND,Centro 4,Online,2025-04-07,13
PBI,Centro 2,In-person,2025-04-07,12
SCI,Centro 2,In-person,2025-04-07,12
SST,Centro 2,In-person,2025-04-07,12
FOR,Centro 5,Hybrid,2025-04-07,11
SCI,Centro 2,Hybrid,2025-04-07,10
SEG,Centro 1,Online,2025-04-07,10
SST,Centro 1,Online,2025-04-07,10
VND,Centro 2,In-person,2025-04-07,10
LOG,Centro 3,Hybrid,2025-04-07,9
SST,Centro 5,Hybrid,2025-04-07,9
VND,Centro 4,Hybrid,2025-04-07,9
CYB,Centro 5,Hybrid,2025-04-07,8
HAC,Centro 5,Online,2025-04-07,8
HAC,Centro 1,In-person,2025-04-07,8
PYT,Centro 3,In-person,2025-04-07,8
VND,Centro 2,Online,2025-04-07,8
VND,Centro 1,Hybrid,2025-04-07,8
VND,Centro 1,In-person,2025-04-07,8
HAC,Centro 3,Online,2025-04-07,7
LID,Centro 3,In-person,2025-04-07,7
LID,Centro 4,In-person,2025-04-07,7
MNT,Centro 2,In-person,2025-04-07,7
PBI,Centro 5,In-person,2025-04-07,7
TUR,Centro 3,In-person,2025-04-07,7
EXC,Centro 5,Online,2025-04-07,6
EXC,Centro 1,In-person,2025-04-07,6
HAC,Centro 3,Hybrid,2025-04-07,6
ING,Centro 4,Online,2025-04-07,6
FOR,Centro 4,Hybrid,2025-04-07,5
LID,Centro 4,Hybrid,2025-04-07,5
LID,Centro 5,In-person,2025-04-07,5
PRO,Centro 4,Online,2025-04-07,5
PYT,Centro 3,Online,2025-04-07,5
SCI,Centro 3,In-person,2025-04-07,5
TUR,Centro 5,In-person,2025-04-07,5
VND,Centro 5,In-person,2025-04-07,5
GES,Centro 4,Hybrid,2025-04-07,4
HCP,Centro 3,In-person,2025-04-07,4
PBI,Centro 2,Hybrid,2025-04-07,4
PBI,Centro 5,Hybrid,2025-04-07,4
PBI,Centro 1,In-person,2025-04-07,4
PBI,Centro 3,In-person,2025-04-07,4
SEG,Centro 2,Hybrid,2025-04-07,4
TUR,Centro 4,In-person,2025-04-07,4
VND,Centro 5,Hybrid,2025-04-07,4
EMP,Centro 3,In-person,2025-04-07,3
INF,Centro 1,Hybrid,2025-04-07,3
PRI,Centro 1,Hybrid,2025-04-07,3
PYT,Centro 1,Online,2025-04-14,184
EXC,Centro 3,Online,2025-04-14,136
MNT,Centro 5,In-person,2025-04-14,121
CYB,Centro 5,Online,2025-04-14,120
PBI,Centro 2,Hybrid,2025-04-14,108
FOR,Centro 5,Hybrid,2025-04-14,106
EXC,Centro 3,In-person,2025-04-14,103
CYB,Centro 3,Hybrid,2025-04-14,102
SCI,Centro 2,In-person,2025-04-14,101
CYB,Centro 5,Hybrid,2025-04-14,96
PYT,Centro 3,Hybrid,2025-04-14,94
EXC,Centro 4,Online,2025-04-14,92
PBI,Centro 4,Online,2025-04-14,89
EMP,Centro 3,In-person,2025-04-14,87
GES,Centro 4,Hybrid,2025-04-14,87
VND,Centro 1,Hybrid,2025-04-14,87
HOT,Centro 3,Hybrid,2025-04-14,85
LID,Centro 5,Hybrid,2025-04-14,84
LOG,Centro 1,In-person,2025-04-14,84
MNT,Centro 1,In-person,2025-04-14,81
HAC,Centro 2,Hybrid,2025-04-14,72
GER,Centro 4,In-person,2025-04-14,69
CYB,Centro 2,Online,2025-04-14,67
EXC,Centro 1,Online,2025-04-14,66
SOC,Centro 2,In-person,2025-04-14,64
LOG,Centro 1,Hybrid,2025-04-14,63
PRO,Centro 4,Online,2025-04-14,62
LOG,Centro 3,In-person,2025-04-14,58
PBI,Centro 3,Hybrid,2025-04-14,58
TUR,Centro 5,Hybrid,2025-04-14,58
SST,Centro 5,In-person,2025-04-14,56
TUR,Centro 5,In-person,2025-04-14,55
MNT,Centro 2,In-person,2025-04-14,54
EXC,Centro 4,In-person,2025-04-14,53
HCP,Centro 2,In-person,2025-04-14,52
HOT,Centro 4,In-person,2025-04-14,52
ING,Centro 3,Online,2025-04-14,51
CYB,Centro 2,In-person,2025-04-14,50
PBI,Centro 2,Online,2025-04-14,50
SCI,Centro 1,In-person,2025-04-14,50
VND,Centro 2,Hybrid,2025-04-14,48
GER,Centro 5,In-person,2025-04-14,46
MNT,Centro 4,In-person,2025-04-14,46
HCP,Centro 1,In-person,2025-04-14,45
SST,Centro 3,Online,2025-04-14,45
FOR,Centro 2,Hybrid,2025-04-14,44
PRI,Centro 1,In-person,2025-04-14,44
PYT,Centro 4,Online,2025-04-14,44
SEG,Centro 3,Hybrid,2025-04-14,44
GES,Centro 5,Online,2025-04-14,43
PBI,Centro 4,In-person,2025-04-14,43
INF,Centro 4,In-person,2025-04-14,41
VND,Centro 5,Hybrid,2025-04-14,41
VND,Centro 2,In-person,2025-04-14,41
PRO,Centro 2,Hybrid,2025-04-14,39
HAC,Centro 3,Online,2025-04-14,38
SEG,Centro 3,In-person,2025-04-14,38
CYB,Centro 1,Hybrid,2025-04-14,36
HCP,Centro 5,Hybrid,2025-04-14,36
PYT,Centro 2,In-person,2025-04-14,36
SST,Centro 1,Online,2025-04-14,36
TUR,Centro 2,In-person,2025-04-14,36
HOT,Centro 5,Hybrid,2025-04-14,35
INF,Centro 3,Hybrid,2025-04-14,35
HAC,Centro 3,Hybrid,2025-04-14,34
LID,Centro 5,In-person,2025-04-14,34
SEG,Centro 5,In-person,2025-04-14,34
PRO,Centro 5,Hybrid,2025-04-14,30
HOT,Centro 2,In-person,2025-04-14,29
INF,Centro 3,In-person,2025-04-14,29
SOC,Centro 3,Hybrid,2025-04-14,29
SEG,Centro 4,In-person,2025-04-14,28
CYB,Centro 4,In-person,2025-04-14,27
HOT,Centro 2,Hybrid,2025-04-14,27
HOT,Centro 5,In-person,2025-04-14,26
SST,Centro 3,In-person,2025-04-14,26
ING,Centro 3,In-person,2025-04-14,24
PBI,Centro 3,Online,2025-04-14,24
PBI,Centro 1,In-person,2025-04-14,23
PBI,Centro 2,In-person,2025-04-14,22
GER,Centro 2,In-person,2025-04-14,21
ING,Centro 2,Online,2025-04-14,21
SCI,Centro 4,Hybrid,2025-04-14,21
EXC,Centro 2,Online,2025-04-14,20
EXC,Centro 5,Hybrid,2025-04-14,20
LID,Centro 4,Hybrid,2025-04-14,20
PRO,Centro 3,In-person,2025-04-14,20
PRI,Centro 3,In-person,2025-04-14,18
PYT,Centro 1,In-person,2025-04-14,18
SEG,Centro 1,Hybrid,2025-04-14,18
SOC,Centro 3,In-person,2025-04-14,18
GER,Centro 3,In-person,2025-04-14,16
PYT,Centro 3,In-person,2025-04-14,16
SCI,Centro 4,In-person,2025-04-14,16
SEG,Centro 1,In-person,2025-04-14,16
SST,Centro 2,Online,2025-04-14,16
HCP,Centro 4,In-person,2025-04-14,15
MNT,Centro 3,In-person,2025-04-14,15
PRI,Centro 2,In-person,2025-04-14,14
EXC,Centro 1,In-person,2025-04-14,13
GER,Centro 4,Hybrid,2025-04-14,13
HAC,Centro 1,In-person,2025-04-14,13
SOC,Centro 4,In-person,2025-04-14,13
SST,Centro 1,In-person,2025-04-14,13
TUR,Centro 3,In-person,2025-04-14,13
SST,Centro 1,Hybrid,2025-04-14,12
PRO,Centro 5,In-person,2025-04-14,11
HCP,Centro 5,In-person,2025-04-14,10
SCI,Centro 1,Hybrid,2025-04-14,10
SST,Centro 5,Online,2025-04-14,9
CYB,Centro 3,Online,2025-04-14,8
CYB,Centro 2,Hybrid,2025-04-14,8
PYT,Centro 2,Hybrid,2025-04-14,8
SOC,Centro 5,In-person,2025-04-14,8
GES,Centro 4,In-person,2025-04-14,7
HAC,Centro 5,In-person,2025-04-14,7
LOG,Centro 5,Hybrid,2025-04-14,7
LOG,Centro 5,In-person,2025-04-14,7
PBI,Centro 1,Hybrid,2025-04-14,7
PRI,Centro 1,Hybrid,2025-04-14,7
SEG,Centro 2,Online,2025-04-14,7
TUR,Centro 1,In-person,2025-04-14,7
HAC,Centro 2,In-person,2025-04-14,6
HCP,Centro 3,Hybrid,2025-04-14,6
LOG,Centro 4,Hybrid,2025-04-14,6
GES,Centro 1,In-person,2025-04-14,5
HAC,Centro 2,Online,2025-04-14,5
PYT,Centro 4,In-person,2025-04-14,5
HAC,Centro 3,In-person,2025-04-14,4
PBI,Centro 5,Hybrid,2025-04-14,4
SCI,Centro 5,Hybrid,2025-04-14,4
SEG,Centro 4,Hybrid,2025-04-14,4
SST,Centro 4,In-person,2025-04-14,4
VND,Centro 4,In-person,2025-04-14,4
HOT,Centro 3,In-person,2025-04-14,3
GES,Centro 4,Hybrid,2025-04-21,199
SST,Centro 5,In-person,2025-04-21,143
HCP,Centro 2,In-person,2025-04-21,123
PYT,Centro 3,Hybrid,2025-04-21,120
CYB,Centro 4,Hybrid,2025-04-21,119
CYB,Centro 5,Online,2025-04-21,110
PBI,Centro 1,Hybrid,2025-04-21,100
FOR,Centro 1,Online,2025-04-21,99
SST,Centro 2,Online,2025-04-21,95
GES,Centro 5,Online,2025-04-21,90
PBI,Centro 4,Online,2025-04-21,87
LID,Centro 5,Online,2025-04-21,85
PYT,Centro 2,Online,2025-04-21,85
GER,Centro 1,Hybrid,2025-04-21,83
HOT,Centro 5,Hybrid,2025-04-21,83
SEG,Centro 5,In-person,2025-04-21,78
PBI,Centro 2,Hybrid,2025-04-21,77
PRI,Centro 1,Hybrid,2025-04-21,77
HOT,Centro 3,In-person,2025-04-21,72
INF,Centro 3,Hybrid,2025-04-21,71
EXC,Centro 3,Hybrid,2025-04-21,70
SST,Centro 2,Hybrid,2025-04-21,70
LID,Centro 4,Hybrid,2025-04-21,64
SEG,Centro 5,Hybrid,2025-04-21,64
HOT,Centro 2,Hybrid,2025-04-21,62
PRI,Centro 3,Hybrid,2025-04-21,62
CYB,Centro 4,Online,2025-04-21,61
GER,Centro 2,In-person,2025-04-21,60
MNT,Centro 5,In-person,2025-04-21,60
PBI,Centro 2,In-person,2025-04-21,60
INF,Centro 5,In-person,2025-04-21,59
INF,Centro 4,Hybrid,2025-04-21,56
PRI,Centro 5,Hybrid,2025-04-21,56
EXC,Centro 4,Online,2025-04-21,54
MNT,Centro 3,In-person,2025-04-21,53
ING,Centro 3,Online,2025-04-21,52
TUR,Centro 5,In-person,2025-04-21,52
HCP,Centro 3,In-person,2025-04-21,51
HAC,Centro 3,Online,2025-04-21,50
CYB,Centro 2,Online,2025-04-21,49
SEG,Centro 1,Hybrid,2025-04-21,49
PBI,Centro 5,In-person,2025-04-21,48
SST,Centro 4,In-person,2025-04-21,48
LOG,Centro 2,Hybrid,2025-04-21,47
SST,Centro 1,Hybrid,2025-04-21,47
EXC,Centro 2,Online,2025-04-21,44
HAC,Centro 2,Online,2025-04-21,43
GER,Centro 3,In-person,2025-04-21,41
EMP,Centro 5,In-person,2025-04-21,40
SOC,Centro 5,Hybrid,2025-04-21,39
VND,Centro 1,Online,2025-04-21,39
SEG,Centro 1,In-person,2025-04-21,37
MNT,Centro 1,In-person,2025-04-21,35
TUR,Centro 4,In-person,2025-04-21,35
CYB,Centro 4,In-person,2025-04-21,34
GES,Centro 4,Online,2025-04-21,34
HOT,Centro 2,In-person,2025-04-21,34
FOR,Centro 4,Hybrid,2025-04-21,33
PRI,Centro 1,In-person,2025-04-21,33
PRO,Centro 2,Hybrid,2025-04-21,32
TUR,Centro 1,In-person,2025-04-21,32
VND,Centro 5,In-person,2025-04-21,32
EMP,Centro 4,In-person,2025-04-21,30
GER,Centro 4,In-person,2025-04-21,30
GES,Centro 4,In-person,2025-04-21,30
PBI,Centro 1,Online,2025-04-21,30
SOC,Centro 1,In-person,2025-04-21,29
SEG,Centro 4,Hybrid,2025-04-21,27
PYT,Centro 1,Hybrid,2025-04-21,26
VND,Centro 1,Hybrid,2025-04-21,26
EXC,Centro 1,Online,2025-04-21,25
HAC,Centro 2,Hybrid,2025-04-21,25
HCP,Centro 5,In-person,2025-04-21,25
LID,Centro 5,In-person,2025-04-21,25
PYT,Centro 2,Hybrid,2025-04-21,25
EXC,Centro 2,Hybrid,2025-04-21,24
GES,Centro 1,Online,2025-04-21,24
PBI,Centro 3,Online,2025-04-21,24
GER,Centro 3,Hybrid,2025-04-21,23
HAC,Centro 3,In-person,2025-04-21,23
SST,Centro 5,Hybrid,2025-04-21,23
VND,Centro 1,In-person,2025-04-21,22
EXC,Centro 4,Hybrid,2025-04-21,21
HOT,Centro 5,In-person,2025-04-21,20
EMP,Centro 1,In-person,2025-04-21,19
GER,Centro 5,In-person,2025-04-21,19
HOT,Centro 1,In-person,2025-04-21,19
INF,Centro 1,In-person,2025-04-21,19
PYT,Centro 1,Online,2025-04-21,19
SOC,Centro 2,In-person,2025-04-21,19
CYB,Centro 3,Online,2025-04-21,18
INF,Centro 2,Hybrid,2025-04-21,18
PRO,Centro 3,Online,2025-04-21,18
PYT,Centro 5,Online,2025-04-21,18
SST,Centro 5,Online,2025-04-21,18
TUR,Centro 2,In-person,2025-04-21,18
TUR,Centro 3,Hybrid,2025-04-21,17
HCP,Centro 3,Hybrid,2025-04-21,16
HCP,Centro 5,Hybrid,2025-04-21,16
INF,Centro 3,In-person,2025-04-21,15
PBI,Centro 3,In-person,2025-04-21,15
SEG,Centro 1,Online,2025-04-21,15
SOC,Centro 3,Hybrid,2025-04-21,15
CYB,Centro 2,Hybrid,2025-04-21,14
EXC,Centro 1,In-person,2025-04-21,13
LID,Centro 4,In-person,2025-04-21,13
HAC,Centro 1,In-person,2025-04-21,12
LOG,Centro 3,Hybrid,2025-04-21,12
PYT,Centro 3,Online,2025-04-21,11
CYB,Centro 1,Online,2025-04-21,8
EMP,Centro 2,In-person,2025-04-21,7
HAC,Centro 4,Hybrid,2025-04-21,7
LOG,Centro 3,In-person,2025-04-21,7
SEG,Centro 4,In-person,2025-04-21,7
SST,Centro 2,In-person,2025-04-21,7
HCP,Centro 1,In-person,2025-04-21,6
PBI,Centro 4,Hybrid,2025-04-21,6
SEG,Centro 2,In-person,2025-04-21,6
CYB,Centro 3,Hybrid,2025-04-21,5
PBI,Centro 5,Online,2025-04-21,5
PRO,Centro 5,Online,2025-04-21,5
PRO,Centro 3,In-person,2025-04-21,5
FOR,Centro 3,Online,2025-04-21,4
GES,Centro 5,In-person,2025-04-21,4
LID,Centro 1,In-person,2025-04-21,4
PYT,Centro 5,Hybrid,2025-04-21,4
PYT,Centro 1,In-person,2025-04-21,4
SOC,Centro 4,In-person,2025-04-21,4
TUR,Centro 5,Hybrid,2025-04-21,4
EXC,Centro 4,In-person,2025-04-21,3
LOG,Centro 5,Hybrid,2025-04-21,3
LOG,Centro 1,In-person,2025-04-21,3
MNT,Centro 2,In-person,2025-04-21,3
SCI,Centro 2,In-person,2025-04-21,3
SEG,Centro 2,Online,2025-04-21,3
SST,Centro 1,In-person,2025-04-21,3
VND,Centro 4,Online,2025-04-21,3
VND,Centro 2,Hybrid,2025-04-21,3
PBI,Centro 5,Hybrid,2025-04-21,1
PYT,Centro 3,Online,2025-04-28,275
LID,Centro 3,Online,2025-04-28,185
PRO,Centro 2,Hybrid,2025-04-28,185
PYT,Centro 2,Hybrid,2025-04-28,164
PRO,Centro 4,In-person,2025-04-28,151
MNT,Centro 1,In-person,2025-04-28,147
CYB,Centro 3,Hybrid,2025-04-28,114
CYB,Centro 1,Online,2025-04-28,107
LOG,Centro 3,In-person,2025-04-28,106
HAC,Centro 4,Hybrid,2025-04-28,103
EXC,Centro 4,Online,2025-04-28,102
FOR,Centro 1,Hybrid,2025-04-28,102
PBI,Centro 4,Hybrid,2025-04-28,92
EXC,Centro 2,Online,2025-04-28,88
PYT,Centro 2,Online,2025-04-28,88
EXC,Centro 1,Online,2025-04-28,86
PRO,Centro 3,In-person,2025-04-28,85
EXC,Centro 5,Online,2025-04-28,84
GES,Centro 1,Online,2025-04-28,83
CYB,Centro 2,Hybrid,2025-04-28,82
INF,Centro 5,In-person,2025-04-28,81
MNT,Centro 5,In-person,2025-04-28,79
CYB,Centro 4,Hybrid,2025-04-28,78
MNT,Centro 3,In-person,2025-04-28,75
PBI,Centro 2,Online,2025-04-28,75
PBI,Centro 3,Hybrid,2025-04-28,73
GES,Centro 4,Online,2025-04-28,71
GES,Centro 1,Hybrid,2025-04-28,71
HAC,Centro 3,Online,2025-04-28,71
LOG,Centro 3,Hybrid,2025-04-28,71
SCI,Centro 5,Hybrid,2025-04-28,69
LOG,Centro 1,In-person,2025-04-28,67
FOR,Centro 1,In-person,2025-04-28,66
PYT,Centro 1,Online,2025-04-28,66
PYT,Centro 5,Hybrid,2025-04-28,65
ING,Centro 3,Online,2025-04-28,64
PRI,Centro 1,Hybrid,2025-04-28,63
SOC,Centro 1,In-person,2025-04-28,62
HCP,Centro 2,In-person,2025-04-28,61
HOT,Centro 4,In-person,2025-04-28,60
HAC,Centro 5,Online,2025-04-28,57
HCP,Centro 5,Hybrid,2025-04-28,56
PRI,Centro 1,In-person,2025-04-28,56
EMP,Centro 2,In-person,2025-04-28,55
EMP,Centro 1,In-person,2025-04-28,53
LID,Centro 4,Online,2025-04-28,53
PBI,Centro 2,In-person,2025-04-28,51
SST,Centro 2,In-person,2025-04-28,51
GES,Centro 2,In-person,2025-04-28,49
PBI,Centro 3,Online,2025-04-28,47
SCI,Centro 2,In-person,2025-04-28,47
GER,Centro 2,In-person,2025-04-28,46
HOT,Centro 5,In-person,2025-04-28,46
SOC,Centro 3,In-person,2025-04-28,46
EMP,Centro 4,In-person,2025-04-28,45
GES,Centro 4,Hybrid,2025-04-28,45
PBI,Centro 3,In-person,2025-04-28,45
PRO,Centro 5,Hybrid,2025-04-28,45
SST,Centro 5,In-person,2025-04-28,45
HOT,Centro 3,Hybrid,2025-04-28,44
ING,Centro 3,Hybrid,2025-04-28,43
ING,Centro 4,In-person,2025-04-28,43
SEG,Centro 1,Online,2025-04-28,42
VND,Centro 3,In-person,2025-04-28,42
LID,Centro 1,In-person,2025-04-28,41
HCP,Centro 1,In-person,2025-04-28,40
GER,Centro 4,In-person,2025-04-28,38
MNT,Centro 2,In-person,2025-04-28,38
CYB,Centro 5,In-person,2025-04-28,37
GER,Centro 3,Hybrid,2025-04-28,37
ING,Centro 2,Online,2025-04-28,36
GES,Centro 5,In-person,2025-04-28,35
CYB,Centro 2,Online,2025-04-28,33
GER,Centro 5,In-person,2025-04-28,32
PRI,Centro 3,In-person,2025-04-28,32
VND,Centro 1,In-person,2025-04-28,31
CYB,Centro 5,Hybrid,2025-04-28,30
EMP,Centro 5,In-person,2025-04-28,30
EXC,Centro 3,Online,2025-04-28,30
GES,Centro 1,In-person,2025-04-28,30
SST,Centro 1,In-person,2025-04-28,30
GES,Centro 4,In-person,2025-04-28,29
HCP,Centro 3,Hybrid,2025-04-28,29
LID,Centro 5,Online,2025-04-28,29
LID,Centro 1,Hybrid,2025-04-28,27
LOG,Centro 2,Hybrid,2025-04-28,26
PYT,Centro 3,Hybrid,2025-04-28,26
SCI,Centro 3,Hybrid,2025-04-28,25
INF,Centro 2,In-person,2025-04-28,23
SCI,Centro 5,In-person,2025-04-28,23
CYB,Centro 1,Hybrid,2025-04-28,22
PBI,Centro 1,Online,2025-04-28,22
HCP,Centro 3,In-person,2025-04-28,20
PBI,Centro 5,In-person,2025-04-28,20
SEG,Centro 2,Hybrid,2025-04-28,20
SST,Centro 3,Hybrid,2025-04-28,19
INF,Centro 4,In-person,2025-04-28,18
PRI,Centro 5,Hybrid,2025-04-28,18
FOR,Centro 3,In-person,2025-04-28,17
SOC,Centro 5,In-person,2025-04-28,17
SST,Centro 1,Online,2025-04-28,17
HAC,Centro 2,In-person,2025-04-28,16
PYT,Centro 1,Hybrid,2025-04-28,15
VND,Centro 1,Online,2025-04-28,15
EXC,Centro 3,In-person,2025-04-28,14
VND,Centro 2,In-person,2025-04-28,14
LOG,Centro 1,Hybrid,2025-04-28,13
EXC,Centro 2,Hybrid,2025-04-28,12
PRI,Centro 2,In-person,2025-04-28,12
TUR,Centro 3,In-person,2025-04-28,12
HAC,Centro 5,In-person,2025-04-28,10
ING,Centro 5,Online,2025-04-28,10
PYT,Centro 2,In-person,2025-04-28,10
SOC,Centro 2,In-person,2025-04-28,10
SST,Centro 5,Hybrid,2025-04-28,10
EMP,Centro 3,In-person,2025-04-28,9
SST,Centro 2,Online,2025-04-28,9
FOR,Centro 1,Online,2025-04-28,8
LID,Centro 4,In-person,2025-04-28,8
SOC,Centro 5,Hybrid,2025-04-28,8
EXC,Centro 4,Hybrid,2025-04-28,7
FOR,Centro 2,In-person,2025-04-28,7
INF,Centro 2,Hybrid,2025-04-28,7
INF,Centro 3,In-person,2025-04-28,7
ING,Centro 1,Hybrid,2025-04-28,7
PYT,Centro 1,In-person,2025-04-28,7
SEG,Centro 3,In-person,2025-04-28,7
VND,Centro 5,Hybrid,2025-04-28,7
HOT,Centro 3,In-person,2025-04-28,6
PRI,Centro 3,Hybrid,2025-04-28,6
SEG,Centro 1,In-person,2025-04-28,6
SST,Centro 4,In-person,2025-04-28,6
TUR,Centro 4,Hybrid,2025-04-28,6
TUR,Centro 2,In-person,2025-04-28,6
CYB,Centro 4,In-person,2025-04-28,5
GER,Centro 5,Hybrid,2025-04-28,5
PRO,Centro 5,Online,2025-04-28,5
CYB,Centro 5,Online,2025-04-28,4
HAC,Centro 1,In-person,2025-04-28,4
ING,Centro 5,Hybrid,2025-04-28,4
ING,Centro 3,In-person,2025-04-28,4
PBI,Centro 1,Hybrid,2025-04-28,4
SST,Centro 1,Hybrid,2025-04-28,4
VND,Centro 1,Hybrid,2025-04-28,4
LOG,Centro 2,In-person,2025-04-28,3
PBI,Centro 4,Online,2025-04-28,3
SCI,Centro 2,Hybrid,2025-04-28,3
SEG,Centro 4,Hybrid,2025-04-28,3
TUR,Centro 1,In-person,2025-04-28,3
CYB,Centro 5,Online,2025-05-05,180
EXC,Centro 3,Online,2025-05-05,116
MNT,Centro 1,In-person,2025-05-05,109
VND,Centro 4,Online,2025-05-05,107
VND,Centro 2,Online,2025-05-05,104
FOR,Centro 3,Online,2025-05-05,102
CYB,Centro 4,Hybrid,2025-05-05,100
EXC,Centro 4,Hybrid,2025-05-05,95
PBI,Centro 1,Online,2025-05-05,91
LID,Centro 4,Hybrid,2025-05-05,83
PYT,Centro 2,Online,2025-05-05,82
ING,Centro 3,Online,2025-05-05,79
SCI,Centro 1,In-person,2025-05-05,79
VND,Centro 1,In-person,2025-05-05,77
SCI,Centro 2,Hybrid,2025-05-05,74
EXC,Centro 2,Online,2025-05-05,73
LID,Centro 1,Hybrid,2025-05-05,72
LID,Centro 1,In-person,2025-05-05,70
EMP,Centro 4,In-person,2025-05-05,69
CYB,Centro 2,Online,2025-05-05,66
PBI,Centro 1,Hybrid,2025-05-05,65
LOG,Centro 5,In-person,2025-05-05,64
GES,Centro 1,Hybrid,2025-05-05,62
PYT,Centro 2,Hybrid,2025-05-05,62
SCI,Centro 1,Hybrid,2025-05-05,60
TUR,Centro 1,In-person,2025-05-05,59
INF,Centro 3,Hybrid,2025-05-05,58
SEG,Centro 3,Hybrid,2025-05-05,56
CYB,Centro 3,Hybrid,2025-05-05,54
SEG,Centro 1,In-person,2025-05-05,53
PRI,Centro 1,In-person,2025-05-05,51
FOR,Centro 4,Online,2025-05-05,49
TUR,Centro 4,In-person,2025-05-05,49
LOG,Centro 2,In-person,2025-05-05,48
VND,Centro 2,In-person,2025-05-05,48
MNT,Centro 2,In-person,2025-05-05,46
PYT,Centro 1,Hybrid,2025-05-05,44
HAC,Centro 1,Online,2025-05-05,41
HOT,Centro 1,In-person,2025-05-05,41
SEG,Centro 2,Hybrid,2025-05-05,40
HOT,Centro 3,In-person,2025-05-05,39
HOT,Centro 5,In-person,2025-05-05,39
INF,Centro 1,Hybrid,2025-05-05,39
MNT,Centro 5,In-person,2025-05-05,38
SST,Centro 3,In-person,2025-05-05,37
PBI,Centro 2,In-person,2025-05-05,36
SCI,Centro 2,In-person,2025-05-05,36
SCI,Centro 5,In-person,2025-05-05,36
CYB,Centro 4,In-person,2025-05-05,35
LOG,Centro 4,In-person,2025-05-05,34
SEG,Centro 1,Hybrid,2025-05-05,32
HCP,Centro 2,In-person,2025-05-05,31
GES,Centro 1,In-person,2025-05-05,30
EXC,Centro 5,Hybrid,2025-05-05,29
HAC,Centro 3,Hybrid,2025-05-05,29
HCP,Centro 3,Hybrid,2025-05-05,28
EMP,Centro 3,In-person,2025-05-05,27
PBI,Centro 5,In-person,2025-05-05,27
TUR,Centro 2,In-person,2025-05-05,27
CYB,Centro 4,Online,2025-05-05,25
HCP,Centro 4,In-person,2025-05-05,25
GES,Centro 5,Online,2025-05-05,23
ING,Centro 5,Hybrid,2025-05-05,23
TUR,Centro 5,In-person,2025-05-05,23
HAC,Centro 4,Hybrid,2025-05-05,22
LID,Centro 3,Online,2025-05-05,22
LID,Centro 3,In-person,2025-05-05,22
CYB,Centro 5,In-person,2025-05-05,21
PBI,Centro 2,Online,2025-05-05,20
CYB,Centro 2,Hybrid,2025-05-05,19
SST,Centro 2,Online,2025-05-05,19
LID,Centro 5,Online,2025-05-05,18
LOG,Centro 2,Hybrid,2025-05-05,18
SST,Centro 1,Online,2025-05-05,18
SCI,Centro 4,In-person,2025-05-05,17
PRO,Centro 4,In-person,2025-05-05,15
GER,Centro 4,In-person,2025-05-05,13
ING,Centro 4,In-person,2025-05-05,13
SEG,Centro 4,In-person,2025-05-05,12
FOR,Centro 1,In-person,2025-05-05,11
LID,Centro 4,In-person,2025-05-05,11
LOG,Centro 1,In-person,2025-05-05,11
PYT,Centro 2,In-person,2025-05-05,11
SST,Centro 2,In-person,2025-05-05,11
HAC,Centro 5,In-person,2025-05-05,10
MNT,Centro 4,In-person,2025-05-05,10
VND,Centro 2,Hybrid,2025-05-05,10
EXC,Centro 4,In-person,2025-05-05,9
HAC,Centro 2,In-person,2025-05-05,9
CYB,Centro 2,In-person,2025-05-05,8
GER,Centro 3,Hybrid,2025-05-05,8
GES,Centro 4,Online,2025-05-05,8
GES,Centro 4,In-person,2025-05-05,8
GES,Centro 5,In-person,2025-05-05,8
SOC,Centro 3,In-person,2025-05-05,8
EXC,Centro 1,Online,2025-05-05,7
ING,Centro 5,Online,2025-05-05,7
LID,Centro 1,Online,2025-05-05,7
PRO,Centro 2,Hybrid,2025-05-05,7
SST,Centro 1,In-person,2025-05-05,7
EMP,Centro 5,In-person,2025-05-05,6
HOT,Centro 2,In-person,2025-05-05,6
PBI,Centro 4,Online,2025-05-05,6
PBI,Centro 4,Hybrid,2025-05-05,6
SEG,Centro 1,Online,2025-05-05,6
SEG,Centro 3,Online,2025-05-05,6
CYB,Centro 3,Online,2025-05-05,5
GES,Centro 4,Hybrid,2025-05-05,5
PYT,Centro 1,In-person,2025-05-05,5
CYB,Centro 1,Online,2025-05-05,4
CYB,Centro 5,Hybrid,2025-05-05,4
HOT,Centro 5,Hybrid,2025-05-05,4
LID,Centro 4,Online,2025-05-05,4
PRI,Centro 5,Hybrid,2025-05-05,4
PYT,Centro 5,Hybrid,2025-05-05,4
EMP,Centro 2,In-person,2025-05-05,3
HCP,Centro 1,In-person,2025-05-05,3
HOT,Centro 2,Hybrid,2025-05-05,3
HOT,Centro 3,Hybrid,2025-05-05,3
TUR,Centro 4,Hybrid,2025-05-05,3
PBI,Centro 1,Online,2025-05-12,144
SST,Centro 2,In-person,2025-05-12,121
EMP,Centro 5,In-person,2025-05-12,109
HOT,Centro 2,Hybrid,2025-05-12,105
PBI,Centro 3,Online,2025-05-12,100
SEG,Centro 1,Hybrid,2025-05-12,100
LID,Centro 1,Online,2025-05-12,98
MNT,Centro 5,In-person,2025-05-12,96
GES,Centro 4,Online,2025-05-12,93
SCI,Centro 3,Hybrid,2025-05-12,89
CYB,Centro 4,Online,2025-05-12,77
CYB,Centro 2,Hybrid,2025-05-12,75
EXC,Centro 1,Online,2025-05-12,73
PYT,Centro 2,Hybrid,2025-05-12,73
SCI,Centro 1,Hybrid,2025-05-12,69
VND,Centro 5,Hybrid,2025-05-12,67
GES,Centro 1,Online,2025-05-12,63
EMP,Centro 4,In-person,2025-05-12,62
EXC,Centro 4,In-person,2025-05-12,61
PYT,Centro 2,Online,2025-05-12,61
PRO,Centro 3,Online,2025-05-12,60
CYB,Centro 5,In-person,2025-05-12,59
HOT,Centro 5,In-person,2025-05-12,54
TUR,Centro 3,Hybrid,2025-05-12,54
HAC,Centro 1,Online,2025-05-12,53
SST,Centro 1,In-person,2025-05-12,53
MNT,Centro 2,In-person,2025-05-12,50
FOR,Centro 4,Online,2025-05-12,49
INF,Centro 2,In-person,2025-05-12,48
GER,Centro 5,Hybrid,2025-05-12,44
HAC,Centro 4,In-person,2025-05-12,44
LID,Centro 4,Hybrid,2025-05-12,44
EXC,Centro 3,Online,2025-05-12,43
PYT,Centro 2,In-person,2025-05-12,43
EXC,Centro 2,Hybrid,2025-05-12,42
MNT,Centro 4,In-person,2025-05-12,42
PBI,Centro 4,In-person,2025-05-12,40
HCP,Centro 3,Hybrid,2025-05-12,39
GES,Centro 5,Online,2025-05-12,38
TUR,Centro 2,In-person,2025-05-12,38
HCP,Centro 3,In-person,2025-05-12,36
PBI,Centro 4,Hybrid,2025-05-12,36
SOC,Centro 3,Hybrid,2025-05-12,36
GES,Centro 1,Hybrid,2025-05-12,35
LOG,Centro 2,In-person,2025-05-12,35
PBI,Centro 3,In-person,2025-05-12,35
VND,Centro 2,In-person,2025-05-12,35
CYB,Centro 5,Hybrid,2025-05-12,33
PYT,Centro 3,Online,2025-05-12,32
SST,Centro 5,In-person,2025-05-12,32
PRI,Centro 5,Hybrid,2025-05-12,30
FOR,Centro 3,Online,2025-05-12,29
ING,Centro 5,Hybrid,2025-05-12,28
LID,Centro 4,In-person,2025-05-12,26
CYB,Centro 4,Hybrid,2025-05-12,24
CYB,Centro 2,In-person,2025-05-12,24
EXC,Centro 5,Hybrid,2025-05-12,23
VND,Centro 1,In-person,2025-05-12,23
EMP,Centro 1,In-person,2025-05-12,22
HOT,Centro 3,Hybrid,2025-05-12,22
PRI,Centro 3,In-person,2025-05-12,22
HOT,Centro 2,In-person,2025-05-12,21
GER,Centro 2,In-person,2025-05-12,20
PRO,Centro 2,Hybrid,2025-05-12,19
LID,Centro 1,In-person,2025-05-12,18
HAC,Centro 2,In-person,2025-05-12,17
TUR,Centro 4,Hybrid,2025-05-12,16
CYB,Centro 3,Hybrid,2025-05-12,15
CYB,Centro 2,Online,2025-05-12,14
HAC,Centro 4,Hybrid,2025-05-12,14
HAC,Centro 5,In-person,2025-05-12,14
EMP,Centro 2,In-person,2025-05-12,13
ING,Centro 5,In-person,2025-05-12,13
MNT,Centro 3,In-person,2025-05-12,13
SEG,Centro 2,Hybrid,2025-05-12,13
SOC,Centro 1,Hybrid,2025-05-12,13
VND,Centro 2,Hybrid,2025-05-12,13
GER,Centro 4,In-person,2025-05-12,12
SEG,Centro 1,In-person,2025-05-12,12
FOR,Centro 2,Hybrid,2025-05-12,11
LOG,Centro 1,Hybrid,2025-05-12,11
PRO,Centro 1,Hybrid,2025-05-12,11
SST,Centro 4,In-person,2025-05-12,11
HOT,Centro 3,In-person,2025-05-12,10
GER,Centro 1,Hybrid,2025-05-12,9
SCI,Centro 5,In-person,2025-05-12,9
PRI,Centro 1,In-person,2025-05-12,8
PRO,Centro 3,In-person,2025-05-12,8
SOC,Centro 1,In-person,2025-05-12,8
CYB,Centro 3,Online,2025-05-12,7
CYB,Centro 5,Online,2025-05-12,7
EXC,Centro 4,Online,2025-05-12,7
GES,Centro 1,In-person,2025-05-12,7
HCP,Centro 5,Hybrid,2025-05-12,7
HCP,Centro 1,In-person,2025-05-12,7
PBI,Centro 2,Online,2025-05-12,7
SOC,Centro 3,In-person,2025-05-12,7
VND,Centro 3,In-person,2025-05-12,7
LOG,Centro 3,Hybrid,2025-05-12,6
LOG,Centro 5,In-person,2025-05-12,6
PBI,Centro 2,Hybrid,2025-05-12,6
CYB,Centro 4,In-person,2025-05-12,5
FOR,Centro 2,In-person,2025-05-12,5
LID,Centro 2,In-person,2025-05-12,5
CYB,Centro 1,Online,2025-05-12,4
GER,Centro 3,Hybrid,2025-05-12,4
GES,Centro 3,Hybrid,2025-05-12,4
GES,Centro 4,Hybrid,2025-05-12,4
GES,Centro 5,In-person,2025-05-12,4
HOT,Centro 5,Hybrid,2025-05-12,4
INF,Centro 3,Hybrid,2025-05-12,4
INF,Centro 4,Hybrid,2025-05-12,4
LID,Centro 5,Online,2025-05-12,4
PBI,Centro 1,Hybrid,2025-05-12,4
PYT,Centro 3,Hybrid,2025-05-12,4
SCI,Centro 5,Hybrid,2025-05-12,4
EXC,Centro 2,Online,2025-05-12,3
HAC,Centro 1,In-person,2025-05-12,3
HCP,Centro 1,Hybrid,2025-05-12,3
LOG,Centro 1,In-person,2025-05-12,3
TUR,Centro 4,In-person,2025-05-12,3
MNT,Centro 5,In-person,2025-05-19,157
CYB,Centro 2,Online,2025-05-19,153
EXC,Centro 2,Online,2025-05-19,115
PBI,Centro 1,Hybrid,2025-05-19,110
CYB,Centro 4,Hybrid,2025-05-19,89
HCP,Centro 3,In-person,2025-05-19,76
PBI,Centro 2,Hybrid,2025-05-19,74
GER,Centro 5,In-person,2025-05-19,72
HAC,Centro 3,Hybrid,2025-05-19,68
GER,Centro 3,In-person,2025-05-19,67
PBI,Centro 1,Online,2025-05-19,67
PBI,Centro 3,Online,2025-05-19,64
FOR,Centro 2,Online,2025-05-19,63
GES,Centro 4,Online,2025-05-19,63
TUR,Centro 4,Hybrid,2025-05-19,60
GES,Centro 5,Online,2025-05-19,59
PBI,Centro 2,Online,2025-05-19,59
SST,Centro 3,In-person,2025-05-19,59
LOG,Centro 5,In-person,2025-05-19,57
MNT,Centro 4,In-person,2025-05-19,57
INF,Centro 3,In-person,2025-05-19,55
LID,Centro 5,Online,2025-05-19,53
PBI,Centro 2,In-person,2025-05-19,53
ING,Centro 1,Hybrid,2025-05-19,51
SEG,Centro 2,In-person,2025-05-19,50
GES,Centro 1,Online,2025-05-19,48
HOT,Centro 5,In-person,2025-05-19,48
LOG,Centro 3,In-person,2025-05-19,48
SOC,Centro 3,Hybrid,2025-05-19,48
TUR,Centro 2,In-person,2025-05-19,48
HCP,Centro 4,In-person,2025-05-19,47
PBI,Centro 4,Hybrid,2025-05-19,47
CYB,Centro 4,Online,2025-05-19,46
LID,Centro 2,In-person,2025-05-19,44
PYT,Centro 1,Online,2025-05-19,44
SST,Centro 5,Hybrid,2025-05-19,42
CYB,Centro 1,Hybrid,2025-05-19,41
INF,Centro 5,In-person,2025-05-19,39
PBI,Centro 4,Online,2025-05-19,38
LOG,Centro 2,In-person,2025-05-19,37
GER,Centro 1,In-person,2025-05-19,36
PRI,Centro 1,In-person,2025-05-19,35
EXC,Centro 2,In-person,2025-05-19,34
EXC,Centro 5,In-person,2025-05-19,34
PRO,Centro 1,Hybrid,2025-05-19,34
HAC,Centro 2,In-person,2025-05-19,33
ING,Centro 2,Online,2025-05-19,32
GES,Centro 3,Hybrid,2025-05-19,31
SEG,Centro 2,Hybrid,2025-05-19,31
EMP,Centro 4,In-person,2025-05-19,30
SCI,Centro 3,Hybrid,2025-05-19,30
FOR,Centro 2,In-person,2025-05-19,29
PRI,Centro 3,Hybrid,2025-05-19,28
VND,Centro 2,Hybrid,2025-05-19,26
SEG,Centro 1,In-person,2025-05-19,25
HCP,Centro 3,Hybrid,2025-05-19,24
PYT,Centro 3,Hybrid,2025-05-19,24
FOR,Centro 3,Online,2025-05-19,23
CYB,Centro 5,In-person,2025-05-19,22
SCI,Centro 1,Hybrid,2025-05-19,21
HCP,Centro 5,Hybrid,2025-05-19,20
SOC,Centro 3,In-person,2025-05-19,20
VND,Centro 1,Online,2025-05-19,20
VND,Centro 4,In-person,2025-05-19,20
EMP,Centro 3,In-person,2025-05-19,19
GER,Centro 2,In-person,2025-05-19,19
HCP,Centro 1,In-person,2025-05-19,18
INF,Centro 2,In-person,2025-05-19,18
ING,Centro 5,In-person,2025-05-19,18
PYT,Centro 2,Online,2025-05-19,18
CYB,Centro 4,In-person,2025-05-19,17
HOT,Centro 2,In-person,2025-05-19,17
GER,Centro 3,Hybrid,2025-05-19,16
LOG,Centro 1,In-person,2025-05-19,16
TUR,Centro 3,Hybrid,2025-05-19,16
GES,Centro 1,In-person,2025-05-19,15
SCI,Centro 1,In-person,2025-05-19,15
PRI,Centro 3,In-person,2025-05-19,14
PBI,Centro 3,Hybrid,2025-05-19,13
SST,Centro 5,In-person,2025-05-19,13
EXC,Centro 2,Hybrid,2025-05-19,12
SST,Centro 1,In-person,2025-05-19,12
VND,Centro 2,In-person,2025-05-19,12
CYB,Centro 2,Hybrid,2025-05-19,11
ING,Centro 5,Online,2025-05-19,11
PRO,Centro 2,Hybrid,2025-05-19,11
EMP,Centro 5,In-person,2025-05-19,10
GES,Centro 4,In-person,2025-05-19,10
ING,Centro 5,Hybrid,2025-05-19,10
EXC,Centro 3,In-person,2025-05-19,9
PBI,Centro 5,In-person,2025-05-19,8
LOG,Centro 4,In-person,2025-05-19,7
INF,Centro 4,Hybrid,2025-05-19,6
ING,Centro 4,In-person,2025-05-19,6
CYB,Centro 3,Hybrid,2025-05-19,5
LID,Centro 4,In-person,2025-05-19,5
PBI,Centro 5,Online,2025-05-19,5
PRO,Centro 5,Online,2025-05-19,5
PYT,Centro 2,Hybrid,2025-05-19,5
SOC,Centro 1,In-person,2025-05-19,5
EMP,Centro 2,In-person,2025-05-19,4
EXC,Centro 5,Hybrid,2025-05-19,4
EXC,Centro 4,In-person,2025-05-19,4
GER,Centro 4,In-person,2025-05-19,4
GES,Centro 5,In-person,2025-05-19,4
HOT,Centro 3,In-person,2025-05-19,4
INF,Centro 1,Hybrid,2025-05-19,4
PYT,Centro 3,Online,2025-05-19,4
VND,Centro 1,In-person,2025-05-19,4
PRI,Centro 1,Hybrid,2025-05-19,3
SEG,Centro 5,Hybrid,2025-05-19,3
VND,Centro 4,Online,2025-05-19,3
PRI,Centro 5,Hybrid,2025-05-19,2
PRO,Centro 4,In-person,2025-05-26,178
PBI,Centro 4,Hybrid,2025-05-26,136
GER,Centro 1,In-person,2025-05-26,98
PRO,Centro 3,In-person,2025-05-26,95
INF,Centro 2,In-person,2025-05-26,86
CYB,Centro 4,Hybrid,2025-05-26,84
CYB,Centro 2,Hybrid,2025-05-26,78
CYB,Centro 3,Online,2025-05-26,72
FOR,Centro 5,Hybrid,2025-05-26,71
FOR,Centro 3,In-person,2025-05-26,68
GER,Centro 3,Hybrid,2025-05-26,68
PRO,Centro 1,Hybrid,2025-05-26,68
FOR,Centro 5,Online,2025-05-26,65
HAC,Centro 1,Online,2025-05-26,64
ING,Centro 2,Online,2025-05-26,63
LOG,Centro 2,In-person,2025-05-26,63
LOG,Centro 1,In-person,2025-05-26,61
SOC,Centro 2,In-person,2025-05-26,58
FOR,Centro 2,Online,2025-05-26,57
GES,Centro 4,Online,2025-05-26,57
PBI,Centro 3,Online,2025-05-26,57
PRI,Centro 4,Hybrid,2025-05-26,53
PRI,Centro 1,In-person,2025-05-26,53
FOR,Centro 4,Online,2025-05-26,52
CYB,Centro 2,Online,2025-05-26,51
EMP,Centro 1,In-person,2025-05-26,51
GER,Centro 3,In-person,2025-05-26,50
CYB,Centro 1,Hybrid,2025-05-26,48
PBI,Centro 1,Online,2025-05-26,48
LID,Centro 5,Online,2025-05-26,47
CYB,Centro 4,Online,2025-05-26,46
FOR,Centro 1,Hybrid,2025-05-26,45
LOG,Centro 1,Hybrid,2025-05-26,45
SCI,Centro 1,In-person,2025-05-26,45
EMP,Centro 3,In-person,2025-05-26,44
GES,Centro 5,Online,2025-05-26,44
PYT,Centro 2,In-person,2025-05-26,44
SOC,Centro 3,In-person,2025-05-26,44
GER,Centro 4,In-person,2025-05-26,43
PBI,Centro 1,Hybrid,2025-05-26,42
MNT,Centro 3,In-person,2025-05-26,41
HOT,Centro 2,In-person,2025-05-26,40
LID,Centro 2,Online,2025-05-26,40
SEG,Centro 3,Hybrid,2025-05-26,37
SST,Centro 2,In-person,2025-05-26,37
LID,Centro 3,Online,2025-05-26,36
HAC,Centro 2,Hybrid,2025-05-26,34
HOT,Centro 3,In-person,2025-05-26,34
SCI,Centro 3,Hybrid,2025-05-26,34
PYT,Centro 2,Online,2025-05-26,32
ING,Centro 2,Hybrid,2025-05-26,31
EXC,Centro 2,Hybrid,2025-05-26,30
GER,Centro 2,In-person,2025-05-26,30
LID,Centro 1,In-person,2025-05-26,30
SST,Centro 1,In-person,2025-05-26,30
MNT,Centro 5,In-person,2025-05-26,26
TUR,Centro 4,Hybrid,2025-05-26,26
CYB,Centro 4,In-person,2025-05-26,24
INF,Centro 3,Hybrid,2025-05-26,24
PYT,Centro 3,Hybrid,2025-05-26,24
PRI,Centro 3,In-person,2025-05-26,21
EXC,Centro 4,Hybrid,2025-05-26,20
PYT,Centro 4,Online,2025-05-26,20
VND,Centro 1,In-person,2025-05-26,20
HAC,Centro 4,In-person,2025-05-26,19
SOC,Centro 3,Hybrid,2025-05-26,18
HAC,Centro 4,Online,2025-05-26,17
EMP,Centro 5,In-person,2025-05-26,15
SCI,Centro 5,Hybrid,2025-05-26,15
SEG,Centro 3,Online,2025-05-26,15
CYB,Centro 1,Online,2025-05-26,14
HCP,Centro 2,In-person,2025-05-26,14
ING,Centro 1,Hybrid,2025-05-26,14
FOR,Centro 2,In-person,2025-05-26,13
SEG,Centro 5,In-person,2025-05-26,13
CYB,Centro 1,In-person,2025-05-26,12
PBI,Centro 2,Hybrid,2025-05-26,12
PYT,Centro 1,Hybrid,2025-05-26,12
HOT,Centro 4,In-person,2025-05-26,11
LOG,Centro 4,Hybrid,2025-05-26,11
EMP,Centro 2,In-person,2025-05-26,10
EXC,Centro 1,Online,2025-05-26,10
LOG,Centro 5,In-person,2025-05-26,10
MNT,Centro 2,In-person,2025-05-26,10
PBI,Centro 2,Online,2025-05-26,10
CYB,Centro 5,Online,2025-05-26,9
HAC,Centro 4,Hybrid,2025-05-26,9
PYT,Centro 3,Online,2025-05-26,9
EXC,Centro 2,Online,2025-05-26,8
HCP,Centro 1,Hybrid,2025-05-26,8
HCP,Centro 5,Hybrid,2025-05-26,8
HOT,Centro 1,In-person,2025-05-26,8
GER,Centro 5,In-person,2025-05-26,7
LID,Centro 1,Online,2025-05-26,7
SOC,Centro 5,In-person,2025-05-26,7
TUR,Centro 1,In-person,2025-05-26,7
VND,Centro 3,In-person,2025-05-26,7
SEG,Centro 1,In-person,2025-05-26,6
EXC,Centro 4,In-person,2025-05-26,4
HCP,Centro 3,Hybrid,2025-05-26,4
HOT,Centro 5,In-person,2025-05-26,4
PRI,Centro 5,Hybrid,2025-05-26,4
PYT,Centro 2,Hybrid,2025-05-26,4
SEG,Centro 4,In-person,2025-05-26,4
SST,Centro 4,Online,2025-05-26,4
EXC,Centro 2,In-person,2025-05-26,3
GER,Centro 1,Hybrid,2025-05-26,3
SOC,Centro 4,In-person,2025-05-26,3
SST,Centro 5,In-person,2025-05-26,3
PBI,Centro 4,Online,2025-06-02,128
ING,Centro 4,Online,2025-06-02,111
PYT,Centro 2,Online,2025-06-02,77
CYB,Centro 1,In-person,2025-06-02,74
ING,Centro 5,Hybrid,2025-06-02,68
PBI,Centro 2,Hybrid,2025-06-02,68
CYB,Centro 4,Hybrid,2025-06-02,64
VND,Centro 4,Hybrid,2025-06-02,63
LID,Centro 5,Online,2025-06-02,61
SCI,Centro 3,In-person,2025-06-02,61
SST,Centro 5,In-person,2025-06-02,60
LOG,Centro 5,In-person,2025-06-02,58
PBI,Centro 2,Online,2025-06-02,57
VND,Centro 1,In-person,2025-06-02,57
SOC,Centro 2,In-person,2025-06-02,55
CYB,Centro 4,Online,2025-06-02,54
EMP,Centro 1,In-person,2025-06-02,51
LID,Centro 1,In-person,2025-06-02,51
LOG,Centro 3,Hybrid,2025-06-02,51
CYB,Centro 3,Online,2025-06-02,46
PRI,Centro 2,In-person,2025-06-02,46
EXC,Centro 3,Hybrid,2025-06-02,45
HCP,Centro 1,In-person,2025-06-02,44
GES,Centro 4,Hybrid,2025-06-02,42
HAC,Centro 1,Hybrid,2025-06-02,40
GER,Centro 3,Hybrid,2025-06-02,38
EXC,Centro 3,In-person,2025-06-02,36
SEG,Centro 1,Hybrid,2025-06-02,36
GES,Centro 5,In-person,2025-06-02,35
ING,Centro 2,Hybrid,2025-06-02,35
HAC,Centro 3,Online,2025-06-02,34
CYB,Centro 1,Hybrid,2025-06-02,33
EXC,Centro 5,Online,2025-06-02,32
SEG,Centro 4,Hybrid,2025-06-02,28
FOR,Centro 2,Online,2025-06-02,27
SEG,Centro 1,Online,2025-06-02,27
GER,Centro 1,Hybrid,2025-06-02,25
VND,Centro 2,Hybrid,2025-06-02,25
HCP,Centro 5,Hybrid,2025-06-02,24
PRO,Centro 3,In-person,2025-06-02,24
SCI,Centro 1,Hybrid,2025-06-02,24
SST,Centro 4,In-person,2025-06-02,24
PBI,Centro 1,Online,2025-06-02,22
SOC,Centro 3,Hybrid,2025-06-02,22
FOR,Centro 3,Hybrid,2025-06-02,21
HOT,Centro 2,In-person,2025-06-02,21
EMP,Centro 4,In-person,2025-06-02,20
VND,Centro 1,Online,2025-06-02,20
LID,Centro 4,In-person,2025-06-02,16
CYB,Centro 2,In-person,2025-06-02,15
PBI,Centro 5,Hybrid,2025-06-02,15
PBI,Centro 1,Hybrid,2025-06-02,14
SOC,Centro 3,In-person,2025-06-02,14
CYB,Centro 2,Hybrid,2025-06-02,13
CYB,Centro 4,In-person,2025-06-02,12
MNT,Centro 1,In-person,2025-06-02,12
HAC,Centro 4,In-person,2025-06-02,11
SST,Centro 2,In-person,2025-06-02,11
EXC,Centro 1,Online,2025-06-02,10
INF,Centro 1,In-person,2025-06-02,10
PBI,Centro 4,In-person,2025-06-02,10
PRI,Centro 4,Hybrid,2025-06-02,10
SST,Centro 1,In-person,2025-06-02,10
CYB,Centro 2,Online,2025-06-02,9
PRI,Centro 3,Hybrid,2025-06-02,9
PYT,Centro 3,Hybrid,2025-06-02,9
TUR,Centro 2,In-person,2025-06-02,9
CYB,Centro 5,In-person,2025-06-02,8
FOR,Centro 3,Online,2025-06-02,8
GER,Centro 1,In-person,2025-06-02,8
PBI,Centro 3,Online,2025-06-02,8
PRO,Centro 4,In-person,2025-06-02,8
SCI,Centro 5,Hybrid,2025-06-02,8
GES,Centro 5,Online,2025-06-02,7
HCP,Centro 1,Hybrid,2025-06-02,7
EXC,Centro 5,In-person,2025-06-02,6
HAC,Centro 1,Online,2025-06-02,6
MNT,Centro 2,In-person,2025-06-02,6
SEG,Centro 2,Hybrid,2025-06-02,6
VND,Centro 4,In-person,2025-06-02,6
CYB,Centro 1,Online,2025-06-02,5
CYB,Centro 5,Online,2025-06-02,5
HAC,Centro 2,Hybrid,2025-06-02,5
ING,Centro 5,Online,2025-06-02,5
TUR,Centro 5,In-person,2025-06-02,5
EXC,Centro 3,Online,2025-06-02,4
EXC,Centro 2,In-person,2025-06-02,4
HAC,Centro 3,Hybrid,2025-06-02,4
LID,Centro 2,Online,2025-06-02,4
LOG,Centro 2,In-person,2025-06-02,4
MNT,Centro 5,In-person,2025-06-02,4
PRI,Centro 5,Hybrid,2025-06-02,4
SOC,Centro 4,Hybrid,2025-06-02,4
EMP,Centro 3,In-person,2025-06-02,3
EMP,Centro 5,In-person,2025-06-02,3
HOT,Centro 3,In-person,2025-06-02,3
INF,Centro 1,Hybrid,2025-06-02,3
LOG,Centro 1,In-person,2025-06-02,3
MNT,Centro 4,In-person,2025-06-02,3
TUR,Centro 4,Hybrid,2025-06-02,3
PRI,Centro 1,Hybrid,2025-06-02,1
SST,Centro 4,Online,2025-06-02,1
TUR,Centro 5,In-person,2025-06-09,117
GES,Centro 2,Online,2025-06-09,115
GER,Centro 3,Hybrid,2025-06-09,92
CYB,Centro 4,Online,2025-06-09,88
MNT,Centro 5,In-person,2025-06-09,74
VND,Centro 1,Hybrid,2025-06-09,71
FOR,Centro 2,Hybrid,2025-06-09,65
SST,Centro 5,Online,2025-06-09,64
INF,Centro 5,In-person,2025-06-09,59
SEG,Centro 5,In-person,2025-06-09,59
LID,Centro 4,Online,2025-06-09,57
EXC,Centro 2,Online,2025-06-09,53
EXC,Centro 4,In-person,2025-06-09,53
FOR,Centro 3,Hybrid,2025-06-09,52
CYB,Centro 1,In-person,2025-06-09,48
PRI,Centro 2,In-person,2025-06-09,47
SEG,Centro 3,Online,2025-06-09,47
SST,Centro 2,In-person,2025-06-09,47
GER,Centro 1,Hybrid,2025-06-09,46
LID,Centro 4,In-person,2025-06-09,44
VND,Centro 1,Online,2025-06-09,44
MNT,Centro 1,In-person,2025-06-09,43
GES,Centro 2,Hybrid,2025-06-09,42
LOG,Centro 2,Hybrid,2025-06-09,42
LOG,Centro 5,Hybrid,2025-06-09,41
MNT,Centro 2,In-person,2025-06-09,41
CYB,Centro 1,Hybrid,2025-06-09,40
GER,Centro 4,Hybrid,2025-06-09,40
CYB,Centro 5,In-person,2025-06-09,37
FOR,Centro 5,Online,2025-06-09,37
GES,Centro 3,Hybrid,2025-06-09,35
HAC,Centro 4,Hybrid,2025-06-09,35
LOG,Centro 1,Hybrid,2025-06-09,34
FOR,Centro 2,Online,2025-06-09,32
PRO,Centro 4,In-person,2025-06-09,31
PYT,Centro 3,In-person,2025-06-09,31
EXC,Centro 2,Hybrid,2025-06-09,30
PYT,Centro 2,Online,2025-06-09,30
VND,Centro 4,Online,2025-06-09,30
SST,Centro 4,In-person,2025-06-09,29
CYB,Centro 2,Hybrid,2025-06-09,28
EXC,Centro 5,In-person,2025-06-09,27
PBI,Centro 1,Online,2025-06-09,27
GER,Centro 2,In-person,2025-06-09,25
HOT,Centro 2,In-person,2025-06-09,24
FOR,Centro 3,Online,2025-06-09,23
EMP,Centro 5,In-person,2025-06-09,22
GER,Centro 5,In-person,2025-06-09,22
CYB,Centro 3,Online,2025-06-09,21
GES,Centro 4,Online,2025-06-09,21
PYT,Centro 1,Hybrid,2025-06-09,21
EXC,Centro 1,Online,2025-06-09,19
HOT,Centro 5,In-person,2025-06-09,19
LOG,Centro 3,In-person,2025-06-09,19
LOG,Centro 5,In-person,2025-06-09,19
PBI,Centro 4,Online,2025-06-09,19
SCI,Centro 1,In-person,2025-06-09,19
SCI,Centro 2,In-person,2025-06-09,19
PBI,Centro 4,Hybrid,2025-06-09,18
PRO,Centro 5,In-person,2025-06-09,18
PYT,Centro 2,Hybrid,2025-06-09,18
LOG,Centro 4,In-person,2025-06-09,17
PBI,Centro 3,Online,2025-06-09,16
SOC,Centro 5,In-person,2025-06-09,16
SST,Centro 3,In-person,2025-06-09,16
HAC,Centro 2,Hybrid,2025-06-09,15
LID,Centro 1,In-person,2025-06-09,15
SOC,Centro 3,Hybrid,2025-06-09,15
GER,Centro 3,In-person,2025-06-09,14
ING,Centro 5,In-person,2025-06-09,14
PBI,Centro 1,Hybrid,2025-06-09,14
PYT,Centro 4,Online,2025-06-09,14
TUR,Centro 2,In-person,2025-06-09,13
HOT,Centro 3,Hybrid,2025-06-09,12
INF,Centro 4,Hybrid,2025-06-09,12
PRI,Centro 1,Hybrid,2025-06-09,12
PRO,Centro 1,Hybrid,2025-06-09,12
PYT,Centro 1,Online,2025-06-09,11
SCI,Centro 1,Hybrid,2025-06-09,11
SEG,Centro 4,In-person,2025-06-09,11
VND,Centro 5,In-person,2025-06-09,11
LID,Centro 2,Online,2025-06-09,10
LOG,Centro 3,Hybrid,2025-06-09,10
PBI,Centro 4,In-person,2025-06-09,10
EXC,Centro 3,Online,2025-06-09,9
CYB,Centro 2,In-person,2025-06-09,8
MNT,Centro 3,In-person,2025-06-09,7
SCI,Centro 5,Hybrid,2025-06-09,7
SEG,Centro 4,Online,2025-06-09,7
SEG,Centro 2,In-person,2025-06-09,7
EXC,Centro 5,Hybrid,2025-06-09,6
HCP,Centro 2,Hybrid,2025-06-09,6
PBI,Centro 2,Online,2025-06-09,6
SST,Centro 5,In-person,2025-06-09,6
CYB,Centro 1,Online,2025-06-09,5
LID,Centro 5,Hybrid,2025-06-09,5
EXC,Centro 3,Hybrid,2025-06-09,4
EXC,Centro 2,In-person,2025-06-09,4
GES,Centro 5,Online,2025-06-09,4
HAC,Centro 1,Hybrid,2025-06-09,4
MNT,Centro 4,In-person,2025-06-09,4
PBI,Centro 5,Hybrid,2025-06-09,4
PBI,Centro 2,In-person,2025-06-09,4
HAC,Centro 3,Hybrid,2025-06-09,3
HCP,Centro 1,In-person,2025-06-09,3
PRI,Centro 3,In-person,2025-06-09,3
SOC,Centro 4,In-person,2025-06-09,3
EXC,Centro 3,Online,2025-06-16,161
CYB,Centro 3,Online,2025-06-16,80
GES,Centro 2,Online,2025-06-16,80
GER,Centro 1,In-person,2025-06-16,79
PRI,Centro 5,Hybrid,2025-06-16,77
FOR,Centro 3,Online,2025-06-16,72
SOC,Centro 2,In-person,2025-06-16,67
SEG,Centro 4,Online,2025-06-16,66
GER,Centro 3,In-person,2025-06-16,65
SOC,Centro 3,Hybrid,2025-06-16,65
VND,Centro 1,Online,2025-06-16,62
CYB,Centro 4,Online,2025-06-16,61
GER,Centro 3,Hybrid,2025-06-16,61
HCP,Centro 2,Hybrid,2025-06-16,60
MNT,Centro 3,In-person,2025-06-16,60
PBI,Centro 1,Hybrid,2025-06-16,60
PYT,Centro 5,Hybrid,2025-06-16,59
MNT,Centro 2,In-person,2025-06-16,58
PRI,Centro 3,In-person,2025-06-16,58
GES,Centro 2,Hybrid,2025-06-16,54
PYT,Centro 2,Online,2025-06-16,53
PBI,Centro 5,Hybrid,2025-06-16,47
MNT,Centro 1,In-person,2025-06-16,46
INF,Centro 2,In-person,2025-06-16,45
SOC,Centro 4,In-person,2025-06-16,44
ING,Centro 2,Hybrid,2025-06-16,43
PBI,Centro 2,In-person,2025-06-16,43
CYB,Centro 3,Hybrid,2025-06-16,42
LOG,Centro 4,Hybrid,2025-06-16,41
SST,Centro 2,Hybrid,2025-06-16,41
LID,Centro 4,In-person,2025-06-16,40
PRI,Centro 1,Hybrid,2025-06-16,39
CYB,Centro 4,Hybrid,2025-06-16,38
LOG,Centro 2,In-person,2025-06-16,38
SST,Centro 4,In-person,2025-06-16,38
LID,Centro 4,Hybrid,2025-06-16,37
SST,Centro 3,In-person,2025-06-16,36
GES,Centro 4,Hybrid,2025-06-16,35
EXC,Centro 3,Hybrid,2025-06-16,34
HOT,Centro 5,In-person,2025-06-16,32
PYT,Centro 1,Online,2025-06-16,32
HOT,Centro 2,In-person,2025-06-16,29
SST,Centro 5,Online,2025-06-16,29
EMP,Centro 1,In-person,2025-06-16,26
HAC,Centro 1,In-person,2025-06-16,26
MNT,Centro 5,In-person,2025-06-16,23
PRO,Centro 4,In-person,2025-06-16,23
SCI,Centro 1,Hybrid,2025-06-16,23
CYB,Centro 5,In-person,2025-06-16,21
INF,Centro 1,In-person,2025-06-16,21
TUR,Centro 5,Hybrid,2025-06-16,21
FOR,Centro 2,Online,2025-06-16,20
EXC,Centro 2,Online,2025-06-16,19
GES,Centro 4,Online,2025-06-16,19
VND,Centro 1,Hybrid,2025-06-16,19
PBI,Centro 3,Online,2025-06-16,17
EXC,Centro 2,Hybrid,2025-06-16,16
HCP,Centro 1,In-person,2025-06-16,16
SEG,Centro 1,In-person,2025-06-16,15
MNT,Centro 4,In-person,2025-06-16,13
SST,Centro 3,Online,2025-06-16,13
HCP,Centro 3,In-person,2025-06-16,12
LID,Centro 2,In-person,2025-06-16,11
EXC,Centro 1,In-person,2025-06-16,10
LOG,Centro 3,In-person,2025-06-16,10
SOC,Centro 4,Hybrid,2025-06-16,10
HCP,Centro 5,Hybrid,2025-06-16,9
FOR,Centro 2,Hybrid,2025-06-16,8
HAC,Centro 4,Online,2025-06-16,8
EMP,Centro 3,In-person,2025-06-16,7
HAC,Centro 2,Hybrid,2025-06-16,7
HOT,Centro 2,Hybrid,2025-06-16,7
INF,Centro 3,Hybrid,2025-06-16,7
EXC,Centro 3,In-person,2025-06-16,6
PRI,Centro 2,In-person,2025-06-16,6
CYB,Centro 5,Online,2025-06-16,5
GES,Centro 1,Online,2025-06-16,5
PRO,Centro 5,In-person,2025-06-16,5
SCI,Centro 1,In-person,2025-06-16,5
VND,Centro 1,In-person,2025-06-16,5
EXC,Centro 2,In-person,2025-06-16,4
FOR,Centro 3,Hybrid,2025-06-16,4
GER,Centro 1,Hybrid,2025-06-16,4
HAC,Centro 4,Hybrid,2025-06-16,4
INF,Centro 5,In-person,2025-06-16,4
LOG,Centro 1,In-person,2025-06-16,4
SOC,Centro 1,In-person,2025-06-16,4
EXC,Centro 5,In-person,2025-06-16,3
LOG,Centro 4,In-person,2025-06-16,3
SCI,Centro 2,In-person,2025-06-16,3
SEG,Centro 2,Online,2025-06-16,3
VND,Centro 4,Online,2025-06-23,132
SOC,Centro 4,In-person,2025-06-23,117
MNT,Centro 2,In-person,2025-06-23,95
PBI,Centro 4,Online,2025-06-23,84
CYB,Centro 5,Online,2025-06-23,80
SOC,Centro 1,Hybrid,2025-06-23,80
SEG,Centro 1,In-person,2025-06-23,78
PBI,Centro 3,Online,2025-06-23,77
PRI,Centro 2,In-person,2025-06-23,73
FOR,Centro 3,Hybrid,2025-06-23,72
HAC,Centro 1,Online,2025-06-23,71
VND,Centro 1,Online,2025-06-23,68
CYB,Centro 4,Online,2025-06-23,65
PRO,Centro 2,Online,2025-06-23,64
HCP,Centro 5,In-person,2025-06-23,62
INF,Centro 3,In-person,2025-06-23,61
SST,Centro 1,Hybrid,2025-06-23,60
EMP,Centro 3,In-person,2025-06-23,58
PBI,Centro 4,In-person,2025-06-23,57
INF,Centro 4,In-person,2025-06-23,56
SCI,Centro 1,In-person,2025-06-23,55
LOG,Centro 5,In-person,2025-06-23,53
SEG,Centro 5,Hybrid,2025-06-23,52
FOR,Centro 2,Hybrid,2025-06-23,51
FOR,Centro 1,In-person,2025-06-23,51
PRO,Centro 5,In-person,2025-06-23,51
PYT,Centro 3,In-person,2025-06-23,51
TUR,Centro 4,In-person,2025-06-23,50
PYT,Centro 2,Online,2025-06-23,48
PYT,Centro 2,Hybrid,2025-06-23,47
PYT,Centro 1,Hybrid,2025-06-23,46
LOG,Centro 1,In-person,2025-06-23,44
TUR,Centro 1,Hybrid,2025-06-23,43
HOT,Centro 2,In-person,2025-06-23,41
PRO,Centro 3,Online,2025-06-23,39
PRO,Centro 1,Hybrid,2025-06-23,39
SCI,Centro 2,Hybrid,2025-06-23,39
SST,Centro 4,Online,2025-06-23,39
SCI,Centro 5,Hybrid,2025-06-23,38
CYB,Centro 1,Online,2025-06-23,37
GER,Centro 4,Hybrid,2025-06-23,37
EMP,Centro 1,In-person,2025-06-23,35
HCP,Centro 3,In-person,2025-06-23,35
LID,Centro 3,Online,2025-06-23,35
VND,Centro 4,In-person,2025-06-23,35
EMP,Centro 4,In-person,2025-06-23,33
SEG,Centro 2,Online,2025-06-23,32
VND,Centro 5,In-person,2025-06-23,30
HAC,Centro 5,In-person,2025-06-23,28
GER,Centro 5,In-person,2025-06-23,27
HOT,Centro 2,Hybrid,2025-06-23,27
PRI,Centro 5,Hybrid,2025-06-23,27
FOR,Centro 3,Online,2025-06-23,26
MNT,Centro 1,In-person,2025-06-23,26
GER,Centro 1,Hybrid,2025-06-23,25
GER,Centro 3,In-person,2025-06-23,25
SEG,Centro 4,Hybrid,2025-06-23,24
GES,Centro 1,Hybrid,2025-06-23,23
ING,Centro 2,Hybrid,2025-06-23,23
PRI,Centro 1,Hybrid,2025-06-23,23
HCP,Centro 5,Hybrid,2025-06-23,21
SOC,Centro 1,In-person,2025-06-23,21
INF,Centro 2,Hybrid,2025-06-23,20
MNT,Centro 3,In-person,2025-06-23,20
PRI,Centro 3,In-person,2025-06-23,20
HAC,Centro 1,In-person,2025-06-23,19
PYT,Centro 5,Hybrid,2025-06-23,19
LID,Centro 2,In-person,2025-06-23,17
HAC,Centro 3,Hybrid,2025-06-23,15
LOG,Centro 5,Hybrid,2025-06-23,15
CYB,Centro 3,Online,2025-06-23,14
PRI,Centro 1,In-person,2025-06-23,14
VND,Centro 3,Online,2025-06-23,14
EXC,Centro 2,Online,2025-06-23,13
SEG,Centro 5,In-person,2025-06-23,13
PBI,Centro 2,Hybrid,2025-06-23,12
TUR,Centro 2,In-person,2025-06-23,12
LID,Centro 3,In-person,2025-06-23,11
PRO,Centro 2,Hybrid,2025-06-23,11
PRO,Centro 3,In-person,2025-06-23,11
INF,Centro 3,Hybrid,2025-06-23,10
PYT,Centro 1,Online,2025-06-23,10
CYB,Centro 5,In-person,2025-06-23,9
INF,Centro 2,In-person,2025-06-23,9
LOG,Centro 3,In-person,2025-06-23,9
SST,Centro 2,Hybrid,2025-06-23,9
HAC,Centro 1,Hybrid,2025-06-23,8
SST,Centro 2,In-person,2025-06-23,8
EXC,Centro 3,Online,2025-06-23,6
HOT,Centro 5,In-person,2025-06-23,6
FOR,Centro 2,Online,2025-06-23,5
GES,Centro 1,In-person,2025-06-23,5
LID,Centro 2,Online,2025-06-23,5
LID,Centro 4,In-person,2025-06-23,5
SOC,Centro 5,In-person,2025-06-23,5
TUR,Centro 5,In-person,2025-06-23,5
CYB,Centro 1,Hybrid,2025-06-23,4
CYB,Centro 1,In-person,2025-06-23,4
GER,Centro 3,Hybrid,2025-06-23,4
GES,Centro 5,In-person,2025-06-23,4
LID,Centro 5,Hybrid,2025-06-23,4
LOG,Centro 2,In-person,2025-06-23,4
LOG,Centro 4,In-person,2025-06-23,4
PBI,Centro 4,Hybrid,2025-06-23,4
PYT,Centro 5,In-person,2025-06-23,4
GER,Centro 1,In-person,2025-06-23,3
GER,Centro 4,In-person,2025-06-23,3
HCP,Centro 1,In-person,2025-06-23,3
INF,Centro 1,In-person,2025-06-23,3
SOC,Centro 4,Hybrid,2025-06-23,3
CYB,Centro 1,Online,2025-06-30,195
CYB,Centro 4,Online,2025-06-30,169
PRO,Centro 2,Online,2025-06-30,168
LOG,Centro 1,Hybrid,2025-06-30,146
PYT,Centro 1,Online,2025-06-30,116
SST,Centro 3,Online,2025-06-30,90
MNT,Centro 5,In-person,2025-06-30,88
INF,Centro 2,Hybrid,2025-06-30,76
VND,Centro 4,Hybrid,2025-06-30,76
SEG,Centro 5,In-person,2025-06-30,74
PRI,Centro 1,In-person,2025-06-30,69
EXC,Centro 2,Online,2025-06-30,67
HCP,Centro 3,In-person,2025-06-30,63
EXC,Centro 1,Online,2025-06-30,60
EXC,Centro 5,Online,2025-06-30,60
FOR,Centro 5,Online,2025-06-30,59
GES,Centro 1,Hybrid,2025-06-30,58
FOR,Centro 3,Hybrid,2025-06-30,55
SEG,Centro 3,Hybrid,2025-06-30,55
MNT,Centro 2,In-person,2025-06-30,52
PRI,Centro 5,In-person,2025-06-30,50
HAC,Centro 1,In-person,2025-06-30,45
PYT,Centro 4,Online,2025-06-30,45
LOG,Centro 4,Hybrid,2025-06-30,43
EXC,Centro 3,Online,2025-06-30,42
EXC,Centro 2,In-person,2025-06-30,42
EXC,Centro 5,In-person,2025-06-30,42
MNT,Centro 1,In-person,2025-06-30,40
PRI,Centro 1,Hybrid,2025-06-30,40
GES,Centro 5,Online,2025-06-30,38
SOC,Centro 1,In-person,2025-06-30,38
EMP,Centro 4,In-person,2025-06-30,37
FOR,Centro 1,In-person,2025-06-30,36
FOR,Centro 2,Hybrid,2025-06-30,33
CYB,Centro 3,Online,2025-06-30,32
LID,Centro 1,In-person,2025-06-30,32
SEG,Centro 1,Hybrid,2025-06-30,32
SCI,Centro 3,Hybrid,2025-06-30,31
CYB,Centro 5,In-person,2025-06-30,30
SEG,Centro 4,In-person,2025-06-30,30
LID,Centro 4,Hybrid,2025-06-30,29
PYT,Centro 5,In-person,2025-06-30,29
SST,Centro 4,In-person,2025-06-30,29
CYB,Centro 1,Hybrid,2025-06-30,28
LOG,Centro 2,In-person,2025-06-30,28
EXC,Centro 2,Hybrid,2025-06-30,27
EXC,Centro 4,In-person,2025-06-30,27
PRI,Centro 3,In-person,2025-06-30,27
SEG,Centro 4,Hybrid,2025-06-30,27
INF,Centro 3,Hybrid,2025-06-30,26
PRI,Centro 2,In-person,2025-06-30,26
MNT,Centro 3,In-person,2025-06-30,25
SCI,Centro 1,In-person,2025-06-30,25
VND,Centro 4,In-person,2025-06-30,24
VND,Centro 2,Online,2025-06-30,22
GES,Centro 4,Hybrid,2025-06-30,21
LOG,Centro 1,In-person,2025-06-30,21
INF,Centro 1,In-person,2025-06-30,20
PRO,Centro 3,In-person,2025-06-30,20
GER,Centro 1,Hybrid,2025-06-30,19
TUR,Centro 2,In-person,2025-06-30,19
CYB,Centro 4,Hybrid,2025-06-30,18
CYB,Centro 3,Hybrid,2025-06-30,17
FOR,Centro 2,In-person,2025-06-30,17
HOT,Centro 4,In-person,2025-06-30,17
PYT,Centro 2,Online,2025-06-30,17
HOT,Centro 3,In-person,2025-06-30,15
LID,Centro 4,Online,2025-06-30,14
PYT,Centro 5,Hybrid,2025-06-30,14
GER,Centro 3,In-person,2025-06-30,13
LID,Centro 2,In-person,2025-06-30,13
FOR,Centro 2,Online,2025-06-30,12
LOG,Centro 4,In-person,2025-06-30,12
SST,Centro 5,In-person,2025-06-30,10
HAC,Centro 1,Online,2025-06-30,9
PBI,Centro 5,Hybrid,2025-06-30,9
HCP,Centro 4,In-person,2025-06-30,8
PBI,Centro 1,Hybrid,2025-06-30,8
GER,Centro 4,Hybrid,2025-06-30,7
EMP,Centro 1,In-person,2025-06-30,6
PBI,Centro 4,Hybrid,2025-06-30,6
GES,Centro 1,Online,2025-06-30,5
PBI,Centro 3,Online,2025-06-30,5
EMP,Centro 2,In-person,2025-06-30,4
HAC,Centro 1,Hybrid,2025-06-30,4
HCP,Centro 1,In-person,2025-06-30,4
INF,Centro 2,In-person,2025-06-30,4
SOC,Centro 4,In-person,2025-06-30,4
TUR,Centro 5,Hybrid,2025-06-30,4
TUR,Centro 5,In-person,2025-06-30,4
VND,Centro 5,In-person,2025-06-30,4
GER,Centro 1,In-person,2025-06-30,3
INF,Centro 5,In-person,2025-06-30,3
ING,Centro 2,Hybrid,2025-06-30,3
PBI,Centro 4,Online,2025-06-30,3
SOC,Centro 5,In-person,2025-06-30,3
SST,Centro 5,Hybrid,2025-06-30,3
MNT,Centro 1,In-person,2025-07-07,159
LID,Centro 3,In-person,2025-07-07,144
PBI,Centro 4,Online,2025-07-07,139
PBI,Centro 2,Online,2025-07-07,111
PYT,Centro 2,Online,2025-07-07,106
PBI,Centro 2,Hybrid,2025-07-07,101
FOR,Centro 4,In-person,2025-07-07,98
EXC,Centro 5,Hybrid,2025-07-07,84
SEG,Centro 2,Online,2025-07-07,84
VND,Centro 2,Online,2025-07-07,75
PBI,Centro 5,Online,2025-07-07,70
HCP,Centro 4,In-person,2025-07-07,69
VND,Centro 4,Hybrid,2025-07-07,69
EXC,Centro 2,Online,2025-07-07,68
SOC,Centro 4,Hybrid,2025-07-07,68
TUR,Centro 5,Hybrid,2025-07-07,68
PBI,Centro 4,Hybrid,2025-07-07,67
SEG,Centro 1,Online,2025-07-07,61
PRI,Centro 5,In-person,2025-07-07,60
SST,Centro 4,Hybrid,2025-07-07,60
PRI,Centro 2,In-person,2025-07-07,58
FOR,Centro 2,Online,2025-07-07,56
CYB,Centro 3,Hybrid,2025-07-07,55
PRO,Centro 3,Online,2025-07-07,54
VND,Centro 3,Online,2025-07-07,54
MNT,Centro 2,In-person,2025-07-07,52
LID,Centro 2,In-person,2025-07-07,50
HOT,Centro 5,In-person,2025-07-07,44
SST,Centro 4,Online,2025-07-07,44
MNT,Centro 4,In-person,2025-07-07,43
CYB,Centro 1,Online,2025-07-07,42
HOT,Centro 2,In-person,2025-07-07,41
SOC,Centro 5,In-person,2025-07-07,38
TUR,Centro 3,Hybrid,2025-07-07,37
GER,Centro 3,In-person,2025-07-07,35
ING,Centro 3,Online,2025-07-07,35
SOC,Centro 2,Hybrid,2025-07-07,33
INF,Centro 3,Hybrid,2025-07-07,32
INF,Centro 1,In-person,2025-07-07,30
INF,Centro 5,In-person,2025-07-07,30
LOG,Centro 2,In-person,2025-07-07,30
SOC,Centro 3,In-person,2025-07-07,30
HAC,Centro 5,In-person,2025-07-07,29
FOR,Centro 3,In-person,2025-07-07,26
LID,Centro 4,Online,2025-07-07,24
PYT,Centro 2,Hybrid,2025-07-07,23
MNT,Centro 5,In-person,2025-07-07,21
PYT,Centro 1,Online,2025-07-07,21
HCP,Centro 3,In-person,2025-07-07,19
LOG,Centro 5,In-person,2025-07-07,19
EXC,Centro 2,Hybrid,2025-07-07,17
EXC,Centro 2,In-person,2025-07-07,17
LOG,Centro 4,In-person,2025-07-07,17
CYB,Centro 5,Online,2025-07-07,16
EXC,Centro 1,In-person,2025-07-07,16
ING,Centro 3,Hybrid,2025-07-07,15
LOG,Centro 1,In-person,2025-07-07,15
SEG,Centro 5,In-person,2025-07-07,15
HAC,Centro 1,In-person,2025-07-07,13
VND,Centro 4,In-person,2025-07-07,13
PRO,Centro 1,Hybrid,2025-07-07,12
PBI,Centro 1,Hybrid,2025-07-07,11
PBI,Centro 3,Hybrid,2025-07-07,11
PRO,Centro 5,Online,2025-07-07,11
SST,Centro 1,In-person,2025-07-07,10
SST,Centro 3,In-person,2025-07-07,10
SST,Centro 5,Online,2025-07-07,9
LID,Centro 4,Hybrid,2025-07-07,8
LID,Centro 4,In-person,2025-07-07,8
PRI,Centro 1,In-person,2025-07-07,8
GER,Centro 4,Hybrid,2025-07-07,7
HAC,Centro 1,Online,2025-07-07,7
PRI,Centro 3,In-person,2025-07-07,7
EMP,Centro 2,In-person,2025-07-07,6
SCI,Centro 2,In-person,2025-07-07,6
SST,Centro 1,Hybrid,2025-07-07,6
TUR,Centro 4,In-person,2025-07-07,6
GES,Centro 5,Online,2025-07-07,5
LID,Centro 5,Hybrid,2025-07-07,5
CYB,Centro 1,Hybrid,2025-07-07,4
EXC,Centro 3,Hybrid,2025-07-07,4
GER,Centro 2,In-person,2025-07-07,4
GER,Centro 4,In-person,2025-07-07,4
GES,Centro 1,Online,2025-07-07,4
GES,Centro 4,Hybrid,2025-07-07,4
SEG,Centro 1,In-person,2025-07-07,4
SEG,Centro 4,In-person,2025-07-07,4
TUR,Centro 1,Hybrid,2025-07-07,4
GER,Centro 1,In-person,2025-07-07,3
HCP,Centro 1,In-person,2025-07-07,3
INF,Centro 3,In-person,2025-07-07,3
SST,Centro 1,Online,2025-07-07,3
SST,Centro 5,In-person,2025-07-07,3
GER,Centro 3,Hybrid,2025-07-14,108
LOG,Centro 3,Hybrid,2025-07-14,96
VND,Centro 3,In-person,2025-07-14,80
EMP,Centro 4,In-person,2025-07-14,74
EXC,Centro 1,In-person,2025-07-14,74
INF,Centro 3,In-person,2025-07-14,73
LID,Centro 3,Online,2025-07-14,69
LOG,Centro 3,In-person,2025-07-14,67
SCI,Centro 1,In-person,2025-07-14,66
GES,Centro 4,Hybrid,2025-07-14,64
EXC,Centro 3,Online,2025-07-14,63
EXC,Centro 4,In-person,2025-07-14,61
PYT,Centro 4,Online,2025-07-14,60
PBI,Centro 2,Online,2025-07-14,55
HCP,Centro 5,In-person,2025-07-14,51
ING,Centro 3,Hybrid,2025-07-14,51
GER,Centro 4,In-person,2025-07-14,50
HAC,Centro 3,In-person,2025-07-14,49
PYT,Centro 2,Hybrid,2025-07-14,49
SCI,Centro 3,Hybrid,2025-07-14,48
HOT,Centro 3,Hybrid,2025-07-14,47
SOC,Centro 4,Hybrid,2025-07-14,47
LOG,Centro 4,Hybrid,2025-07-14,45
CYB,Centro 4,Hybrid,2025-07-14,41
PYT,Centro 1,Online,2025-07-14,41
SEG,Centro 2,Online,2025-07-14,41
PRI,Centro 3,In-person,2025-07-14,40
PYT,Centro 5,In-person,2025-07-14,40
MNT,Centro 1,In-person,2025-07-14,39
PRO,Centro 3,Online,2025-07-14,36
ING,Centro 3,Online,2025-07-14,35
SOC,Centro 2,In-person,2025-07-14,35
SOC,Centro 4,In-person,2025-07-14,33
FOR,Centro 3,Online,2025-07-14,31
GER,Centro 3,In-person,2025-07-14,31
ING,Centro 5,In-person,2025-07-14,31
HAC,Centro 1,In-person,2025-07-14,30
PRI,Centro 2,In-person,2025-07-14,30
PBI,Centro 5,Online,2025-07-14,26
HOT,Centro 2,Hybrid,2025-07-14,25
TUR,Centro 3,Hybrid,2025-07-14,25
MNT,Centro 5,In-person,2025-07-14,24
LID,Centro 3,In-person,2025-07-14,23
PRO,Centro 1,Hybrid,2025-07-14,23
CYB,Centro 3,Hybrid,2025-07-14,21
EXC,Centro 5,Hybrid,2025-07-14,21
LOG,Centro 5,In-person,2025-07-14,21
VND,Centro 1,Online,2025-07-14,20
GES,Centro 2,Hybrid,2025-07-14,18
HAC,Centro 3,Online,2025-07-14,17
EXC,Centro 5,Online,2025-07-14,16
EXC,Centro 1,Hybrid,2025-07-14,16
PRI,Centro 5,In-person,2025-07-14,16
VND,Centro 2,In-person,2025-07-14,16
PYT,Centro 5,Hybrid,2025-07-14,15
GES,Centro 5,Online,2025-07-14,14
HOT,Centro 4,In-person,2025-07-14,14
LID,Centro 2,Online,2025-07-14,14
VND,Centro 5,In-person,2025-07-14,14
SEG,Centro 1,In-person,2025-07-14,13
CYB,Centro 1,Online,2025-07-14,12
EXC,Centro 1,Online,2025-07-14,12
HAC,Centro 2,Hybrid,2025-07-14,12
HOT,Centro 3,In-person,2025-07-14,12
INF,Centro 3,Hybrid,2025-07-14,12
PRI,Centro 1,Hybrid,2025-07-14,12
SST,Centro 2,Hybrid,2025-07-14,12
SST,Centro 2,In-person,2025-07-14,12
EXC,Centro 4,Hybrid,2025-07-14,11
PYT,Centro 1,Hybrid,2025-07-14,11
SCI,Centro 1,Hybrid,2025-07-14,11
VND,Centro 4,In-person,2025-07-14,11
HOT,Centro 2,In-person,2025-07-14,9
EMP,Centro 2,In-person,2025-07-14,7
EXC,Centro 5,In-person,2025-07-14,7
INF,Centro 2,Hybrid,2025-07-14,7
SEG,Centro 1,Hybrid,2025-07-14,7
SEG,Centro 5,In-person,2025-07-14,7
INF,Centro 1,In-person,2025-07-14,6
TUR,Centro 1,Hybrid,2025-07-14,6
CYB,Centro 3,In-person,2025-07-14,5
CYB,Centro 5,In-person,2025-07-14,5
LID,Centro 5,Online,2025-07-14,5
PRO,Centro 5,In-person,2025-07-14,5
GER,Centro 1,Hybrid,2025-07-14,4
HAC,Centro 1,Online,2025-07-14,4
HAC,Centro 5,In-person,2025-07-14,4
PBI,Centro 5,Hybrid,2025-07-14,4
SEG,Centro 3,Hybrid,2025-07-14,4
SOC,Centro 5,In-person,2025-07-14,4
VND,Centro 5,Online,2025-07-14,4
INF,Centro 4,Hybrid,2025-07-14,3
LID,Centro 1,In-person,2025-07-14,3
SEG,Centro 2,In-person,2025-07-14,3
SST,Centro 5,Online,2025-07-14,3
SOC,Centro 3,In-person,2025-07-21,139
PBI,Centro 1,Online,2025-07-21,118
PYT,Centro 2,Hybrid,2025-07-21,111
MNT,Centro 5,In-person,2025-07-21,98
EXC,Centro 3,Online,2025-07-21,81
GES,Centro 5,Online,2025-07-21,75
VND,Centro 5,Online,2025-07-21,69
MNT,Centro 2,In-person,2025-07-21,62
CYB,Centro 3,Hybrid,2025-07-21,57
FOR,Centro 2,Online,2025-07-21,56
PRI,Centro 3,In-person,2025-07-21,54
PRO,Centro 4,Online,2025-07-21,52
EMP,Centro 5,In-person,2025-07-21,50
LID,Centro 5,Hybrid,2025-07-21,50
SEG,Centro 1,Hybrid,2025-07-21,47
CYB,Centro 3,In-person,2025-07-21,46
PRO,Centro 3,Online,2025-07-21,43
FOR,Centro 4,Hybrid,2025-07-21,42
ING,Centro 3,Online,2025-07-21,42
PBI,Centro 5,In-person,2025-07-21,41
TUR,Centro 5,Hybrid,2025-07-21,41
EXC,Centro 5,Online,2025-07-21,38
INF,Centro 5,In-person,2025-07-21,38
FOR,Centro 2,In-person,2025-07-21,36
INF,Centro 1,In-person,2025-07-21,36
LOG,Centro 3,In-person,2025-07-21,34
PRI,Centro 1,In-person,2025-07-21,34
SOC,Centro 5,In-person,2025-07-21,33
EMP,Centro 1,In-person,2025-07-21,32
FOR,Centro 5,Online,2025-07-21,32
SEG,Centro 2,Online,2025-07-21,32
GER,Centro 5,In-person,2025-07-21,31
HAC,Centro 2,Hybrid,2025-07-21,31
LOG,Centro 1,In-person,2025-07-21,31
GES,Centro 4,Online,2025-07-21,30
PYT,Centro 1,Online,2025-07-21,30
SEG,Centro 5,Online,2025-07-21,30
LOG,Centro 2,In-person,2025-07-21,29
LOG,Centro 5,In-person,2025-07-21,29
PBI,Centro 4,Hybrid,2025-07-21,28
PBI,Centro 2,Online,2025-07-21,26
VND,Centro 1,Online,2025-07-21,26
FOR,Centro 3,Online,2025-07-21,25
GER,Centro 3,In-person,2025-07-21,25
LOG,Centro 3,Hybrid,2025-07-21,25
EXC,Centro 4,In-person,2025-07-21,24
PRI,Centro 4,Hybrid,2025-07-21,23
EXC,Centro 5,In-person,2025-07-21,21
EMP,Centro 4,In-person,2025-07-21,19
LID,Centro 2,In-person,2025-07-21,19
SST,Centro 5,Hybrid,2025-07-21,19
CYB,Centro 1,Online,2025-07-21,16
HCP,Centro 5,In-person,2025-07-21,16
CYB,Centro 3,Online,2025-07-21,15
EXC,Centro 2,Hybrid,2025-07-21,15
GER,Centro 1,Hybrid,2025-07-21,15
SOC,Centro 4,Hybrid,2025-07-21,15
EXC,Centro 1,In-person,2025-07-21,14
GER,Centro 2,In-person,2025-07-21,13
LID,Centro 4,In-person,2025-07-21,13
TUR,Centro 3,In-person,2025-07-21,13
PBI,Centro 2,Hybrid,2025-07-21,12
SST,Centro 1,Online,2025-07-21,12
GES,Centro 4,Hybrid,2025-07-21,11
MNT,Centro 3,In-person,2025-07-21,11
SEG,Centro 4,In-person,2025-07-21,11
TUR,Centro 3,Hybrid,2025-07-21,11
CYB,Centro 4,Hybrid,2025-07-21,10
EXC,Centro 2,Online,2025-07-21,10
SEG,Centro 3,In-person,2025-07-21,10
SOC,Centro 2,Hybrid,2025-07-21,10
HCP,Centro 2,Hybrid,2025-07-21,9
ING,Centro 3,Hybrid,2025-07-21,8
LID,Centro 3,In-person,2025-07-21,8
VND,Centro 3,In-person,2025-07-21,8
HAC,Centro 3,In-person,2025-07-21,7
EXC,Centro 1,Hybrid,2025-07-21,6
HOT,Centro 3,In-person,2025-07-21,6
INF,Centro 2,Hybrid,2025-07-21,6
SST,Centro 4,In-person,2025-07-21,6
PRO,Centro 4,Hybrid,2025-07-21,5
PRO,Centro 1,In-person,2025-07-21,5
SCI,Centro 1,In-person,2025-07-21,5
TUR,Centro 5,In-person,2025-07-21,5
CYB,Centro 5,Online,2025-07-21,4
EMP,Centro 2,In-person,2025-07-21,4
EXC,Centro 1,Online,2025-07-21,4
EXC,Centro 4,Hybrid,2025-07-21,4
PBI,Centro 4,Online,2025-07-21,4
SEG,Centro 1,In-person,2025-07-21,4
VND,Centro 5,In-person,2025-07-21,4
EXC,Centro 3,Hybrid,2025-07-21,3
HCP,Centro 3,Hybrid,2025-07-21,3
GES,Centro 4,Hybrid,2025-07-28,132
HCP,Centro 1,In-person,2025-07-28,128
SST,Centro 3,Hybrid,2025-07-28,88
GES,Centro 5,Online,2025-07-28,85
CYB,Centro 1,Online,2025-07-28,83
LID,Centro 1,In-person,2025-07-28,78
EMP,Centro 4,In-person,2025-07-28,75
SOC,Centro 4,Hybrid,2025-07-28,75
MNT,Centro 3,In-person,2025-07-28,73
PBI,Centro 4,Online,2025-07-28,73
PRO,Centro 3,Online,2025-07-28,71
CYB,Centro 2,Hybrid,2025-07-28,70
EXC,Centro 1,Hybrid,2025-07-28,69
LID,Centro 4,In-person,2025-07-28,68
CYB,Centro 3,Online,2025-07-28,65
GER,Centro 3,In-person,2025-07-28,64
ING,Centro 3,Hybrid,2025-07-28,57
PRO,Centro 1,Hybrid,2025-07-28,57
PRO,Centro 4,In-person,2025-07-28,55
EMP,Centro 1,In-person,2025-07-28,53
EXC,Centro 2,Hybrid,2025-07-28,52
MNT,Centro 1,In-person,2025-07-28,51
SOC,Centro 2,Hybrid,2025-07-28,51
EXC,Centro 1,In-person,2025-07-28,48
EXC,Centro 1,Online,2025-07-28,47
MNT,Centro 5,In-person,2025-07-28,47
EXC,Centro 2,Online,2025-07-28,46
SST,Centro 5,Hybrid,2025-07-28,46
GES,Centro 2,Hybrid,2025-07-28,45
HCP,Centro 2,Hybrid,2025-07-28,44
LID,Centro 5,Online,2025-07-28,44
SOC,Centro 1,In-person,2025-07-28,44
SST,Centro 2,In-person,2025-07-28,44
PBI,Centro 1,Hybrid,2025-07-28,43
PRO,Centro 5,In-person,2025-07-28,42
TUR,Centro 3,Hybrid,2025-07-28,40
INF,Centro 4,In-person,2025-07-28,38
VND,Centro 2,Hybrid,2025-07-28,37
FOR,Centro 2,Hybrid,2025-07-28,36
ING,Centro 2,In-person,2025-07-28,35
LOG,Centro 4,In-person,2025-07-28,35
SEG,Centro 2,Online,2025-07-28,35
SEG,Centro 5,In-person,2025-07-28,35
INF,Centro 2,In-person,2025-07-28,34
ING,Centro 5,Online,2025-07-28,34
LID,Centro 2,Online,2025-07-28,34
SEG,Centro 4,In-person,2025-07-28,34
HOT,Centro 1,In-person,2025-07-28,32
VND,Centro 2,Online,2025-07-28,32
ING,Centro 3,In-person,2025-07-28,30
PYT,Centro 1,Online,2025-07-28,28
SEG,Centro 2,In-person,2025-07-28,28
HAC,Centro 1,In-person,2025-07-28,27
PBI,Centro 2,Online,2025-07-28,27
CYB,Centro 3,In-person,2025-07-28,26
LOG,Centro 1,In-person,2025-07-28,26
SST,Centro 1,In-person,2025-07-28,26
LID,Centro 5,In-person,2025-07-28,25
PYT,Centro 2,Hybrid,2025-07-28,24
GES,Centro 1,In-person,2025-07-28,23
HCP,Centro 4,In-person,2025-07-28,21
EXC,Centro 4,Hybrid,2025-07-28,20
EXC,Centro 5,Online,2025-07-28,19
VND,Centro 4,Online,2025-07-28,19
CYB,Centro 4,Hybrid,2025-07-28,18
PBI,Centro 1,Online,2025-07-28,17
EXC,Centro 4,In-person,2025-07-28,16
INF,Centro 3,Hybrid,2025-07-28,16
PBI,Centro 5,In-person,2025-07-28,16
SCI,Centro 1,Hybrid,2025-07-28,16
CYB,Centro 3,Hybrid,2025-07-28,15
ING,Centro 2,Online,2025-07-28,15
PBI,Centro 4,Hybrid,2025-07-28,15
PRO,Centro 1,Online,2025-07-28,15
INF,Centro 1,In-person,2025-07-28,14
LID,Centro 5,Hybrid,2025-07-28,14
PBI,Centro 3,Online,2025-07-28,14
PRO,Centro 4,Online,2025-07-28,14
SCI,Centro 5,In-person,2025-07-28,14
EMP,Centro 5,In-person,2025-07-28,13
HCP,Centro 5,In-person,2025-07-28,13
HOT,Centro 3,Hybrid,2025-07-28,12
LID,Centro 4,Online,2025-07-28,11
SOC,Centro 3,In-person,2025-07-28,11
GER,Centro 2,In-person,2025-07-28,10
PRO,Centro 4,Hybrid,2025-07-28,10
SST,Centro 1,Hybrid,2025-07-28,10
EXC,Centro 2,In-person,2025-07-28,9
PRO,Centro 5,Online,2025-07-28,9
SEG,Centro 1,In-person,2025-07-28,9
VND,Centro 4,Hybrid,2025-07-28,9
PRI,Centro 1,In-person,2025-07-28,8
FOR,Centro 3,Online,2025-07-28,7
ING,Centro 3,Online,2025-07-28,7
LOG,Centro 3,Hybrid,2025-07-28,7
PBI,Centro 2,Hybrid,2025-07-28,7
PBI,Centro 3,Hybrid,2025-07-28,7
VND,Centro 4,In-person,2025-07-28,6
FOR,Centro 3,In-person,2025-07-28,5
FOR,Centro 4,In-person,2025-07-28,5
LID,Centro 3,In-person,2025-07-28,5
SOC,Centro 1,Hybrid,2025-07-28,5
HAC,Centro 2,Hybrid,2025-07-28,4
PRO,Centro 2,Online,2025-07-28,4
PYT,Centro 1,Hybrid,2025-07-28,4
SCI,Centro 1,In-person,2025-07-28,4
SEG,Centro 3,Hybrid,2025-07-28,4
SST,Centro 5,In-person,2025-07-28,4
HOT,Centro 5,In-person,2025-07-28,3
LOG,Centro 2,In-person,2025-07-28,3
LOG,Centro 3,In-person,2025-07-28,3
MNT,Centro 2,In-person,2025-07-28,3
TUR,Centro 2,In-person,2025-07-28,3
PRO,Centro 4,Online,2025-08-04,176
PRO,Centro 5,Online,2025-08-04,160
PBI,Centro 2,Online,2025-08-04,128
MNT,Centro 5,In-person,2025-08-04,106
SOC,Centro 3,In-person,2025-08-04,99
PYT,Centro 2,Online,2025-08-04,95
FOR,Centro 2,Online,2025-08-04,91
SOC,Centro 1,Hybrid,2025-08-04,87
SOC,Centro 3,Hybrid,2025-08-04,83
VND,Centro 5,Online,2025-08-04,80
LID,Centro 2,Online,2025-08-04,78
MNT,Centro 3,In-person,2025-08-04,78
SCI,Centro 1,In-person,2025-08-04,76
PBI,Centro 4,Hybrid,2025-08-04,74
SST,Centro 4,In-person,2025-08-04,73
LOG,Centro 2,Hybrid,2025-08-04,71
PBI,Centro 1,Hybrid,2025-08-04,67
SST,Centro 1,Online,2025-08-04,66
VND,Centro 3,Hybrid,2025-08-04,62
EXC,Centro 2,Hybrid,2025-08-04,61
PYT,Centro 2,In-person,2025-08-04,61
SCI,Centro 2,Hybrid,2025-08-04,61
EXC,Centro 5,Online,2025-08-04,60
GES,Centro 4,In-person,2025-08-04,59
FOR,Centro 1,Online,2025-08-04,58
GER,Centro 1,Hybrid,2025-08-04,55
PBI,Centro 4,Online,2025-08-04,55
SST,Centro 5,Hybrid,2025-08-04,53
HCP,Centro 3,Hybrid,2025-08-04,51
SCI,Centro 1,Hybrid,2025-08-04,51
LID,Centro 3,In-person,2025-08-04,50
SEG,Centro 3,Hybrid,2025-08-04,50
TUR,Centro 5,Hybrid,2025-08-04,50
ING,Centro 3,Online,2025-08-04,49
PBI,Centro 5,In-person,2025-08-04,49
VND,Centro 2,Hybrid,2025-08-04,49
VND,Centro 3,In-person,2025-08-04,49
PRO,Centro 3,Hybrid,2025-08-04,47
PBI,Centro 5,Online,2025-08-04,46
PRO,Centro 3,Online,2025-08-04,46
PBI,Centro 2,Hybrid,2025-08-04,45
CYB,Centro 4,Hybrid,2025-08-04,44
VND,Centro 5,Hybrid,2025-08-04,44
CYB,Centro 1,Online,2025-08-04,42
SOC,Centro 4,Hybrid,2025-08-04,42
HOT,Centro 1,In-person,2025-08-04,41
EXC,Centro 1,In-person,2025-08-04,40
TUR,Centro 3,Hybrid,2025-08-04,40
PRO,Centro 2,Hybrid,2025-08-04,39
HAC,Centro 3,Hybrid,2025-08-04,38
MNT,Centro 4,In-person,2025-08-04,38
TUR,Centro 4,In-person,2025-08-04,38
PRO,Centro 4,Hybrid,2025-08-04,37
LID,Centro 5,Online,2025-08-04,36
LOG,Centro 2,In-person,2025-08-04,36
MNT,Centro 1,In-person,2025-08-04,35
PRI,Centro 1,In-person,2025-08-04,35
EMP,Centro 4,In-person,2025-08-04,34
PRI,Centro 4,In-person,2025-08-04,34
PYT,Centro 2,Hybrid,2025-08-04,34
GER,Centro 3,In-person,2025-08-04,33
VND,Centro 1,Hybrid,2025-08-04,33
EXC,Centro 1,Online,2025-08-04,32
HCP,Centro 1,Hybrid,2025-08-04,32
SST,Centro 2,Hybrid,2025-08-04,32
SST,Centro 1,In-person,2025-08-04,31
EMP,Centro 3,In-person,2025-08-04,30
HAC,Centro 4,Hybrid,2025-08-04,29
HAC,Centro 3,Online,2025-08-04,28
HOT,Centro 5,In-person,2025-08-04,27
PRO,Centro 3,In-person,2025-08-04,26
EMP,Centro 5,In-person,2025-08-04,25
HOT,Centro 4,In-person,2025-08-04,25
SCI,Centro 5,In-person,2025-08-04,25
VND,Centro 1,Online,2025-08-04,24
SEG,Centro 5,Online,2025-08-04,23
SCI,Centro 3,In-person,2025-08-04,22
GES,Centro 2,Hybrid,2025-08-04,21
FOR,Centro 4,Hybrid,2025-08-04,20
PBI,Centro 4,In-person,2025-08-04,20
SEG,Centro 2,In-person,2025-08-04,19
EXC,Centro 4,Hybrid,2025-08-04,18
FOR,Centro 3,In-person,2025-08-04,18
PRO,Centro 1,In-person,2025-08-04,18
SEG,Centro 1,Hybrid,2025-08-04,17
MNT,Centro 2,In-person,2025-08-04,16
SEG,Centro 3,In-person,2025-08-04,16
HCP,Centro 1,In-person,2025-08-04,15
TUR,Centro 2,In-person,2025-08-04,15
CYB,Centro 2,Online,2025-08-04,14
HAC,Centro 5,Hybrid,2025-08-04,14
PRI,Centro 5,In-person,2025-08-04,14
HCP,Centro 5,In-person,2025-08-04,13
INF,Centro 1,In-person,2025-08-04,13
ING,Centro 5,Hybrid,2025-08-04,13
LOG,Centro 3,In-person,2025-08-04,13
PRO,Centro 4,In-person,2025-08-04,13
SST,Centro 5,In-person,2025-08-04,13
EXC,Centro 3,Hybrid,2025-08-04,12
SST,Centro 4,Hybrid,2025-08-04,11
GES,Centro 2,In-person,2025-08-04,10
INF,Centro 2,Hybrid,2025-08-04,9
LOG,Centro 5,In-person,2025-08-04,9
SST,Centro 3,Online,2025-08-04,9
CYB,Centro 3,Online,2025-08-04,8
CYB,Centro 3,Hybrid,2025-08-04,8
FOR,Centro 3,Hybrid,2025-08-04,8
GER,Centro 4,In-person,2025-08-04,8
HCP,Centro 4,In-person,2025-08-04,8
ING,Centro 3,Hybrid,2025-08-04,8
GES,Centro 5,In-person,2025-08-04,7
HOT,Centro 3,In-person,2025-08-04,7
INF,Centro 3,Hybrid,2025-08-04,7
VND,Centro 2,In-person,2025-08-04,7
HAC,Centro 5,In-person,2025-08-04,6
INF,Centro 3,In-person,2025-08-04,6
CYB,Centro 2,In-person,2025-08-04,5
LID,Centro 1,In-person,2025-08-04,5
PRO,Centro 1,Online,2025-08-04,5
FOR,Centro 4,In-person,2025-08-04,4
HAC,Centro 3,In-person,2025-08-04,4
ING,Centro 4,Hybrid,2025-08-04,4
LOG,Centro 4,In-person,2025-08-04,4
PRO,Centro 1,Hybrid,2025-08-04,4
EXC,Centro 2,Online,2025-08-04,3
HAC,Centro 2,Hybrid,2025-08-04,3
SEG,Centro 1,Online,2025-08-04,3
SEG,Centro 3,Online,2025-08-04,3
SST,Centro 2,In-person,2025-08-04,3
TUR,Centro 1,Hybrid,2025-08-04,3
LOG,Centro 3,Hybrid,2025-08-11,139
EXC,Centro 4,Hybrid,2025-08-11,119
LID,Centro 5,Online,2025-08-11,109
EMP,Centro 5,In-person,2025-08-11,106
PYT,Centro 3,Hybrid,2025-08-11,105
EXC,Centro 5,Online,2025-08-11,104
EXC,Centro 1,Hybrid,2025-08-11,104
LOG,Centro 5,In-person,2025-08-11,100
CYB,Centro 3,Online,2025-08-11,97
GER,Centro 2,In-person,2025-08-11,92
PBI,Centro 2,Hybrid,2025-08-11,92
LOG,Centro 1,In-person,2025-08-11,90
EMP,Centro 2,In-person,2025-08-11,86
EXC,Centro 2,Online,2025-08-11,85
HOT,Centro 5,In-person,2025-08-11,83
CYB,Centro 2,Online,2025-08-11,75
GES,Centro 5,Online,2025-08-11,74
LOG,Centro 3,In-person,2025-08-11,73
MNT,Centro 4,In-person,2025-08-11,68
SST,Centro 1,Online,2025-08-11,68
HAC,Centro 3,In-person,2025-08-11,67
MNT,Centro 3,In-person,2025-08-11,67
LOG,Centro 2,In-person,2025-08-11,66
INF,Centro 2,In-person,2025-08-11,65
EXC,Centro 2,In-person,2025-08-11,64
PRO,Centro 5,Hybrid,2025-08-11,62
GES,Centro 2,In-person,2025-08-11,60
ING,Centro 2,Online,2025-08-11,57
ING,Centro 5,Online,2025-08-11,57
PYT,Centro 1,Hybrid,2025-08-11,57
PRO,Centro 3,Hybrid,2025-08-11,54
PBI,Centro 2,Online,2025-08-11,53
FOR,Centro 5,Online,2025-08-11,50
LOG,Centro 4,Hybrid,2025-08-11,50
PBI,Centro 4,Hybrid,2025-08-11,50
PRO,Centro 1,Hybrid,2025-08-11,50
EXC,Centro 2,Hybrid,2025-08-11,49
GER,Centro 4,In-person,2025-08-11,49
HAC,Centro 1,In-person,2025-08-11,49
TUR,Centro 5,In-person,2025-08-11,49
PRO,Centro 3,Online,2025-08-11,48
FOR,Centro 3,Hybrid,2025-08-11,47
PYT,Centro 2,Online,2025-08-11,47
HOT,Centro 5,Hybrid,2025-08-11,45
SEG,Centro 3,Hybrid,2025-08-11,45
EMP,Centro 3,In-person,2025-08-11,44
GER,Centro 1,In-person,2025-08-11,43
HCP,Centro 1,In-person,2025-08-11,42
MNT,Centro 1,In-person,2025-08-11,42
CYB,Centro 1,Hybrid,2025-08-11,41
FOR,Centro 4,Hybrid,2025-08-11,41
HOT,Centro 2,In-person,2025-08-11,41
INF,Centro 3,In-person,2025-08-11,41
LID,Centro 5,In-person,2025-08-11,40
EMP,Centro 1,In-person,2025-08-11,38
SCI,Centro 1,In-person,2025-08-11,37
LID,Centro 3,Hybrid,2025-08-11,36
GES,Centro 1,In-person,2025-08-11,35
CYB,Centro 5,In-person,2025-08-11,34
SST,Centro 3,Hybrid,2025-08-11,34
EXC,Centro 4,In-person,2025-08-11,33
INF,Centro 5,In-person,2025-08-11,33
LID,Centro 1,Online,2025-08-11,33
ING,Centro 1,Hybrid,2025-08-11,32
PBI,Centro 1,Hybrid,2025-08-11,32
PRO,Centro 1,In-person,2025-08-11,32
PYT,Centro 2,Hybrid,2025-08-11,32
SST,Centro 2,In-person,2025-08-11,30
ING,Centro 2,In-person,2025-08-11,29
SCI,Centro 5,In-person,2025-08-11,29
SOC,Centro 3,In-person,2025-08-11,29
CYB,Centro 2,Hybrid,2025-08-11,26
SCI,Centro 2,In-person,2025-08-11,26
PRI,Centro 5,In-person,2025-08-11,25
SCI,Centro 1,Hybrid,2025-08-11,24
PYT,Centro 1,Online,2025-08-11,23
SEG,Centro 5,Online,2025-08-11,22
SST,Centro 3,Online,2025-08-11,22
SST,Centro 4,In-person,2025-08-11,22
GES,Centro 4,Online,2025-08-11,21
LID,Centro 3,In-person,2025-08-11,21
PBI,Centro 4,Online,2025-08-11,21
HCP,Centro 4,In-person,2025-08-11,20
PYT,Centro 2,In-person,2025-08-11,20
VND,Centro 2,In-person,2025-08-11,20
FOR,Centro 2,Online,2025-08-11,19
HAC,Centro 5,In-person,2025-08-11,19
SEG,Centro 1,Hybrid,2025-08-11,19
VND,Centro 3,Online,2025-08-11,19
HAC,Centro 4,Hybrid,2025-08-11,18
PRO,Centro 2,Online,2025-08-11,18
SEG,Centro 5,In-person,2025-08-11,18
EXC,Centro 4,Online,2025-08-11,17
PRO,Centro 4,In-person,2025-08-11,17
HAC,Centro 4,In-person,2025-08-11,16
INF,Centro 3,Hybrid,2025-08-11,16
CYB,Centro 3,Hybrid,2025-08-11,15
PRI,Centro 1,In-person,2025-08-11,15
SOC,Centro 2,In-person,2025-08-11,15
TUR,Centro 1,Hybrid,2025-08-11,15
PRO,Centro 1,Online,2025-08-11,14
VND,Centro 5,In-person,2025-08-11,14
SOC,Centro 5,In-person,2025-08-11,13
CYB,Centro 1,Online,2025-08-11,12
EXC,Centro 3,Online,2025-08-11,12
HAC,Centro 5,Hybrid,2025-08-11,12
LOG,Centro 2,Hybrid,2025-08-11,12
LOG,Centro 4,In-person,2025-08-11,12
PBI,Centro 1,Online,2025-08-11,12
SEG,Centro 3,Online,2025-08-11,12
SEG,Centro 5,Hybrid,2025-08-11,12
FOR,Centro 3,Online,2025-08-11,11
HCP,Centro 5,In-person,2025-08-11,10
LID,Centro 4,Hybrid,2025-08-11,10
PRO,Centro 5,In-person,2025-08-11,9
SST,Centro 2,Hybrid,2025-08-11,9
GES,Centro 5,In-person,2025-08-11,8
LID,Centro 2,Hybrid,2025-08-11,8
FOR,Centro 4,In-person,2025-08-11,7
INF,Centro 2,Hybrid,2025-08-11,7
INF,Centro 1,In-person,2025-08-11,7
PRI,Centro 3,In-person,2025-08-11,7
SEG,Centro 2,Online,2025-08-11,7
SOC,Centro 1,Hybrid,2025-08-11,7
SOC,Centro 4,Hybrid,2025-08-11,7
PRI,Centro 4,In-person,2025-08-11,6
GER,Centro 3,Hybrid,2025-08-11,5
GER,Centro 3,In-person,2025-08-11,5
LID,Centro 3,Online,2025-08-11,5
LID,Centro 4,Online,2025-08-11,5
PRO,Centro 3,In-person,2025-08-11,5
PYT,Centro 4,Hybrid,2025-08-11,5
VND,Centro 3,Hybrid,2025-08-11,5
FOR,Centro 2,Hybrid,2025-08-11,4
HCP,Centro 2,Hybrid,2025-08-11,4
ING,Centro 3,In-person,2025-08-11,4
LID,Centro 1,In-person,2025-08-11,4
MNT,Centro 5,In-person,2025-08-11,4
PRO,Centro 4,Online,2025-08-11,4
PRO,Centro 5,Online,2025-08-11,4
PYT,Centro 4,In-person,2025-08-11,4
SEG,Centro 1,Online,2025-08-11,4
EMP,Centro 4,In-person,2025-08-11,3
GER,Centro 2,Hybrid,2025-08-11,3
SEG,Centro 3,In-person,2025-08-11,3
VND,Centro 4,In-person,2025-08-11,3
INF,Centro 4,Hybrid,2025-08-11,2
CYB,Centro 1,Online,2025-08-18,135
LOG,Centro 5,In-person,2025-08-18,128
PBI,Centro 2,Online,2025-08-18,121
CYB,Centro 2,Online,2025-08-18,102
PBI,Centro 3,Online,2025-08-18,100
SEG,Centro 2,Online,2025-08-18,99
GES,Centro 5,Online,2025-08-18,96
MNT,Centro 1,In-person,2025-08-18,96
PRO,Centro 4,Online,2025-08-18,92
SOC,Centro 3,Hybrid,2025-08-18,90
PYT,Centro 1,Hybrid,2025-08-18,86
SEG,Centro 5,In-person,2025-08-18,82
LOG,Centro 2,In-person,2025-08-18,79
PRO,Centro 3,Online,2025-08-18,74
SST,Centro 2,Hybrid,2025-08-18,73
EMP,Centro 2,In-person,2025-08-18,71
PRO,Centro 3,Hybrid,2025-08-18,71
MNT,Centro 3,In-person,2025-08-18,69
EMP,Centro 5,In-person,2025-08-18,68
PYT,Centro 2,Hybrid,2025-08-18,63
GES,Centro 2,In-person,2025-08-18,62
FOR,Centro 4,In-person,2025-08-18,60
MNT,Centro 4,In-person,2025-08-18,59
LOG,Centro 1,In-person,2025-08-18,57
PBI,Centro 1,Hybrid,2025-08-18,55
PRO,Centro 1,Online,2025-08-18,55
CYB,Centro 1,Hybrid,2025-08-18,54
CYB,Centro 3,In-person,2025-08-18,53
PRO,Centro 5,In-person,2025-08-18,51
SOC,Centro 3,In-person,2025-08-18,50
EXC,Centro 4,Online,2025-08-18,49
PRI,Centro 5,In-person,2025-08-18,47
SST,Centro 3,Hybrid,2025-08-18,47
GER,Centro 3,In-person,2025-08-18,44
ING,Centro 4,Hybrid,2025-08-18,44
PBI,Centro 5,Online,2025-08-18,43
PYT,Centro 3,Hybrid,2025-08-18,43
LOG,Centro 2,Hybrid,2025-08-18,42
PRI,Centro 1,In-person,2025-08-18,42
SOC,Centro 4,Hybrid,2025-08-18,42
FOR,Centro 3,Online,2025-08-18,41
SEG,Centro 2,In-person,2025-08-18,41
HAC,Centro 3,In-person,2025-08-18,39
HCP,Centro 1,Hybrid,2025-08-18,38
EMP,Centro 1,In-person,2025-08-18,37
INF,Centro 1,In-person,2025-08-18,37
SCI,Centro 1,In-person,2025-08-18,37
PYT,Centro 5,Online,2025-08-18,35
HOT,Centro 5,Hybrid,2025-08-18,32
SST,Centro 1,Hybrid,2025-08-18,32
VND,Centro 3,Hybrid,2025-08-18,32
EXC,Centro 3,Hybrid,2025-08-18,31
FOR,Centro 2,Online,2025-08-18,31
LID,Centro 2,Online,2025-08-18,31
FOR,Centro 4,Hybrid,2025-08-18,30
EXC,Centro 2,Hybrid,2025-08-18,28
ING,Centro 3,In-person,2025-08-18,28
LID,Centro 5,Online,2025-08-18,28
SST,Centro 1,In-person,2025-08-18,28
LID,Centro 3,In-person,2025-08-18,26
EXC,Centro 1,Online,2025-08-18,25
LID,Centro 3,Hybrid,2025-08-18,25
PBI,Centro 2,Hybrid,2025-08-18,25
LID,Centro 2,In-person,2025-08-18,24
PBI,Centro 2,In-person,2025-08-18,24
MNT,Centro 5,In-person,2025-08-18,23
ING,Centro 2,Online,2025-08-18,20
ING,Centro 3,Online,2025-08-18,19
PRO,Centro 5,Online,2025-08-18,19
PYT,Centro 1,In-person,2025-08-18,19
EXC,Centro 4,Hybrid,2025-08-18,18
CYB,Centro 4,Hybrid,2025-08-18,17
ING,Centro 1,Hybrid,2025-08-18,17
CYB,Centro 2,Hybrid,2025-08-18,16
EXC,Centro 3,Online,2025-08-18,16
SCI,Centro 5,In-person,2025-08-18,16
TUR,Centro 5,In-person,2025-08-18,16
GER,Centro 3,Hybrid,2025-08-18,15
PBI,Centro 4,Online,2025-08-18,15
EXC,Centro 1,Hybrid,2025-08-18,14
PBI,Centro 3,Hybrid,2025-08-18,14
SCI,Centro 3,In-person,2025-08-18,14
INF,Centro 5,In-person,2025-08-18,13
SCI,Centro 2,In-person,2025-08-18,13
EMP,Centro 3,In-person,2025-08-18,12
FOR,Centro 3,In-person,2025-08-18,12
GES,Centro 4,Hybrid,2025-08-18,12
HOT,Centro 3,Hybrid,2025-08-18,12
CYB,Centro 3,Hybrid,2025-08-18,11
GES,Centro 2,Hybrid,2025-08-18,11
PBI,Centro 4,Hybrid,2025-08-18,11
PRO,Centro 3,In-person,2025-08-18,11
GES,Centro 4,In-person,2025-08-18,10
HAC,Centro 5,Hybrid,2025-08-18,10
LOG,Centro 3,Hybrid,2025-08-18,10
SOC,Centro 5,In-person,2025-08-18,10
FOR,Centro 3,Hybrid,2025-08-18,9
HCP,Centro 3,In-person,2025-08-18,9
INF,Centro 3,Hybrid,2025-08-18,9
PRO,Centro 2,Online,2025-08-18,9
SOC,Centro 2,Hybrid,2025-08-18,9
HOT,Centro 5,In-person,2025-08-18,8
PRI,Centro 3,In-person,2025-08-18,8
SOC,Centro 1,In-person,2025-08-18,8
FOR,Centro 1,Online,2025-08-18,7
HAC,Centro 5,In-person,2025-08-18,7
INF,Centro 3,In-person,2025-08-18,7
PRO,Centro 1,Hybrid,2025-08-18,7
EXC,Centro 2,In-person,2025-08-18,6
HOT,Centro 4,In-person,2025-08-18,6
GER,Centro 5,Hybrid,2025-08-18,5
PRO,Centro 4,Hybrid,2025-08-18,5
GER,Centro 4,In-person,2025-08-18,4
SEG,Centro 3,In-person,2025-08-18,4
TUR,Centro 2,In-person,2025-08-18,4
EXC,Centro 5,Online,2025-08-18,3
EXC,Centro 1,In-person,2025-08-18,3
EXC,Centro 4,In-person,2025-08-18,3
GER,Centro 2,Hybrid,2025-08-18,3
GER,Centro 2,In-person,2025-08-18,3
HAC,Centro 2,Online,2025-08-18,3
HOT,Centro 2,In-person,2025-08-18,3
SEG,Centro 4,In-person,2025-08-18,3
VND,Centro 4,In-person,2025-08-18,3
EMP,Centro 1,In-person,2025-08-25,140
EXC,Centro 4,Hybrid,2025-08-25,124
PRO,Centro 5,Online,2025-08-25,123
PYT,Centro 3,Hybrid,2025-08-25,117
VND,Centro 4,Online,2025-08-25,110
PBI,Centro 2,Hybrid,2025-08-25,107
MNT,Centro 5,In-person,2025-08-25,104
GES,Centro 4,Hybrid,2025-08-25,100
FOR,Centro 4,Hybrid,2025-08-25,99
GES,Centro 4,Online,2025-08-25,95
ING,Centro 2,Online,2025-08-25,95
PBI,Centro 3,Hybrid,2025-08-25,94
CYB,Centro 2,Online,2025-08-25,92
EXC,Centro 2,Hybrid,2025-08-25,91
FOR,Centro 1,Hybrid,2025-08-25,90
GER,Centro 1,In-person,2025-08-25,89
PBI,Centro 2,In-person,2025-08-25,87
CYB,Centro 1,Online,2025-08-25,80
GER,Centro 3,In-person,2025-08-25,77
SOC,Centro 4,Hybrid,2025-08-25,75
LOG,Centro 5,In-person,2025-08-25,73
PRI,Centro 2,In-person,2025-08-25,73
LID,Centro 5,Online,2025-08-25,70
EXC,Centro 2,Online,2025-08-25,68
PRI,Centro 1,In-person,2025-08-25,65
VND,Centro 1,In-person,2025-08-25,65
ING,Centro 5,Hybrid,2025-08-25,63
SCI,Centro 1,Hybrid,2025-08-25,62
VND,Centro 2,In-person,2025-08-25,60
LOG,Centro 1,In-person,2025-08-25,58
GES,Centro 2,Hybrid,2025-08-25,57
SEG,Centro 2,Online,2025-08-25,57
VND,Centro 3,Hybrid,2025-08-25,56
GER,Centro 4,In-person,2025-08-25,55
PBI,Centro 4,Online,2025-08-25,55
HAC,Centro 1,In-person,2025-08-25,54
SEG,Centro 2,In-person,2025-08-25,54
SST,Centro 1,Hybrid,2025-08-25,53
PBI,Centro 2,Online,2025-08-25,51
PYT,Centro 2,Hybrid,2025-08-25,51
CYB,Centro 5,Online,2025-08-25,50
FOR,Centro 4,Online,2025-08-25,50
LID,Centro 3,In-person,2025-08-25,50
LOG,Centro 3,Hybrid,2025-08-25,50
PRO,Centro 2,Hybrid,2025-08-25,48
TUR,Centro 3,In-person,2025-08-25,47
PRI,Centro 2,Hybrid,2025-08-25,45
HAC,Centro 4,Hybrid,2025-08-25,44
LOG,Centro 2,In-person,2025-08-25,44
SOC,Centro 1,Hybrid,2025-08-25,44
CYB,Centro 2,Hybrid,2025-08-25,42
ING,Centro 1,Hybrid,2025-08-25,42
PRI,Centro 4,Hybrid,2025-08-25,42
EMP,Centro 2,In-person,2025-08-25,41
GER,Centro 5,In-person,2025-08-25,41
ING,Centro 4,Hybrid,2025-08-25,40
MNT,Centro 3,In-person,2025-08-25,40
CYB,Centro 5,In-person,2025-08-25,38
INF,Centro 1,In-person,2025-08-25,38
LID,Centro 1,Online,2025-08-25,38
SST,Centro 5,In-person,2025-08-25,38
VND,Centro 1,Hybrid,2025-08-25,38
HOT,Centro 5,Hybrid,2025-08-25,37
PRI,Centro 4,In-person,2025-08-25,36
MNT,Centro 4,In-person,2025-08-25,35
PRI,Centro 3,In-person,2025-08-25,35
SST,Centro 3,Hybrid,2025-08-25,35
VND,Centro 4,In-person,2025-08-25,35
LID,Centro 2,Online,2025-08-25,34
SOC,Centro 2,In-person,2025-08-25,34
HOT,Centro 5,In-person,2025-08-25,33
PRI,Centro 5,In-person,2025-08-25,33
LID,Centro 2,In-person,2025-08-25,32
PRI,Centro 3,Hybrid,2025-08-25,32
SOC,Centro 3,In-person,2025-08-25,32
INF,Centro 5,In-person,2025-08-25,31
LOG,Centro 3,In-person,2025-08-25,31
CYB,Centro 1,Hybrid,2025-08-25,30
HCP,Centro 1,In-person,2025-08-25,30
TUR,Centro 2,In-person,2025-08-25,30
FOR,Centro 5,Online,2025-08-25,29
HOT,Centro 2,Hybrid,2025-08-25,29
SCI,Centro 5,In-person,2025-08-25,29
PBI,Centro 1,Online,2025-08-25,27
CYB,Centro 3,Online,2025-08-25,26
VND,Centro 2,Online,2025-08-25,26
EMP,Centro 5,In-person,2025-08-25,25
ING,Centro 5,In-person,2025-08-25,25
PYT,Centro 4,In-person,2025-08-25,25
SCI,Centro 1,In-person,2025-08-25,25
EMP,Centro 3,In-person,2025-08-25,24
EXC,Centro 4,In-person,2025-08-25,23
SEG,Centro 5,In-person,2025-08-25,23
HOT,Centro 2,In-person,2025-08-25,22
PYT,Centro 1,Online,2025-08-25,22
TUR,Centro 3,Hybrid,2025-08-25,22
VND,Centro 5,Hybrid,2025-08-25,22
EXC,Centro 1,In-person,2025-08-25,21
TUR,Centro 5,Hybrid,2025-08-25,21
GER,Centro 3,Hybrid,2025-08-25,20
SCI,Centro 5,Hybrid,2025-08-25,20
LID,Centro 2,Hybrid,2025-08-25,19
GES,Centro 5,In-person,2025-08-25,18
HAC,Centro 1,Hybrid,2025-08-25,18
HAC,Centro 5,Hybrid,2025-08-25,18
SEG,Centro 3,Hybrid,2025-08-25,18
HOT,Centro 4,In-person,2025-08-25,17
ING,Centro 3,Online,2025-08-25,17
ING,Centro 3,In-person,2025-08-25,17
ING,Centro 4,Online,2025-08-25,15
PRO,Centro 3,In-person,2025-08-25,15
EXC,Centro 2,In-person,2025-08-25,14
HAC,Centro 5,Online,2025-08-25,14
LID,Centro 1,In-person,2025-08-25,14
HCP,Centro 5,In-person,2025-08-25,13
CYB,Centro 4,Hybrid,2025-08-25,12
LID,Centro 3,Hybrid,2025-08-25,12
PRI,Centro 5,Hybrid,2025-08-25,12
SCI,Centro 4,Hybrid,2025-08-25,12
SEG,Centro 4,In-person,2025-08-25,11
FOR,Centro 5,Hybrid,2025-08-25,10
HAC,Centro 4,Online,2025-08-25,10
LOG,Centro 1,Hybrid,2025-08-25,10
PBI,Centro 1,Hybrid,2025-08-25,10
PRO,Centro 4,Online,2025-08-25,10
PRO,Centro 4,In-person,2025-08-25,10
FOR,Centro 3,Hybrid,2025-08-25,9
PYT,Centro 5,Online,2025-08-25,9
VND,Centro 5,Online,2025-08-25,9
HAC,Centro 3,Hybrid,2025-08-25,8
PRO,Centro 1,In-person,2025-08-25,8
SOC,Centro 3,Hybrid,2025-08-25,8
GES,Centro 2,In-person,2025-08-25,7
HAC,Centro 5,In-person,2025-08-25,7
HOT,Centro 1,In-person,2025-08-25,7
PBI,Centro 5,In-person,2025-08-25,5
PRO,Centro 2,Online,2025-08-25,5
PRO,Centro 3,Online,2025-08-25,5
PRO,Centro 5,Hybrid,2025-08-25,5
FOR,Centro 4,In-person,2025-08-25,4
GES,Centro 5,Hybrid,2025-08-25,4
INF,Centro 2,In-person,2025-08-25,4
INF,Centro 3,In-person,2025-08-25,4
MNT,Centro 1,In-person,2025-08-25,4
PBI,Centro 4,In-person,2025-08-25,4
PRO,Centro 1,Hybrid,2025-08-25,4
PRO,Centro 5,In-person,2025-08-25,4
PYT,Centro 4,Hybrid,2025-08-25,4
SST,Centro 2,Online,2025-08-25,4
EXC,Centro 5,Online,2025-08-25,3
EXC,Centro 1,Hybrid,2025-08-25,3
GER,Centro 2,Hybrid,2025-08-25,3
HCP,Centro 3,In-person,2025-08-25,3
HCP,Centro 4,In-person,2025-08-25,3
INF,Centro 4,Hybrid,2025-08-25,3
PBI,Centro 4,Online,2025-09-01,129
SEG,Centro 1,Online,2025-09-01,115
GES,Centro 5,Online,2025-09-01,111
MNT,Centro 1,In-person,2025-09-01,111
PYT,Centro 5,Online,2025-09-01,108
LOG,Centro 1,In-person,2025-09-01,98
INF,Centro 3,Hybrid,2025-09-01,97
EXC,Centro 2,Hybrid,2025-09-01,93
EXC,Centro 1,Online,2025-09-01,87
PBI,Centro 3,Hybrid,2025-09-01,84
ING,Centro 1,Online,2025-09-01,83
LID,Centro 5,Online,2025-09-01,81
SEG,Centro 1,Hybrid,2025-09-01,80
LOG,Centro 2,Hybrid,2025-09-01,74
TUR,Centro 4,Hybrid,2025-09-01,74
GES,Centro 4,In-person,2025-09-01,72
LOG,Centro 5,In-person,2025-09-01,72
HAC,Centro 3,In-person,2025-09-01,71
EMP,Centro 3,In-person,2025-09-01,70
PBI,Centro 2,Online,2025-09-01,69
TUR,Centro 2,In-person,2025-09-01,69
LOG,Centro 1,Hybrid,2025-09-01,68
HOT,Centro 2,Hybrid,2025-09-01,67
ING,Centro 2,In-person,2025-09-01,66
PYT,Centro 4,Online,2025-09-01,65
SOC,Centro 1,In-person,2025-09-01,65
CYB,Centro 2,In-person,2025-09-01,63
SCI,Centro 2,In-person,2025-09-01,63
PRI,Centro 1,In-person,2025-09-01,62
INF,Centro 3,In-person,2025-09-01,61
LOG,Centro 3,In-person,2025-09-01,61
PBI,Centro 1,Hybrid,2025-09-01,59
FOR,Centro 3,Online,2025-09-01,57
MNT,Centro 4,In-person,2025-09-01,57
SST,Centro 3,Online,2025-09-01,57
HAC,Centro 2,Online,2025-09-01,56
HAC,Centro 4,Online,2025-09-01,56
PYT,Centro 2,Hybrid,2025-09-01,56
EXC,Centro 5,Online,2025-09-01,55
GER,Centro 5,Hybrid,2025-09-01,53
PBI,Centro 4,Hybrid,2025-09-01,52
SCI,Centro 4,In-person,2025-09-01,51
GER,Centro 4,In-person,2025-09-01,48
LID,Centro 2,In-person,2025-09-01,48
LOG,Centro 4,In-person,2025-09-01,48
PBI,Centro 3,Online,2025-09-01,48
PRI,Centro 2,Hybrid,2025-09-01,48
PRO,Centro 5,In-person,2025-09-01,47
PRO,Centro 3,Hybrid,2025-09-01,46
SCI,Centro 1,In-person,2025-09-01,45
LID,Centro 1,Online,2025-09-01,43
HAC,Centro 1,In-person,2025-09-01,41
HCP,Centro 3,In-person,2025-09-01,41
LOG,Centro 2,In-person,2025-09-01,41
SCI,Centro 1,Hybrid,2025-09-01,40
SEG,Centro 4,Online,2025-09-01,40
VND,Centro 5,Hybrid,2025-09-01,40
EXC,Centro 5,In-person,2025-09-01,39
HAC,Centro 5,Hybrid,2025-09-01,39
INF,Centro 5,In-person,2025-09-01,37
ING,Centro 4,Hybrid,2025-09-01,37
LOG,Centro 5,Hybrid,2025-09-01,36
SCI,Centro 3,Hybrid,2025-09-01,36
GES,Centro 4,Hybrid,2025-09-01,35
PBI,Centro 4,In-person,2025-09-01,35
PRO,Centro 5,Online,2025-09-01,35
SOC,Centro 3,Hybrid,2025-09-01,35
VND,Centro 3,Hybrid,2025-09-01,35
HOT,Centro 5,Hybrid,2025-09-01,34
SOC,Centro 4,Hybrid,2025-09-01,34
GES,Centro 4,Online,2025-09-01,33
TUR,Centro 1,In-person,2025-09-01,33
SST,Centro 4,Online,2025-09-01,32
SST,Centro 1,Hybrid,2025-09-01,31
PRI,Centro 5,In-person,2025-09-01,30
CYB,Centro 4,Online,2025-09-01,27
EXC,Centro 4,Online,2025-09-01,27
GER,Centro 1,In-person,2025-09-01,27
HAC,Centro 5,Online,2025-09-01,27
ING,Centro 3,Online,2025-09-01,27
PYT,Centro 1,Hybrid,2025-09-01,27
VND,Centro 5,Online,2025-09-01,27
CYB,Centro 2,Hybrid,2025-09-01,26
MNT,Centro 3,In-person,2025-09-01,26
EMP,Centro 5,In-person,2025-09-01,24
LID,Centro 5,Hybrid,2025-09-01,24
SOC,Centro 2,In-person,2025-09-01,24
VND,Centro 4,Online,2025-09-01,24
EXC,Centro 4,Hybrid,2025-09-01,23
EXC,Centro 2,In-person,2025-09-01,23
PRI,Centro 3,In-person,2025-09-01,23
FOR,Centro 1,Online,2025-09-01,22
HAC,Centro 4,In-person,2025-09-01,21
PBI,Centro 1,Online,2025-09-01,21
SEG,Centro 2,In-person,2025-09-01,21
HCP,Centro 1,Hybrid,2025-09-01,19
LOG,Centro 4,Hybrid,2025-09-01,19
ING,Centro 5,Hybrid,2025-09-01,18
FOR,Centro 2,Hybrid,2025-09-01,17
LID,Centro 3,Online,2025-09-01,17
PRO,Centro 4,Online,2025-09-01,17
VND,Centro 1,Hybrid,2025-09-01,16
CYB,Centro 1,Hybrid,2025-09-01,15
GES,Centro 5,In-person,2025-09-01,15
LID,Centro 1,Hybrid,2025-09-01,15
PRI,Centro 1,Hybrid,2025-09-01,15
HOT,Centro 2,In-person,2025-09-01,14
CYB,Centro 4,Hybrid,2025-09-01,13
GER,Centro 1,Hybrid,2025-09-01,13
GER,Centro 2,Hybrid,2025-09-01,13
GES,Centro 5,Hybrid,2025-09-01,13
ING,Centro 2,Online,2025-09-01,13
TUR,Centro 2,Hybrid,2025-09-01,13
VND,Centro 5,In-person,2025-09-01,13
FOR,Centro 5,Online,2025-09-01,12
HAC,Centro 5,In-person,2025-09-01,12
HCP,Centro 3,Hybrid,2025-09-01,12
PRO,Centro 5,Hybrid,2025-09-01,12
SEG,Centro 1,In-person,2025-09-01,12
TUR,Centro 4,In-person,2025-09-01,12
HAC,Centro 2,In-person,2025-09-01,11
VND,Centro 1,In-person,2025-09-01,11
PRO,Centro 2,Online,2025-09-01,10
HAC,Centro 3,Hybrid,2025-09-01,9
HOT,Centro 4,In-person,2025-09-01,9
INF,Centro 1,In-person,2025-09-01,9
LOG,Centro 3,Hybrid,2025-09-01,9
PYT,Centro 5,In-person,2025-09-01,9
CYB,Centro 5,Online,2025-09-01,8
GER,Centro 5,In-person,2025-09-01,8
PRO,Centro 1,Online,2025-09-01,8
PYT,Centro 3,Hybrid,2025-09-01,8
HCP,Centro 1,In-person,2025-09-01,7
HCP,Centro 4,In-person,2025-09-01,7
HOT,Centro 1,In-person,2025-09-01,6
PRI,Centro 4,In-person,2025-09-01,6
SST,Centro 3,Hybrid,2025-09-01,6
FOR,Centro 5,Hybrid,2025-09-01,5
FOR,Centro 3,In-person,2025-09-01,5
GES,Centro 2,In-person,2025-09-01,5
PRO,Centro 1,Hybrid,2025-09-01,5
SOC,Centro 3,In-person,2025-09-01,5
EMP,Centro 2,In-person,2025-09-01,4
EXC,Centro 1,Hybrid,2025-09-01,4
HOT,Centro 5,In-person,2025-09-01,4
PRO,Centro 2,Hybrid,2025-09-01,4
EXC,Centro 4,In-person,2025-09-01,3
INF,Centro 4,Hybrid,2025-09-01,3
SEG,Centro 3,Hybrid,2025-09-01,3
SEG,Centro 5,In-person,2025-09-01,3
SST,Centro 2,Hybrid,2025-09-01,3
TUR,Centro 1,Hybrid,2025-09-01,3
GER,Centro 2,In-person,2025-09-01,1
PBI,Centro 4,Online,2025-09-08,162
CYB,Centro 1,Online,2025-09-08,148
PBI,Centro 3,Hybrid,2025-09-08,142
LOG,Centro 3,In-person,2025-09-08,118
FOR,Centro 4,Hybrid,2025-09-08,113
SCI,Centro 3,Hybrid,2025-09-08,109
EXC,Centro 1,Online,2025-09-08,104
MNT,Centro 4,In-person,2025-09-08,100
SST,Centro 3,Hybrid,2025-09-08,100
CYB,Centro 2,Hybrid,2025-09-08,96
LOG,Centro 1,In-person,2025-09-08,90
PBI,Centro 2,Online,2025-09-08,87
CYB,Centro 4,Online,2025-09-08,86
CYB,Centro 4,Hybrid,2025-09-08,86
PYT,Centro 2,Online,2025-09-08,80
CYB,Centro 2,Online,2025-09-08,78
SEG,Centro 3,In-person,2025-09-08,77
SEG,Centro 5,Online,2025-09-08,75
GER,Centro 3,In-person,2025-09-08,74
HOT,Centro 5,In-person,2025-09-08,74
PYT,Centro 4,Online,2025-09-08,74
SCI,Centro 1,In-person,2025-09-08,74
EMP,Centro 1,In-person,2025-09-08,70
VND,Centro 2,Online,2025-09-08,70
ING,Centro 2,In-person,2025-09-08,68
CYB,Centro 3,In-person,2025-09-08,66
CYB,Centro 1,Hybrid,2025-09-08,65
SEG,Centro 3,Online,2025-09-08,61
PBI,Centro 2,Hybrid,2025-09-08,60
SEG,Centro 4,In-person,2025-09-08,60
SST,Centro 1,Online,2025-09-08,60
TUR,Centro 4,In-person,2025-09-08,60
SST,Centro 1,Hybrid,2025-09-08,58
LID,Centro 5,Hybrid,2025-09-08,57
SEG,Centro 1,Hybrid,2025-09-08,56
EMP,Centro 3,In-person,2025-09-08,55
GES,Centro 5,Hybrid,2025-09-08,55
LID,Centro 3,Hybrid,2025-09-08,55
EXC,Centro 3,Hybrid,2025-09-08,54
HOT,Centro 1,Hybrid,2025-09-08,54
HAC,Centro 5,In-person,2025-09-08,53
EMP,Centro 5,In-person,2025-09-08,51
PRI,Centro 3,In-person,2025-09-08,50
PYT,Centro 4,Hybrid,2025-09-08,50
EXC,Centro 2,Hybrid,2025-09-08,49
CYB,Centro 5,Online,2025-09-08,48
INF,Centro 5,In-person,2025-09-08,48
SEG,Centro 5,Hybrid,2025-09-08,48
HCP,Centro 3,In-person,2025-09-08,47
MNT,Centro 1,In-person,2025-09-08,47
SEG,Centro 1,Online,2025-09-08,47
GER,Centro 1,In-person,2025-09-08,46
PRI,Centro 4,Hybrid,2025-09-08,44
EXC,Centro 4,Hybrid,2025-09-08,42
EXC,Centro 1,In-person,2025-09-08,41
PRI,Centro 1,In-person,2025-09-08,40
HAC,Centro 5,Hybrid,2025-09-08,39
EMP,Centro 2,In-person,2025-09-08,37
PRI,Centro 5,Hybrid,2025-09-08,36
LID,Centro 2,Hybrid,2025-09-08,35
EXC,Centro 1,Hybrid,2025-09-08,33
HAC,Centro 1,In-person,2025-09-08,32
LID,Centro 5,In-person,2025-09-08,31
GES,Centro 4,Online,2025-09-08,30
LOG,Centro 5,In-person,2025-09-08,30
SOC,Centro 3,In-person,2025-09-08,28
FOR,Centro 2,Online,2025-09-08,27
HAC,Centro 4,In-person,2025-09-08,27
LID,Centro 3,In-person,2025-09-08,27
LOG,Centro 2,In-person,2025-09-08,27
LID,Centro 2,In-person,2025-09-08,26
VND,Centro 3,Hybrid,2025-09-08,26
HAC,Centro 4,Online,2025-09-08,25
PRI,Centro 5,In-person,2025-09-08,25
SST,Centro 4,In-person,2025-09-08,25
SOC,Centro 2,Hybrid,2025-09-08,24
EXC,Centro 2,Online,2025-09-08,23
PRO,Centro 5,In-person,2025-09-08,23
SCI,Centro 5,In-person,2025-09-08,23
EXC,Centro 5,Online,2025-09-08,22
LOG,Centro 4,In-person,2025-09-08,22
PBI,Centro 2,In-person,2025-09-08,22
GER,Centro 4,In-person,2025-09-08,21
INF,Centro 3,In-person,2025-09-08,21
LOG,Centro 4,Hybrid,2025-09-08,21
PRO,Centro 4,Hybrid,2025-09-08,20
SCI,Centro 2,In-person,2025-09-08,20
TUR,Centro 5,In-person,2025-09-08,20
SEG,Centro 1,In-person,2025-09-08,19
HCP,Centro 2,In-person,2025-09-08,18
PYT,Centro 2,Hybrid,2025-09-08,18
VND,Centro 5,In-person,2025-09-08,17
HCP,Centro 1,In-person,2025-09-08,16
SST,Centro 3,Online,2025-09-08,16
FOR,Centro 3,Hybrid,2025-09-08,15
GER,Centro 5,In-person,2025-09-08,15
INF,Centro 3,Hybrid,2025-09-08,15
PRI,Centro 3,Hybrid,2025-09-08,15
SEG,Centro 3,Hybrid,2025-09-08,15
LID,Centro 1,Online,2025-09-08,14
MNT,Centro 3,In-person,2025-09-08,14
SCI,Centro 3,In-person,2025-09-08,14
HCP,Centro 3,Hybrid,2025-09-08,13
LID,Centro 1,In-person,2025-09-08,13
MNT,Centro 5,In-person,2025-09-08,12
PRI,Centro 4,In-person,2025-09-08,12
PRO,Centro 2,Hybrid,2025-09-08,12
LID,Centro 1,Hybrid,2025-09-08,11
PYT,Centro 4,In-person,2025-09-08,11
CYB,Centro 2,In-person,2025-09-08,10
GES,Centro 4,In-person,2025-09-08,10
HAC,Centro 4,Hybrid,2025-09-08,10
LID,Centro 5,Online,2025-09-08,10
PRI,Centro 2,In-person,2025-09-08,10
TUR,Centro 4,Hybrid,2025-09-08,9
GES,Centro 1,In-person,2025-09-08,8
PYT,Centro 1,Hybrid,2025-09-08,8
HAC,Centro 3,In-person,2025-09-08,7
SST,Centro 5,Hybrid,2025-09-08,7
VND,Centro 5,Hybrid,2025-09-08,7
LOG,Centro 2,Hybrid,2025-09-08,6
PRI,Centro 2,Hybrid,2025-09-08,6
SOC,Centro 4,Hybrid,2025-09-08,6
HOT,Centro 2,In-person,2025-09-08,5
EXC,Centro 4,In-person,2025-09-08,4
FOR,Centro 5,Online,2025-09-08,4
GER,Centro 2,Hybrid,2025-09-08,4
PRO,Centro 2,Online,2025-09-08,4
PYT,Centro 3,Hybrid,2025-09-08,4
SCI,Centro 1,Hybrid,2025-09-08,4
INF,Centro 1,In-person,2025-09-08,3
ING,Centro 4,Hybrid,2025-09-08,3
LOG,Centro 1,Hybrid,2025-09-08,3
LOG,Centro 3,Hybrid,2025-09-08,3
PBI,Centro 4,In-person,2025-09-08,3
SST,Centro 2,In-person,2025-09-08,3
TUR,Centro 2,In-person,2025-09-08,3
PRO,Centro 1,Online,2025-09-15,156
MNT,Centro 4,In-person,2025-09-15,143
MNT,Centro 5,In-person,2025-09-15,121
EXC,Centro 4,Online,2025-09-15,119
PYT,Centro 3,Hybrid,2025-09-15,117
SOC,Centro 3,In-person,2025-09-15,114
MNT,Centro 3,In-person,2025-09-15,108
EMP,Centro 5,In-person,2025-09-15,95
PRO,Centro 3,Online,2025-09-15,89
EMP,Centro 3,In-person,2025-09-15,88
PBI,Centro 2,Hybrid,2025-09-15,86
PRI,Centro 5,In-person,2025-09-15,81
PBI,Centro 1,Online,2025-09-15,77
CYB,Centro 4,In-person,2025-09-15,68
SEG,Centro 4,Hybrid,2025-09-15,67
LOG,Centro 1,In-person,2025-09-15,66
HOT,Centro 3,In-person,2025-09-15,63
LOG,Centro 2,Hybrid,2025-09-15,63
SST,Centro 1,In-person,2025-09-15,59
CYB,Centro 4,Hybrid,2025-09-15,58
PBI,Centro 1,Hybrid,2025-09-15,58
FOR,Centro 5,Online,2025-09-15,57
SST,Centro 3,Online,2025-09-15,57
GES,Centro 2,Hybrid,2025-09-15,56
CYB,Centro 1,Online,2025-09-15,55
GER,Centro 5,Hybrid,2025-09-15,55
SEG,Centro 3,Hybrid,2025-09-15,52
HOT,Centro 5,In-person,2025-09-15,51
CYB,Centro 4,Online,2025-09-15,49
ING,Centro 3,Online,2025-09-15,48
SST,Centro 5,In-person,2025-09-15,46
PRI,Centro 2,Hybrid,2025-09-15,45
HAC,Centro 5,Hybrid,2025-09-15,44
LID,Centro 3,In-person,2025-09-15,44
PBI,Centro 4,Online,2025-09-15,44
SOC,Centro 2,In-person,2025-09-15,44
VND,Centro 2,In-person,2025-09-15,44
PBI,Centro 2,Online,2025-09-15,43
SEG,Centro 3,In-person,2025-09-15,43
FOR,Centro 5,Hybrid,2025-09-15,42
ING,Centro 2,Hybrid,2025-09-15,42
LID,Centro 5,In-person,2025-09-15,42
PRI,Centro 2,In-person,2025-09-15,42
EXC,Centro 1,In-person,2025-09-15,41
SCI,Centro 4,In-person,2025-09-15,41
SST,Centro 1,Hybrid,2025-09-15,40
CYB,Centro 3,Hybrid,2025-09-15,38
PRI,Centro 4,Hybrid,2025-09-15,35
SST,Centro 2,Hybrid,2025-09-15,35
HAC,Centro 1,In-person,2025-09-15,34
LOG,Centro 5,In-person,2025-09-15,32
SCI,Centro 3,Hybrid,2025-09-15,32
SCI,Centro 2,In-person,2025-09-15,32
SEG,Centro 5,Online,2025-09-15,32
EXC,Centro 2,In-person,2025-09-15,30
PYT,Centro 4,Hybrid,2025-09-15,30
SCI,Centro 1,In-person,2025-09-15,30
GER,Centro 3,In-person,2025-09-15,29
HCP,Centro 2,In-person,2025-09-15,29
PRO,Centro 4,Hybrid,2025-09-15,29
CYB,Centro 2,Online,2025-09-15,28
LOG,Centro 2,In-person,2025-09-15,28
TUR,Centro 3,Hybrid,2025-09-15,28
LID,Centro 5,Online,2025-09-15,27
PBI,Centro 4,Hybrid,2025-09-15,27
SEG,Centro 1,Online,2025-09-15,27
SOC,Centro 4,Hybrid,2025-09-15,26
SOC,Centro 5,In-person,2025-09-15,26
HAC,Centro 4,Hybrid,2025-09-15,25
HOT,Centro 5,Hybrid,2025-09-15,25
HAC,Centro 5,In-person,2025-09-15,24
LOG,Centro 3,Hybrid,2025-09-15,24
SEG,Centro 3,Online,2025-09-15,24
HCP,Centro 4,Hybrid,2025-09-15,23
ING,Centro 5,In-person,2025-09-15,23
LOG,Centro 4,In-person,2025-09-15,23
INF,Centro 1,In-person,2025-09-15,20
PRI,Centro 5,Hybrid,2025-09-15,20
SEG,Centro 2,Online,2025-09-15,20
SST,Centro 3,In-person,2025-09-15,20
EXC,Centro 1,Hybrid,2025-09-15,19
FOR,Centro 2,Hybrid,2025-09-15,19
LID,Centro 4,Hybrid,2025-09-15,19
LOG,Centro 4,Hybrid,2025-09-15,19
PBI,Centro 5,Online,2025-09-15,19
VND,Centro 2,Hybrid,2025-09-15,19
CYB,Centro 1,Hybrid,2025-09-15,18
HAC,Centro 4,In-person,2025-09-15,18
LID,Centro 1,Online,2025-09-15,18
ING,Centro 1,Online,2025-09-15,17
SCI,Centro 5,Hybrid,2025-09-15,17
HCP,Centro 3,Hybrid,2025-09-15,16
PBI,Centro 3,Hybrid,2025-09-15,16
PBI,Centro 2,In-person,2025-09-15,16
TUR,Centro 2,In-person,2025-09-15,16
GES,Centro 4,Hybrid,2025-09-15,15
PRI,Centro 3,In-person,2025-09-15,15
INF,Centro 3,In-person,2025-09-15,14
PRI,Centro 1,Hybrid,2025-09-15,14
SEG,Centro 1,In-person,2025-09-15,14
SST,Centro 2,Online,2025-09-15,14
CYB,Centro 2,Hybrid,2025-09-15,13
EXC,Centro 1,Online,2025-09-15,13
EXC,Centro 4,Hybrid,2025-09-15,13
GER,Centro 4,Hybrid,2025-09-15,13
GES,Centro 5,Hybrid,2025-09-15,13
HCP,Centro 5,Hybrid,2025-09-15,13
HOT,Centro 1,In-person,2025-09-15,13
INF,Centro 5,In-person,2025-09-15,13
HOT,Centro 2,In-person,2025-09-15,12
PYT,Centro 5,In-person,2025-09-15,12
SEG,Centro 4,In-person,2025-09-15,12
SST,Centro 5,Hybrid,2025-09-15,12
VND,Centro 4,Online,2025-09-15,12
VND,Centro 5,Online,2025-09-15,12
SOC,Centro 1,In-person,2025-09-15,11
EMP,Centro 1,In-person,2025-09-15,10
LID,Centro 4,In-person,2025-09-15,10
PBI,Centro 4,In-person,2025-09-15,10
PRI,Centro 4,In-person,2025-09-15,9
SEG,Centro 5,Hybrid,2025-09-15,9
SST,Centro 2,In-person,2025-09-15,9
CYB,Centro 3,In-person,2025-09-15,8
FOR,Centro 4,Hybrid,2025-09-15,8
SCI,Centro 3,In-person,2025-09-15,8
VND,Centro 5,Hybrid,2025-09-15,8
EXC,Centro 5,Hybrid,2025-09-15,7
GER,Centro 2,In-person,2025-09-15,7
HCP,Centro 1,In-person,2025-09-15,7
ING,Centro 4,Hybrid,2025-09-15,7
PRO,Centro 4,In-person,2025-09-15,7
SCI,Centro 5,In-person,2025-09-15,7
HAC,Centro 3,Hybrid,2025-09-15,6
HOT,Centro 1,Hybrid,2025-09-15,6
FOR,Centro 2,Online,2025-09-15,5
GES,Centro 2,In-person,2025-09-15,5
LID,Centro 1,Hybrid,2025-09-15,5
PRO,Centro 2,Hybrid,2025-09-15,5
VND,Centro 1,In-person,2025-09-15,5
VND,Centro 5,In-person,2025-09-15,5
EXC,Centro 2,Online,2025-09-15,4
EXC,Centro 4,In-person,2025-09-15,4
EXC,Centro 5,In-person,2025-09-15,4
FOR,Centro 4,In-person,2025-09-15,4
HAC,Centro 5,Online,2025-09-15,4
INF,Centro 3,Hybrid,2025-09-15,4
INF,Centro 4,Hybrid,2025-09-15,4
INF,Centro 2,In-person,2025-09-15,4
LID,Centro 4,Online,2025-09-15,4
LID,Centro 2,Hybrid,2025-09-15,4
LID,Centro 1,In-person,2025-09-15,4
MNT,Centro 1,In-person,2025-09-15,4
PYT,Centro 5,Online,2025-09-15,4
TUR,Centro 4,Hybrid,2025-09-15,4
HCP,Centro 3,In-person,2025-09-15,3
LOG,Centro 3,In-person,2025-09-15,3
SST,Centro 3,Hybrid,2025-09-15,3
VND,Centro 4,Hybrid,2025-09-15,3
PRO,Centro 2,Online,2025-09-22,215
PRO,Centro 2,Hybrid,2025-09-22,154
CYB,Centro 2,Hybrid,2025-09-22,125
CYB,Centro 4,Hybrid,2025-09-22,122
SOC,Centro 3,In-person,2025-09-22,121
GER,Centro 5,In-person,2025-09-22,116
FOR,Centro 2,Hybrid,2025-09-22,113
FOR,Centro 3,Online,2025-09-22,110
MNT,Centro 1,In-person,2025-09-22,110
FOR,Centro 2,Online,2025-09-22,106
GER,Centro 3,In-person,2025-09-22,106
PBI,Centro 4,Online,2025-09-22,105
VND,Centro 5,Online,2025-09-22,101
MNT,Centro 3,In-person,2025-09-22,99
PBI,Centro 3,Online,2025-09-22,93
CYB,Centro 4,Online,2025-09-22,85
FOR,Centro 4,Online,2025-09-22,81
EXC,Centro 1,Online,2025-09-22,77
HAC,Centro 5,In-person,2025-09-22,77
SEG,Centro 3,In-person,2025-09-22,77
LOG,Centro 5,Hybrid,2025-09-22,72
PRO,Centro 2,In-person,2025-09-22,71
TUR,Centro 5,In-person,2025-09-22,71
EXC,Centro 2,Hybrid,2025-09-22,69
LOG,Centro 2,In-person,2025-09-22,68
HAC,Centro 5,Online,2025-09-22,67
PYT,Centro 3,Hybrid,2025-09-22,67
SCI,Centro 3,Hybrid,2025-09-22,67
LID,Centro 1,Hybrid,2025-09-22,66
VND,Centro 3,Hybrid,2025-09-22,66
EXC,Centro 2,Online,2025-09-22,65
HOT,Centro 5,Hybrid,2025-09-22,64
PRI,Centro 4,In-person,2025-09-22,63
LID,Centro 1,In-person,2025-09-22,62
VND,Centro 2,In-person,2025-09-22,62
HOT,Centro 5,In-person,2025-09-22,60
HAC,Centro 1,In-person,2025-09-22,56
SOC,Centro 5,In-person,2025-09-22,56
GES,Centro 5,Hybrid,2025-09-22,55
SEG,Centro 2,Hybrid,2025-09-22,55
PYT,Centro 5,In-person,2025-09-22,51
GES,Centro 5,In-person,2025-09-22,50
SEG,Centro 1,Hybrid,2025-09-22,49
INF,Centro 1,In-person,2025-09-22,47
VND,Centro 4,In-person,2025-09-22,46
EXC,Centro 4,Hybrid,2025-09-22,44
PBI,Centro 5,In-person,2025-09-22,44
EMP,Centro 3,In-person,2025-09-22,43
HAC,Centro 5,Hybrid,2025-09-22,42
SEG,Centro 4,In-person,2025-09-22,42
GES,Centro 4,In-person,2025-09-22,41
INF,Centro 2,Hybrid,2025-09-22,41
EMP,Centro 5,In-person,2025-09-22,39
HCP,Centro 4,Hybrid,2025-09-22,39
ING,Centro 5,Hybrid,2025-09-22,39
VND,Centro 4,Online,2025-09-22,37
EXC,Centro 5,Hybrid,2025-09-22,36
HAC,Centro 3,Hybrid,2025-09-22,33
SST,Centro 2,Online,2025-09-22,33
EXC,Centro 4,Online,2025-09-22,32
GER,Centro 1,In-person,2025-09-22,32
PBI,Centro 1,Online,2025-09-22,32
GER,Centro 4,In-person,2025-09-22,31
ING,Centro 1,Online,2025-09-22,31
LOG,Centro 4,In-person,2025-09-22,31
SCI,Centro 1,Hybrid,2025-09-22,31
CYB,Centro 1,Online,2025-09-22,28
EMP,Centro 2,In-person,2025-09-22,27
EXC,Centro 5,In-person,2025-09-22,27
EMP,Centro 4,In-person,2025-09-22,26
HOT,Centro 2,In-person,2025-09-22,25
LOG,Centro 5,In-person,2025-09-22,25
EXC,Centro 1,Hybrid,2025-09-22,24
INF,Centro 2,In-person,2025-09-22,24
GER,Centro 1,Hybrid,2025-09-22,23
HCP,Centro 2,Hybrid,2025-09-22,23
PRI,Centro 3,In-person,2025-09-22,23
SEG,Centro 4,Online,2025-09-22,23
TUR,Centro 3,Hybrid,2025-09-22,22
INF,Centro 1,Hybrid,2025-09-22,21
LID,Centro 2,Hybrid,2025-09-22,21
LID,Centro 5,In-person,2025-09-22,21
PRI,Centro 1,Hybrid,2025-09-22,21
CYB,Centro 2,Online,2025-09-22,20
ING,Centro 4,Hybrid,2025-09-22,20
PBI,Centro 2,Hybrid,2025-09-22,20
PYT,Centro 2,Online,2025-09-22,20
PYT,Centro 4,Online,2025-09-22,20
GER,Centro 2,In-person,2025-09-22,18
HCP,Centro 3,In-person,2025-09-22,18
PBI,Centro 4,In-person,2025-09-22,17
PBI,Centro 5,Hybrid,2025-09-22,16
PRI,Centro 2,Hybrid,2025-09-22,16
SOC,Centro 4,Hybrid,2025-09-22,16
CYB,Centro 3,Hybrid,2025-09-22,15
LID,Centro 1,Online,2025-09-22,15
PRO,Centro 5,In-person,2025-09-22,15
SST,Centro 2,Hybrid,2025-09-22,15
PYT,Centro 2,Hybrid,2025-09-22,14
GER,Centro 5,Hybrid,2025-09-22,13
HCP,Centro 5,Hybrid,2025-09-22,13
INF,Centro 5,In-person,2025-09-22,13
LOG,Centro 1,In-person,2025-09-22,13
MNT,Centro 5,In-person,2025-09-22,13
PYT,Centro 4,Hybrid,2025-09-22,13
PYT,Centro 4,In-person,2025-09-22,13
SEG,Centro 1,Online,2025-09-22,13
SEG,Centro 3,Online,2025-09-22,13
TUR,Centro 1,Hybrid,2025-09-22,13
TUR,Centro 4,In-person,2025-09-22,13
VND,Centro 1,Hybrid,2025-09-22,13
EXC,Centro 2,In-person,2025-09-22,12
INF,Centro 3,Hybrid,2025-09-22,12
VND,Centro 2,Hybrid,2025-09-22,12
HAC,Centro 1,Online,2025-09-22,11
EXC,Centro 4,In-person,2025-09-22,10
HAC,Centro 2,In-person,2025-09-22,10
HOT,Centro 3,In-person,2025-09-22,10
GER,Centro 4,Hybrid,2025-09-22,9
GES,Centro 2,Hybrid,2025-09-22,9
HCP,Centro 1,In-person,2025-09-22,9
LOG,Centro 3,In-person,2025-09-22,9
PBI,Centro 2,In-person,2025-09-22,9
PRI,Centro 1,In-person,2025-09-22,9
PRO,Centro 1,Online,2025-09-22,8
SCI,Centro 1,In-person,2025-09-22,8
SST,Centro 5,Hybrid,2025-09-22,8
CYB,Centro 3,In-person,2025-09-22,7
CYB,Centro 4,In-person,2025-09-22,7
INF,Centro 4,In-person,2025-09-22,7
ING,Centro 2,In-person,2025-09-22,7
LOG,Centro 2,Hybrid,2025-09-22,7
LOG,Centro 3,Hybrid,2025-09-22,7
PRO,Centro 4,Hybrid,2025-09-22,7
SST,Centro 4,In-person,2025-09-22,7
EMP,Centro 1,In-person,2025-09-22,6
HAC,Centro 4,Hybrid,2025-09-22,6
HAC,Centro 4,In-person,2025-09-22,6
CYB,Centro 2,In-person,2025-09-22,5
HAC,Centro 2,Online,2025-09-22,5
PBI,Centro 1,Hybrid,2025-09-22,5
PBI,Centro 3,Hybrid,2025-09-22,5
VND,Centro 5,Hybrid,2025-09-22,5
EXC,Centro 3,In-person,2025-09-22,4
LID,Centro 4,Online,2025-09-22,4
PRI,Centro 5,Hybrid,2025-09-22,4
PYT,Centro 5,Online,2025-09-22,4
SEG,Centro 1,In-person,2025-09-22,4
SOC,Centro 2,In-person,2025-09-22,4
HOT,Centro 1,Hybrid,2025-09-22,3
HOT,Centro 2,Hybrid,2025-09-22,3
SEG,Centro 4,Hybrid,2025-09-22,3
SST,Centro 3,Online,2025-09-22,3
SST,Centro 5,In-person,2025-09-22,3
ING,Centro 3,Online,2025-09-29,167
EMP,Centro 3,In-person,2025-09-29,154
PYT,Centro 4,Online,2025-09-29,132
EMP,Centro 1,In-person,2025-09-29,123
FOR,Centro 5,Online,2025-09-29,121
MNT,Centro 4,In-person,2025-09-29,104
ING,Centro 3,Hybrid,2025-09-29,103
EXC,Centro 2,Online,2025-09-29,95
MNT,Centro 1,In-person,2025-09-29,91
SEG,Centro 2,Hybrid,2025-09-29,89
PYT,Centro 2,Online,2025-09-29,87
SEG,Centro 2,Online,2025-09-29,86
PBI,Centro 4,Online,2025-09-29,81
HOT,Centro 4,In-person,2025-09-29,76
HOT,Centro 5,In-person,2025-09-29,75
SEG,Centro 1,In-person,2025-09-29,74
CYB,Centro 1,Online,2025-09-29,73
SCI,Centro 3,Hybrid,2025-09-29,73
SST,Centro 5,Online,2025-09-29,72
FOR,Centro 2,Online,2025-09-29,70
PRI,Centro 4,Hybrid,2025-09-29,69
SOC,Centro 1,Hybrid,2025-09-29,65
PYT,Centro 3,Hybrid,2025-09-29,64
FOR,Centro 3,In-person,2025-09-29,62
PBI,Centro 3,Hybrid,2025-09-29,62
SST,Centro 3,Hybrid,2025-09-29,62
EXC,Centro 1,Online,2025-09-29,61
EXC,Centro 4,Hybrid,2025-09-29,61
LOG,Centro 3,In-person,2025-09-29,61
HOT,Centro 5,Hybrid,2025-09-29,60
PBI,Centro 4,Hybrid,2025-09-29,60
PRI,Centro 5,In-person,2025-09-29,60
PYT,Centro 1,Hybrid,2025-09-29,60
HCP,Centro 2,Hybrid,2025-09-29,59
PBI,Centro 2,Online,2025-09-29,59
EMP,Centro 2,In-person,2025-09-29,58
MNT,Centro 5,In-person,2025-09-29,58
SOC,Centro 3,In-person,2025-09-29,58
SST,Centro 5,Hybrid,2025-09-29,58
INF,Centro 3,In-person,2025-09-29,57
CYB,Centro 2,Hybrid,2025-09-29,56
INF,Centro 4,In-person,2025-09-29,55
GES,Centro 2,Online,2025-09-29,54
HAC,Centro 4,Hybrid,2025-09-29,54
PRO,Centro 4,In-person,2025-09-29,53
HCP,Centro 3,Hybrid,2025-09-29,50
PRO,Centro 4,Hybrid,2025-09-29,50
EXC,Centro 4,Online,2025-09-29,49
HAC,Centro 5,Online,2025-09-29,49
SCI,Centro 2,In-person,2025-09-29,49
CYB,Centro 2,In-person,2025-09-29,48
LID,Centro 1,Hybrid,2025-09-29,48
TUR,Centro 5,In-person,2025-09-29,48
CYB,Centro 3,Hybrid,2025-09-29,46
LID,Centro 1,In-person,2025-09-29,43
VND,Centro 3,Hybrid,2025-09-29,43
GER,Centro 4,In-person,2025-09-29,42
SCI,Centro 1,In-person,2025-09-29,42
VND,Centro 4,Hybrid,2025-09-29,42
TUR,Centro 2,Hybrid,2025-09-29,40
PRO,Centro 1,Online,2025-09-29,38
HAC,Centro 3,In-person,2025-09-29,37
LID,Centro 2,Hybrid,2025-09-29,37
LOG,Centro 1,In-person,2025-09-29,37
SEG,Centro 5,In-person,2025-09-29,35
GES,Centro 4,In-person,2025-09-29,34
HAC,Centro 2,In-person,2025-09-29,34
MNT,Centro 3,In-person,2025-09-29,34
PRO,Centro 2,Online,2025-09-29,34
PYT,Centro 5,Online,2025-09-29,33
GER,Centro 5,Hybrid,2025-09-29,32
LOG,Centro 4,In-person,2025-09-29,31
PRO,Centro 2,In-person,2025-09-29,31
SEG,Centro 4,In-person,2025-09-29,31
HOT,Centro 3,In-person,2025-09-29,30
PRI,Centro 3,Hybrid,2025-09-29,30
PYT,Centro 1,Online,2025-09-29,30
INF,Centro 5,In-person,2025-09-29,29
PYT,Centro 2,Hybrid,2025-09-29,29
TUR,Centro 4,In-person,2025-09-29,29
CYB,Centro 4,Hybrid,2025-09-29,28
GER,Centro 3,In-person,2025-09-29,28
GER,Centro 5,In-person,2025-09-29,28
PBI,Centro 3,Online,2025-09-29,28
EMP,Centro 5,In-person,2025-09-29,27
HAC,Centro 5,In-person,2025-09-29,27
LOG,Centro 3,Hybrid,2025-09-29,27
HOT,Centro 2,In-person,2025-09-29,26
LOG,Centro 2,In-person,2025-09-29,26
PBI,Centro 2,Hybrid,2025-09-29,26
SEG,Centro 1,Online,2025-09-29,26
HAC,Centro 4,In-person,2025-09-29,25
SCI,Centro 5,In-person,2025-09-29,25
SEG,Centro 3,Online,2025-09-29,25
EXC,Centro 3,In-person,2025-09-29,24
CYB,Centro 1,In-person,2025-09-29,22
VND,Centro 1,In-person,2025-09-29,22
GER,Centro 1,Hybrid,2025-09-29,21
HCP,Centro 4,Hybrid,2025-09-29,21
INF,Centro 2,Hybrid,2025-09-29,21
PBI,Centro 1,Hybrid,2025-09-29,21
TUR,Centro 1,In-person,2025-09-29,21
SEG,Centro 5,Hybrid,2025-09-29,20
SOC,Centro 5,Hybrid,2025-09-29,20
SST,Centro 4,Online,2025-09-29,20
VND,Centro 3,Online,2025-09-29,20
GES,Centro 5,Hybrid,2025-09-29,18
SST,Centro 1,Hybrid,2025-09-29,18
VND,Centro 1,Hybrid,2025-09-29,18
TUR,Centro 2,In-person,2025-09-29,17
VND,Centro 2,In-person,2025-09-29,16
CYB,Centro 1,Hybrid,2025-09-29,15
FOR,Centro 4,Online,2025-09-29,15
SST,Centro 4,In-person,2025-09-29,15
SCI,Centro 5,Hybrid,2025-09-29,14
SOC,Centro 3,Hybrid,2025-09-29,14
EXC,Centro 5,Hybrid,2025-09-29,13
GER,Centro 1,In-person,2025-09-29,13
HCP,Centro 1,In-person,2025-09-29,13
PBI,Centro 5,Online,2025-09-29,13
PBI,Centro 4,In-person,2025-09-29,13
PRI,Centro 2,In-person,2025-09-29,13
EMP,Centro 4,In-person,2025-09-29,12
ING,Centro 2,In-person,2025-09-29,12
LID,Centro 4,Hybrid,2025-09-29,12
PRO,Centro 5,In-person,2025-09-29,12
PYT,Centro 5,Hybrid,2025-09-29,12
PBI,Centro 5,In-person,2025-09-29,11
SCI,Centro 2,Hybrid,2025-09-29,11
HCP,Centro 3,In-person,2025-09-29,10
INF,Centro 2,In-person,2025-09-29,10
SCI,Centro 1,Hybrid,2025-09-29,10
SEG,Centro 3,In-person,2025-09-29,10
TUR,Centro 5,Hybrid,2025-09-29,10
SOC,Centro 5,In-person,2025-09-29,8
VND,Centro 5,Online,2025-09-29,8
PRO,Centro 2,Hybrid,2025-09-29,7
SST,Centro 2,In-person,2025-09-29,7
HAC,Centro 2,Online,2025-09-29,6
HAC,Centro 3,Hybrid,2025-09-29,6
PRI,Centro 4,In-person,2025-09-29,6
SST,Centro 4,Hybrid,2025-09-29,6
FOR,Centro 1,Hybrid,2025-09-29,5
GES,Centro 2,Hybrid,2025-09-29,5
ING,Centro 5,In-person,2025-09-29,5
LID,Centro 5,Online,2025-09-29,5
PBI,Centro 1,Online,2025-09-29,5
CYB,Centro 4,Online,2025-09-29,4
EXC,Centro 4,In-person,2025-09-29,4
FOR,Centro 1,In-person,2025-09-29,4
HCP,Centro 2,In-person,2025-09-29,4
LOG,Centro 5,In-person,2025-09-29,4
PYT,Centro 4,Hybrid,2025-09-29,4
SOC,Centro 2,In-person,2025-09-29,4
TUR,Centro 1,Hybrid,2025-09-29,4
VND,Centro 5,In-person,2025-09-29,4
EXC,Centro 2,Hybrid,2025-09-29,3
GER,Centro 4,Hybrid,2025-09-29,3
ING,Centro 4,Hybrid,2025-09-29,3
SCI,Centro 4,In-person,2025-09-29,3
SOC,Centro 2,Hybrid,2025-09-29,3
LID,Centro 1,Online,2025-10-06,184
PYT,Centro 2,Online,2025-10-06,178
EXC,Centro 3,In-person,2025-10-06,143
CYB,Centro 1,Online,2025-10-06,136
CYB,Centro 4,Hybrid,2025-10-06,104
PRI,Centro 1,In-person,2025-10-06,104
PRO,Centro 2,Hybrid,2025-10-06,100
GER,Centro 1,In-person,2025-10-06,96
SEG,Centro 1,In-person,2025-10-06,89
CYB,Centro 2,Hybrid,2025-10-06,84
INF,Centro 2,In-person,2025-10-06,81
LID,Centro 5,Online,2025-10-06,78
ING,Centro 1,Hybrid,2025-10-06,77
SEG,Centro 5,Online,2025-10-06,77
HOT,Centro 5,Hybrid,2025-10-06,76
PBI,Centro 3,Online,2025-10-06,75
PBI,Centro 3,Hybrid,2025-10-06,74
EMP,Centro 5,In-person,2025-10-06,72
ING,Centro 2,Hybrid,2025-10-06,71
FOR,Centro 2,Hybrid,2025-10-06,70
FOR,Centro 4,In-person,2025-10-06,68
HAC,Centro 1,Online,2025-10-06,68
HOT,Centro 3,Hybrid,2025-10-06,67
EMP,Centro 1,In-person,2025-10-06,64
EXC,Centro 4,Online,2025-10-06,64
HCP,Centro 4,In-person,2025-10-06,61
FOR,Centro 3,In-person,2025-10-06,60
ING,Centro 3,Hybrid,2025-10-06,60
MNT,Centro 1,In-person,2025-10-06,59
PRI,Centro 3,In-person,2025-10-06,59
PBI,Centro 2,In-person,2025-10-06,57
SCI,Centro 2,Hybrid,2025-10-06,57
HAC,Centro 1,Hybrid,2025-10-06,56
PYT,Centro 4,Hybrid,2025-10-06,56
HCP,Centro 1,In-person,2025-10-06,55
PRO,Centro 4,Hybrid,2025-10-06,54
LID,Centro 5,In-person,2025-10-06,52
SOC,Centro 5,In-person,2025-10-06,51
PRI,Centro 3,Hybrid,2025-10-06,49
TUR,Centro 1,Hybrid,2025-10-06,49
LOG,Centro 1,In-person,2025-10-06,48
GER,Centro 4,In-person,2025-10-06,47
CYB,Centro 5,Online,2025-10-06,46
HCP,Centro 5,Hybrid,2025-10-06,46
VND,Centro 5,Online,2025-10-06,46
ING,Centro 2,In-person,2025-10-06,45
EXC,Centro 5,In-person,2025-10-06,44
SCI,Centro 3,In-person,2025-10-06,44
TUR,Centro 2,In-person,2025-10-06,43
HCP,Centro 2,In-person,2025-10-06,42
GES,Centro 2,Online,2025-10-06,40
CYB,Centro 1,Hybrid,2025-10-06,39
GER,Centro 2,In-person,2025-10-06,39
INF,Centro 2,Hybrid,2025-10-06,39
PBI,Centro 2,Online,2025-10-06,39
PBI,Centro 1,In-person,2025-10-06,39
HAC,Centro 3,Hybrid,2025-10-06,36
ING,Centro 1,In-person,2025-10-06,36
LID,Centro 2,In-person,2025-10-06,36
SCI,Centro 4,Hybrid,2025-10-06,36
HAC,Centro 4,In-person,2025-10-06,35
SST,Centro 3,Online,2025-10-06,35
PYT,Centro 5,Online,2025-10-06,34
EXC,Centro 3,Online,2025-10-06,33
SST,Centro 5,Hybrid,2025-10-06,33
GER,Centro 5,Hybrid,2025-10-06,31
HOT,Centro 3,In-person,2025-10-06,31
TUR,Centro 5,In-person,2025-10-06,31
PRI,Centro 5,In-person,2025-10-06,30
HCP,Centro 3,Hybrid,2025-10-06,29
SEG,Centro 4,Online,2025-10-06,29
HAC,Centro 4,Hybrid,2025-10-06,28
HAC,Centro 3,In-person,2025-10-06,28
HOT,Centro 4,In-person,2025-10-06,28
VND,Centro 2,In-person,2025-10-06,28
GES,Centro 5,Online,2025-10-06,27
GES,Centro 2,Hybrid,2025-10-06,27
EXC,Centro 3,Hybrid,2025-10-06,26
HCP,Centro 4,Hybrid,2025-10-06,26
LID,Centro 1,Hybrid,2025-10-06,26
PYT,Centro 4,In-person,2025-10-06,26
HOT,Centro 5,In-person,2025-10-06,25
PYT,Centro 1,Online,2025-10-06,25
SOC,Centro 3,Hybrid,2025-10-06,25
SOC,Centro 3,In-person,2025-10-06,24
VND,Centro 3,Online,2025-10-06,24
MNT,Centro 3,In-person,2025-10-06,23
PRO,Centro 5,In-person,2025-10-06,23
GER,Centro 1,Hybrid,2025-10-06,22
LOG,Centro 5,In-person,2025-10-06,22
PBI,Centro 1,Online,2025-10-06,21
VND,Centro 1,In-person,2025-10-06,21
INF,Centro 3,Hybrid,2025-10-06,20
PRI,Centro 4,Hybrid,2025-10-06,20
PRI,Centro 2,In-person,2025-10-06,20
SEG,Centro 2,Hybrid,2025-10-06,20
ING,Centro 1,Online,2025-10-06,19
LID,Centro 1,In-person,2025-10-06,19
LOG,Centro 3,Hybrid,2025-10-06,19
LOG,Centro 2,In-person,2025-10-06,19
ING,Centro 3,In-person,2025-10-06,18
SEG,Centro 1,Online,2025-10-06,18
TUR,Centro 5,Hybrid,2025-10-06,18
CYB,Centro 2,Online,2025-10-06,17
HOT,Centro 2,Hybrid,2025-10-06,17
INF,Centro 1,In-person,2025-10-06,17
EXC,Centro 5,Hybrid,2025-10-06,16
PRO,Centro 2,In-person,2025-10-06,16
SST,Centro 1,In-person,2025-10-06,16
VND,Centro 1,Hybrid,2025-10-06,16
FOR,Centro 1,In-person,2025-10-06,15
PRO,Centro 4,In-person,2025-10-06,15
CYB,Centro 2,In-person,2025-10-06,14
ING,Centro 5,In-person,2025-10-06,14
VND,Centro 5,Hybrid,2025-10-06,14
PBI,Centro 4,Online,2025-10-06,13
SCI,Centro 1,Hybrid,2025-10-06,13
EXC,Centro 1,Hybrid,2025-10-06,12
EXC,Centro 2,In-person,2025-10-06,12
GES,Centro 4,Hybrid,2025-10-06,12
LID,Centro 3,In-person,2025-10-06,11
LOG,Centro 4,In-person,2025-10-06,11
TUR,Centro 3,Hybrid,2025-10-06,11
EXC,Centro 2,Online,2025-10-06,10
GER,Centro 3,In-person,2025-10-06,10
SCI,Centro 1,In-person,2025-10-06,10
LOG,Centro 2,Hybrid,2025-10-06,9
SCI,Centro 4,In-person,2025-10-06,9
SST,Centro 5,In-person,2025-10-06,9
EXC,Centro 4,Hybrid,2025-10-06,8
GES,Centro 5,Hybrid,2025-10-06,8
GES,Centro 4,In-person,2025-10-06,8
HAC,Centro 1,In-person,2025-10-06,8
PBI,Centro 5,Hybrid,2025-10-06,8
LID,Centro 4,In-person,2025-10-06,7
SCI,Centro 5,Hybrid,2025-10-06,7
HAC,Centro 2,Online,2025-10-06,6
PBI,Centro 2,Hybrid,2025-10-06,6
PRI,Centro 1,Hybrid,2025-10-06,6
FOR,Centro 3,Hybrid,2025-10-06,5
GES,Centro 1,Hybrid,2025-10-06,5
PBI,Centro 5,Online,2025-10-06,5
PRO,Centro 3,Online,2025-10-06,5
SCI,Centro 5,In-person,2025-10-06,5
CYB,Centro 4,Online,2025-10-06,4
GER,Centro 4,Hybrid,2025-10-06,4
GER,Centro 5,In-person,2025-10-06,4
HCP,Centro 2,Hybrid,2025-10-06,4
PBI,Centro 4,In-person,2025-10-06,4
PRI,Centro 5,Hybrid,2025-10-06,4
PRO,Centro 2,Online,2025-10-06,4
PYT,Centro 4,Online,2025-10-06,4
SCI,Centro 3,Hybrid,2025-10-06,4
SEG,Centro 5,Hybrid,2025-10-06,4
VND,Centro 4,Online,2025-10-06,4
PRI,Centro 4,In-person,2025-10-06,3
SCI,Centro 1,In-person,2025-10-13,155
EXC,Centro 4,Online,2025-10-13,128
MNT,Centro 1,In-person,2025-10-13,113
EMP,Centro 2,In-person,2025-10-13,111
PYT,Centro 5,Online,2025-10-13,107
ING,Centro 1,Online,2025-10-13,100
FOR,Centro 2,Online,2025-10-13,99
CYB,Centro 4,Hybrid,2025-10-13,92
CYB,Centro 1,In-person,2025-10-13,83
VND,Centro 4,In-person,2025-10-13,82
LOG,Centro 2,In-person,2025-10-13,80
SEG,Centro 2,Hybrid,2025-10-13,78
INF,Centro 5,In-person,2025-10-13,77
SOC,Centro 3,Hybrid,2025-10-13,77
HOT,Centro 2,In-person,2025-10-13,75
LID,Centro 5,In-person,2025-10-13,74
LOG,Centro 3,Hybrid,2025-10-13,72
EMP,Centro 1,In-person,2025-10-13,70
VND,Centro 1,Hybrid,2025-10-13,69
GER,Centro 1,Hybrid,2025-10-13,65
PRI,Centro 4,Hybrid,2025-10-13,65
LID,Centro 5,Online,2025-10-13,63
VND,Centro 3,Online,2025-10-13,63
PBI,Centro 5,Online,2025-10-13,62
SCI,Centro 4,In-person,2025-10-13,58
PRO,Centro 5,In-person,2025-10-13,56
SCI,Centro 2,In-person,2025-10-13,55
FOR,Centro 5,Hybrid,2025-10-13,52
PYT,Centro 2,Online,2025-10-13,52
HOT,Centro 5,In-person,2025-10-13,49
SOC,Centro 3,In-person,2025-10-13,49
PYT,Centro 1,Online,2025-10-13,48
EXC,Centro 2,In-person,2025-10-13,47
VND,Centro 2,Hybrid,2025-10-13,46
EMP,Centro 3,In-person,2025-10-13,45
GER,Centro 4,In-person,2025-10-13,42
SST,Centro 4,In-person,2025-10-13,42
SST,Centro 2,In-person,2025-10-13,39
PRI,Centro 1,Hybrid,2025-10-13,38
SCI,Centro 1,Hybrid,2025-10-13,38
EXC,Centro 4,Hybrid,2025-10-13,37
HCP,Centro 3,Hybrid,2025-10-13,36
MNT,Centro 3,In-person,2025-10-13,36
PBI,Centro 4,In-person,2025-10-13,35
SEG,Centro 3,Hybrid,2025-10-13,35
SOC,Centro 5,In-person,2025-10-13,35
INF,Centro 3,In-person,2025-10-13,34
LID,Centro 2,In-person,2025-10-13,34
PBI,Centro 4,Hybrid,2025-10-13,34
PYT,Centro 1,In-person,2025-10-13,34
SCI,Centro 3,Hybrid,2025-10-13,34
SOC,Centro 2,Hybrid,2025-10-13,34
GES,Centro 5,In-person,2025-10-13,33
HCP,Centro 4,In-person,2025-10-13,33
PRO,Centro 4,Hybrid,2025-10-13,33
HCP,Centro 5,Hybrid,2025-10-13,32
LID,Centro 4,Hybrid,2025-10-13,31
GES,Centro 5,Hybrid,2025-10-13,30
SST,Centro 2,Online,2025-10-13,30
SST,Centro 3,Hybrid,2025-10-13,30
VND,Centro 1,In-person,2025-10-13,30
EXC,Centro 1,Online,2025-10-13,29
INF,Centro 2,In-person,2025-10-13,29
SST,Centro 5,In-person,2025-10-13,29
CYB,Centro 1,Hybrid,2025-10-13,28
LOG,Centro 4,In-person,2025-10-13,28
TUR,Centro 5,In-person,2025-10-13,28
HAC,Centro 4,Hybrid,2025-10-13,27
ING,Centro 5,Hybrid,2025-10-13,27
PYT,Centro 4,Hybrid,2025-10-13,27
HCP,Centro 2,In-person,2025-10-13,26
HCP,Centro 2,Hybrid,2025-10-13,24
SCI,Centro 3,In-person,2025-10-13,24
GER,Centro 1,In-person,2025-10-13,23
HCP,Centro 3,In-person,2025-10-13,23
ING,Centro 5,Online,2025-10-13,23
CYB,Centro 1,Online,2025-10-13,22
PRI,Centro 3,In-person,2025-10-13,22
MNT,Centro 4,In-person,2025-10-13,21
LID,Centro 1,Online,2025-10-13,20
PBI,Centro 1,Online,2025-10-13,20
PBI,Centro 5,Hybrid,2025-10-13,20
GES,Centro 3,Hybrid,2025-10-13,19
HOT,Centro 3,In-person,2025-10-13,19
PRI,Centro 1,In-person,2025-10-13,19
GER,Centro 4,Hybrid,2025-10-13,18
HAC,Centro 1,In-person,2025-10-13,18
HOT,Centro 4,In-person,2025-10-13,18
PBI,Centro 1,Hybrid,2025-10-13,18
FOR,Centro 4,Online,2025-10-13,17
GES,Centro 1,In-person,2025-10-13,17
PRI,Centro 5,In-person,2025-10-13,17
CYB,Centro 2,In-person,2025-10-13,16
LID,Centro 1,In-person,2025-10-13,16
TUR,Centro 2,In-person,2025-10-13,15
MNT,Centro 5,In-person,2025-10-13,14
GES,Centro 4,In-person,2025-10-13,13
HCP,Centro 1,In-person,2025-10-13,13
CYB,Centro 5,Online,2025-10-13,12
INF,Centro 2,Hybrid,2025-10-13,12
HAC,Centro 3,Hybrid,2025-10-13,11
HAC,Centro 2,In-person,2025-10-13,11
ING,Centro 5,In-person,2025-10-13,11
VND,Centro 3,Hybrid,2025-10-13,11
INF,Centro 1,In-person,2025-10-13,10
CYB,Centro 3,Hybrid,2025-10-13,9
EXC,Centro 3,In-person,2025-10-13,9
MNT,Centro 2,In-person,2025-10-13,9
PRI,Centro 4,In-person,2025-10-13,9
SEG,Centro 5,Online,2025-10-13,9
TUR,Centro 4,In-person,2025-10-13,9
GES,Centro 2,Online,2025-10-13,8
ING,Centro 3,Online,2025-10-13,8
LID,Centro 5,Hybrid,2025-10-13,8
PBI,Centro 3,Hybrid,2025-10-13,8
PRI,Centro 2,In-person,2025-10-13,8
PRO,Centro 2,In-person,2025-10-13,8
INF,Centro 3,Hybrid,2025-10-13,7
LID,Centro 3,In-person,2025-10-13,7
LOG,Centro 3,In-person,2025-10-13,7
VND,Centro 4,Online,2025-10-13,7
VND,Centro 5,Online,2025-10-13,7
HOT,Centro 2,Hybrid,2025-10-13,6
SEG,Centro 3,In-person,2025-10-13,6
SST,Centro 1,In-person,2025-10-13,6
GES,Centro 2,Hybrid,2025-10-13,5
LID,Centro 4,In-person,2025-10-13,5
PYT,Centro 1,Hybrid,2025-10-13,5
EXC,Centro 5,Hybrid,2025-10-13,4
GER,Centro 3,In-person,2025-10-13,4
HCP,Centro 1,Hybrid,2025-10-13,4
PBI,Centro 1,In-person,2025-10-13,4
PRI,Centro 5,Hybrid,2025-10-13,4
TUR,Centro 2,Hybrid,2025-10-13,4
EMP,Centro 4,In-person,2025-10-13,3
LOG,Centro 1,In-person,2025-10-13,3
SEG,Centro 5,Hybrid,2025-10-13,3
SEG,Centro 4,In-person,2025-10-13,3
SST,Centro 1,Online,2025-10-13,3
VND,Centro 1,Hybrid,2025-10-20,165
FOR,Centro 3,Hybrid,2025-10-20,146
CYB,Centro 1,Online,2025-10-20,137
PBI,Centro 2,Online,2025-10-20,137
HOT,Centro 2,In-person,2025-10-20,118
EXC,Centro 4,Online,2025-10-20,105
PBI,Centro 4,In-person,2025-10-20,99
PBI,Centro 5,In-person,2025-10-20,87
HCP,Centro 3,Hybrid,2025-10-20,84
PRI,Centro 4,Hybrid,2025-10-20,82
VND,Centro 2,Online,2025-10-20,82
GES,Centro 2,Online,2025-10-20,80
SST,Centro 3,Hybrid,2025-10-20,79
PBI,Centro 4,Online,2025-10-20,78
SST,Centro 1,Online,2025-10-20,74
GER,Centro 5,In-person,2025-10-20,72
SST,Centro 4,Hybrid,2025-10-20,70
HCP,Centro 2,In-person,2025-10-20,69
SST,Centro 4,Online,2025-10-20,69
LOG,Centro 1,In-person,2025-10-20,68
PRO,Centro 2,Online,2025-10-20,68
PYT,Centro 5,Hybrid,2025-10-20,68
GES,Centro 4,Hybrid,2025-10-20,66
PRI,Centro 3,Hybrid,2025-10-20,64
PYT,Centro 4,In-person,2025-10-20,63
HOT,Centro 5,Hybrid,2025-10-20,62
SEG,Centro 4,Hybrid,2025-10-20,62
INF,Centro 1,Hybrid,2025-10-20,61
LID,Centro 1,In-person,2025-10-20,61
MNT,Centro 1,In-person,2025-10-20,61
GER,Centro 4,In-person,2025-10-20,60
TUR,Centro 3,Hybrid,2025-10-20,60
TUR,Centro 5,In-person,2025-10-20,60
INF,Centro 3,Hybrid,2025-10-20,59
PBI,Centro 5,Online,2025-10-20,59
LID,Centro 1,Hybrid,2025-10-20,58
ING,Centro 4,Hybrid,2025-10-20,57
MNT,Centro 5,In-person,2025-10-20,57
PBI,Centro 4,Hybrid,2025-10-20,57
LOG,Centro 3,Hybrid,2025-10-20,56
MNT,Centro 2,In-person,2025-10-20,56
HAC,Centro 4,In-person,2025-10-20,55
HCP,Centro 1,In-person,2025-10-20,55
MNT,Centro 4,In-person,2025-10-20,53
FOR,Centro 3,Online,2025-10-20,50
PRI,Centro 5,Hybrid,2025-10-20,50
PRI,Centro 5,In-person,2025-10-20,49
ING,Centro 4,Online,2025-10-20,48
LID,Centro 5,Online,2025-10-20,48
PYT,Centro 1,Hybrid,2025-10-20,48
SEG,Centro 1,In-person,2025-10-20,47
EXC,Centro 3,In-person,2025-10-20,46
GER,Centro 3,Hybrid,2025-10-20,45
INF,Centro 2,Hybrid,2025-10-20,45
FOR,Centro 1,In-person,2025-10-20,41
HCP,Centro 3,In-person,2025-10-20,41
PBI,Centro 2,Hybrid,2025-10-20,41
EMP,Centro 1,In-person,2025-10-20,40
EXC,Centro 2,In-person,2025-10-20,40
LID,Centro 1,Online,2025-10-20,39
MNT,Centro 3,In-person,2025-10-20,37
TUR,Centro 2,In-person,2025-10-20,36
EXC,Centro 5,Online,2025-10-20,35
LID,Centro 2,In-person,2025-10-20,35
PRI,Centro 2,Hybrid,2025-10-20,35
FOR,Centro 4,Online,2025-10-20,34
SOC,Centro 5,In-person,2025-10-20,34
CYB,Centro 1,In-person,2025-10-20,33
INF,Centro 2,In-person,2025-10-20,32
INF,Centro 3,In-person,2025-10-20,32
CYB,Centro 5,Online,2025-10-20,31
GES,Centro 4,Online,2025-10-20,31
PYT,Centro 3,Hybrid,2025-10-20,31
SEG,Centro 4,In-person,2025-10-20,31
ING,Centro 3,In-person,2025-10-20,29
HOT,Centro 5,In-person,2025-10-20,28
LID,Centro 3,In-person,2025-10-20,28
EXC,Centro 4,In-person,2025-10-20,27
SCI,Centro 1,In-person,2025-10-20,27
HCP,Centro 4,In-person,2025-10-20,25
TUR,Centro 5,Hybrid,2025-10-20,25
HAC,Centro 2,In-person,2025-10-20,23
EXC,Centro 4,Hybrid,2025-10-20,22
GER,Centro 5,Hybrid,2025-10-20,22
CYB,Centro 2,Hybrid,2025-10-20,21
HAC,Centro 3,Hybrid,2025-10-20,21
LID,Centro 5,Hybrid,2025-10-20,20
HAC,Centro 5,In-person,2025-10-20,19
PYT,Centro 1,In-person,2025-10-20,19
PBI,Centro 2,In-person,2025-10-20,18
SEG,Centro 5,Hybrid,2025-10-20,18
HAC,Centro 3,In-person,2025-10-20,17
ING,Centro 3,Online,2025-10-20,17
PBI,Centro 1,Online,2025-10-20,16
PRI,Centro 3,In-person,2025-10-20,16
SCI,Centro 3,In-person,2025-10-20,16
HAC,Centro 1,In-person,2025-10-20,15
LID,Centro 4,In-person,2025-10-20,15
PRO,Centro 5,In-person,2025-10-20,15
PYT,Centro 2,In-person,2025-10-20,15
SST,Centro 2,Online,2025-10-20,15
FOR,Centro 2,Hybrid,2025-10-20,14
ING,Centro 1,Online,2025-10-20,13
ING,Centro 2,Online,2025-10-20,13
PBI,Centro 1,In-person,2025-10-20,13
PRI,Centro 2,In-person,2025-10-20,13
PRO,Centro 4,Hybrid,2025-10-20,13
PBI,Centro 3,Online,2025-10-20,12
SST,Centro 3,In-person,2025-10-20,12
HCP,Centro 2,Hybrid,2025-10-20,11
PYT,Centro 2,Hybrid,2025-10-20,11
INF,Centro 5,In-person,2025-10-20,10
SCI,Centro 5,In-person,2025-10-20,10
CYB,Centro 4,In-person,2025-10-20,9
EMP,Centro 3,In-person,2025-10-20,9
LOG,Centro 5,In-person,2025-10-20,9
VND,Centro 2,In-person,2025-10-20,9
GES,Centro 5,In-person,2025-10-20,8
ING,Centro 3,Hybrid,2025-10-20,8
HCP,Centro 5,Hybrid,2025-10-20,7
VND,Centro 5,Online,2025-10-20,7
EMP,Centro 2,In-person,2025-10-20,6
EMP,Centro 5,In-person,2025-10-20,6
GER,Centro 1,In-person,2025-10-20,6
HAC,Centro 4,Hybrid,2025-10-20,6
PRI,Centro 4,In-person,2025-10-20,6
SST,Centro 2,In-person,2025-10-20,6
CYB,Centro 4,Hybrid,2025-10-20,5
PBI,Centro 1,Hybrid,2025-10-20,5
EXC,Centro 2,Online,2025-10-20,4
FOR,Centro 2,Online,2025-10-20,4
FOR,Centro 1,Hybrid,2025-10-20,4
ING,Centro 2,Hybrid,2025-10-20,4
PRO,Centro 2,In-person,2025-10-20,4
SST,Centro 4,In-person,2025-10-20,4
VND,Centro 4,Hybrid,2025-10-20,4
VND,Centro 4,In-person,2025-10-20,4
EXC,Centro 5,In-person,2025-10-20,3
GER,Centro 1,Hybrid,2025-10-20,3
HOT,Centro 1,In-person,2025-10-20,3
SCI,Centro 4,In-person,2025-10-20,3
TUR,Centro 2,Hybrid,2025-10-20,3
MNT,Centro 1,In-person,2025-10-27,210
HOT,Centro 5,In-person,2025-10-27,149
PRI,Centro 4,In-person,2025-10-27,140
CYB,Centro 4,Online,2025-10-27,121
PBI,Centro 1,Online,2025-10-27,119
ING,Centro 2,Online,2025-10-27,111
INF,Centro 3,Hybrid,2025-10-27,97
HOT,Centro 1,In-person,2025-10-27,90
PRO,Centro 1,Hybrid,2025-10-27,82
PRI,Centro 3,In-person,2025-10-27,81
EMP,Centro 1,In-person,2025-10-27,79
EXC,Centro 2,Online,2025-10-27,79
EXC,Centro 1,Online,2025-10-27,76
FOR,Centro 4,In-person,2025-10-27,72
LID,Centro 2,In-person,2025-10-27,71
CYB,Centro 2,Online,2025-10-27,67
TUR,Centro 2,Hybrid,2025-10-27,66
PRO,Centro 2,Hybrid,2025-10-27,65
HAC,Centro 5,In-person,2025-10-27,64
SEG,Centro 1,In-person,2025-10-27,63
INF,Centro 1,Hybrid,2025-10-27,62
HCP,Centro 1,Hybrid,2025-10-27,58
HCP,Centro 5,Hybrid,2025-10-27,58
VND,Centro 2,In-person,2025-10-27,56
GER,Centro 1,Hybrid,2025-10-27,55
HCP,Centro 2,Hybrid,2025-10-27,55
PRI,Centro 4,Hybrid,2025-10-27,55
CYB,Centro 1,Online,2025-10-27,54
HAC,Centro 2,Hybrid,2025-10-27,54
LOG,Centro 4,In-person,2025-10-27,53
HCP,Centro 1,In-person,2025-10-27,50
PBI,Centro 5,Online,2025-10-27,50
VND,Centro 4,Online,2025-10-27,50
EXC,Centro 4,Hybrid,2025-10-27,46
PYT,Centro 2,Hybrid,2025-10-27,46
GES,Centro 5,Hybrid,2025-10-27,45
PRI,Centro 1,Hybrid,2025-10-27,43
PRI,Centro 2,In-person,2025-10-27,43
SEG,Centro 5,Hybrid,2025-10-27,43
HAC,Centro 5,Online,2025-10-27,42
SST,Centro 5,Hybrid,2025-10-27,42
HAC,Centro 3,Hybrid,2025-10-27,40
HOT,Centro 2,In-person,2025-10-27,39
HOT,Centro 4,In-person,2025-10-27,39
GES,Centro 5,In-person,2025-10-27,38
HAC,Centro 3,In-person,2025-10-27,38
TUR,Centro 5,Hybrid,2025-10-27,38
EMP,Centro 5,In-person,2025-10-27,36
SST,Centro 2,Online,2025-10-27,36
LOG,Centro 1,In-person,2025-10-27,35
EMP,Centro 3,In-person,2025-10-27,34
MNT,Centro 3,In-person,2025-10-27,34
INF,Centro 1,In-person,2025-10-27,33
ING,Centro 3,Online,2025-10-27,31
HOT,Centro 5,Hybrid,2025-10-27,29
VND,Centro 2,Hybrid,2025-10-27,29
HAC,Centro 2,In-person,2025-10-27,28
HCP,Centro 2,In-person,2025-10-27,28
PBI,Centro 5,Hybrid,2025-10-27,27
PYT,Centro 5,Hybrid,2025-10-27,27
CYB,Centro 3,Hybrid,2025-10-27,26
GER,Centro 3,In-person,2025-10-27,26
LOG,Centro 5,In-person,2025-10-27,25
VND,Centro 5,In-person,2025-10-27,25
EXC,Centro 2,Hybrid,2025-10-27,24
PRO,Centro 4,Hybrid,2025-10-27,24
SEG,Centro 5,In-person,2025-10-27,24
SOC,Centro 2,Hybrid,2025-10-27,24
SST,Centro 5,Online,2025-10-27,24
PRI,Centro 1,In-person,2025-10-27,23
SST,Centro 3,Hybrid,2025-10-27,23
LOG,Centro 1,Hybrid,2025-10-27,22
TUR,Centro 5,In-person,2025-10-27,22
CYB,Centro 5,Hybrid,2025-10-27,20
CYB,Centro 5,Online,2025-10-27,19
HCP,Centro 4,In-person,2025-10-27,19
INF,Centro 2,In-person,2025-10-27,19
ING,Centro 4,Hybrid,2025-10-27,19
ING,Centro 2,In-person,2025-10-27,19
PYT,Centro 4,In-person,2025-10-27,18
EXC,Centro 1,Hybrid,2025-10-27,17
FOR,Centro 3,Online,2025-10-27,17
ING,Centro 5,Online,2025-10-27,17
PRI,Centro 2,Hybrid,2025-10-27,17
PRI,Centro 3,Hybrid,2025-10-27,16
SCI,Centro 4,In-person,2025-10-27,16
PRI,Centro 5,In-person,2025-10-27,15
PRO,Centro 2,In-person,2025-10-27,15
SEG,Centro 1,Online,2025-10-27,15
LID,Centro 3,In-person,2025-10-27,14
ING,Centro 1,Online,2025-10-27,13
SOC,Centro 5,Hybrid,2025-10-27,13
SST,Centro 1,Online,2025-10-27,13
GES,Centro 3,Hybrid,2025-10-27,12
PYT,Centro 5,Online,2025-10-27,12
PYT,Centro 1,In-person,2025-10-27,12
SEG,Centro 2,Online,2025-10-27,12
VND,Centro 2,Online,2025-10-27,12
VND,Centro 4,Hybrid,2025-10-27,12
CYB,Centro 4,In-person,2025-10-27,11
HAC,Centro 4,In-person,2025-10-27,11
PBI,Centro 5,In-person,2025-10-27,11
PYT,Centro 2,Online,2025-10-27,11
GER,Centro 4,In-person,2025-10-27,10
HOT,Centro 3,Hybrid,2025-10-27,10
INF,Centro 2,Hybrid,2025-10-27,10
INF,Centro 5,In-person,2025-10-27,10
ING,Centro 2,Hybrid,2025-10-27,10
ING,Centro 1,In-person,2025-10-27,10
LID,Centro 4,In-person,2025-10-27,10
PBI,Centro 1,In-person,2025-10-27,10
PYT,Centro 2,In-person,2025-10-27,10
CYB,Centro 1,In-person,2025-10-27,9
EXC,Centro 4,In-person,2025-10-27,8
GER,Centro 5,In-person,2025-10-27,8
ING,Centro 3,In-person,2025-10-27,8
LID,Centro 5,Online,2025-10-27,8
SOC,Centro 3,Hybrid,2025-10-27,8
EXC,Centro 5,Hybrid,2025-10-27,7
GES,Centro 1,Hybrid,2025-10-27,7
PYT,Centro 4,Hybrid,2025-10-27,7
SST,Centro 2,In-person,2025-10-27,7
SCI,Centro 2,In-person,2025-10-27,6
FOR,Centro 1,In-person,2025-10-27,5
LID,Centro 5,In-person,2025-10-27,5
VND,Centro 1,Hybrid,2025-10-27,5
EXC,Centro 3,In-person,2025-10-27,4
FOR,Centro 1,Hybrid,2025-10-27,4
MNT,Centro 5,In-person,2025-10-27,4
PRO,Centro 2,Online,2025-10-27,4
SCI,Centro 1,Hybrid,2025-10-27,4
GER,Centro 1,In-person,2025-10-27,3
HAC,Centro 1,In-person,2025-10-27,3
HCP,Centro 4,Hybrid,2025-10-27,3
HCP,Centro 3,In-person,2025-10-27,3
PBI,Centro 2,Hybrid,2025-10-27,3
PBI,Centro 4,Hybrid,2025-10-27,3
PRI,Centro 5,Hybrid,2025-10-27,3
SEG,Centro 3,Hybrid,2025-10-27,3
SEG,Centro 2,In-person,2025-10-27,3
CYB,Centro 2,Online,2025-11-03,97
CYB,Centro 4,Online,2025-11-03,77
CYB,Centro 3,Hybrid,2025-11-03,74
EXC,Centro 4,Hybrid,2025-11-03,74
EXC,Centro 3,Hybrid,2025-11-03,71
FOR,Centro 2,Hybrid,2025-11-03,63
HAC,Centro 2,Online,2025-11-03,59
EXC,Centro 4,Online,2025-11-03,58
FOR,Centro 3,Hybrid,2025-11-03,58
PBI,Centro 5,Hybrid,2025-11-03,56
LOG,Centro 3,In-person,2025-11-03,54
PBI,Centro 2,Online,2025-11-03,53
PRO,Centro 4,Hybrid,2025-11-03,53
SST,Centro 1,Online,2025-11-03,53
SST,Centro 5,Online,2025-11-03,53
PRI,Centro 5,Hybrid,2025-11-03,52
PRO,Centro 2,In-person,2025-11-03,50
PYT,Centro 5,In-person,2025-11-03,50
CYB,Centro 4,In-person,2025-11-03,48
PRI,Centro 2,Hybrid,2025-11-03,48
SST,Centro 4,Hybrid,2025-11-03,48
VND,Centro 2,Online,2025-11-03,48
LID,Centro 4,Hybrid,2025-11-03,46
CYB,Centro 2,Hybrid,2025-11-03,45
LOG,Centro 1,Hybrid,2025-11-03,44
LOG,Centro 1,In-person,2025-11-03,44
PYT,Centro 2,Hybrid,2025-11-03,44
EXC,Centro 3,In-person,2025-11-03,41
VND,Centro 2,Hybrid,2025-11-03,41
CYB,Centro 1,In-person,2025-11-03,40
HCP,Centro 4,Hybrid,2025-11-03,40
MNT,Centro 3,In-person,2025-11-03,40
PYT,Centro 1,Hybrid,2025-11-03,40
PBI,Centro 4,Hybrid,2025-11-03,39
GES,Centro 5,Hybrid,2025-11-03,38
MNT,Centro 1,In-person,2025-11-03,38
HCP,Centro 3,In-person,2025-11-03,36
HOT,Centro 1,In-person,2025-11-03,35
ING,Centro 5,Hybrid,2025-11-03,35
LID,Centro 3,In-person,2025-11-03,35
SEG,Centro 2,Hybrid,2025-11-03,33
PBI,Centro 2,Hybrid,2025-11-03,32
PBI,Centro 1,Hybrid,2025-11-03,31
PYT,Centro 3,Online,2025-11-03,31
HCP,Centro 2,In-person,2025-11-03,30
LID,Centro 2,In-person,2025-11-03,28
PBI,Centro 1,Online,2025-11-03,28
EXC,Centro 5,Online,2025-11-03,27
GER,Centro 2,In-person,2025-11-03,26
INF,Centro 1,In-person,2025-11-03,25
ING,Centro 2,Online,2025-11-03,25
PRI,Centro 5,In-person,2025-11-03,24
GER,Centro 1,Hybrid,2025-11-03,23
TUR,Centro 5,In-person,2025-11-03,22
INF,Centro 3,Hybrid,2025-11-03,21
ING,Centro 2,Hybrid,2025-11-03,21
SST,Centro 5,In-person,2025-11-03,20
GER,Centro 4,In-person,2025-11-03,19
HCP,Centro 1,In-person,2025-11-03,19
PRI,Centro 2,In-person,2025-11-03,19
PRI,Centro 3,In-person,2025-11-03,19
SEG,Centro 1,In-person,2025-11-03,19
SST,Centro 4,In-person,2025-11-03,18
LID,Centro 1,Hybrid,2025-11-03,17
LID,Centro 5,Hybrid,2025-11-03,16
SCI,Centro 2,In-person,2025-11-03,16
HOT,Centro 5,In-person,2025-11-03,15
CYB,Centro 3,Online,2025-11-03,14
SST,Centro 2,Online,2025-11-03,14
EMP,Centro 1,In-person,2025-11-03,13
TUR,Centro 2,Hybrid,2025-11-03,13
CYB,Centro 5,In-person,2025-11-03,12
GER,Centro 5,In-person,2025-11-03,12
GES,Centro 2,Online,2025-11-03,11
CYB,Centro 4,Hybrid,2025-11-03,9
PRO,Centro 1,Hybrid,2025-11-03,9
PYT,Centro 2,Online,2025-11-03,9
CYB,Centro 5,Hybrid,2025-11-03,8
EXC,Centro 4,In-person,2025-11-03,8
GER,Centro 3,Hybrid,2025-11-03,8
SOC,Centro 5,Hybrid,2025-11-03,8
SOC,Centro 5,In-person,2025-11-03,8
EMP,Centro 2,In-person,2025-11-03,7
HCP,Centro 2,Hybrid,2025-11-03,7
PBI,Centro 3,Hybrid,2025-11-03,7
VND,Centro 4,In-person,2025-11-03,7
HAC,Centro 5,In-person,2025-11-03,6
SST,Centro 1,Hybrid,2025-11-03,6
TUR,Centro 4,In-person,2025-11-03,6
CYB,Centro 1,Online,2025-11-03,5
GER,Centro 5,Hybrid,2025-11-03,5
MNT,Centro 5,In-person,2025-11-03,5
PYT,Centro 4,Hybrid,2025-11-03,5
PYT,Centro 4,In-person,2025-11-03,5
VND,Centro 1,Hybrid,2025-11-03,5
EXC,Centro 2,Online,2025-11-03,4
FOR,Centro 5,Hybrid,2025-11-03,4
GES,Centro 5,Online,2025-11-03,4
HCP,Centro 1,Hybrid,2025-11-03,4
HOT,Centro 4,In-person,2025-11-03,4
SCI,Centro 1,In-person,2025-11-03,4
SCI,Centro 3,In-person,2025-11-03,4
LOG,Centro 3,Hybrid,2025-11-03,3
LOG,Centro 4,In-person,2025-11-03,3
LOG,Centro 5,In-person,2025-11-03,3
MNT,Centro 4,In-person,2025-11-03,3
PBI,Centro 4,Online,2025-11-03,3
PRI,Centro 3,Hybrid,2025-11-03,3
PRI,Centro 1,In-person,2025-11-03,3
SCI,Centro 4,In-person,2025-11-03,3
SEG,Centro 3,Hybrid,2025-11-03,3
SST,Centro 3,Hybrid,2025-11-03,3
SST,Centro 2,In-person,2025-11-03,3
PYT,Centro 2,Online,2025-11-10,174
CYB,Centro 3,Online,2025-11-10,152
PBI,Centro 2,Online,2025-11-10,126
CYB,Centro 3,Hybrid,2025-11-10,108
PYT,Centro 5,In-person,2025-11-10,107
MNT,Centro 1,In-person,2025-11-10,96
EXC,Centro 3,Online,2025-11-10,91
PYT,Centro 3,Online,2025-11-10,89
ING,Centro 4,Online,2025-11-10,88
EXC,Centro 5,Hybrid,2025-11-10,86
HOT,Centro 2,Hybrid,2025-11-10,86
PBI,Centro 4,Hybrid,2025-11-10,83
GES,Centro 1,Hybrid,2025-11-10,77
GES,Centro 2,Online,2025-11-10,76
PRI,Centro 5,In-person,2025-11-10,75
CYB,Centro 5,Hybrid,2025-11-10,70
PBI,Centro 3,Hybrid,2025-11-10,70
SST,Centro 1,Online,2025-11-10,69
GES,Centro 5,Online,2025-11-10,68
EMP,Centro 2,In-person,2025-11-10,67
SCI,Centro 3,In-person,2025-11-10,67
PYT,Centro 4,Hybrid,2025-11-10,66
LID,Centro 1,In-person,2025-11-10,57
GER,Centro 5,In-person,2025-11-10,56
GES,Centro 5,Hybrid,2025-11-10,56
CYB,Centro 5,In-person,2025-11-10,55
INF,Centro 2,Hybrid,2025-11-10,55
LID,Centro 4,Online,2025-11-10,53
EXC,Centro 4,Hybrid,2025-11-10,52
SEG,Centro 1,Online,2025-11-10,52
GES,Centro 3,Hybrid,2025-11-10,51
PRI,Centro 4,Hybrid,2025-11-10,51
INF,Centro 5,In-person,2025-11-10,50
EXC,Centro 2,In-person,2025-11-10,49
INF,Centro 3,In-person,2025-11-10,48
MNT,Centro 5,In-person,2025-11-10,48
VND,Centro 3,Hybrid,2025-11-10,48
GER,Centro 3,In-person,2025-11-10,45
LID,Centro 2,In-person,2025-11-10,41
LOG,Centro 1,In-person,2025-11-10,40
GER,Centro 4,Hybrid,2025-11-10,39
CYB,Centro 4,Hybrid,2025-11-10,37
FOR,Centro 4,Online,2025-11-10,36
HAC,Centro 4,Hybrid,2025-11-10,35
FOR,Centro 4,Hybrid,2025-11-10,34
LOG,Centro 1,Hybrid,2025-11-10,34
CYB,Centro 2,Hybrid,2025-11-10,33
LID,Centro 5,Hybrid,2025-11-10,33
SEG,Centro 3,In-person,2025-11-10,32
VND,Centro 2,In-person,2025-11-10,32
LID,Centro 3,Online,2025-11-10,31
LOG,Centro 5,In-person,2025-11-10,31
SEG,Centro 3,Hybrid,2025-11-10,31
CYB,Centro 4,In-person,2025-11-10,29
PYT,Centro 2,In-person,2025-11-10,29
FOR,Centro 2,Hybrid,2025-11-10,28
GER,Centro 5,Hybrid,2025-11-10,28
SCI,Centro 1,Hybrid,2025-11-10,28
EXC,Centro 2,Hybrid,2025-11-10,27
EXC,Centro 4,In-person,2025-11-10,27
INF,Centro 4,In-person,2025-11-10,27
PBI,Centro 2,In-person,2025-11-10,25
PYT,Centro 5,Online,2025-11-10,25
VND,Centro 4,In-person,2025-11-10,25
EXC,Centro 1,Hybrid,2025-11-10,24
LID,Centro 1,Hybrid,2025-11-10,24
LID,Centro 4,In-person,2025-11-10,24
SST,Centro 5,In-person,2025-11-10,24
PRI,Centro 5,Hybrid,2025-11-10,22
TUR,Centro 1,Hybrid,2025-11-10,22
CYB,Centro 2,Online,2025-11-10,21
HCP,Centro 1,Hybrid,2025-11-10,21
PBI,Centro 4,Online,2025-11-10,21
SST,Centro 4,Hybrid,2025-11-10,21
SST,Centro 2,Online,2025-11-10,20
INF,Centro 2,In-person,2025-11-10,18
ING,Centro 1,Online,2025-11-10,17
HCP,Centro 5,Hybrid,2025-11-10,15
SST,Centro 3,Hybrid,2025-11-10,15
EMP,Centro 3,In-person,2025-11-10,13
FOR,Centro 3,Hybrid,2025-11-10,13
HOT,Centro 5,In-person,2025-11-10,10
PRI,Centro 3,Hybrid,2025-11-10,9
SEG,Centro 4,Hybrid,2025-11-10,9
HOT,Centro 1,In-person,2025-11-10,8
PBI,Centro 1,Online,2025-11-10,8
PRI,Centro 2,In-person,2025-11-10,8
CYB,Centro 1,Online,2025-11-10,7
PBI,Centro 3,In-person,2025-11-10,7
SEG,Centro 1,In-person,2025-11-10,7
VND,Centro 1,Hybrid,2025-11-10,7
GER,Centro 2,In-person,2025-11-10,6
VND,Centro 2,Hybrid,2025-11-10,6
ING,Centro 5,Hybrid,2025-11-10,5
LID,Centro 1,Online,2025-11-10,5
PRO,Centro 4,Hybrid,2025-11-10,5
PYT,Centro 4,In-person,2025-11-10,5
VND,Centro 5,In-person,2025-11-10,5
FOR,Centro 5,Hybrid,2025-11-10,4
PBI,Centro 5,Online,2025-11-10,4
SST,Centro 2,In-person,2025-11-10,4
VND,Centro 2,Online,2025-11-10,4
HAC,Centro 5,In-person,2025-11-10,3
PRI,Centro 1,In-person,2025-11-10,3
FOR,Centro 4,Online,2025-11-17,93
PBI,Centro 2,Online,2025-11-17,89
MNT,Centro 1,In-person,2025-11-17,81
VND,Centro 3,Online,2025-11-17,76
PRI,Centro 3,In-person,2025-11-17,70
SCI,Centro 2,Hybrid,2025-11-17,70
CYB,Centro 1,Online,2025-11-17,65
PRI,Centro 2,In-person,2025-11-17,64
SCI,Centro 1,Hybrid,2025-11-17,62
EMP,Centro 3,In-person,2025-11-17,59
HOT,Centro 5,In-person,2025-11-17,58
FOR,Centro 2,Hybrid,2025-11-17,56
CYB,Centro 5,Hybrid,2025-11-17,55
PYT,Centro 5,Online,2025-11-17,55
GER,Centro 4,In-person,2025-11-17,54
LOG,Centro 5,In-person,2025-11-17,54
GER,Centro 5,In-person,2025-11-17,48
SST,Centro 1,In-person,2025-11-17,47
EXC,Centro 5,Hybrid,2025-11-17,46
SST,Centro 4,In-person,2025-11-17,46
PBI,Centro 4,Online,2025-11-17,45
SEG,Centro 2,In-person,2025-11-17,45
PYT,Centro 2,Online,2025-11-17,43
PYT,Centro 4,In-person,2025-11-17,43
ING,Centro 5,Online,2025-11-17,41
HOT,Centro 2,In-person,2025-11-17,38
LID,Centro 3,Hybrid,2025-11-17,37
GER,Centro 2,In-person,2025-11-17,36
SOC,Centro 5,Hybrid,2025-11-17,36
FOR,Centro 5,Online,2025-11-17,33
INF,Centro 4,In-person,2025-11-17,32
VND,Centro 2,In-person,2025-11-17,32
PBI,Centro 1,Online,2025-11-17,30
PYT,Centro 1,In-person,2025-11-17,30
SST,Centro 1,Online,2025-11-17,30
GER,Centro 5,Hybrid,2025-11-17,29
ING,Centro 2,In-person,2025-11-17,29
CYB,Centro 3,Online,2025-11-17,27
FOR,Centro 4,Hybrid,2025-11-17,25
INF,Centro 1,In-person,2025-11-17,25
GES,Centro 2,Hybrid,2025-11-17,24
GES,Centro 4,Hybrid,2025-11-17,23
SST,Centro 5,In-person,2025-11-17,22
HAC,Centro 5,Hybrid,2025-11-17,20
GER,Centro 3,Hybrid,2025-11-17,19
LOG,Centro 3,In-person,2025-11-17,19
HCP,Centro 2,In-person,2025-11-17,18
MNT,Centro 3,In-person,2025-11-17,18
SCI,Centro 5,In-person,2025-11-17,17
SEG,Centro 2,Hybrid,2025-11-17,17
GER,Centro 1,Hybrid,2025-11-17,16
EXC,Centro 2,Hybrid,2025-11-17,15
HCP,Centro 1,In-person,2025-11-17,15
SOC,Centro 4,In-person,2025-11-17,15
HAC,Centro 1,Online,2025-11-17,14
HCP,Centro 4,In-person,2025-11-17,14
PBI,Centro 2,In-person,2025-11-17,14
EXC,Centro 1,Hybrid,2025-11-17,12
HAC,Centro 1,In-person,2025-11-17,12
SST,Centro 3,In-person,2025-11-17,12
LID,Centro 1,Hybrid,2025-11-17,11
SCI,Centro 3,In-person,2025-11-17,11
TUR,Centro 5,Hybrid,2025-11-17,11
PBI,Centro 5,In-person,2025-11-17,10
SOC,Centro 3,Hybrid,2025-11-17,10
VND,Centro 4,Online,2025-11-17,10
PYT,Centro 2,Hybrid,2025-11-17,9
INF,Centro 3,Hybrid,2025-11-17,7
LOG,Centro 1,Hybrid,2025-11-17,7
SCI,Centro 4,In-person,2025-11-17,7
EXC,Centro 5,In-person,2025-11-17,6
PRI,Centro 5,In-person,2025-11-17,6
CYB,Centro 2,Online,2025-11-17,5
MNT,Centro 5,In-person,2025-11-17,5
TUR,Centro 5,In-person,2025-11-17,5
CYB,Centro 2,Hybrid,2025-11-17,4
HAC,Centro 5,In-person,2025-11-17,4
PRO,Centro 4,Online,2025-11-17,4
PYT,Centro 5,In-person,2025-11-17,4
EXC,Centro 3,Online,2025-11-17,3
INF,Centro 2,In-person,2025-11-17,3
INF,Centro 3,In-person,2025-11-17,3
PRI,Centro 1,In-person,2025-11-17,3
CYB,Centro 2,Online,2025-11-24,178
CYB,Centro 4,Online,2025-11-24,143
PBI,Centro 2,Hybrid,2025-11-24,105
PBI,Centro 1,Online,2025-11-24,101
PYT,Centro 2,Online,2025-11-24,92
GER,Centro 4,Hybrid,2025-11-24,91
PBI,Centro 2,Online,2025-11-24,91
PBI,Centro 4,Online,2025-11-24,84
PBI,Centro 3,Hybrid,2025-11-24,74
PRO,Centro 4,Hybrid,2025-11-24,74
SST,Centro 2,Online,2025-11-24,65
HOT,Centro 5,In-person,2025-11-24,64
INF,Centro 4,In-person,2025-11-24,64
SEG,Centro 5,In-person,2025-11-24,64
PYT,Centro 3,Online,2025-11-24,59
SEG,Centro 4,In-person,2025-11-24,50
LOG,Centro 3,In-person,2025-11-24,49
CYB,Centro 5,Hybrid,2025-11-24,45
LOG,Centro 4,Hybrid,2025-11-24,44
VND,Centro 4,Hybrid,2025-11-24,43
SEG,Centro 3,In-person,2025-11-24,40
PYT,Centro 1,Online,2025-11-24,39
MNT,Centro 5,In-person,2025-11-24,37
EXC,Centro 4,Online,2025-11-24,36
GES,Centro 4,In-person,2025-11-24,36
SCI,Centro 1,Hybrid,2025-11-24,36
CYB,Centro 1,Online,2025-11-24,34
INF,Centro 2,Hybrid,2025-11-24,34
VND,Centro 3,In-person,2025-11-24,34
HCP,Centro 1,In-person,2025-11-24,33
SCI,Centro 3,In-person,2025-11-24,33
VND,Centro 5,In-person,2025-11-24,33
EXC,Centro 3,Hybrid,2025-11-24,32
HCP,Centro 4,Hybrid,2025-11-24,32
GER,Centro 1,In-person,2025-11-24,30
EXC,Centro 3,Online,2025-11-24,29
HCP,Centro 4,In-person,2025-11-24,29
PYT,Centro 5,In-person,2025-11-24,29
CYB,Centro 3,Hybrid,2025-11-24,26
HCP,Centro 5,Hybrid,2025-11-24,25
TUR,Centro 2,In-person,2025-11-24,24
HAC,Centro 1,In-person,2025-11-24,23
CYB,Centro 1,In-person,2025-11-24,21
HAC,Centro 1,Online,2025-11-24,21
SST,Centro 2,In-person,2025-11-24,21
TUR,Centro 1,Hybrid,2025-11-24,21
GES,Centro 5,Hybrid,2025-11-24,19
LOG,Centro 1,Hybrid,2025-11-24,18
HCP,Centro 2,In-person,2025-11-24,17
INF,Centro 5,In-person,2025-11-24,17
EMP,Centro 3,In-person,2025-11-24,15
LID,Centro 2,In-person,2025-11-24,14
EMP,Centro 5,In-person,2025-11-24,13
PRO,Centro 4,In-person,2025-11-24,13
HAC,Centro 3,Hybrid,2025-11-24,12
VND,Centro 2,In-person,2025-11-24,12
LID,Centro 1,Hybrid,2025-11-24,11
LID,Centro 4,Hybrid,2025-11-24,11
CYB,Centro 4,Hybrid,2025-11-24,10
INF,Centro 1,Hybrid,2025-11-24,9
FOR,Centro 5,Hybrid,2025-11-24,8
ING,Centro 4,Online,2025-11-24,8
EMP,Centro 1,In-person,2025-11-24,7
ING,Centro 5,Online,2025-11-24,7
LOG,Centro 1,In-person,2025-11-24,7
LOG,Centro 4,In-person,2025-11-24,7
PBI,Centro 4,Hybrid,2025-11-24,7
PYT,Centro 4,In-person,2025-11-24,7
SST,Centro 5,In-person,2025-11-24,7
PRI,Centro 5,In-person,2025-11-24,6
FOR,Centro 4,Online,2025-11-24,5
FOR,Centro 3,Hybrid,2025-11-24,5
GER,Centro 5,In-person,2025-11-24,5
GES,Centro 2,Online,2025-11-24,5
GES,Centro 1,Hybrid,2025-11-24,5
LID,Centro 3,In-person,2025-11-24,5
PRO,Centro 1,Hybrid,2025-11-24,5
SCI,Centro 1,In-person,2025-11-24,5
EXC,Centro 5,In-person,2025-11-24,4
GER,Centro 3,In-person,2025-11-24,4
HAC,Centro 4,Hybrid,2025-11-24,4
INF,Centro 3,Hybrid,2025-11-24,4
LID,Centro 5,In-person,2025-11-24,4
MNT,Centro 2,In-person,2025-11-24,4
MNT,Centro 4,In-person,2025-11-24,4
SEG,Centro 2,Hybrid,2025-11-24,3
TUR,Centro 4,Hybrid,2025-11-24,3
PYT,Centro 5,Online,2025-12-01,79
FOR,Centro 2,Online,2025-12-01,77
PYT,Centro 1,Online,2025-12-01,75
PBI,Centro 5,Hybrid,2025-12-01,74
SCI,Centro 3,In-person,2025-12-01,72
CYB,Centro 4,Hybrid,2025-12-01,67
HAC,Centro 5,In-person,2025-12-01,64
EMP,Centro 3,In-person,2025-12-01,63
EXC,Centro 5,In-person,2025-12-01,62
PBI,Centro 4,Hybrid,2025-12-01,59
SST,Centro 2,Online,2025-12-01,57
CYB,Centro 5,Hybrid,2025-12-01,56
PBI,Centro 1,Online,2025-12-01,55
SEG,Centro 3,Hybrid,2025-12-01,54
PYT,Centro 2,Online,2025-12-01,53
GES,Centro 4,Online,2025-12-01,49
LID,Centro 3,Hybrid,2025-12-01,49
PRO,Centro 5,In-person,2025-12-01,49
HCP,Centro 2,In-person,2025-12-01,48
PBI,Centro 2,In-person,2025-12-01,48
VND,Centro 2,In-person,2025-12-01,48
GES,Centro 2,Hybrid,2025-12-01,46
TUR,Centro 4,In-person,2025-12-01,46
PBI,Centro 4,Online,2025-12-01,44
LOG,Centro 1,Hybrid,2025-12-01,42
HCP,Centro 4,In-person,2025-12-01,41
PRO,Centro 4,Hybrid,2025-12-01,39
PRI,Centro 5,Hybrid,2025-12-01,38
SST,Centro 1,Online,2025-12-01,37
SCI,Centro 5,In-person,2025-12-01,36
TUR,Centro 2,In-person,2025-12-01,35
FOR,Centro 3,Online,2025-12-01,34
PBI,Centro 5,Online,2025-12-01,34
SST,Centro 5,In-person,2025-12-01,34
LOG,Centro 4,Hybrid,2025-12-01,32
MNT,Centro 5,In-person,2025-12-01,32
VND,Centro 4,Online,2025-12-01,32
ING,Centro 2,In-person,2025-12-01,30
LID,Centro 4,Hybrid,2025-12-01,30
EXC,Centro 2,In-person,2025-12-01,28
PBI,Centro 3,Online,2025-12-01,28
LOG,Centro 2,In-person,2025-12-01,27
PBI,Centro 3,Hybrid,2025-12-01,27
PYT,Centro 2,Hybrid,2025-12-01,27
TUR,Centro 1,Hybrid,2025-12-01,27
VND,Centro 5,In-person,2025-12-01,27
PRI,Centro 1,In-person,2025-12-01,24
INF,Centro 3,In-person,2025-12-01,23
GES,Centro 4,In-person,2025-12-01,22
HCP,Centro 3,In-person,2025-12-01,22
FOR,Centro 5,Online,2025-12-01,21
GER,Centro 3,In-person,2025-12-01,21
FOR,Centro 4,Online,2025-12-01,20
HOT,Centro 5,Hybrid,2025-12-01,20
SST,Centro 1,Hybrid,2025-12-01,20
VND,Centro 3,Hybrid,2025-12-01,20
LOG,Centro 5,In-person,2025-12-01,19
PRI,Centro 3,Hybrid,2025-12-01,19
PRI,Centro 5,In-person,2025-12-01,18
SCI,Centro 1,In-person,2025-12-01,18
FOR,Centro 2,Hybrid,2025-12-01,16
SEG,Centro 1,Online,2025-12-01,16
VND,Centro 1,In-person,2025-12-01,16
LID,Centro 3,In-person,2025-12-01,15
PRI,Centro 1,Hybrid,2025-12-01,15
CYB,Centro 2,Online,2025-12-01,14
GER,Centro 5,Hybrid,2025-12-01,14
HAC,Centro 4,In-person,2025-12-01,14
ING,Centro 1,Online,2025-12-01,14
MNT,Centro 1,In-person,2025-12-01,14
LOG,Centro 5,Hybrid,2025-12-01,13
LOG,Centro 1,In-person,2025-12-01,13
SCI,Centro 4,In-person,2025-12-01,13
FOR,Centro 3,Hybrid,2025-12-01,11
HOT,Centro 2,Hybrid,2025-12-01,10
LID,Centro 4,Online,2025-12-01,10
SOC,Centro 4,Hybrid,2025-12-01,10
SOC,Centro 3,Hybrid,2025-12-01,9
GES,Centro 1,Hybrid,2025-12-01,8
GER,Centro 4,Hybrid,2025-12-01,7
LID,Centro 1,In-person,2025-12-01,7
SEG,Centro 2,In-person,2025-12-01,7
HCP,Centro 4,Hybrid,2025-12-01,6
PBI,Centro 2,Online,2025-12-01,6
SEG,Centro 5,In-person,2025-12-01,6
CYB,Centro 5,Online,2025-12-01,5
PBI,Centro 3,In-person,2025-12-01,5
HCP,Centro 5,Hybrid,2025-12-01,4
PBI,Centro 4,In-person,2025-12-01,4
PRI,Centro 2,In-person,2025-12-01,4
SEG,Centro 4,In-person,2025-12-01,4
EXC,Centro 1,Hybrid,2025-12-01,3
GER,Centro 4,In-person,2025-12-01,3
HAC,Centro 1,In-person,2025-12-01,3
HOT,Centro 2,In-person,2025-12-01,3
INF,Centro 3,Hybrid,2025-12-01,3
INF,Centro 2,In-person,2025-12-01,3
LOG,Centro 3,In-person,2025-12-01,3
SST,Centro 4,Hybrid,2025-12-01,3
CYB,Centro 1,Online,2025-12-08,140
GES,Centro 3,Online,2025-12-08,108
PRI,Centro 1,In-person,2025-12-08,105
TUR,Centro 5,Hybrid,2025-12-08,94
PYT,Centro 2,Hybrid,2025-12-08,91
GER,Centro 5,Hybrid,2025-12-08,89
MNT,Centro 1,In-person,2025-12-08,86
LOG,Centro 5,Hybrid,2025-12-08,85
PRO,Centro 4,Hybrid,2025-12-08,85
PBI,Centro 2,Online,2025-12-08,84
LID,Centro 2,Online,2025-12-08,82
PBI,Centro 1,Online,2025-12-08,81
PRO,Centro 4,Online,2025-12-08,71
LID,Centro 3,Hybrid,2025-12-08,70
SOC,Centro 3,Hybrid,2025-12-08,66
GER,Centro 5,In-person,2025-12-08,58
LID,Centro 5,In-person,2025-12-08,57
LOG,Centro 4,In-person,2025-12-08,55
CYB,Centro 2,Online,2025-12-08,54
SST,Centro 2,In-person,2025-12-08,54
INF,Centro 5,Hybrid,2025-12-08,53
SEG,Centro 1,Online,2025-12-08,52
SEG,Centro 4,In-person,2025-12-08,48
SOC,Centro 4,In-person,2025-12-08,46
EXC,Centro 4,Online,2025-12-08,41
HOT,Centro 4,In-person,2025-12-08,41
LOG,Centro 2,In-person,2025-12-08,41
EMP,Centro 1,In-person,2025-12-08,40
HOT,Centro 2,Hybrid,2025-12-08,39
PBI,Centro 4,In-person,2025-12-08,38
TUR,Centro 3,In-person,2025-12-08,37
CYB,Centro 5,Hybrid,2025-12-08,34
LOG,Centro 4,Hybrid,2025-12-08,31
VND,Centro 5,In-person,2025-12-08,31
LOG,Centro 1,Hybrid,2025-12-08,30
SCI,Centro 3,In-person,2025-12-08,30
VND,Centro 4,Online,2025-12-08,30
VND,Centro 1,In-person,2025-12-08,30
TUR,Centro 2,Hybrid,2025-12-08,29
CYB,Centro 1,In-person,2025-12-08,26
FOR,Centro 3,Online,2025-12-08,26
GER,Centro 3,Hybrid,2025-12-08,25
HCP,Centro 3,In-person,2025-12-08,25
HOT,Centro 3,In-person,2025-12-08,23
HAC,Centro 1,Online,2025-12-08,21
ING,Centro 1,In-person,2025-12-08,21
EMP,Centro 3,In-person,2025-12-08,20
SST,Centro 1,In-person,2025-12-08,20
HAC,Centro 2,Hybrid,2025-12-08,19
PBI,Centro 4,Hybrid,2025-12-08,19
PRI,Centro 3,In-person,2025-12-08,17
SCI,Centro 1,Hybrid,2025-12-08,17
VND,Centro 2,In-person,2025-12-08,17
FOR,Centro 2,Hybrid,2025-12-08,16
GES,Centro 4,Hybrid,2025-12-08,16
PBI,Centro 2,Hybrid,2025-12-08,16
VND,Centro 2,Hybrid,2025-12-08,15
HAC,Centro 3,Hybrid,2025-12-08,14
HCP,Centro 2,Hybrid,2025-12-08,14
HCP,Centro 2,In-person,2025-12-08,14
SST,Centro 5,In-person,2025-12-08,12
CYB,Centro 3,Online,2025-12-08,11
EMP,Centro 2,In-person,2025-12-08,11
MNT,Centro 4,In-person,2025-12-08,11
CYB,Centro 1,Hybrid,2025-12-08,10
HOT,Centro 5,Hybrid,2025-12-08,10
MNT,Centro 2,In-person,2025-12-08,10
PBI,Centro 5,Hybrid,2025-12-08,10
HAC,Centro 4,In-person,2025-12-08,9
PRI,Centro 5,Hybrid,2025-12-08,9
FOR,Centro 5,Online,2025-12-08,8
PRI,Centro 5,In-person,2025-12-08,8
PRO,Centro 4,In-person,2025-12-08,8
PRO,Centro 5,In-person,2025-12-08,8
ING,Centro 4,Online,2025-12-08,7
PBI,Centro 1,Hybrid,2025-12-08,7
SCI,Centro 2,Hybrid,2025-12-08,7
TUR,Centro 5,In-person,2025-12-08,7
GER,Centro 4,In-person,2025-12-08,6
VND,Centro 4,Hybrid,2025-12-08,6
CYB,Centro 4,Online,2025-12-08,5
CYB,Centro 4,Hybrid,2025-12-08,5
GES,Centro 2,Online,2025-12-08,5
INF,Centro 3,Hybrid,2025-12-08,5
LID,Centro 2,Hybrid,2025-12-08,5
VND,Centro 3,In-person,2025-12-08,5
CYB,Centro 2,Hybrid,2025-12-08,4
GER,Centro 4,Hybrid,2025-12-08,4
LID,Centro 4,Online,2025-12-08,4
LID,Centro 4,Hybrid,2025-12-08,4
MNT,Centro 5,In-person,2025-12-08,4
PRI,Centro 4,In-person,2025-12-08,4
PRO,Centro 1,Hybrid,2025-12-08,4
PYT,Centro 5,Online,2025-12-08,4
PYT,Centro 1,In-person,2025-12-08,4
VND,Centro 5,Online,2025-12-08,4
EXC,Centro 3,Online,2025-12-08,3
EXC,Centro 5,In-person,2025-12-08,3
HAC,Centro 4,Hybrid,2025-12-08,3
HCP,Centro 1,In-person,2025-12-08,3
SEG,Centro 5,Hybrid,2025-12-08,3
EXC,Centro 1,Hybrid,2025-12-08,1
PRO,Centro 1,Hybrid,2025-12-15,173
PBI,Centro 2,Online,2025-12-15,93
ING,Centro 4,Online,2025-12-15,90
ING,Centro 2,Online,2025-12-15,81
PRO,Centro 4,Hybrid,2025-12-15,74
MNT,Centro 1,In-person,2025-12-15,73
SCI,Centro 3,In-person,2025-12-15,70
TUR,Centro 1,Hybrid,2025-12-15,70
PBI,Centro 1,Hybrid,2025-12-15,68
CYB,Centro 2,Online,2025-12-15,67
LID,Centro 3,In-person,2025-12-15,66
INF,Centro 2,In-person,2025-12-15,61
LOG,Centro 5,Hybrid,2025-12-15,61
PBI,Centro 4,Online,2025-12-15,61
SCI,Centro 2,In-person,2025-12-15,55
HAC,Centro 5,Hybrid,2025-12-15,52
PRI,Centro 1,In-person,2025-12-15,51
CYB,Centro 5,Online,2025-12-15,50
CYB,Centro 4,Hybrid,2025-12-15,49
GES,Centro 4,Online,2025-12-15,49
SST,Centro 2,Hybrid,2025-12-15,49
FOR,Centro 3,Online,2025-12-15,48
PBI,Centro 4,Hybrid,2025-12-15,47
CYB,Centro 3,Hybrid,2025-12-15,46
EMP,Centro 4,In-person,2025-12-15,46
HAC,Centro 4,In-person,2025-12-15,45
HCP,Centro 2,Hybrid,2025-12-15,45
EXC,Centro 2,In-person,2025-12-15,43
PRO,Centro 2,Hybrid,2025-12-15,43
LID,Centro 3,Online,2025-12-15,42
EXC,Centro 3,Online,2025-12-15,41
SST,Centro 1,Online,2025-12-15,40
INF,Centro 5,In-person,2025-12-15,38
PRI,Centro 5,Hybrid,2025-12-15,38
EXC,Centro 4,Online,2025-12-15,37
TUR,Centro 2,In-person,2025-12-15,35
FOR,Centro 5,Online,2025-12-15,33
PBI,Centro 5,In-person,2025-12-15,33
HCP,Centro 1,In-person,2025-12-15,31
INF,Centro 3,Hybrid,2025-12-15,30
SEG,Centro 5,Hybrid,2025-12-15,30
PRI,Centro 5,In-person,2025-12-15,27
CYB,Centro 2,Hybrid,2025-12-15,26
HCP,Centro 5,In-person,2025-12-15,26
HCP,Centro 4,In-person,2025-12-15,24
PRO,Centro 2,In-person,2025-12-15,24
HCP,Centro 4,Hybrid,2025-12-15,21
TUR,Centro 2,Hybrid,2025-12-15,21
TUR,Centro 5,Hybrid,2025-12-15,21
EXC,Centro 5,In-person,2025-12-15,20
ING,Centro 2,In-person,2025-12-15,20
GER,Centro 3,Hybrid,2025-12-15,19
LOG,Centro 4,Hybrid,2025-12-15,19
SOC,Centro 4,In-person,2025-12-15,18
PBI,Centro 3,Online,2025-12-15,17
PBI,Centro 3,In-person,2025-12-15,17
VND,Centro 2,In-person,2025-12-15,17
ING,Centro 1,Online,2025-12-15,16
SEG,Centro 4,In-person,2025-12-15,16
CYB,Centro 1,Hybrid,2025-12-15,15
LID,Centro 3,Hybrid,2025-12-15,15
GES,Centro 2,Online,2025-12-15,11
PRI,Centro 3,In-person,2025-12-15,11
VND,Centro 3,Hybrid,2025-12-15,11
VND,Centro 3,In-person,2025-12-15,11
VND,Centro 4,Hybrid,2025-12-15,10
LOG,Centro 4,In-person,2025-12-15,9
PYT,Centro 5,Hybrid,2025-12-15,9
PYT,Centro 1,In-person,2025-12-15,9
SST,Centro 1,Hybrid,2025-12-15,9
GER,Centro 5,Hybrid,2025-12-15,8
SST,Centro 1,In-person,2025-12-15,8
GER,Centro 4,Hybrid,2025-12-15,7
HAC,Centro 5,In-person,2025-12-15,7
INF,Centro 4,In-person,2025-12-15,7
MNT,Centro 5,In-person,2025-12-15,7
TUR,Centro 4,In-person,2025-12-15,7
TUR,Centro 5,In-person,2025-12-15,7
MNT,Centro 2,In-person,2025-12-15,6
CYB,Centro 5,In-person,2025-12-15,5
PYT,Centro 3,Online,2025-12-15,5
CYB,Centro 1,In-person,2025-12-15,4
EXC,Centro 2,Hybrid,2025-12-15,4
GER,Centro 5,In-person,2025-12-15,4
GES,Centro 3,Online,2025-12-15,4
LID,Centro 2,Hybrid,2025-12-15,4
MNT,Centro 4,In-person,2025-12-15,4
PBI,Centro 2,Hybrid,2025-12-15,4
PBI,Centro 4,In-person,2025-12-15,4
PRI,Centro 4,In-person,2025-12-15,4
SST,Centro 5,Hybrid,2025-12-15,4
EMP,Centro 1,In-person,2025-12-15,3
EMP,Centro 2,In-person,2025-12-15,3
EXC,Centro 1,Hybrid,2025-12-15,3
ING,Centro 2,Hybrid,2025-12-15,3
SCI,Centro 4,In-person,2025-12-15,3
SST,Centro 2,Online,2025-12-15,3
CYB,Centro 5,Online,2025-12-22,122
FOR,Centro 5,Online,2025-12-22,112
HCP,Centro 5,In-person,2025-12-22,108
CYB,Centro 2,Online,2025-12-22,95
PBI,Centro 2,Online,2025-12-22,95
CYB,Centro 3,Hybrid,2025-12-22,94
PRO,Centro 4,Online,2025-12-22,89
CYB,Centro 4,Online,2025-12-22,83
EMP,Centro 1,In-person,2025-12-22,71
GES,Centro 2,Online,2025-12-22,67
EMP,Centro 3,In-person,2025-12-22,65
CYB,Centro 4,In-person,2025-12-22,64
SCI,Centro 2,In-person,2025-12-22,64
LID,Centro 3,Online,2025-12-22,63
PBI,Centro 5,Online,2025-12-22,63
TUR,Centro 5,In-person,2025-12-22,62
SST,Centro 1,Online,2025-12-22,61
GER,Centro 3,In-person,2025-12-22,59
GES,Centro 1,Hybrid,2025-12-22,59
PRI,Centro 1,In-person,2025-12-22,59
HCP,Centro 3,Hybrid,2025-12-22,57
SEG,Centro 1,Hybrid,2025-12-22,55
FOR,Centro 3,Hybrid,2025-12-22,54
HOT,Centro 5,Hybrid,2025-12-22,54
SCI,Centro 1,In-person,2025-12-22,54
EXC,Centro 5,In-person,2025-12-22,53
SOC,Centro 4,In-person,2025-12-22,53
LOG,Centro 4,In-person,2025-12-22,52
PBI,Centro 5,In-person,2025-12-22,52
CYB,Centro 5,In-person,2025-12-22,50
TUR,Centro 2,Hybrid,2025-12-22,50
INF,Centro 3,In-person,2025-12-22,49
SST,Centro 5,In-person,2025-12-22,49
LID,Centro 2,Online,2025-12-22,47
LOG,Centro 1,Hybrid,2025-12-22,47
SOC,Centro 4,Hybrid,2025-12-22,46
PYT,Centro 3,Online,2025-12-22,43
SOC,Centro 5,In-person,2025-12-22,42
VND,Centro 2,In-person,2025-12-22,42
LOG,Centro 1,In-person,2025-12-22,41
LOG,Centro 5,In-person,2025-12-22,41
TUR,Centro 5,Hybrid,2025-12-22,41
PRO,Centro 3,In-person,2025-12-22,38
LID,Centro 2,In-person,2025-12-22,36
VND,Centro 2,Hybrid,2025-12-22,36
SST,Centro 4,Hybrid,2025-12-22,35
PBI,Centro 4,In-person,2025-12-22,34
LID,Centro 4,Online,2025-12-22,33
PBI,Centro 2,Hybrid,2025-12-22,33
SST,Centro 5,Online,2025-12-22,32
SST,Centro 5,Hybrid,2025-12-22,32
TUR,Centro 4,Hybrid,2025-12-22,31
ING,Centro 4,In-person,2025-12-22,29
LID,Centro 3,Hybrid,2025-12-22,29
EMP,Centro 2,In-person,2025-12-22,28
ING,Centro 4,Online,2025-12-22,28
CYB,Centro 2,Hybrid,2025-12-22,26
CYB,Centro 1,In-person,2025-12-22,26
EMP,Centro 4,In-person,2025-12-22,26
CYB,Centro 4,Hybrid,2025-12-22,24
MNT,Centro 1,In-person,2025-12-22,24
PYT,Centro 1,In-person,2025-12-22,23
EXC,Centro 4,Online,2025-12-22,21
INF,Centro 3,Hybrid,2025-12-22,21
HAC,Centro 3,Hybrid,2025-12-22,19
SST,Centro 1,In-person,2025-12-22,19
GER,Centro 2,In-person,2025-12-22,18
HCP,Centro 4,Hybrid,2025-12-22,18
PYT,Centro 2,Hybrid,2025-12-22,18
SCI,Centro 3,In-person,2025-12-22,18
EMP,Centro 5,In-person,2025-12-22,17
LOG,Centro 2,Hybrid,2025-12-22,17
TUR,Centro 4,In-person,2025-12-22,17
GER,Centro 4,Hybrid,2025-12-22,16
LID,Centro 4,Hybrid,2025-12-22,16
PBI,Centro 4,Hybrid,2025-12-22,16
PBI,Centro 3,In-person,2025-12-22,16
PRO,Centro 5,Online,2025-12-22,16
HCP,Centro 1,In-person,2025-12-22,15
HAC,Centro 5,In-person,2025-12-22,14
ING,Centro 1,In-person,2025-12-22,14
PRI,Centro 1,Hybrid,2025-12-22,14
PRO,Centro 4,In-person,2025-12-22,14
LOG,Centro 3,In-person,2025-12-22,13
CYB,Centro 5,Hybrid,2025-12-22,12
GER,Centro 3,Hybrid,2025-12-22,12
LID,Centro 3,In-person,2025-12-22,12
LOG,Centro 4,Hybrid,2025-12-22,12
PBI,Centro 1,Online,2025-12-22,12
PBI,Centro 4,Online,2025-12-22,12
PRO,Centro 4,Hybrid,2025-12-22,12
SEG,Centro 5,Hybrid,2025-12-22,12
PBI,Centro 1,Hybrid,2025-12-22,11
PRI,Centro 2,In-person,2025-12-22,11
PRO,Centro 1,In-person,2025-12-22,11
PRO,Centro 2,In-person,2025-12-22,11
SEG,Centro 4,In-person,2025-12-22,11
EXC,Centro 5,Online,2025-12-22,10
ING,Centro 2,Online,2025-12-22,10
CYB,Centro 1,Online,2025-12-22,7
CYB,Centro 1,Hybrid,2025-12-22,7
EXC,Centro 2,Hybrid,2025-12-22,7
EXC,Centro 5,Hybrid,2025-12-22,7
FOR,Centro 2,Hybrid,2025-12-22,7
HCP,Centro 4,In-person,2025-12-22,7
HOT,Centro 5,In-person,2025-12-22,7
LID,Centro 5,Hybrid,2025-12-22,7
LOG,Centro 5,Hybrid,2025-12-22,7
MNT,Centro 2,In-person,2025-12-22,7
SCI,Centro 2,Hybrid,2025-12-22,7
HAC,Centro 3,In-person,2025-12-22,6
HOT,Centro 2,In-person,2025-12-22,6
INF,Centro 1,In-person,2025-12-22,6
SCI,Centro 1,Hybrid,2025-12-22,5
VND,Centro 1,In-person,2025-12-22,5
EXC,Centro 4,Hybrid,2025-12-22,4
HCP,Centro 2,In-person,2025-12-22,4
INF,Centro 2,In-person,2025-12-22,4
INF,Centro 4,In-person,2025-12-22,4
LID,Centro 2,Hybrid,2025-12-22,4
LOG,Centro 3,Hybrid,2025-12-22,4
MNT,Centro 4,In-person,2025-12-22,4
SCI,Centro 5,In-person,2025-12-22,4
SST,Centro 2,Online,2025-12-22,4
VND,Centro 4,Online,2025-12-22,4
VND,Centro 3,Hybrid,2025-12-22,4
EXC,Centro 1,Hybrid,2025-12-22,3
HOT,Centro 3,Hybrid,2025-12-22,3
SEG,Centro 3,Online,2025-12-22,3
SEG,Centro 5,In-person,2025-12-22,3
SST,Centro 3,Hybrid,2025-12-22,3
TUR,Centro 1,Hybrid,2025-12-22,3
EMP,Centro 3,In-person,2025-12-29,96
EXC,Centro 1,Hybrid,2025-12-29,92
PBI,Centro 4,In-person,2025-12-29,86
EMP,Centro 5,In-person,2025-12-29,83
SST,Centro 4,Online,2025-12-29,78
PYT,Centro 5,Hybrid,2025-12-29,76
FOR,Centro 2,Online,2025-12-29,71
ING,Centro 4,Online,2025-12-29,68
VND,Centro 3,Online,2025-12-29,67
LOG,Centro 5,In-person,2025-12-29,66
MNT,Centro 2,In-person,2025-12-29,65
HCP,Centro 5,In-person,2025-12-29,64
LID,Centro 4,Online,2025-12-29,64
ING,Centro 2,Online,2025-12-29,61
PBI,Centro 4,Online,2025-12-29,60
SST,Centro 3,Hybrid,2025-12-29,59
TUR,Centro 5,Hybrid,2025-12-29,58
VND,Centro 4,Hybrid,2025-12-29,58
HOT,Centro 5,Hybrid,2025-12-29,57
SST,Centro 4,In-person,2025-12-29,56
LID,Centro 2,Online,2025-12-29,55
PRI,Centro 1,In-person,2025-12-29,55
PYT,Centro 3,Hybrid,2025-12-29,54
CYB,Centro 2,Online,2025-12-29,53
EMP,Centro 1,In-person,2025-12-29,53
PBI,Centro 3,Hybrid,2025-12-29,52
LID,Centro 3,Online,2025-12-29,51
TUR,Centro 2,In-person,2025-12-29,50
CYB,Centro 2,Hybrid,2025-12-29,45
LID,Centro 2,Hybrid,2025-12-29,45
PRO,Centro 1,Hybrid,2025-12-29,45
EXC,Centro 2,In-person,2025-12-29,42
SEG,Centro 2,Hybrid,2025-12-29,41
SST,Centro 5,Hybrid,2025-12-29,41
PRI,Centro 4,In-person,2025-12-29,39
PRI,Centro 5,Hybrid,2025-12-29,38
FOR,Centro 3,Hybrid,2025-12-29,37
GES,Centro 4,Online,2025-12-29,36
INF,Centro 3,Hybrid,2025-12-29,36
LID,Centro 3,Hybrid,2025-12-29,36
LOG,Centro 4,Hybrid,2025-12-29,35
SST,Centro 5,In-person,2025-12-29,35
ING,Centro 3,Hybrid,2025-12-29,34
HCP,Centro 1,Hybrid,2025-12-29,33
SEG,Centro 5,Hybrid,2025-12-29,33
CYB,Centro 4,In-person,2025-12-29,30
GES,Centro 3,Online,2025-12-29,30
GES,Centro 2,Hybrid,2025-12-29,30
HCP,Centro 2,In-person,2025-12-29,30
TUR,Centro 4,In-person,2025-12-29,29
PBI,Centro 2,Hybrid,2025-12-29,28
LOG,Centro 4,In-person,2025-12-29,27
FOR,Centro 4,In-person,2025-12-29,26
EXC,Centro 4,In-person,2025-12-29,24
SST,Centro 1,Hybrid,2025-12-29,24
ING,Centro 1,Online,2025-12-29,21
EMP,Centro 4,In-person,2025-12-29,19
PRI,Centro 5,In-person,2025-12-29,19
PRO,Centro 5,In-person,2025-12-29,19
SCI,Centro 3,In-person,2025-12-29,19
VND,Centro 2,Hybrid,2025-12-29,19
HAC,Centro 1,In-person,2025-12-29,18
PRO,Centro 4,In-person,2025-12-29,18
HAC,Centro 5,In-person,2025-12-29,17
HOT,Centro 2,In-person,2025-12-29,17
VND,Centro 5,In-person,2025-12-29,17
FOR,Centro 2,Hybrid,2025-12-29,16
GES,Centro 1,In-person,2025-12-29,16
PRO,Centro 4,Online,2025-12-29,16
SOC,Centro 4,In-person,2025-12-29,16
FOR,Centro 5,Online,2025-12-29,15
PRO,Centro 4,Hybrid,2025-12-29,15
PYT,Centro 2,In-person,2025-12-29,15
TUR,Centro 4,Hybrid,2025-12-29,15
INF,Centro 1,In-person,2025-12-29,14
PYT,Centro 1,Online,2025-12-29,14
TUR,Centro 3,In-person,2025-12-29,14
MNT,Centro 5,In-person,2025-12-29,13
SEG,Centro 5,In-person,2025-12-29,13
SST,Centro 5,Online,2025-12-29,13
VND,Centro 2,In-person,2025-12-29,13
CYB,Centro 3,Online,2025-12-29,12
GER,Centro 1,In-person,2025-12-29,12
MNT,Centro 3,In-person,2025-12-29,12
PBI,Centro 2,Online,2025-12-29,12
PYT,Centro 3,Online,2025-12-29,12
CYB,Centro 5,Online,2025-12-29,11
LID,Centro 2,In-person,2025-12-29,11
SCI,Centro 1,In-person,2025-12-29,11
HAC,Centro 4,In-person,2025-12-29,10
LID,Centro 5,In-person,2025-12-29,10
VND,Centro 4,Online,2025-12-29,10
HCP,Centro 1,In-person,2025-12-29,9
GER,Centro 4,Hybrid,2025-12-29,7
GER,Centro 3,In-person,2025-12-29,7
HCP,Centro 2,Hybrid,2025-12-29,7
HOT,Centro 2,Hybrid,2025-12-29,6
MNT,Centro 4,In-person,2025-12-29,6
PRI,Centro 3,In-person,2025-12-29,6
CYB,Centro 5,Hybrid,2025-12-29,5
GER,Centro 5,Hybrid,2025-12-29,5
TUR,Centro 5,In-person,2025-12-29,5
CYB,Centro 2,In-person,2025-12-29,4
EXC,Centro 3,Online,2025-12-29,4
HOT,Centro 5,In-person,2025-12-29,4
LID,Centro 4,Hybrid,2025-12-29,4
MNT,Centro 1,In-person,2025-12-29,4
PBI,Centro 5,In-person,2025-12-29,4
PRO,Centro 3,In-person,2025-12-29,4
SEG,Centro 1,Hybrid,2025-12-29,4
EXC,Centro 5,Hybrid,2025-12-29,3
HAC,Centro 3,Hybrid,2025-12-29,3
PBI,Centro 5,Hybrid,2026-01-05,203
MNT,Centro 1,In-person,2026-01-05,130
CYB,Centro 5,Hybrid,2026-01-05,129
GER,Centro 3,In-person,2026-01-05,124
PBI,Centro 3,Online,2026-01-05,104
CYB,Centro 2,In-person,2026-01-05,93
HAC,Centro 4,In-person,2026-01-05,89
MNT,Centro 4,In-person,2026-01-05,88
EMP,Centro 4,In-person,2026-01-05,86
SEG,Centro 3,Hybrid,2026-01-05,86
PBI,Centro 1,Online,2026-01-05,85
CYB,Centro 3,Hybrid,2026-01-05,83
MNT,Centro 3,In-person,2026-01-05,81
HOT,Centro 2,In-person,2026-01-05,79
EMP,Centro 3,In-person,2026-01-05,76
PRI,Centro 5,Hybrid,2026-01-05,70
PRI,Centro 1,In-person,2026-01-05,69
EXC,Centro 4,Online,2026-01-05,67
HOT,Centro 5,Hybrid,2026-01-05,65
CYB,Centro 2,Hybrid,2026-01-05,62
FOR,Centro 3,Hybrid,2026-01-05,61
ING,Centro 3,Hybrid,2026-01-05,58
PYT,Centro 4,Online,2026-01-05,58
ING,Centro 4,In-person,2026-01-05,57
PRO,Centro 2,Hybrid,2026-01-05,57
PRI,Centro 1,Hybrid,2026-01-05,53
TUR,Centro 2,In-person,2026-01-05,52
ING,Centro 2,In-person,2026-01-05,51
PYT,Centro 1,Online,2026-01-05,51
GER,Centro 2,In-person,2026-01-05,46
ING,Centro 1,In-person,2026-01-05,46
CYB,Centro 1,Hybrid,2026-01-05,45
MNT,Centro 2,In-person,2026-01-05,45
EXC,Centro 3,Online,2026-01-05,44
GER,Centro 5,Hybrid,2026-01-05,44
GES,Centro 2,Hybrid,2026-01-05,43
SEG,Centro 2,In-person,2026-01-05,43
CYB,Centro 4,In-person,2026-01-05,41
PYT,Centro 5,Hybrid,2026-01-05,41
PYT,Centro 1,In-person,2026-01-05,41
PBI,Centro 4,Hybrid,2026-01-05,39
PRO,Centro 4,In-person,2026-01-05,39
CYB,Centro 1,Online,2026-01-05,38
PRO,Centro 4,Hybrid,2026-01-05,37
PRO,Centro 5,Hybrid,2026-01-05,36
INF,Centro 3,In-person,2026-01-05,34
SCI,Centro 1,Hybrid,2026-01-05,34
PYT,Centro 2,Hybrid,2026-01-05,33
HCP,Centro 4,Hybrid,2026-01-05,32
SEG,Centro 4,In-person,2026-01-05,32
CYB,Centro 4,Hybrid,2026-01-05,31
VND,Centro 2,In-person,2026-01-05,31
VND,Centro 4,Online,2026-01-05,30
HCP,Centro 1,In-person,2026-01-05,29
LOG,Centro 1,In-person,2026-01-05,29
SOC,Centro 3,Hybrid,2026-01-05,29
EXC,Centro 1,Hybrid,2026-01-05,28
LID,Centro 1,Hybrid,2026-01-05,28
SEG,Centro 3,In-person,2026-01-05,28
HAC,Centro 2,In-person,2026-01-05,27
PBI,Centro 5,In-person,2026-01-05,23
PRI,Centro 5,In-person,2026-01-05,23
PBI,Centro 4,Online,2026-01-05,22
SOC,Centro 1,Hybrid,2026-01-05,22
GER,Centro 4,In-person,2026-01-05,21
GES,Centro 4,Online,2026-01-05,20
FOR,Centro 5,Online,2026-01-05,19
SOC,Centro 4,In-person,2026-01-05,17
SST,Centro 3,In-person,2026-01-05,17
HOT,Centro 3,In-person,2026-01-05,16
PBI,Centro 2,In-person,2026-01-05,16
FOR,Centro 3,Online,2026-01-05,15
HCP,Centro 2,In-person,2026-01-05,15
PRI,Centro 2,In-person,2026-01-05,15
SST,Centro 1,Online,2026-01-05,15
PYT,Centro 2,In-person,2026-01-05,14
EMP,Centro 5,In-person,2026-01-05,13
ING,Centro 4,Online,2026-01-05,13
LID,Centro 2,Online,2026-01-05,12
CYB,Centro 2,Online,2026-01-05,11
LID,Centro 5,In-person,2026-01-05,11
SEG,Centro 5,Hybrid,2026-01-05,11
SST,Centro 2,Hybrid,2026-01-05,11
HCP,Centro 3,Hybrid,2026-01-05,10
INF,Centro 5,In-person,2026-01-05,10
LOG,Centro 3,In-person,2026-01-05,10
PRI,Centro 3,Hybrid,2026-01-05,10
PRO,Centro 1,Hybrid,2026-01-05,10
GER,Centro 3,Hybrid,2026-01-05,9
LID,Centro 3,Hybrid,2026-01-05,9
LID,Centro 2,In-person,2026-01-05,9
SST,Centro 2,In-person,2026-01-05,9
EXC,Centro 3,Hybrid,2026-01-05,8
SOC,Centro 5,In-person,2026-01-05,8
SST,Centro 4,Online,2026-01-05,8
GES,Centro 4,Hybrid,2026-01-05,7
HCP,Centro 5,In-person,2026-01-05,7
INF,Centro 3,Hybrid,2026-01-05,7
LID,Centro 3,In-person,2026-01-05,7
LOG,Centro 1,Hybrid,2026-01-05,7
SCI,Centro 4,In-person,2026-01-05,7
SEG,Centro 1,Hybrid,2026-01-05,7
TUR,Centro 2,Hybrid,2026-01-05,7
GER,Centro 5,In-person,2026-01-05,6
HAC,Centro 3,Hybrid,2026-01-05,6
HAC,Centro 3,In-person,2026-01-05,6
GES,Centro 3,Online,2026-01-05,5
ING,Centro 5,In-person,2026-01-05,5
LID,Centro 5,Hybrid,2026-01-05,5
PBI,Centro 5,Online,2026-01-05,5
SCI,Centro 3,In-person,2026-01-05,5
HOT,Centro 1,Hybrid,2026-01-05,4
HOT,Centro 4,In-person,2026-01-05,4
INF,Centro 1,In-person,2026-01-05,4
LID,Centro 4,Hybrid,2026-01-05,4
PBI,Centro 4,In-person,2026-01-05,4
PRO,Centro 5,In-person,2026-01-05,4
SCI,Centro 2,Hybrid,2026-01-05,4
SEG,Centro 3,Online,2026-01-05,4
SEG,Centro 5,In-person,2026-01-05,4
SST,Centro 5,Online,2026-01-05,4
SST,Centro 5,In-person,2026-01-05,4
TUR,Centro 5,In-person,2026-01-05,4
EXC,Centro 4,Hybrid,2026-01-05,3
EXC,Centro 2,In-person,2026-01-05,3
LID,Centro 2,Hybrid,2026-01-05,3
LOG,Centro 5,In-person,2026-01-05,3
PBI,Centro 2,Hybrid,2026-01-05,3
SCI,Centro 1,In-person,2026-01-05,3
VND,Centro 2,Hybrid,2026-01-05,3
MNT,Centro 1,In-person,2026-01-12,120
CYB,Centro 1,Online,2026-01-12,115
PYT,Centro 2,Hybrid,2026-01-12,106
SCI,Centro 1,In-person,2026-01-12,102
PBI,Centro 4,Hybrid,2026-01-12,90
PYT,Centro 1,Online,2026-01-12,88
GER,Centro 3,Hybrid,2026-01-12,80
LOG,Centro 1,Hybrid,2026-01-12,76
PBI,Centro 4,Online,2026-01-12,76
GES,Centro 3,Online,2026-01-12,75
EMP,Centro 3,In-person,2026-01-12,74
SEG,Centro 4,Hybrid,2026-01-12,73
GES,Centro 2,Online,2026-01-12,68
MNT,Centro 2,In-person,2026-01-12,68
SEG,Centro 5,In-person,2026-01-12,67
CYB,Centro 3,Hybrid,2026-01-12,66
PYT,Centro 3,Hybrid,2026-01-12,65
SOC,Centro 5,In-person,2026-01-12,65
SST,Centro 1,In-person,2026-01-12,65
ING,Centro 2,Online,2026-01-12,62
MNT,Centro 4,In-person,2026-01-12,61
CYB,Centro 2,Hybrid,2026-01-12,58
ING,Centro 2,In-person,2026-01-12,58
SST,Centro 4,Online,2026-01-12,58
INF,Centro 4,In-person,2026-01-12,57
SCI,Centro 3,In-person,2026-01-12,56
INF,Centro 3,Hybrid,2026-01-12,55
PBI,Centro 3,Online,2026-01-12,53
EXC,Centro 4,In-person,2026-01-12,51
GER,Centro 4,Hybrid,2026-01-12,51
SST,Centro 5,In-person,2026-01-12,51
HAC,Centro 5,In-person,2026-01-12,50
ING,Centro 2,Hybrid,2026-01-12,50
FOR,Centro 2,Online,2026-01-12,49
TUR,Centro 5,In-person,2026-01-12,49
ING,Centro 1,Online,2026-01-12,48
PRI,Centro 3,Hybrid,2026-01-12,46
CYB,Centro 5,Online,2026-01-12,45
PRO,Centro 4,Online,2026-01-12,45
PYT,Centro 5,Online,2026-01-12,45
LID,Centro 3,Hybrid,2026-01-12,44
CYB,Centro 5,Hybrid,2026-01-12,43
PRI,Centro 5,Hybrid,2026-01-12,42
LID,Centro 3,Online,2026-01-12,41
LID,Centro 4,Hybrid,2026-01-12,40
SCI,Centro 4,In-person,2026-01-12,38
EXC,Centro 3,Online,2026-01-12,37
GER,Centro 3,In-person,2026-01-12,37
PBI,Centro 5,Online,2026-01-12,37
CYB,Centro 4,Hybrid,2026-01-12,36
CYB,Centro 1,Hybrid,2026-01-12,34
SOC,Centro 1,Hybrid,2026-01-12,33
TUR,Centro 3,Hybrid,2026-01-12,33
SEG,Centro 1,Hybrid,2026-01-12,30
PYT,Centro 2,In-person,2026-01-12,29
VND,Centro 5,Hybrid,2026-01-12,29
PRI,Centro 5,In-person,2026-01-12,27
PRO,Centro 5,Online,2026-01-12,27
SOC,Centro 3,In-person,2026-01-12,27
LID,Centro 1,Online,2026-01-12,26
PRI,Centro 1,In-person,2026-01-12,26
VND,Centro 4,Online,2026-01-12,26
PBI,Centro 2,Online,2026-01-12,24
HCP,Centro 5,In-person,2026-01-12,23
HOT,Centro 2,In-person,2026-01-12,23
SST,Centro 1,Online,2026-01-12,23
HAC,Centro 4,In-person,2026-01-12,22
PRO,Centro 5,Hybrid,2026-01-12,22
SEG,Centro 2,Hybrid,2026-01-12,22
CYB,Centro 2,In-person,2026-01-12,21
EXC,Centro 3,Hybrid,2026-01-12,21
FOR,Centro 3,Hybrid,2026-01-12,20
EXC,Centro 2,In-person,2026-01-12,19
LOG,Centro 3,Hybrid,2026-01-12,19
EMP,Centro 4,In-person,2026-01-12,18
GER,Centro 4,In-person,2026-01-12,18
PRO,Centro 4,In-person,2026-01-12,17
HOT,Centro 3,In-person,2026-01-12,16
SOC,Centro 4,In-person,2026-01-12,16
PYT,Centro 5,Hybrid,2026-01-12,15
EXC,Centro 4,Hybrid,2026-01-12,14
INF,Centro 5,Hybrid,2026-01-12,13
PRO,Centro 4,Hybrid,2026-01-12,13
ING,Centro 5,In-person,2026-01-12,12
SCI,Centro 1,Hybrid,2026-01-12,12
CYB,Centro 2,Online,2026-01-12,11
GER,Centro 2,In-person,2026-01-12,10
HOT,Centro 5,Hybrid,2026-01-12,10
LID,Centro 2,In-person,2026-01-12,10
VND,Centro 1,Hybrid,2026-01-12,10
HCP,Centro 4,In-person,2026-01-12,9
HOT,Centro 5,In-person,2026-01-12,9
TUR,Centro 2,Hybrid,2026-01-12,9
GES,Centro 1,In-person,2026-01-12,8
LID,Centro 1,In-person,2026-01-12,8
MNT,Centro 5,In-person,2026-01-12,8
SEG,Centro 2,Online,2026-01-12,7
SOC,Centro 4,Hybrid,2026-01-12,7
EMP,Centro 5,In-person,2026-01-12,6
EXC,Centro 5,Hybrid,2026-01-12,6
HOT,Centro 4,In-person,2026-01-12,6
PBI,Centro 2,In-person,2026-01-12,6
SCI,Centro 2,Hybrid,2026-01-12,6
SST,Centro 5,Hybrid,2026-01-12,6
CYB,Centro 4,Online,2026-01-12,5
HAC,Centro 1,In-person,2026-01-12,4
HOT,Centro 3,Hybrid,2026-01-12,4
ING,Centro 1,Hybrid,2026-01-12,4
LOG,Centro 5,In-person,2026-01-12,4
PBI,Centro 1,Online,2026-01-12,4
PBI,Centro 3,Hybrid,2026-01-12,4
PRO,Centro 2,Hybrid,2026-01-12,4
SEG,Centro 5,Hybrid,2026-01-12,4
SEG,Centro 3,In-person,2026-01-12,4
VND,Centro 5,Online,2026-01-12,4
VND,Centro 2,Hybrid,2026-01-12,4
ING,Centro 4,In-person,2026-01-12,3
SST,Centro 2,In-person,2026-01-12,3
CYB,Centro 1,Hybrid,2026-01-19,163
EXC,Centro 4,Online,2026-01-19,144
SCI,Centro 3,In-person,2026-01-19,128
GER,Centro 3,In-person,2026-01-19,110
MNT,Centro 1,In-person,2026-01-19,102
GES,Centro 2,Hybrid,2026-01-19,97
PBI,Centro 2,Online,2026-01-19,92
SCI,Centro 1,Hybrid,2026-01-19,83
PYT,Centro 1,Online,2026-01-19,81
VND,Centro 5,Online,2026-01-19,79
CYB,Centro 2,Online,2026-01-19,77
SCI,Centro 2,Hybrid,2026-01-19,76
MNT,Centro 5,In-person,2026-01-19,74
HOT,Centro 5,In-person,2026-01-19,73
VND,Centro 1,Hybrid,2026-01-19,73
LID,Centro 2,Hybrid,2026-01-19,71
CYB,Centro 4,Online,2026-01-19,69
EMP,Centro 4,In-person,2026-01-19,69
FOR,Centro 5,Online,2026-01-19,67
HAC,Centro 1,Hybrid,2026-01-19,67
HOT,Centro 3,Hybrid,2026-01-19,65
FOR,Centro 1,In-person,2026-01-19,60
FOR,Centro 2,Online,2026-01-19,55
GER,Centro 5,In-person,2026-01-19,55
FOR,Centro 3,Online,2026-01-19,54
GER,Centro 4,Hybrid,2026-01-19,54
PYT,Centro 3,Hybrid,2026-01-19,54
HAC,Centro 4,In-person,2026-01-19,53
GER,Centro 1,In-person,2026-01-19,51
GER,Centro 3,Hybrid,2026-01-19,48
SST,Centro 5,Online,2026-01-19,46
SCI,Centro 5,Hybrid,2026-01-19,44
TUR,Centro 5,In-person,2026-01-19,44
PRO,Centro 4,In-person,2026-01-19,42
PBI,Centro 2,In-person,2026-01-19,41
EXC,Centro 2,In-person,2026-01-19,38
EXC,Centro 5,In-person,2026-01-19,38
CYB,Centro 1,Online,2026-01-19,37
LOG,Centro 3,Hybrid,2026-01-19,36
INF,Centro 3,Hybrid,2026-01-19,35
PBI,Centro 5,Hybrid,2026-01-19,34
SST,Centro 2,Hybrid,2026-01-19,34
LOG,Centro 3,In-person,2026-01-19,33
SEG,Centro 1,In-person,2026-01-19,33
EMP,Centro 1,In-person,2026-01-19,32
LID,Centro 1,Online,2026-01-19,32
LID,Centro 5,Online,2026-01-19,32
PBI,Centro 3,Online,2026-01-19,32
PBI,Centro 4,Online,2026-01-19,32
PRO,Centro 5,Hybrid,2026-01-19,32
PRI,Centro 2,In-person,2026-01-19,31
FOR,Centro 1,Hybrid,2026-01-19,30
HOT,Centro 2,In-person,2026-01-19,30
LID,Centro 3,Online,2026-01-19,30
SST,Centro 4,Online,2026-01-19,30
MNT,Centro 2,In-person,2026-01-19,29
PRI,Centro 5,Hybrid,2026-01-19,29
HAC,Centro 5,In-person,2026-01-19,28
LOG,Centro 2,In-person,2026-01-19,27
SOC,Centro 1,Hybrid,2026-01-19,27
SST,Centro 5,Hybrid,2026-01-19,27
CYB,Centro 2,Hybrid,2026-01-19,25
INF,Centro 5,Hybrid,2026-01-19,25
EXC,Centro 4,Hybrid,2026-01-19,24
TUR,Centro 5,Hybrid,2026-01-19,24
MNT,Centro 3,In-person,2026-01-19,23
SOC,Centro 5,In-person,2026-01-19,23
PRI,Centro 5,In-person,2026-01-19,22
PYT,Centro 5,Online,2026-01-19,22
SST,Centro 1,Hybrid,2026-01-19,22
EXC,Centro 2,Hybrid,2026-01-19,21
FOR,Centro 4,In-person,2026-01-19,21
PBI,Centro 4,Hybrid,2026-01-19,20
GER,Centro 2,In-person,2026-01-19,19
VND,Centro 3,Online,2026-01-19,19
HAC,Centro 2,Hybrid,2026-01-19,17
HOT,Centro 2,Hybrid,2026-01-19,17
EMP,Centro 3,In-person,2026-01-19,16
HCP,Centro 2,In-person,2026-01-19,15
PRO,Centro 3,In-person,2026-01-19,15
GES,Centro 1,In-person,2026-01-19,14
VND,Centro 2,Hybrid,2026-01-19,14
EXC,Centro 1,Hybrid,2026-01-19,13
EXC,Centro 5,Hybrid,2026-01-19,13
PRO,Centro 4,Online,2026-01-19,13
CYB,Centro 3,Online,2026-01-19,12
INF,Centro 3,In-person,2026-01-19,12
TUR,Centro 2,Hybrid,2026-01-19,12
PYT,Centro 4,Online,2026-01-19,11
PYT,Centro 1,In-person,2026-01-19,11
ING,Centro 1,Hybrid,2026-01-19,10
PRO,Centro 1,In-person,2026-01-19,10
VND,Centro 4,Online,2026-01-19,10
EXC,Centro 4,In-person,2026-01-19,9
LID,Centro 4,Online,2026-01-19,9
LID,Centro 4,Hybrid,2026-01-19,9
VND,Centro 1,In-person,2026-01-19,9
LID,Centro 3,Hybrid,2026-01-19,8
PBI,Centro 5,In-person,2026-01-19,8
PRO,Centro 5,Online,2026-01-19,8
PRO,Centro 4,Hybrid,2026-01-19,8
HOT,Centro 3,In-person,2026-01-19,7
INF,Centro 4,In-person,2026-01-19,7
SEG,Centro 3,Hybrid,2026-01-19,7
SEG,Centro 4,Hybrid,2026-01-19,7
HCP,Centro 3,In-person,2026-01-19,6
HOT,Centro 4,In-person,2026-01-19,6
ING,Centro 4,Online,2026-01-19,6
SEG,Centro 4,In-person,2026-01-19,6
CYB,Centro 5,Online,2026-01-19,5
PRO,Centro 2,Online,2026-01-19,5
PYT,Centro 2,Hybrid,2026-01-19,5
LID,Centro 5,Hybrid,2026-01-19,4
PBI,Centro 2,Hybrid,2026-01-19,4
PRI,Centro 3,Hybrid,2026-01-19,4
PYT,Centro 5,Hybrid,2026-01-19,4
VND,Centro 4,Hybrid,2026-01-19,4
GER,Centro 5,Hybrid,2026-01-19,3
HAC,Centro 1,In-person,2026-01-19,3
ING,Centro 2,Hybrid,2026-01-19,3
LOG,Centro 1,In-person,2026-01-19,3
PBI,Centro 1,Online,2026-01-19,3
SEG,Centro 2,Hybrid,2026-01-19,3
SOC,Centro 2,In-person,2026-01-19,3
TUR,Centro 2,In-person,2026-01-19,3
VND,Centro 2,In-person,2026-01-19,3
SCI,Centro 1,In-person,2026-01-19,2
MNT,Centro 1,In-person,2026-01-26,135
PBI,Centro 3,Online,2026-01-26,120
SEG,Centro 1,In-person,2026-01-26,117
TUR,Centro 5,In-person,2026-01-26,117
EXC,Centro 4,Online,2026-01-26,114
GES,Centro 2,Hybrid,2026-01-26,109
PBI,Centro 4,Online,2026-01-26,96
SEG,Centro 2,Online,2026-01-26,90
SST,Centro 1,Online,2026-01-26,89
PBI,Centro 1,Online,2026-01-26,82
PBI,Centro 2,Online,2026-01-26,80
PYT,Centro 5,Hybrid,2026-01-26,80
EXC,Centro 5,Online,2026-01-26,78
PYT,Centro 5,Online,2026-01-26,78
PYT,Centro 2,Hybrid,2026-01-26,78
SST,Centro 1,In-person,2026-01-26,72
LID,Centro 5,Hybrid,2026-01-26,71
CYB,Centro 1,Online,2026-01-26,69
CYB,Centro 2,Online,2026-01-26,68
SEG,Centro 1,Hybrid,2026-01-26,66
SOC,Centro 1,Hybrid,2026-01-26,65
FOR,Centro 2,Online,2026-01-26,64
PBI,Centro 4,In-person,2026-01-26,64
SST,Centro 3,In-person,2026-01-26,64
ING,Centro 1,Online,2026-01-26,63
FOR,Centro 2,Hybrid,2026-01-26,59
PRO,Centro 1,Online,2026-01-26,59
LOG,Centro 3,In-person,2026-01-26,58
GER,Centro 3,In-person,2026-01-26,56
ING,Centro 2,Online,2026-01-26,54
GER,Centro 1,In-person,2026-01-26,53
GES,Centro 4,In-person,2026-01-26,53
MNT,Centro 3,In-person,2026-01-26,53
HCP,Centro 2,In-person,2026-01-26,52
INF,Centro 5,In-person,2026-01-26,52
ING,Centro 3,Hybrid,2026-01-26,52
LOG,Centro 3,Hybrid,2026-01-26,52
PBI,Centro 3,Hybrid,2026-01-26,52
ING,Centro 5,In-person,2026-01-26,51
VND,Centro 3,In-person,2026-01-26,51
ING,Centro 2,In-person,2026-01-26,49
GER,Centro 4,Hybrid,2026-01-26,48
SEG,Centro 3,In-person,2026-01-26,48
HAC,Centro 3,In-person,2026-01-26,47
HCP,Centro 4,Hybrid,2026-01-26,47
MNT,Centro 5,In-person,2026-01-26,46
HOT,Centro 2,In-person,2026-01-26,45
PRI,Centro 5,In-person,2026-01-26,45
SEG,Centro 4,Hybrid,2026-01-26,45
EXC,Centro 2,Hybrid,2026-01-26,44
HCP,Centro 5,In-person,2026-01-26,43
SST,Centro 5,Online,2026-01-26,43
LOG,Centro 2,In-person,2026-01-26,41
PBI,Centro 4,Hybrid,2026-01-26,41
SEG,Centro 5,In-person,2026-01-26,41
SOC,Centro 2,In-person,2026-01-26,41
GER,Centro 3,Hybrid,2026-01-26,40
HAC,Centro 3,Hybrid,2026-01-26,39
SEG,Centro 5,Hybrid,2026-01-26,39
EMP,Centro 3,In-person,2026-01-26,38
HCP,Centro 4,In-person,2026-01-26,38
LOG,Centro 5,In-person,2026-01-26,38
CYB,Centro 1,In-person,2026-01-26,37
SST,Centro 5,Hybrid,2026-01-26,37
CYB,Centro 4,Online,2026-01-26,36
FOR,Centro 3,Online,2026-01-26,36
FOR,Centro 3,Hybrid,2026-01-26,36
HOT,Centro 3,In-person,2026-01-26,36
LID,Centro 5,Online,2026-01-26,36
ING,Centro 1,Hybrid,2026-01-26,32
LID,Centro 1,Online,2026-01-26,32
SST,Centro 4,Online,2026-01-26,32
LID,Centro 3,Online,2026-01-26,30
SOC,Centro 4,In-person,2026-01-26,30
EXC,Centro 5,Hybrid,2026-01-26,29
EXC,Centro 5,In-person,2026-01-26,29
HAC,Centro 2,Online,2026-01-26,29
HOT,Centro 5,Hybrid,2026-01-26,29
TUR,Centro 3,In-person,2026-01-26,29
PRI,Centro 2,Hybrid,2026-01-26,26
PRO,Centro 1,In-person,2026-01-26,26
SST,Centro 4,Hybrid,2026-01-26,26
HAC,Centro 4,In-person,2026-01-26,24
CYB,Centro 1,Hybrid,2026-01-26,22
LID,Centro 2,Online,2026-01-26,22
LID,Centro 2,In-person,2026-01-26,22
GER,Centro 1,Hybrid,2026-01-26,21
ING,Centro 3,Online,2026-01-26,21
SST,Centro 5,In-person,2026-01-26,21
CYB,Centro 2,In-person,2026-01-26,20
GER,Centro 4,In-person,2026-01-26,20
PBI,Centro 5,Online,2026-01-26,19
VND,Centro 2,In-person,2026-01-26,19
CYB,Centro 2,Hybrid,2026-01-26,18
MNT,Centro 2,In-person,2026-01-26,18
TUR,Centro 2,In-person,2026-01-26,17
EXC,Centro 4,Hybrid,2026-01-26,16
INF,Centro 3,In-person,2026-01-26,16
LOG,Centro 1,Hybrid,2026-01-26,16
SCI,Centro 5,Hybrid,2026-01-26,16
CYB,Centro 3,Online,2026-01-26,15
CYB,Centro 5,Online,2026-01-26,15
HAC,Centro 2,Hybrid,2026-01-26,14
HAC,Centro 1,Hybrid,2026-01-26,13
PBI,Centro 2,Hybrid,2026-01-26,13
PRI,Centro 2,In-person,2026-01-26,13
SOC,Centro 3,In-person,2026-01-26,13
HOT,Centro 2,Hybrid,2026-01-26,12
HAC,Centro 1,In-person,2026-01-26,11
SST,Centro 2,Hybrid,2026-01-26,11
VND,Centro 5,Online,2026-01-26,11
EXC,Centro 2,In-person,2026-01-26,10
INF,Centro 3,Hybrid,2026-01-26,10
SCI,Centro 3,In-person,2026-01-26,10
CYB,Centro 3,Hybrid,2026-01-26,9
HCP,Centro 3,Hybrid,2026-01-26,9
HOT,Centro 1,Hybrid,2026-01-26,9
PBI,Centro 5,Hybrid,2026-01-26,9
PRI,Centro 3,Hybrid,2026-01-26,9
PRI,Centro 3,In-person,2026-01-26,9
TUR,Centro 1,In-person,2026-01-26,9
LOG,Centro 2,Hybrid,2026-01-26,8
EMP,Centro 1,In-person,2026-01-26,7
GER,Centro 5,In-person,2026-01-26,7
PRO,Centro 2,Hybrid,2026-01-26,7
PRO,Centro 2,In-person,2026-01-26,7
EXC,Centro 3,Hybrid,2026-01-26,6
EXC,Centro 4,In-person,2026-01-26,6
MNT,Centro 4,In-person,2026-01-26,6
SST,Centro 2,Online,2026-01-26,6
FOR,Centro 5,In-person,2026-01-26,5
PRO,Centro 2,Online,2026-01-26,5
PYT,Centro 3,Online,2026-01-26,5
LID,Centro 2,Hybrid,2026-01-26,4
LID,Centro 4,In-person,2026-01-26,4
LID,Centro 5,In-person,2026-01-26,4
PRI,Centro 4,In-person,2026-01-26,4
PYT,Centro 1,Online,2026-01-26,4
PYT,Centro 4,In-person,2026-01-26,4
SCI,Centro 5,In-person,2026-01-26,4
SOC,Centro 5,In-person,2026-01-26,4
SST,Centro 2,In-person,2026-01-26,4
VND,Centro 4,Hybrid,2026-01-26,4
VND,Centro 5,In-person,2026-01-26,4
EMP,Centro 4,In-person,2026-01-26,3
HOT,Centro 3,Hybrid,2026-01-26,3
PBI,Centro 2,In-person,2026-01-26,3
PRI,Centro 4,Hybrid,2026-01-26,3
SCI,Centro 1,Hybrid,2026-01-26,3
TUR,Centro 2,Hybrid,2026-01-26,3
TUR,Centro 3,Hybrid,2026-01-26,3
TUR,Centro 4,Hybrid,2026-01-26,3
SOC,Centro 4,Hybrid,2026-01-26,1
CYB,Centro 2,Online,2026-02-02,156
MNT,Centro 4,In-person,2026-02-02,135
HOT,Centro 2,Hybrid,2026-02-02,117
PYT,Centro 1,Online,2026-02-02,114
CYB,Centro 3,Online,2026-02-02,113
CYB,Centro 3,Hybrid,2026-02-02,111
EMP,Centro 3,In-person,2026-02-02,108
ING,Centro 1,Online,2026-02-02,108
SEG,Centro 5,Hybrid,2026-02-02,103
PBI,Centro 3,Online,2026-02-02,95
PBI,Centro 1,Online,2026-02-02,88
SEG,Centro 5,In-person,2026-02-02,88
HCP,Centro 2,In-person,2026-02-02,87
EXC,Centro 2,In-person,2026-02-02,83
PRO,Centro 4,Online,2026-02-02,72
SEG,Centro 3,Hybrid,2026-02-02,69
ING,Centro 3,Online,2026-02-02,68
CYB,Centro 5,Online,2026-02-02,67
PBI,Centro 2,Hybrid,2026-02-02,67
PRO,Centro 5,Hybrid,2026-02-02,66
VND,Centro 5,Online,2026-02-02,65
EXC,Centro 4,Online,2026-02-02,63
PRO,Centro 5,Online,2026-02-02,63
GES,Centro 2,Hybrid,2026-02-02,62
EXC,Centro 1,Online,2026-02-02,58
INF,Centro 3,In-person,2026-02-02,58
LID,Centro 2,Hybrid,2026-02-02,57
HOT,Centro 2,In-person,2026-02-02,56
FOR,Centro 2,Online,2026-02-02,53
PBI,Centro 4,Online,2026-02-02,53
SST,Centro 5,In-person,2026-02-02,53
LOG,Centro 2,Hybrid,2026-02-02,52
SOC,Centro 5,In-person,2026-02-02,52
LID,Centro 1,Hybrid,2026-02-02,48
CYB,Centro 4,Online,2026-02-02,45
FOR,Centro 2,In-person,2026-02-02,45
GER,Centro 3,Hybrid,2026-02-02,44
GER,Centro 3,In-person,2026-02-02,44
GER,Centro 5,In-person,2026-02-02,44
PYT,Centro 5,Online,2026-02-02,43
INF,Centro 5,In-person,2026-02-02,39
LID,Centro 3,Hybrid,2026-02-02,39
GER,Centro 1,In-person,2026-02-02,38
GER,Centro 2,In-person,2026-02-02,38
HOT,Centro 3,Hybrid,2026-02-02,37
HCP,Centro 2,Hybrid,2026-02-02,36
LID,Centro 1,In-person,2026-02-02,36
LOG,Centro 3,In-person,2026-02-02,35
PYT,Centro 1,In-person,2026-02-02,35
PYT,Centro 2,Hybrid,2026-02-02,34
CYB,Centro 2,In-person,2026-02-02,33
ING,Centro 2,Online,2026-02-02,32
HOT,Centro 4,In-person,2026-02-02,31
SEG,Centro 1,In-person,2026-02-02,31
HOT,Centro 1,Hybrid,2026-02-02,29
CYB,Centro 4,Hybrid,2026-02-02,27
PRI,Centro 5,In-person,2026-02-02,27
SEG,Centro 2,In-person,2026-02-02,27
SST,Centro 4,Online,2026-02-02,27
VND,Centro 4,In-person,2026-02-02,27
PBI,Centro 4,In-person,2026-02-02,26
VND,Centro 3,In-person,2026-02-02,26
CYB,Centro 5,Hybrid,2026-02-02,25
GER,Centro 4,Hybrid,2026-02-02,25
HAC,Centro 2,In-person,2026-02-02,25
LOG,Centro 1,In-person,2026-02-02,24
PRO,Centro 2,Online,2026-02-02,24
PRI,Centro 4,In-person,2026-02-02,22
SOC,Centro 3,In-person,2026-02-02,22
LOG,Centro 5,In-person,2026-02-02,21
FOR,Centro 5,In-person,2026-02-02,20
HAC,Centro 2,Hybrid,2026-02-02,20
PRO,Centro 2,In-person,2026-02-02,20
SCI,Centro 3,In-person,2026-02-02,20
EXC,Centro 2,Online,2026-02-02,19
INF,Centro 1,In-person,2026-02-02,19
PRO,Centro 3,In-person,2026-02-02,19
SCI,Centro 4,In-person,2026-02-02,19
HOT,Centro 5,Hybrid,2026-02-02,18
PRI,Centro 1,In-person,2026-02-02,18
EXC,Centro 1,Hybrid,2026-02-02,17
GES,Centro 5,In-person,2026-02-02,17
HCP,Centro 3,In-person,2026-02-02,17
SEG,Centro 5,Online,2026-02-02,17
EMP,Centro 4,In-person,2026-02-02,16
PBI,Centro 5,In-person,2026-02-02,16
PRO,Centro 2,Hybrid,2026-02-02,16
GER,Centro 5,Hybrid,2026-02-02,15
MNT,Centro 2,In-person,2026-02-02,15
PBI,Centro 4,Hybrid,2026-02-02,15
SEG,Centro 3,Online,2026-02-02,15
SOC,Centro 2,In-person,2026-02-02,15
SEG,Centro 3,In-person,2026-02-02,14
PRI,Centro 2,In-person,2026-02-02,13
ING,Centro 2,Hybrid,2026-02-02,12
MNT,Centro 3,In-person,2026-02-02,12
PYT,Centro 4,Online,2026-02-02,12
GES,Centro 2,Online,2026-02-02,11
PYT,Centro 2,In-person,2026-02-02,11
CYB,Centro 1,Online,2026-02-02,10
CYB,Centro 2,Hybrid,2026-02-02,10
EXC,Centro 5,Online,2026-02-02,10
SOC,Centro 1,Hybrid,2026-02-02,10
ING,Centro 1,Hybrid,2026-02-02,9
MNT,Centro 1,In-person,2026-02-02,9
VND,Centro 2,In-person,2026-02-02,9
CYB,Centro 5,In-person,2026-02-02,8
LID,Centro 1,Online,2026-02-02,8
VND,Centro 1,In-person,2026-02-02,8
GER,Centro 1,Hybrid,2026-02-02,7
PBI,Centro 2,In-person,2026-02-02,7
PRI,Centro 5,Hybrid,2026-02-02,7
SCI,Centro 5,In-person,2026-02-02,7
SST,Centro 2,In-person,2026-02-02,7
EXC,Centro 2,Hybrid,2026-02-02,6
HCP,Centro 1,Hybrid,2026-02-02,6
PRI,Centro 1,Hybrid,2026-02-02,6
SST,Centro 1,Online,2026-02-02,6
SST,Centro 5,Online,2026-02-02,6
TUR,Centro 1,In-person,2026-02-02,6
CYB,Centro 1,Hybrid,2026-02-02,5
FOR,Centro 1,Hybrid,2026-02-02,5
LID,Centro 5,Hybrid,2026-02-02,5
PBI,Centro 5,Online,2026-02-02,5
FOR,Centro 4,Hybrid,2026-02-02,4
HAC,Centro 5,In-person,2026-02-02,4
LID,Centro 5,Online,2026-02-02,4
LID,Centro 4,In-person,2026-02-02,4
PRI,Centro 3,In-person,2026-02-02,4
SCI,Centro 1,Hybrid,2026-02-02,4
SST,Centro 5,Hybrid,2026-02-02,4
TUR,Centro 2,In-person,2026-02-02,4
TUR,Centro 3,In-person,2026-02-02,4
TUR,Centro 5,In-person,2026-02-02,4
ING,Centro 2,In-person,2026-02-02,3
SOC,Centro 4,Hybrid,2026-02-02,3
SST,Centro 1,In-person,2026-02-02,3
TUR,Centro 4,Hybrid,2026-02-02,3
CYB,Centro 5,Online,2026-02-09,228
CYB,Centro 3,Online,2026-02-09,131
PRO,Centro 2,Online,2026-02-09,120
EXC,Centro 4,Online,2026-02-09,117
PYT,Centro 4,Online,2026-02-09,117
EXC,Centro 4,Hybrid,2026-02-09,107
PYT,Centro 3,Online,2026-02-09,104
HOT,Centro 3,Hybrid,2026-02-09,101
EXC,Centro 3,Hybrid,2026-02-09,98
LID,Centro 4,Hybrid,2026-02-09,97
CYB,Centro 1,Hybrid,2026-02-09,94
HOT,Centro 2,In-person,2026-02-09,88
MNT,Centro 5,In-person,2026-02-09,87
PBI,Centro 2,Hybrid,2026-02-09,87
HAC,Centro 1,In-person,2026-02-09,86
CYB,Centro 1,Online,2026-02-09,83
PBI,Centro 3,Online,2026-02-09,83
PRO,Centro 5,Online,2026-02-09,80
PYT,Centro 1,Online,2026-02-09,79
PYT,Centro 2,Hybrid,2026-02-09,79
MNT,Centro 2,In-person,2026-02-09,78
HOT,Centro 1,Hybrid,2026-02-09,73
SEG,Centro 4,Hybrid,2026-02-09,71
EMP,Centro 4,In-person,2026-02-09,70
VND,Centro 2,Online,2026-02-09,68
HOT,Centro 5,In-person,2026-02-09,66
CYB,Centro 3,Hybrid,2026-02-09,62
HAC,Centro 2,Hybrid,2026-02-09,62
SEG,Centro 3,Online,2026-02-09,62
CYB,Centro 2,Online,2026-02-09,59
HAC,Centro 5,Online,2026-02-09,58
FOR,Centro 4,Hybrid,2026-02-09,57
TUR,Centro 3,Hybrid,2026-02-09,57
TUR,Centro 1,In-person,2026-02-09,55
PRI,Centro 2,In-person,2026-02-09,52
HCP,Centro 5,In-person,2026-02-09,50
LOG,Centro 2,In-person,2026-02-09,50
PBI,Centro 4,Hybrid,2026-02-09,49
PRO,Centro 2,Hybrid,2026-02-09,49
SEG,Centro 5,Hybrid,2026-02-09,49
CYB,Centro 4,Hybrid,2026-02-09,48
SCI,Centro 5,In-person,2026-02-09,48
CYB,Centro 4,Online,2026-02-09,47
SEG,Centro 3,Hybrid,2026-02-09,47
ING,Centro 2,In-person,2026-02-09,45
LID,Centro 2,Online,2026-02-09,45
SCI,Centro 1,In-person,2026-02-09,40
TUR,Centro 4,In-person,2026-02-09,40
EXC,Centro 3,Online,2026-02-09,39
MNT,Centro 1,In-person,2026-02-09,39
VND,Centro 1,In-person,2026-02-09,39
HAC,Centro 4,In-person,2026-02-09,38
MNT,Centro 3,In-person,2026-02-09,38
SEG,Centro 1,In-person,2026-02-09,38
GER,Centro 3,Hybrid,2026-02-09,37
PRO,Centro 5,In-person,2026-02-09,37
SOC,Centro 4,In-person,2026-02-09,37
SST,Centro 3,In-person,2026-02-09,37
MNT,Centro 4,In-person,2026-02-09,36
PRI,Centro 5,Hybrid,2026-02-09,36
TUR,Centro 2,Hybrid,2026-02-09,36
VND,Centro 5,In-person,2026-02-09,35
GER,Centro 5,Hybrid,2026-02-09,34
CYB,Centro 5,In-person,2026-02-09,32
HAC,Centro 5,In-person,2026-02-09,32
HOT,Centro 4,Hybrid,2026-02-09,32
PBI,Centro 5,Hybrid,2026-02-09,32
PRO,Centro 4,Online,2026-02-09,32
PBI,Centro 4,Online,2026-02-09,30
PRI,Centro 5,In-person,2026-02-09,30
FOR,Centro 1,Hybrid,2026-02-09,29
SOC,Centro 2,Hybrid,2026-02-09,28
SST,Centro 5,Online,2026-02-09,28
ING,Centro 4,Online,2026-02-09,25
PRI,Centro 2,Hybrid,2026-02-09,25
SST,Centro 5,In-person,2026-02-09,25
FOR,Centro 2,Hybrid,2026-02-09,24
FOR,Centro 2,In-person,2026-02-09,23
LOG,Centro 3,In-person,2026-02-09,23
CYB,Centro 2,Hybrid,2026-02-09,22
GER,Centro 3,In-person,2026-02-09,22
GER,Centro 4,In-person,2026-02-09,22
HOT,Centro 3,In-person,2026-02-09,22
LOG,Centro 5,In-person,2026-02-09,22
GES,Centro 1,Online,2026-02-09,21
HAC,Centro 3,In-person,2026-02-09,21
INF,Centro 3,Hybrid,2026-02-09,21
GER,Centro 1,Hybrid,2026-02-09,20
HCP,Centro 2,In-person,2026-02-09,20
ING,Centro 3,Online,2026-02-09,20
HAC,Centro 4,Hybrid,2026-02-09,19
GES,Centro 1,Hybrid,2026-02-09,18
PRI,Centro 3,In-person,2026-02-09,17
GER,Centro 1,In-person,2026-02-09,16
HCP,Centro 1,Hybrid,2026-02-09,15
SEG,Centro 3,In-person,2026-02-09,14
HOT,Centro 1,In-person,2026-02-09,13
PRI,Centro 4,In-person,2026-02-09,13
SST,Centro 5,Hybrid,2026-02-09,13
EXC,Centro 2,Hybrid,2026-02-09,12
LID,Centro 4,In-person,2026-02-09,12
PBI,Centro 2,Online,2026-02-09,12
PRI,Centro 1,In-person,2026-02-09,12
PRO,Centro 4,In-person,2026-02-09,11
EXC,Centro 5,Hybrid,2026-02-09,10
INF,Centro 5,In-person,2026-02-09,10
LID,Centro 3,Hybrid,2026-02-09,10
PBI,Centro 2,In-person,2026-02-09,10
FOR,Centro 4,In-person,2026-02-09,9
LOG,Centro 3,Hybrid,2026-02-09,8
LOG,Centro 1,In-person,2026-02-09,8
PBI,Centro 5,Online,2026-02-09,8
PBI,Centro 3,Hybrid,2026-02-09,8
PYT,Centro 5,Online,2026-02-09,8
FOR,Centro 5,In-person,2026-02-09,7
GER,Centro 5,In-person,2026-02-09,7
ING,Centro 2,Online,2026-02-09,7
LID,Centro 5,Online,2026-02-09,7
PBI,Centro 4,In-person,2026-02-09,7
PRO,Centro 1,In-person,2026-02-09,7
SST,Centro 2,Hybrid,2026-02-09,7
EXC,Centro 1,Online,2026-02-09,6
EXC,Centro 1,Hybrid,2026-02-09,6
SST,Centro 4,Online,2026-02-09,6
CYB,Centro 4,In-person,2026-02-09,5
GES,Centro 2,Hybrid,2026-02-09,5
GES,Centro 4,Hybrid,2026-02-09,5
SOC,Centro 3,In-person,2026-02-09,5
SOC,Centro 5,In-person,2026-02-09,5
GER,Centro 2,Hybrid,2026-02-09,4
GES,Centro 2,Online,2026-02-09,4
HCP,Centro 5,Hybrid,2026-02-09,4
INF,Centro 2,In-person,2026-02-09,4
INF,Centro 3,In-person,2026-02-09,4
ING,Centro 1,Hybrid,2026-02-09,4
LOG,Centro 1,Hybrid,2026-02-09,4
SST,Centro 2,Online,2026-02-09,4
TUR,Centro 3,In-person,2026-02-09,4
EXC,Centro 5,Online,2026-02-09,3
HCP,Centro 3,In-person,2026-02-09,3
SEG,Centro 1,Hybrid,2026-02-09,3
SST,Centro 3,Hybrid,2026-02-09,3
TUR,Centro 5,Hybrid,2026-02-09,3
TUR,Centro 5,In-person,2026-02-09,3
PRI,Centro 4,Hybrid,2026-02-09,1
PBI,Centro 4,Online,2026-02-16,213
PBI,Centro 4,In-person,2026-02-16,157
ING,Centro 1,Hybrid,2026-02-16,131
FOR,Centro 2,Online,2026-02-16,108
TUR,Centro 2,Hybrid,2026-02-16,101
MNT,Centro 5,In-person,2026-02-16,95
EXC,Centro 2,Online,2026-02-16,88
INF,Centro 3,In-person,2026-02-16,88
FOR,Centro 2,Hybrid,2026-02-16,86
ING,Centro 3,Online,2026-02-16,85
PRO,Centro 2,Online,2026-02-16,80
EXC,Centro 5,Online,2026-02-16,79
EXC,Centro 1,Online,2026-02-16,75
GER,Centro 3,In-person,2026-02-16,75
LID,Centro 4,In-person,2026-02-16,71
GER,Centro 2,Hybrid,2026-02-16,66
EXC,Centro 5,Hybrid,2026-02-16,65
PRO,Centro 1,Hybrid,2026-02-16,62
TUR,Centro 3,Hybrid,2026-02-16,62
SST,Centro 5,In-person,2026-02-16,61
CYB,Centro 1,Hybrid,2026-02-16,60
CYB,Centro 1,Online,2026-02-16,59
LOG,Centro 1,In-person,2026-02-16,59
GES,Centro 1,Hybrid,2026-02-16,58
HAC,Centro 5,Hybrid,2026-02-16,58
EMP,Centro 5,In-person,2026-02-16,57
PRO,Centro 3,In-person,2026-02-16,57
SST,Centro 4,Online,2026-02-16,57
PRI,Centro 2,Hybrid,2026-02-16,54
GER,Centro 1,Hybrid,2026-02-16,53
HOT,Centro 2,In-person,2026-02-16,51
SST,Centro 3,In-person,2026-02-16,51
MNT,Centro 4,In-person,2026-02-16,49
SEG,Centro 1,In-person,2026-02-16,49
VND,Centro 2,Hybrid,2026-02-16,46
LOG,Centro 2,In-person,2026-02-16,45
PYT,Centro 4,In-person,2026-02-16,45
HAC,Centro 2,Online,2026-02-16,44
HCP,Centro 3,In-person,2026-02-16,44
TUR,Centro 4,Hybrid,2026-02-16,44
CYB,Centro 2,Online,2026-02-16,43
GER,Centro 5,Hybrid,2026-02-16,40
SOC,Centro 1,Hybrid,2026-02-16,40
HOT,Centro 1,In-person,2026-02-16,39
LID,Centro 2,Online,2026-02-16,39
SEG,Centro 4,In-person,2026-02-16,39
SEG,Centro 2,Hybrid,2026-02-16,38
EMP,Centro 4,In-person,2026-02-16,37
SST,Centro 1,In-person,2026-02-16,37
GER,Centro 4,In-person,2026-02-16,36
SEG,Centro 3,Hybrid,2026-02-16,35
CYB,Centro 3,Online,2026-02-16,32
GER,Centro 5,In-person,2026-02-16,32
LOG,Centro 5,In-person,2026-02-16,32
PYT,Centro 4,Hybrid,2026-02-16,32
HAC,Centro 5,In-person,2026-02-16,30
HCP,Centro 5,Hybrid,2026-02-16,30
LOG,Centro 2,Hybrid,2026-02-16,30
LOG,Centro 3,In-person,2026-02-16,29
PYT,Centro 2,Hybrid,2026-02-16,29
SST,Centro 4,In-person,2026-02-16,29
VND,Centro 5,Hybrid,2026-02-16,29
VND,Centro 4,In-person,2026-02-16,27
EXC,Centro 2,Hybrid,2026-02-16,26
PRO,Centro 5,Hybrid,2026-02-16,26
CYB,Centro 4,In-person,2026-02-16,24
GES,Centro 2,Hybrid,2026-02-16,24
HOT,Centro 3,Hybrid,2026-02-16,24
SEG,Centro 3,In-person,2026-02-16,24
LID,Centro 1,Online,2026-02-16,23
PBI,Centro 5,Online,2026-02-16,23
PBI,Centro 2,Hybrid,2026-02-16,23
PRI,Centro 1,In-person,2026-02-16,23
SCI,Centro 1,Hybrid,2026-02-16,23
MNT,Centro 1,In-person,2026-02-16,21
PRI,Centro 2,In-person,2026-02-16,21
PBI,Centro 1,Online,2026-02-16,20
CYB,Centro 2,In-person,2026-02-16,19
FOR,Centro 5,In-person,2026-02-16,18
LOG,Centro 1,Hybrid,2026-02-16,18
PYT,Centro 5,Hybrid,2026-02-16,18
LOG,Centro 3,Hybrid,2026-02-16,16
PRO,Centro 4,Online,2026-02-16,16
PRO,Centro 4,In-person,2026-02-16,16
PYT,Centro 3,Online,2026-02-16,16
GER,Centro 1,In-person,2026-02-16,13
ING,Centro 2,Online,2026-02-16,13
SST,Centro 5,Hybrid,2026-02-16,13
EXC,Centro 4,Online,2026-02-16,12
EXC,Centro 5,In-person,2026-02-16,12
GER,Centro 3,Hybrid,2026-02-16,12
PRO,Centro 5,Online,2026-02-16,12
SCI,Centro 5,In-person,2026-02-16,12
TUR,Centro 1,In-person,2026-02-16,12
CYB,Centro 2,Hybrid,2026-02-16,11
HAC,Centro 4,Hybrid,2026-02-16,9
HOT,Centro 5,Hybrid,2026-02-16,9
PRI,Centro 3,In-person,2026-02-16,9
SCI,Centro 1,In-person,2026-02-16,9
SCI,Centro 2,In-person,2026-02-16,9
LOG,Centro 4,In-person,2026-02-16,8
CYB,Centro 4,Hybrid,2026-02-16,7
CYB,Centro 5,In-person,2026-02-16,7
EMP,Centro 1,In-person,2026-02-16,7
EMP,Centro 3,In-person,2026-02-16,7
EXC,Centro 3,Online,2026-02-16,7
EXC,Centro 1,Hybrid,2026-02-16,7
GER,Centro 2,In-person,2026-02-16,7
HCP,Centro 2,Hybrid,2026-02-16,7
HCP,Centro 1,In-person,2026-02-16,7
HCP,Centro 5,In-person,2026-02-16,7
PRO,Centro 5,In-person,2026-02-16,7
TUR,Centro 5,In-person,2026-02-16,7
HAC,Centro 2,In-person,2026-02-16,6
HAC,Centro 4,In-person,2026-02-16,6
SOC,Centro 2,In-person,2026-02-16,6
SST,Centro 5,Online,2026-02-16,6
VND,Centro 2,In-person,2026-02-16,6
CYB,Centro 4,Online,2026-02-16,5
PYT,Centro 5,Online,2026-02-16,5
CYB,Centro 5,Online,2026-02-16,4
HOT,Centro 1,Hybrid,2026-02-16,4
HOT,Centro 5,In-person,2026-02-16,4
LID,Centro 3,In-person,2026-02-16,4
LOG,Centro 5,Hybrid,2026-02-16,4
MNT,Centro 2,In-person,2026-02-16,4
SCI,Centro 3,In-person,2026-02-16,4
TUR,Centro 2,In-person,2026-02-16,4
VND,Centro 1,In-person,2026-02-16,4
EXC,Centro 3,Hybrid,2026-02-16,3
HAC,Centro 5,Online,2026-02-16,3
LID,Centro 2,Hybrid,2026-02-16,3
SOC,Centro 3,In-person,2026-02-16,3
SOC,Centro 4,In-person,2026-02-16,3
CYB,Centro 1,Hybrid,2026-02-23,137
CYB,Centro 5,Hybrid,2026-02-23,124
HAC,Centro 5,Online,2026-02-23,110
CYB,Centro 4,Hybrid,2026-02-23,109
LID,Centro 2,Hybrid,2026-02-23,105
PYT,Centro 1,In-person,2026-02-23,100
EXC,Centro 1,Online,2026-02-23,98
PYT,Centro 4,Hybrid,2026-02-23,98
HAC,Centro 1,In-person,2026-02-23,93
PBI,Centro 5,Online,2026-02-23,90
HOT,Centro 2,In-person,2026-02-23,85
GER,Centro 3,In-person,2026-02-23,84
CYB,Centro 5,Online,2026-02-23,82
GER,Centro 2,In-person,2026-02-23,80
HOT,Centro 5,Hybrid,2026-02-23,80
LID,Centro 4,Online,2026-02-23,79
HAC,Centro 5,In-person,2026-02-23,77
HOT,Centro 1,Hybrid,2026-02-23,74
SST,Centro 3,In-person,2026-02-23,73
MNT,Centro 5,In-person,2026-02-23,72
PBI,Centro 4,Online,2026-02-23,71
CYB,Centro 2,Online,2026-02-23,70
SEG,Centro 5,Hybrid,2026-02-23,69
SEG,Centro 3,In-person,2026-02-23,66
HAC,Centro 2,Hybrid,2026-02-23,63
SST,Centro 5,Online,2026-02-23,63
CYB,Centro 3,Online,2026-02-23,62
LOG,Centro 2,In-person,2026-02-23,62
LOG,Centro 5,Hybrid,2026-02-23,61
LOG,Centro 4,In-person,2026-02-23,58
PYT,Centro 1,Online,2026-02-23,58
PRO,Centro 2,Hybrid,2026-02-23,55
HOT,Centro 5,In-person,2026-02-23,54
SST,Centro 2,Online,2026-02-23,54
VND,Centro 1,In-person,2026-02-23,54
CYB,Centro 3,In-person,2026-02-23,52
SEG,Centro 3,Online,2026-02-23,52
GER,Centro 5,Hybrid,2026-02-23,51
FOR,Centro 4,In-person,2026-02-23,49
CYB,Centro 3,Hybrid,2026-02-23,44
HAC,Centro 4,Hybrid,2026-02-23,43
SCI,Centro 5,In-person,2026-02-23,43
PBI,Centro 3,Online,2026-02-23,42
SCI,Centro 1,In-person,2026-02-23,42
PRO,Centro 3,In-person,2026-02-23,41
SST,Centro 1,Hybrid,2026-02-23,40
TUR,Centro 5,In-person,2026-02-23,40
LID,Centro 5,Online,2026-02-23,39
FOR,Centro 3,Hybrid,2026-02-23,38
GES,Centro 4,In-person,2026-02-23,38
LOG,Centro 1,In-person,2026-02-23,38
HCP,Centro 3,In-person,2026-02-23,36
PYT,Centro 5,Online,2026-02-23,36
HCP,Centro 2,Hybrid,2026-02-23,35
EMP,Centro 5,In-person,2026-02-23,34
SST,Centro 1,In-person,2026-02-23,33
SST,Centro 4,Online,2026-02-23,32
CYB,Centro 4,Online,2026-02-23,31
PRI,Centro 1,Hybrid,2026-02-23,30
PRO,Centro 1,Online,2026-02-23,30
ING,Centro 4,Online,2026-02-23,29
PBI,Centro 4,In-person,2026-02-23,29
PRI,Centro 5,In-person,2026-02-23,29
LOG,Centro 1,Hybrid,2026-02-23,28
LID,Centro 1,Hybrid,2026-02-23,27
PYT,Centro 3,Online,2026-02-23,27
CYB,Centro 4,In-person,2026-02-23,26
EMP,Centro 1,In-person,2026-02-23,25
SOC,Centro 2,Hybrid,2026-02-23,25
VND,Centro 3,In-person,2026-02-23,25
HCP,Centro 5,Hybrid,2026-02-23,24
HOT,Centro 3,In-person,2026-02-23,24
HCP,Centro 3,Hybrid,2026-02-23,23
LOG,Centro 5,In-person,2026-02-23,23
SOC,Centro 3,Hybrid,2026-02-23,23
ING,Centro 3,Hybrid,2026-02-23,21
SEG,Centro 1,Online,2026-02-23,21
HOT,Centro 1,In-person,2026-02-23,20
EXC,Centro 2,Online,2026-02-23,19
HAC,Centro 5,Hybrid,2026-02-23,19
PBI,Centro 2,Hybrid,2026-02-23,19
PRI,Centro 2,Hybrid,2026-02-23,19
GES,Centro 1,Hybrid,2026-02-23,18
SEG,Centro 4,Hybrid,2026-02-23,18
HAC,Centro 4,In-person,2026-02-23,17
MNT,Centro 4,In-person,2026-02-23,17
SST,Centro 5,In-person,2026-02-23,17
HCP,Centro 1,Hybrid,2026-02-23,16
PYT,Centro 1,Hybrid,2026-02-23,15
TUR,Centro 3,In-person,2026-02-23,15
HCP,Centro 4,Hybrid,2026-02-23,14
SST,Centro 5,Hybrid,2026-02-23,14
INF,Centro 3,In-person,2026-02-23,13
ING,Centro 2,In-person,2026-02-23,13
VND,Centro 5,In-person,2026-02-23,13
EMP,Centro 4,In-person,2026-02-23,12
GER,Centro 1,Hybrid,2026-02-23,12
GER,Centro 1,In-person,2026-02-23,12
LOG,Centro 3,In-person,2026-02-23,12
MNT,Centro 1,In-person,2026-02-23,12
EXC,Centro 2,Hybrid,2026-02-23,11
GES,Centro 4,Hybrid,2026-02-23,11
LID,Centro 3,In-person,2026-02-23,11
MNT,Centro 3,In-person,2026-02-23,10
PBI,Centro 3,Hybrid,2026-02-23,10
SCI,Centro 3,In-person,2026-02-23,10
TUR,Centro 1,In-person,2026-02-23,10
GES,Centro 2,Hybrid,2026-02-23,9
HCP,Centro 5,In-person,2026-02-23,9
SOC,Centro 4,In-person,2026-02-23,9
TUR,Centro 2,Hybrid,2026-02-23,9
SST,Centro 1,Online,2026-02-23,8
CYB,Centro 5,In-person,2026-02-23,7
GER,Centro 3,Hybrid,2026-02-23,7
INF,Centro 3,Hybrid,2026-02-23,7
INF,Centro 5,In-person,2026-02-23,7
SEG,Centro 2,Hybrid,2026-02-23,7
EXC,Centro 1,Hybrid,2026-02-23,6
FOR,Centro 4,Hybrid,2026-02-23,6
INF,Centro 4,In-person,2026-02-23,6
LOG,Centro 2,Hybrid,2026-02-23,6
SEG,Centro 3,Hybrid,2026-02-23,6
VND,Centro 3,Online,2026-02-23,5
CYB,Centro 2,Hybrid,2026-02-23,4
EXC,Centro 4,Hybrid,2026-02-23,4
HOT,Centro 4,In-person,2026-02-23,4
LID,Centro 4,Hybrid,2026-02-23,4
SOC,Centro 2,In-person,2026-02-23,4
VND,Centro 4,Hybrid,2026-02-23,4
FOR,Centro 2,Hybrid,2026-02-23,3
GER,Centro 4,In-person,2026-02-23,3
GER,Centro 5,In-person,2026-02-23,3
HOT,Centro 2,Hybrid,2026-02-23,3
INF,Centro 2,In-person,2026-02-23,3
LID,Centro 2,In-person,2026-02-23,3
LOG,Centro 3,Hybrid,2026-02-23,3
MNT,Centro 2,In-person,2026-02-23,3
PYT,Centro 1,Online,2026-03-02,166
CYB,Centro 3,Online,2026-03-02,107
PBI,Centro 5,Online,2026-03-02,96
PYT,Centro 2,Online,2026-03-02,94
SEG,Centro 5,In-person,2026-03-02,92
PRI,Centro 3,In-person,2026-03-02,91
LID,Centro 2,Online,2026-03-02,90
HAC,Centro 1,Hybrid,2026-03-02,79
EXC,Centro 5,Hybrid,2026-03-02,76
SCI,Centro 5,In-person,2026-03-02,74
GER,Centro 1,In-person,2026-03-02,70
HAC,Centro 5,Online,2026-03-02,70
LOG,Centro 5,Hybrid,2026-03-02,70
SCI,Centro 4,Hybrid,2026-03-02,68
EXC,Centro 4,Online,2026-03-02,66
CYB,Centro 5,Online,2026-03-02,65
MNT,Centro 2,In-person,2026-03-02,65
SST,Centro 4,In-person,2026-03-02,63
SST,Centro 3,In-person,2026-03-02,62
GES,Centro 4,Online,2026-03-02,61
EMP,Centro 5,In-person,2026-03-02,59
LID,Centro 4,In-person,2026-03-02,59
PYT,Centro 5,Online,2026-03-02,58
LID,Centro 5,Hybrid,2026-03-02,56
CYB,Centro 1,Hybrid,2026-03-02,53
HAC,Centro 1,In-person,2026-03-02,53
MNT,Centro 5,In-person,2026-03-02,52
EXC,Centro 4,Hybrid,2026-03-02,51
FOR,Centro 3,Hybrid,2026-03-02,51
PBI,Centro 2,Online,2026-03-02,50
SST,Centro 1,Hybrid,2026-03-02,50
FOR,Centro 2,Hybrid,2026-03-02,49
GER,Centro 1,Hybrid,2026-03-02,49
GES,Centro 4,Hybrid,2026-03-02,49
GER,Centro 5,In-person,2026-03-02,48
PRO,Centro 2,Online,2026-03-02,48
HCP,Centro 1,In-person,2026-03-02,47
ING,Centro 3,Hybrid,2026-03-02,47
PYT,Centro 2,Hybrid,2026-03-02,46
VND,Centro 2,Online,2026-03-02,46
GES,Centro 1,Hybrid,2026-03-02,45
ING,Centro 5,Hybrid,2026-03-02,43
SCI,Centro 5,Hybrid,2026-03-02,43
PBI,Centro 2,Hybrid,2026-03-02,42
SOC,Centro 2,Hybrid,2026-03-02,42
LID,Centro 5,Online,2026-03-02,41
PRO,Centro 5,In-person,2026-03-02,40
VND,Centro 4,In-person,2026-03-02,40
LOG,Centro 5,In-person,2026-03-02,39
SST,Centro 2,Online,2026-03-02,39
TUR,Centro 3,Hybrid,2026-03-02,39
SST,Centro 4,Hybrid,2026-03-02,38
GER,Centro 5,Hybrid,2026-03-02,37
PRI,Centro 1,In-person,2026-03-02,37
SST,Centro 5,In-person,2026-03-02,37
LID,Centro 1,Hybrid,2026-03-02,34
PRI,Centro 2,In-person,2026-03-02,32
LID,Centro 4,Hybrid,2026-03-02,31
PBI,Centro 1,Online,2026-03-02,31
SEG,Centro 2,In-person,2026-03-02,31
SST,Centro 1,In-person,2026-03-02,30
VND,Centro 3,In-person,2026-03-02,30
EXC,Centro 3,Hybrid,2026-03-02,29
EXC,Centro 5,In-person,2026-03-02,29
HOT,Centro 4,In-person,2026-03-02,29
LID,Centro 3,Hybrid,2026-03-02,28
SEG,Centro 4,Hybrid,2026-03-02,28
EXC,Centro 2,Online,2026-03-02,27
INF,Centro 1,Hybrid,2026-03-02,27
SOC,Centro 1,Hybrid,2026-03-02,27
SST,Centro 5,Hybrid,2026-03-02,26
PRO,Centro 3,In-person,2026-03-02,24
EXC,Centro 1,Hybrid,2026-03-02,23
GER,Centro 4,In-person,2026-03-02,23
HAC,Centro 2,Hybrid,2026-03-02,22
FOR,Centro 4,In-person,2026-03-02,21
GER,Centro 2,In-person,2026-03-02,21
MNT,Centro 1,In-person,2026-03-02,21
TUR,Centro 2,Hybrid,2026-03-02,21
PBI,Centro 5,In-person,2026-03-02,20
SEG,Centro 3,Hybrid,2026-03-02,20
SOC,Centro 5,In-person,2026-03-02,20
TUR,Centro 4,In-person,2026-03-02,20
LOG,Centro 1,Hybrid,2026-03-02,18
MNT,Centro 4,In-person,2026-03-02,18
VND,Centro 2,In-person,2026-03-02,18
EXC,Centro 5,Online,2026-03-02,17
PRO,Centro 2,In-person,2026-03-02,17
PYT,Centro 4,In-person,2026-03-02,17
FOR,Centro 1,Hybrid,2026-03-02,16
HOT,Centro 2,In-person,2026-03-02,16
PRO,Centro 5,Hybrid,2026-03-02,16
SCI,Centro 1,In-person,2026-03-02,16
SOC,Centro 2,In-person,2026-03-02,16
EMP,Centro 3,In-person,2026-03-02,15
LID,Centro 3,In-person,2026-03-02,15
HCP,Centro 5,In-person,2026-03-02,14
PYT,Centro 4,Hybrid,2026-03-02,13
SEG,Centro 2,Hybrid,2026-03-02,13
SST,Centro 5,Online,2026-03-02,13
HCP,Centro 5,Hybrid,2026-03-02,12
LOG,Centro 2,In-person,2026-03-02,12
EMP,Centro 1,In-person,2026-03-02,11
HCP,Centro 1,Hybrid,2026-03-02,11
HOT,Centro 1,In-person,2026-03-02,10
PBI,Centro 4,Online,2026-03-02,10
PRI,Centro 4,In-person,2026-03-02,10
SCI,Centro 1,Hybrid,2026-03-02,10
SST,Centro 3,Hybrid,2026-03-02,10
CYB,Centro 3,Hybrid,2026-03-02,9
HOT,Centro 1,Hybrid,2026-03-02,9
PRI,Centro 2,Hybrid,2026-03-02,9
PYT,Centro 3,Online,2026-03-02,9
CYB,Centro 5,Hybrid,2026-03-02,8
HCP,Centro 4,In-person,2026-03-02,8
ING,Centro 3,Online,2026-03-02,8
SEG,Centro 4,In-person,2026-03-02,8
GES,Centro 5,Online,2026-03-02,7
LOG,Centro 1,In-person,2026-03-02,7
TUR,Centro 5,In-person,2026-03-02,7
FOR,Centro 4,Online,2026-03-02,6
SEG,Centro 5,Online,2026-03-02,6
CYB,Centro 2,Online,2026-03-02,5
CYB,Centro 3,In-person,2026-03-02,5
GES,Centro 2,Hybrid,2026-03-02,5
CYB,Centro 4,Hybrid,2026-03-02,4
CYB,Centro 4,In-person,2026-03-02,4
HCP,Centro 2,Hybrid,2026-03-02,4
HOT,Centro 5,Hybrid,2026-03-02,4
LID,Centro 2,In-person,2026-03-02,4
PBI,Centro 3,Online,2026-03-02,4
SOC,Centro 3,In-person,2026-03-02,4
VND,Centro 2,Hybrid,2026-03-02,4
FOR,Centro 4,Hybrid,2026-03-02,3
HAC,Centro 2,In-person,2026-03-02,3
HCP,Centro 3,Hybrid,2026-03-02,3
HCP,Centro 2,In-person,2026-03-02,3
HOT,Centro 2,Hybrid,2026-03-02,3
INF,Centro 3,In-person,2026-03-02,3
PBI,Centro 1,Hybrid,2026-03-02,3
PBI,Centro 4,Hybrid,2026-03-02,3
TUR,Centro 4,Hybrid,2026-03-02,3
GER,Centro 3,Hybrid,2026-03-02,1
PBI,Centro 2,Hybrid,2026-03-09,161
MNT,Centro 3,In-person,2026-03-09,118
CYB,Centro 1,Online,2026-03-09,115
PBI,Centro 4,Online,2026-03-09,98
PYT,Centro 5,Hybrid,2026-03-09,97
LID,Centro 5,Hybrid,2026-03-09,95
VND,Centro 5,Online,2026-03-09,90
VND,Centro 2,In-person,2026-03-09,89
GER,Centro 3,In-person,2026-03-09,86
PYT,Centro 5,Online,2026-03-09,86
SST,Centro 5,Online,2026-03-09,86
HCP,Centro 2,Hybrid,2026-03-09,83
SST,Centro 2,Online,2026-03-09,82
MNT,Centro 2,In-person,2026-03-09,77
VND,Centro 1,Online,2026-03-09,77
PRO,Centro 5,Hybrid,2026-03-09,73
CYB,Centro 4,In-person,2026-03-09,72
SEG,Centro 1,Hybrid,2026-03-09,71
ING,Centro 4,Hybrid,2026-03-09,70
PYT,Centro 3,Online,2026-03-09,70
INF,Centro 3,In-person,2026-03-09,69
FOR,Centro 2,Online,2026-03-09,68
LID,Centro 2,In-person,2026-03-09,68
FOR,Centro 5,Online,2026-03-09,67
CYB,Centro 4,Hybrid,2026-03-09,65
FOR,Centro 1,Online,2026-03-09,65
PYT,Centro 1,Hybrid,2026-03-09,63
SOC,Centro 5,In-person,2026-03-09,63
SCI,Centro 3,In-person,2026-03-09,62
PBI,Centro 1,Online,2026-03-09,61
SST,Centro 5,Hybrid,2026-03-09,61
SST,Centro 1,In-person,2026-03-09,61
HCP,Centro 5,Hybrid,2026-03-09,58
SOC,Centro 4,Hybrid,2026-03-09,58
PBI,Centro 2,Online,2026-03-09,55
PBI,Centro 1,In-person,2026-03-09,55
GER,Centro 2,In-person,2026-03-09,54
HOT,Centro 2,In-person,2026-03-09,54
CYB,Centro 3,Online,2026-03-09,53
TUR,Centro 5,Hybrid,2026-03-09,53
HAC,Centro 5,In-person,2026-03-09,52
PBI,Centro 1,Hybrid,2026-03-09,52
CYB,Centro 5,Online,2026-03-09,50
GES,Centro 1,Online,2026-03-09,50
PRI,Centro 4,In-person,2026-03-09,49
PRO,Centro 3,Hybrid,2026-03-09,49
SST,Centro 2,Hybrid,2026-03-09,49
SOC,Centro 3,Hybrid,2026-03-09,48
GER,Centro 1,Hybrid,2026-03-09,47
GER,Centro 4,In-person,2026-03-09,47
PRO,Centro 1,Online,2026-03-09,47
HCP,Centro 5,In-person,2026-03-09,46
INF,Centro 1,In-person,2026-03-09,45
PYT,Centro 3,In-person,2026-03-09,44
GES,Centro 4,Hybrid,2026-03-09,43
SEG,Centro 3,Online,2026-03-09,43
EMP,Centro 1,In-person,2026-03-09,42
LID,Centro 4,In-person,2026-03-09,42
EXC,Centro 5,Hybrid,2026-03-09,41
PRI,Centro 1,Hybrid,2026-03-09,40
SCI,Centro 4,In-person,2026-03-09,40
SOC,Centro 1,In-person,2026-03-09,40
HOT,Centro 1,In-person,2026-03-09,39
PBI,Centro 3,Online,2026-03-09,39
GES,Centro 5,Online,2026-03-09,38
GES,Centro 5,Hybrid,2026-03-09,38
PBI,Centro 3,Hybrid,2026-03-09,38
TUR,Centro 2,In-person,2026-03-09,38
LOG,Centro 1,Hybrid,2026-03-09,36
SCI,Centro 5,Hybrid,2026-03-09,36
ING,Centro 2,Hybrid,2026-03-09,32
SCI,Centro 1,In-person,2026-03-09,31
EXC,Centro 1,Hybrid,2026-03-09,30
FOR,Centro 4,Online,2026-03-09,30
PRI,Centro 5,In-person,2026-03-09,29
LOG,Centro 3,In-person,2026-03-09,28
TUR,Centro 2,Hybrid,2026-03-09,28
HOT,Centro 3,In-person,2026-03-09,26
SOC,Centro 2,In-person,2026-03-09,26
ING,Centro 5,Hybrid,2026-03-09,25
MNT,Centro 1,In-person,2026-03-09,24
FOR,Centro 2,Hybrid,2026-03-09,22
GES,Centro 4,Online,2026-03-09,21
GES,Centro 1,In-person,2026-03-09,21
MNT,Centro 5,In-person,2026-03-09,21
PYT,Centro 2,Online,2026-03-09,21
PYT,Centro 3,Hybrid,2026-03-09,21
SEG,Centro 5,Hybrid,2026-03-09,21
LID,Centro 1,Hybrid,2026-03-09,20
SEG,Centro 5,Online,2026-03-09,20
EXC,Centro 2,In-person,2026-03-09,19
FOR,Centro 4,In-person,2026-03-09,19
GER,Centro 1,In-person,2026-03-09,19
PYT,Centro 4,Hybrid,2026-03-09,19
CYB,Centro 3,In-person,2026-03-09,18
HCP,Centro 1,In-person,2026-03-09,18
SEG,Centro 5,In-person,2026-03-09,17
INF,Centro 3,Hybrid,2026-03-09,15
SST,Centro 4,In-person,2026-03-09,15
CYB,Centro 2,Online,2026-03-09,14
HAC,Centro 5,Online,2026-03-09,14
PRO,Centro 2,Online,2026-03-09,14
EMP,Centro 5,In-person,2026-03-09,13
GER,Centro 4,Hybrid,2026-03-09,13
MNT,Centro 4,In-person,2026-03-09,13
PRI,Centro 2,In-person,2026-03-09,13
HAC,Centro 4,In-person,2026-03-09,12
ING,Centro 3,Hybrid,2026-03-09,12
CYB,Centro 5,In-person,2026-03-09,11
PRI,Centro 4,Hybrid,2026-03-09,11
EMP,Centro 4,In-person,2026-03-09,10
HAC,Centro 2,Online,2026-03-09,10
HOT,Centro 1,Hybrid,2026-03-09,10
SCI,Centro 4,Hybrid,2026-03-09,10
EXC,Centro 2,Online,2026-03-09,9
EXC,Centro 4,Online,2026-03-09,9
PRI,Centro 1,In-person,2026-03-09,9
SEG,Centro 1,In-person,2026-03-09,9
CYB,Centro 1,Hybrid,2026-03-09,8
GER,Centro 2,Hybrid,2026-03-09,8
EMP,Centro 3,In-person,2026-03-09,7
INF,Centro 2,In-person,2026-03-09,7
PYT,Centro 4,In-person,2026-03-09,7
SST,Centro 3,In-person,2026-03-09,7
VND,Centro 4,In-person,2026-03-09,7
LID,Centro 2,Hybrid,2026-03-09,6
LID,Centro 4,Hybrid,2026-03-09,6
LOG,Centro 1,In-person,2026-03-09,6
PRI,Centro 3,In-person,2026-03-09,6
CYB,Centro 1,In-person,2026-03-09,5
FOR,Centro 3,In-person,2026-03-09,5
GES,Centro 1,Hybrid,2026-03-09,5
LID,Centro 3,In-person,2026-03-09,5
LID,Centro 5,In-person,2026-03-09,5
PYT,Centro 1,Online,2026-03-09,5
SOC,Centro 1,Hybrid,2026-03-09,5
CYB,Centro 3,Hybrid,2026-03-09,4
EXC,Centro 3,In-person,2026-03-09,4
HCP,Centro 1,Hybrid,2026-03-09,4
LID,Centro 2,Online,2026-03-09,4
LOG,Centro 4,In-person,2026-03-09,4
PYT,Centro 4,Online,2026-03-09,4
PYT,Centro 1,In-person,2026-03-09,4
GER,Centro 3,Hybrid,2026-03-09,3
GER,Centro 5,Hybrid,2026-03-09,3
HAC,Centro 2,Hybrid,2026-03-09,3
HCP,Centro 3,In-person,2026-03-09,3
HCP,Centro 4,In-person,2026-03-09,3
SST,Centro 1,Hybrid,2026-03-09,3
TUR,Centro 3,Hybrid,2026-03-09,3
TUR,Centro 1,In-person,2026-03-09,3
TUR,Centro 5,In-person,2026-03-09,3
VND,Centro 1,In-person,2026-03-09,3
PBI,Centro 3,Online,2026-03-16,210
SCI,Centro 1,In-person,2026-03-16,156
SST,Centro 5,Hybrid,2026-03-16,147
FOR,Centro 1,Online,2026-03-16,121
TUR,Centro 3,Hybrid,2026-03-16,117
PYT,Centro 2,Online,2026-03-16,116
MNT,Centro 5,In-person,2026-03-16,111
GES,Centro 4,Hybrid,2026-03-16,101
HCP,Centro 5,Hybrid,2026-03-16,95
CYB,Centro 3,Hybrid,2026-03-16,88
PRI,Centro 1,In-person,2026-03-16,86
LID,Centro 2,Hybrid,2026-03-16,85
HAC,Centro 2,In-person,2026-03-16,84
PRI,Centro 3,In-person,2026-03-16,80
CYB,Centro 1,Hybrid,2026-03-16,76
SST,Centro 1,Online,2026-03-16,73
SEG,Centro 5,Hybrid,2026-03-16,70
CYB,Centro 4,Hybrid,2026-03-16,69
SST,Centro 2,Hybrid,2026-03-16,68
HAC,Centro 5,In-person,2026-03-16,67
MNT,Centro 4,In-person,2026-03-16,65
GES,Centro 5,Online,2026-03-16,58
CYB,Centro 5,Online,2026-03-16,57
VND,Centro 2,Hybrid,2026-03-16,57
GES,Centro 1,In-person,2026-03-16,56
EMP,Centro 1,In-person,2026-03-16,55
ING,Centro 2,Online,2026-03-16,54
SEG,Centro 4,Hybrid,2026-03-16,54
EXC,Centro 5,Online,2026-03-16,53
LID,Centro 2,In-person,2026-03-16,52
EMP,Centro 4,In-person,2026-03-16,51
LOG,Centro 1,Hybrid,2026-03-16,51
LOG,Centro 3,Hybrid,2026-03-16,51
SEG,Centro 1,In-person,2026-03-16,51
EXC,Centro 2,In-person,2026-03-16,50
PYT,Centro 4,Hybrid,2026-03-16,49
FOR,Centro 4,Online,2026-03-16,48
LOG,Centro 4,In-person,2026-03-16,48
GES,Centro 1,Online,2026-03-16,47
CYB,Centro 5,Hybrid,2026-03-16,44
EXC,Centro 4,Online,2026-03-16,43
PRO,Centro 1,In-person,2026-03-16,43
SOC,Centro 2,Hybrid,2026-03-16,43
HOT,Centro 2,In-person,2026-03-16,42
HAC,Centro 2,Hybrid,2026-03-16,40
PBI,Centro 1,Hybrid,2026-03-16,40
HOT,Centro 1,In-person,2026-03-16,39
PBI,Centro 2,Hybrid,2026-03-16,38
SEG,Centro 5,Online,2026-03-16,37
INF,Centro 1,In-person,2026-03-16,36
SST,Centro 4,Online,2026-03-16,36
SCI,Centro 1,Hybrid,2026-03-16,34
EXC,Centro 4,Hybrid,2026-03-16,33
CYB,Centro 1,Online,2026-03-16,32
GES,Centro 1,Hybrid,2026-03-16,32
GER,Centro 5,Hybrid,2026-03-16,30
HCP,Centro 3,Hybrid,2026-03-16,30
INF,Centro 3,In-person,2026-03-16,30
FOR,Centro 3,Hybrid,2026-03-16,29
PRI,Centro 5,In-person,2026-03-16,28
PYT,Centro 1,Hybrid,2026-03-16,28
VND,Centro 5,Hybrid,2026-03-16,28
PBI,Centro 5,In-person,2026-03-16,27
SEG,Centro 3,Hybrid,2026-03-16,27
GER,Centro 1,Hybrid,2026-03-16,25
PRO,Centro 2,Online,2026-03-16,25
SEG,Centro 2,In-person,2026-03-16,25
SEG,Centro 2,Hybrid,2026-03-16,24
HAC,Centro 3,Hybrid,2026-03-16,23
HCP,Centro 5,In-person,2026-03-16,23
LOG,Centro 3,In-person,2026-03-16,23
SST,Centro 3,Hybrid,2026-03-16,23
EXC,Centro 1,Hybrid,2026-03-16,22
PBI,Centro 4,Online,2026-03-16,22
PRI,Centro 1,Hybrid,2026-03-16,21
EXC,Centro 1,Online,2026-03-16,20
FOR,Centro 5,Hybrid,2026-03-16,20
HAC,Centro 3,In-person,2026-03-16,20
HCP,Centro 2,In-person,2026-03-16,20
PRI,Centro 2,Hybrid,2026-03-16,20
SST,Centro 4,In-person,2026-03-16,20
EMP,Centro 3,In-person,2026-03-16,19
EXC,Centro 5,Hybrid,2026-03-16,19
LID,Centro 1,Hybrid,2026-03-16,19
PYT,Centro 3,In-person,2026-03-16,19
SST,Centro 1,In-person,2026-03-16,19
TUR,Centro 3,In-person,2026-03-16,19
VND,Centro 4,In-person,2026-03-16,19
GER,Centro 5,In-person,2026-03-16,18
SST,Centro 4,Hybrid,2026-03-16,18
FOR,Centro 3,In-person,2026-03-16,17
LID,Centro 3,In-person,2026-03-16,17
MNT,Centro 1,In-person,2026-03-16,17
HOT,Centro 4,Hybrid,2026-03-16,15
GER,Centro 3,In-person,2026-03-16,14
GER,Centro 4,In-person,2026-03-16,14
SCI,Centro 3,In-person,2026-03-16,14
GER,Centro 4,Hybrid,2026-03-16,13
LID,Centro 5,Hybrid,2026-03-16,13
PBI,Centro 2,Online,2026-03-16,13
HAC,Centro 4,In-person,2026-03-16,12
PRO,Centro 3,Online,2026-03-16,12
PRO,Centro 5,Hybrid,2026-03-16,12
FOR,Centro 3,Online,2026-03-16,11
HAC,Centro 1,In-person,2026-03-16,11
HCP,Centro 1,In-person,2026-03-16,11
CYB,Centro 1,In-person,2026-03-16,10
CYB,Centro 2,In-person,2026-03-16,10
HOT,Centro 1,Hybrid,2026-03-16,10
INF,Centro 2,Hybrid,2026-03-16,10
ING,Centro 3,Hybrid,2026-03-16,10
LID,Centro 3,Hybrid,2026-03-16,10
CYB,Centro 2,Hybrid,2026-03-16,9
GER,Centro 2,In-person,2026-03-16,9
INF,Centro 4,In-person,2026-03-16,9
MNT,Centro 3,In-person,2026-03-16,8
PRO,Centro 5,In-person,2026-03-16,8
SCI,Centro 5,In-person,2026-03-16,8
SOC,Centro 1,In-person,2026-03-16,8
EMP,Centro 5,In-person,2026-03-16,7
HOT,Centro 5,Hybrid,2026-03-16,7
ING,Centro 4,Online,2026-03-16,7
PYT,Centro 5,Hybrid,2026-03-16,7
SST,Centro 5,Online,2026-03-16,7
SST,Centro 3,In-person,2026-03-16,7
VND,Centro 4,Hybrid,2026-03-16,7
LOG,Centro 5,In-person,2026-03-16,6
SST,Centro 5,In-person,2026-03-16,6
TUR,Centro 4,In-person,2026-03-16,6
CYB,Centro 4,In-person,2026-03-16,5
FOR,Centro 1,Hybrid,2026-03-16,5
ING,Centro 3,Online,2026-03-16,5
PRO,Centro 5,Online,2026-03-16,5
INF,Centro 2,In-person,2026-03-16,4
LID,Centro 2,Online,2026-03-16,4
PBI,Centro 3,Hybrid,2026-03-16,4
PYT,Centro 1,In-person,2026-03-16,4
PYT,Centro 4,In-person,2026-03-16,4
SCI,Centro 5,Hybrid,2026-03-16,4
SOC,Centro 4,Hybrid,2026-03-16,4
VND,Centro 2,In-person,2026-03-16,4
GER,Centro 3,Hybrid,2026-03-16,3
HCP,Centro 1,Hybrid,2026-03-16,3
HCP,Centro 2,Hybrid,2026-03-16,3
LID,Centro 4,Hybrid,2026-03-16,3
MNT,Centro 2,In-person,2026-03-16,3
TUR,Centro 2,Hybrid,2026-03-16,3
TUR,Centro 5,Hybrid,2026-03-16,3
MNT,Centro 3,In-person,2026-03-23,148
PBI,Centro 3,Online,2026-03-23,148
VND,Centro 4,Hybrid,2026-03-23,137
SCI,Centro 1,In-person,2026-03-23,118
PYT,Centro 2,Online,2026-03-23,112
EMP,Centro 1,In-person,2026-03-23,107
LID,Centro 4,Hybrid,2026-03-23,106
CYB,Centro 2,Online,2026-03-23,104
MNT,Centro 2,In-person,2026-03-23,103
PYT,Centro 3,Hybrid,2026-03-23,93
SST,Centro 4,In-person,2026-03-23,93
CYB,Centro 1,Hybrid,2026-03-23,92
GER,Centro 5,In-person,2026-03-23,89
LID,Centro 2,Online,2026-03-23,88
MNT,Centro 1,In-person,2026-03-23,83
PYT,Centro 5,Online,2026-03-23,83
PYT,Centro 1,Hybrid,2026-03-23,80
EXC,Centro 4,Hybrid,2026-03-23,77
ING,Centro 4,Online,2026-03-23,76
PRI,Centro 3,Hybrid,2026-03-23,73
PRO,Centro 2,Hybrid,2026-03-23,73
PRO,Centro 5,Hybrid,2026-03-23,72
GES,Centro 5,In-person,2026-03-23,69
CYB,Centro 3,Hybrid,2026-03-23,67
GER,Centro 1,In-person,2026-03-23,65
SST,Centro 5,Hybrid,2026-03-23,65
FOR,Centro 3,Online,2026-03-23,64
PBI,Centro 4,Online,2026-03-23,64
SST,Centro 5,In-person,2026-03-23,62
VND,Centro 5,Hybrid,2026-03-23,61
FOR,Centro 2,Hybrid,2026-03-23,59
FOR,Centro 3,In-person,2026-03-23,59
LOG,Centro 3,In-person,2026-03-23,58
HOT,Centro 5,Hybrid,2026-03-23,56
EXC,Centro 2,Online,2026-03-23,55
PBI,Centro 2,Online,2026-03-23,54
GES,Centro 2,In-person,2026-03-23,53
PRI,Centro 4,Hybrid,2026-03-23,53
FOR,Centro 4,Online,2026-03-23,50
PBI,Centro 2,Hybrid,2026-03-23,50
SOC,Centro 1,In-person,2026-03-23,50
TUR,Centro 5,In-person,2026-03-23,50
ING,Centro 1,Hybrid,2026-03-23,49
CYB,Centro 4,In-person,2026-03-23,48
LID,Centro 5,Hybrid,2026-03-23,48
INF,Centro 5,In-person,2026-03-23,46
PRO,Centro 2,Online,2026-03-23,46
HOT,Centro 3,Hybrid,2026-03-23,45
GER,Centro 5,Hybrid,2026-03-23,43
SEG,Centro 1,Online,2026-03-23,43
CYB,Centro 4,Online,2026-03-23,42
GER,Centro 2,In-person,2026-03-23,42
ING,Centro 2,Hybrid,2026-03-23,42
PBI,Centro 1,Hybrid,2026-03-23,42
EMP,Centro 5,In-person,2026-03-23,41
HCP,Centro 1,Hybrid,2026-03-23,41
PBI,Centro 3,Hybrid,2026-03-23,41
GER,Centro 3,In-person,2026-03-23,40
PRI,Centro 1,In-person,2026-03-23,39
SEG,Centro 5,Hybrid,2026-03-23,38
INF,Centro 2,In-person,2026-03-23,36
ING,Centro 2,In-person,2026-03-23,36
INF,Centro 2,Hybrid,2026-03-23,35
PYT,Centro 1,Online,2026-03-23,34
TUR,Centro 4,Hybrid,2026-03-23,34
HAC,Centro 2,In-person,2026-03-23,33
HCP,Centro 5,In-person,2026-03-23,33
HCP,Centro 5,Hybrid,2026-03-23,32
MNT,Centro 5,In-person,2026-03-23,32
GER,Centro 4,In-person,2026-03-23,31
PYT,Centro 1,In-person,2026-03-23,31
SEG,Centro 1,In-person,2026-03-23,29
LID,Centro 1,Online,2026-03-23,28
PRO,Centro 1,Hybrid,2026-03-23,28
SST,Centro 1,In-person,2026-03-23,28
VND,Centro 4,In-person,2026-03-23,28
INF,Centro 1,In-person,2026-03-23,27
PRI,Centro 1,Hybrid,2026-03-23,27
PYT,Centro 3,In-person,2026-03-23,27
HOT,Centro 2,In-person,2026-03-23,26
PRO,Centro 3,Hybrid,2026-03-23,25
FOR,Centro 2,Online,2026-03-23,24
PYT,Centro 3,Online,2026-03-23,24
SCI,Centro 1,Hybrid,2026-03-23,24
LID,Centro 3,Hybrid,2026-03-23,23
EXC,Centro 1,Hybrid,2026-03-23,22
PBI,Centro 1,Online,2026-03-23,22
GES,Centro 5,Hybrid,2026-03-23,21
HAC,Centro 5,Hybrid,2026-03-23,21
LID,Centro 2,Hybrid,2026-03-23,21
LOG,Centro 4,In-person,2026-03-23,21
HAC,Centro 5,In-person,2026-03-23,20
HCP,Centro 3,Hybrid,2026-03-23,20
PBI,Centro 5,In-person,2026-03-23,20
PRI,Centro 3,In-person,2026-03-23,20
SST,Centro 3,Hybrid,2026-03-23,20
VND,Centro 3,Online,2026-03-23,20
GER,Centro 1,Hybrid,2026-03-23,19
FOR,Centro 1,Online,2026-03-23,17
HCP,Centro 1,In-person,2026-03-23,17
INF,Centro 1,Hybrid,2026-03-23,17
LOG,Centro 3,Hybrid,2026-03-23,17
SCI,Centro 4,In-person,2026-03-23,17
HAC,Centro 4,In-person,2026-03-23,16
PYT,Centro 2,In-person,2026-03-23,16
CYB,Centro 5,Hybrid,2026-03-23,15
EXC,Centro 5,Hybrid,2026-03-23,15
SOC,Centro 4,Hybrid,2026-03-23,15
PBI,Centro 5,Hybrid,2026-03-23,14
SEG,Centro 2,Hybrid,2026-03-23,14
HOT,Centro 4,Hybrid,2026-03-23,13
LOG,Centro 1,In-person,2026-03-23,13
MNT,Centro 4,In-person,2026-03-23,13
EXC,Centro 2,Hybrid,2026-03-23,12
FOR,Centro 3,Hybrid,2026-03-23,12
SST,Centro 5,Online,2026-03-23,12
SEG,Centro 5,In-person,2026-03-23,11
SST,Centro 4,Hybrid,2026-03-23,11
CYB,Centro 2,Hybrid,2026-03-23,10
HCP,Centro 2,Hybrid,2026-03-23,9
HOT,Centro 1,In-person,2026-03-23,9
INF,Centro 3,Hybrid,2026-03-23,9
SEG,Centro 3,Online,2026-03-23,9
GES,Centro 1,In-person,2026-03-23,8
HAC,Centro 1,In-person,2026-03-23,8
EXC,Centro 3,Hybrid,2026-03-23,7
HAC,Centro 1,Hybrid,2026-03-23,7
HAC,Centro 3,In-person,2026-03-23,7
HOT,Centro 3,In-person,2026-03-23,7
HCP,Centro 2,In-person,2026-03-23,6
LID,Centro 2,In-person,2026-03-23,6
SST,Centro 1,Online,2026-03-23,6
VND,Centro 4,Online,2026-03-23,6
VND,Centro 2,Hybrid,2026-03-23,6
FOR,Centro 1,Hybrid,2026-03-23,5
CYB,Centro 1,Online,2026-03-23,4
EMP,Centro 4,In-person,2026-03-23,4
EXC,Centro 4,Online,2026-03-23,4
GER,Centro 2,Hybrid,2026-03-23,4
GES,Centro 5,Online,2026-03-23,4
ING,Centro 5,Online,2026-03-23,4
LOG,Centro 1,Hybrid,2026-03-23,4
PRI,Centro 2,In-person,2026-03-23,4
PRO,Centro 5,Online,2026-03-23,4
PYT,Centro 5,Hybrid,2026-03-23,4
SST,Centro 2,Hybrid,2026-03-23,4
TUR,Centro 4,In-person,2026-03-23,4
EMP,Centro 3,In-person,2026-03-23,3
LOG,Centro 5,Hybrid,2026-03-23,3
PBI,Centro 4,Hybrid,2026-03-23,3
SOC,Centro 2,In-person,2026-03-23,1
CYB,Centro 3,Online,2026-03-30,166
LID,Centro 3,Hybrid,2026-03-30,121
CYB,Centro 1,Online,2026-03-30,114
PBI,Centro 2,Online,2026-03-30,111
PYT,Centro 1,Online,2026-03-30,91
SCI,Centro 3,In-person,2026-03-30,91
HCP,Centro 1,In-person,2026-03-30,88
LOG,Centro 1,In-person,2026-03-30,88
SEG,Centro 1,Hybrid,2026-03-30,83
VND,Centro 4,In-person,2026-03-30,81
PRI,Centro 3,In-person,2026-03-30,79
PYT,Centro 3,Online,2026-03-30,76
GER,Centro 4,In-person,2026-03-30,75
PYT,Centro 3,In-person,2026-03-30,75
GER,Centro 3,In-person,2026-03-30,74
TUR,Centro 1,In-person,2026-03-30,74
SCI,Centro 5,Hybrid,2026-03-30,73
FOR,Centro 1,Hybrid,2026-03-30,70
VND,Centro 4,Hybrid,2026-03-30,67
EXC,Centro 1,Online,2026-03-30,66
FOR,Centro 5,Hybrid,2026-03-30,66
EMP,Centro 4,In-person,2026-03-30,65
SST,Centro 1,Online,2026-03-30,65
GER,Centro 1,In-person,2026-03-30,64
LID,Centro 1,Online,2026-03-30,64
EMP,Centro 5,In-person,2026-03-30,63
CYB,Centro 5,Hybrid,2026-03-30,62
PYT,Centro 4,Hybrid,2026-03-30,62
SST,Centro 3,In-person,2026-03-30,62
CYB,Centro 4,In-person,2026-03-30,60
LOG,Centro 1,Hybrid,2026-03-30,60
SOC,Centro 2,Hybrid,2026-03-30,60
HOT,Centro 5,In-person,2026-03-30,59
PRO,Centro 3,Hybrid,2026-03-30,59
HCP,Centro 3,Hybrid,2026-03-30,58
ING,Centro 4,Hybrid,2026-03-30,58
HOT,Centro 1,In-person,2026-03-30,57
HAC,Centro 5,In-person,2026-03-30,56
SST,Centro 1,Hybrid,2026-03-30,56
LOG,Centro 3,Hybrid,2026-03-30,55
SEG,Centro 3,Online,2026-03-30,55
GES,Centro 3,Online,2026-03-30,54
GES,Centro 4,In-person,2026-03-30,54
LOG,Centro 3,In-person,2026-03-30,54
PBI,Centro 4,Online,2026-03-30,51
SOC,Centro 1,In-person,2026-03-30,50
EXC,Centro 4,Online,2026-03-30,49
ING,Centro 3,Hybrid,2026-03-30,49
HOT,Centro 1,Hybrid,2026-03-30,48
SEG,Centro 1,In-person,2026-03-30,48
HAC,Centro 3,Hybrid,2026-03-30,47
PYT,Centro 1,In-person,2026-03-30,47
MNT,Centro 4,In-person,2026-03-30,46
PYT,Centro 5,Hybrid,2026-03-30,45
SST,Centro 5,Hybrid,2026-03-30,45
HAC,Centro 1,Hybrid,2026-03-30,44
PBI,Centro 1,Hybrid,2026-03-30,44
SST,Centro 4,Online,2026-03-30,44
PBI,Centro 3,Hybrid,2026-03-30,42
SEG,Centro 5,Hybrid,2026-03-30,42
INF,Centro 2,In-person,2026-03-30,41
SST,Centro 5,In-person,2026-03-30,41
TUR,Centro 2,In-person,2026-03-30,41
PRI,Centro 1,Hybrid,2026-03-30,39
PRI,Centro 4,In-person,2026-03-30,39
PYT,Centro 2,Online,2026-03-30,39
HAC,Centro 5,Hybrid,2026-03-30,38
HOT,Centro 2,In-person,2026-03-30,38
HCP,Centro 5,Hybrid,2026-03-30,37
HAC,Centro 3,In-person,2026-03-30,36
HOT,Centro 4,In-person,2026-03-30,35
EMP,Centro 1,In-person,2026-03-30,34
MNT,Centro 1,In-person,2026-03-30,33
PRI,Centro 2,Hybrid,2026-03-30,33
EMP,Centro 3,In-person,2026-03-30,32
HAC,Centro 4,Hybrid,2026-03-30,32
LID,Centro 2,In-person,2026-03-30,32
HAC,Centro 1,In-person,2026-03-30,31
HAC,Centro 4,In-person,2026-03-30,31
MNT,Centro 3,In-person,2026-03-30,31
SST,Centro 3,Hybrid,2026-03-30,31
VND,Centro 5,Hybrid,2026-03-30,30
CYB,Centro 5,In-person,2026-03-30,29
MNT,Centro 2,In-person,2026-03-30,27
VND,Centro 4,Online,2026-03-30,27
CYB,Centro 2,Hybrid,2026-03-30,26
FOR,Centro 5,Online,2026-03-30,26
INF,Centro 1,Hybrid,2026-03-30,26
PYT,Centro 2,In-person,2026-03-30,26
SEG,Centro 4,Hybrid,2026-03-30,26
SOC,Centro 3,In-person,2026-03-30,26
TUR,Centro 4,Hybrid,2026-03-30,26
GER,Centro 2,In-person,2026-03-30,24
SCI,Centro 1,In-person,2026-03-30,24
HCP,Centro 3,In-person,2026-03-30,23
GES,Centro 1,In-person,2026-03-30,22
VND,Centro 2,Online,2026-03-30,22
EXC,Centro 1,Hybrid,2026-03-30,21
GER,Centro 1,Hybrid,2026-03-30,21
GES,Centro 5,Online,2026-03-30,21
ING,Centro 2,Hybrid,2026-03-30,21
LID,Centro 5,Hybrid,2026-03-30,21
PRO,Centro 4,In-person,2026-03-30,21
VND,Centro 3,In-person,2026-03-30,21
HCP,Centro 5,In-person,2026-03-30,20
LOG,Centro 4,In-person,2026-03-30,20
PBI,Centro 2,Hybrid,2026-03-30,20
GES,Centro 2,In-person,2026-03-30,19
PBI,Centro 1,Online,2026-03-30,19
PRI,Centro 3,Hybrid,2026-03-30,18
PRO,Centro 3,Online,2026-03-30,18
SST,Centro 4,In-person,2026-03-30,18
EXC,Centro 4,Hybrid,2026-03-30,17
GES,Centro 4,Online,2026-03-30,16
INF,Centro 5,In-person,2026-03-30,16
SST,Centro 2,In-person,2026-03-30,16
TUR,Centro 5,Hybrid,2026-03-30,16
CYB,Centro 4,Hybrid,2026-03-30,13
FOR,Centro 2,Hybrid,2026-03-30,13
PYT,Centro 4,In-person,2026-03-30,13
SOC,Centro 3,Hybrid,2026-03-30,13
EXC,Centro 2,In-person,2026-03-30,12
HOT,Centro 3,Hybrid,2026-03-30,12
LID,Centro 4,Online,2026-03-30,12
PYT,Centro 3,Hybrid,2026-03-30,12
SCI,Centro 1,Hybrid,2026-03-30,12
HOT,Centro 4,Hybrid,2026-03-30,11
PRI,Centro 4,Hybrid,2026-03-30,11
CYB,Centro 1,Hybrid,2026-03-30,10
INF,Centro 3,Hybrid,2026-03-30,10
PBI,Centro 5,Hybrid,2026-03-30,10
PRO,Centro 4,Hybrid,2026-03-30,10
SOC,Centro 2,In-person,2026-03-30,10
SST,Centro 1,In-person,2026-03-30,10
VND,Centro 1,Online,2026-03-30,10
HCP,Centro 2,Hybrid,2026-03-30,9
ING,Centro 4,Online,2026-03-30,9
VND,Centro 5,Online,2026-03-30,8
ING,Centro 1,Hybrid,2026-03-30,7
LOG,Centro 5,In-person,2026-03-30,7
PRI,Centro 1,In-person,2026-03-30,7
PYT,Centro 1,Hybrid,2026-03-30,7
SEG,Centro 2,Hybrid,2026-03-30,7
SST,Centro 2,Hybrid,2026-03-30,7
GER,Centro 4,Hybrid,2026-03-30,6
HOT,Centro 3,In-person,2026-03-30,6
SEG,Centro 5,Online,2026-03-30,6
GES,Centro 4,Hybrid,2026-03-30,5
MNT,Centro 5,In-person,2026-03-30,5
PBI,Centro 3,Online,2026-03-30,5
PRI,Centro 2,In-person,2026-03-30,5
PRO,Centro 4,Online,2026-03-30,5
CYB,Centro 2,Online,2026-03-30,4
EXC,Centro 5,Online,2026-03-30,4
FOR,Centro 3,In-person,2026-03-30,4
GER,Centro 5,In-person,2026-03-30,4
HAC,Centro 2,In-person,2026-03-30,4
PRO,Centro 5,Online,2026-03-30,4
PRO,Centro 2,In-person,2026-03-30,4
TUR,Centro 2,Hybrid,2026-03-30,4
EXC,Centro 2,Hybrid,2026-03-30,3
GER,Centro 2,Hybrid,2026-03-30,3
HCP,Centro 2,In-person,2026-03-30,3
PBI,Centro 4,Hybrid,2026-03-30,3
SCI,Centro 4,Hybrid,2026-03-30,3
SCI,Centro 2,In-person,2026-03-30,3
TUR,Centro 5,In-person,2026-03-30,3
GER,Centro 3,In-person,2026-04-06,133
EMP,Centro 3,In-person,2026-04-06,115
SST,Centro 3,Hybrid,2026-04-06,114
HCP,Centro 5,In-person,2026-04-06,109
PRI,Centro 3,In-person,2026-04-06,107
CYB,Centro 4,Online,2026-04-06,99
CYB,Centro 3,Hybrid,2026-04-06,97
SST,Centro 1,Hybrid,2026-04-06,93
CYB,Centro 1,Hybrid,2026-04-06,91
PYT,Centro 3,Hybrid,2026-04-06,87
FOR,Centro 5,Online,2026-04-06,84
FOR,Centro 2,Hybrid,2026-04-06,84
PRO,Centro 1,Hybrid,2026-04-06,84
SEG,Centro 5,In-person,2026-04-06,84
SCI,Centro 5,Hybrid,2026-04-06,83
GER,Centro 5,In-person,2026-04-06,78
PRI,Centro 4,Hybrid,2026-04-06,78
HCP,Centro 2,Hybrid,2026-04-06,76
HOT,Centro 2,In-person,2026-04-06,76
CYB,Centro 3,In-person,2026-04-06,73
PBI,Centro 3,Hybrid,2026-04-06,72
LOG,Centro 1,Hybrid,2026-04-06,68
PBI,Centro 1,Online,2026-04-06,68
PRO,Centro 5,Hybrid,2026-04-06,68
SST,Centro 1,Online,2026-04-06,68
GER,Centro 1,Hybrid,2026-04-06,66
INF,Centro 1,In-person,2026-04-06,66
LOG,Centro 3,Hybrid,2026-04-06,64
FOR,Centro 4,Hybrid,2026-04-06,60
LID,Centro 2,Hybrid,2026-04-06,60
EMP,Centro 1,In-person,2026-04-06,57
EMP,Centro 2,In-person,2026-04-06,57
PRO,Centro 4,In-person,2026-04-06,57
SST,Centro 2,In-person,2026-04-06,56
CYB,Centro 2,Hybrid,2026-04-06,55
EMP,Centro 4,In-person,2026-04-06,55
ING,Centro 5,Hybrid,2026-04-06,55
INF,Centro 2,Hybrid,2026-04-06,53
ING,Centro 3,In-person,2026-04-06,53
HOT,Centro 2,Hybrid,2026-04-06,52
INF,Centro 4,Hybrid,2026-04-06,52
SCI,Centro 3,In-person,2026-04-06,52
TUR,Centro 4,In-person,2026-04-06,52
LOG,Centro 1,In-person,2026-04-06,51
SCI,Centro 5,In-person,2026-04-06,51
CYB,Centro 3,Online,2026-04-06,50
GES,Centro 4,Online,2026-04-06,50
CYB,Centro 4,In-person,2026-04-06,49
INF,Centro 3,In-person,2026-04-06,48
PRO,Centro 3,Hybrid,2026-04-06,48
EXC,Centro 2,Hybrid,2026-04-06,47
GES,Centro 2,Online,2026-04-06,47
PRI,Centro 1,In-person,2026-04-06,47
SST,Centro 1,In-person,2026-04-06,46
VND,Centro 2,Online,2026-04-06,46
PYT,Centro 2,Hybrid,2026-04-06,45
SST,Centro 2,Online,2026-04-06,45
HCP,Centro 4,Hybrid,2026-04-06,44
VND,Centro 2,In-person,2026-04-06,44
HCP,Centro 1,Hybrid,2026-04-06,43
PRO,Centro 2,Hybrid,2026-04-06,43
PYT,Centro 2,Online,2026-04-06,43
PRI,Centro 2,In-person,2026-04-06,42
SEG,Centro 1,Hybrid,2026-04-06,42
INF,Centro 3,Hybrid,2026-04-06,39
SEG,Centro 1,In-person,2026-04-06,39
MNT,Centro 3,In-person,2026-04-06,38
MNT,Centro 5,In-person,2026-04-06,38
VND,Centro 4,Online,2026-04-06,37
VND,Centro 1,In-person,2026-04-06,37
LOG,Centro 4,In-person,2026-04-06,36
PRO,Centro 4,Online,2026-04-06,36
PRO,Centro 2,In-person,2026-04-06,36
EXC,Centro 3,Hybrid,2026-04-06,35
SEG,Centro 5,Hybrid,2026-04-06,33
SCI,Centro 1,Hybrid,2026-04-06,32
GES,Centro 3,Online,2026-04-06,31
GES,Centro 5,In-person,2026-04-06,31
HAC,Centro 2,Hybrid,2026-04-06,30
CYB,Centro 5,Hybrid,2026-04-06,29
TUR,Centro 3,In-person,2026-04-06,29
PBI,Centro 1,Hybrid,2026-04-06,27
ING,Centro 4,Hybrid,2026-04-06,26
HAC,Centro 1,In-person,2026-04-06,25
CYB,Centro 4,Hybrid,2026-04-06,24
LID,Centro 3,In-person,2026-04-06,24
PBI,Centro 4,Online,2026-04-06,24
INF,Centro 4,In-person,2026-04-06,23
SEG,Centro 2,In-person,2026-04-06,23
CYB,Centro 5,In-person,2026-04-06,22
EXC,Centro 2,In-person,2026-04-06,22
SCI,Centro 1,In-person,2026-04-06,22
SEG,Centro 2,Hybrid,2026-04-06,22
EXC,Centro 2,Online,2026-04-06,21
SEG,Centro 4,Online,2026-04-06,21
PBI,Centro 2,In-person,2026-04-06,20
GES,Centro 1,In-person,2026-04-06,19
PBI,Centro 5,Online,2026-04-06,19
TUR,Centro 5,In-person,2026-04-06,19
CYB,Centro 1,In-person,2026-04-06,18
HAC,Centro 3,Hybrid,2026-04-06,18
MNT,Centro 1,In-person,2026-04-06,18
PYT,Centro 5,Online,2026-04-06,18
GER,Centro 4,In-person,2026-04-06,17
LOG,Centro 5,In-person,2026-04-06,17
PBI,Centro 2,Online,2026-04-06,17
LOG,Centro 3,In-person,2026-04-06,16
SCI,Centro 2,In-person,2026-04-06,16
VND,Centro 4,In-person,2026-04-06,16
PYT,Centro 2,In-person,2026-04-06,15
CYB,Centro 1,Online,2026-04-06,14
FOR,Centro 3,In-person,2026-04-06,14
GES,Centro 3,In-person,2026-04-06,14
CYB,Centro 2,In-person,2026-04-06,13
EMP,Centro 5,In-person,2026-04-06,13
GER,Centro 1,In-person,2026-04-06,13
ING,Centro 2,Online,2026-04-06,13
PRI,Centro 3,Hybrid,2026-04-06,12
EXC,Centro 4,Hybrid,2026-04-06,11
HOT,Centro 4,In-person,2026-04-06,11
SOC,Centro 3,Hybrid,2026-04-06,11
VND,Centro 3,In-person,2026-04-06,11
EXC,Centro 3,Online,2026-04-06,10
PBI,Centro 4,Hybrid,2026-04-06,10
CYB,Centro 2,Online,2026-04-06,9
HCP,Centro 1,In-person,2026-04-06,9
HOT,Centro 3,Hybrid,2026-04-06,9
HOT,Centro 1,In-person,2026-04-06,9
LID,Centro 5,Hybrid,2026-04-06,9
LOG,Centro 2,In-person,2026-04-06,9
LID,Centro 3,Hybrid,2026-04-06,8
SEG,Centro 4,In-person,2026-04-06,8
SOC,Centro 1,In-person,2026-04-06,8
EXC,Centro 1,Hybrid,2026-04-06,7
EXC,Centro 3,In-person,2026-04-06,7
GER,Centro 5,Hybrid,2026-04-06,7
GES,Centro 1,Online,2026-04-06,7
HCP,Centro 4,In-person,2026-04-06,7
LID,Centro 1,Online,2026-04-06,7
LOG,Centro 5,Hybrid,2026-04-06,7
PBI,Centro 4,In-person,2026-04-06,7
SST,Centro 5,Hybrid,2026-04-06,7
HCP,Centro 5,Hybrid,2026-04-06,6
HOT,Centro 1,Hybrid,2026-04-06,6
HOT,Centro 3,In-person,2026-04-06,6
INF,Centro 5,Hybrid,2026-04-06,6
LID,Centro 4,Hybrid,2026-04-06,6
GES,Centro 5,Online,2026-04-06,5
ING,Centro 3,Hybrid,2026-04-06,5
PBI,Centro 3,Online,2026-04-06,5
GER,Centro 4,Hybrid,2026-04-06,4
HAC,Centro 4,In-person,2026-04-06,4
MNT,Centro 2,In-person,2026-04-06,4
PYT,Centro 4,Hybrid,2026-04-06,4
PYT,Centro 5,Hybrid,2026-04-06,4
PYT,Centro 3,In-person,2026-04-06,4
SEG,Centro 3,Online,2026-04-06,4
SOC,Centro 1,Hybrid,2026-04-06,4
TUR,Centro 2,Hybrid,2026-04-06,4
TUR,Centro 1,In-person,2026-04-06,4
TUR,Centro 2,In-person,2026-04-06,4
VND,Centro 4,Hybrid,2026-04-06,4
HAC,Centro 2,In-person,2026-04-06,3
HOT,Centro 5,Hybrid,2026-04-06,3
SST,Centro 3,In-person,2026-04-06,3
VND,Centro 1,Online,2026-04-06,3
CYB,Centro 1,Hybrid,2026-04-13,181
CYB,Centro 1,Online,2026-04-13,154
PRO,Centro 4,Online,2026-04-13,150
PBI,Centro 2,Online,2026-04-13,141
PRI,Centro 3,Hybrid,2026-04-13,130
LID,Centro 5,In-person,2026-04-13,127
PYT,Centro 2,Online,2026-04-13,126
CYB,Centro 4,Online,2026-04-13,118
GER,Centro 2,In-person,2026-04-13,110
FOR,Centro 5,Online,2026-04-13,105
HCP,Centro 3,Hybrid,2026-04-13,104
LOG,Centro 5,In-person,2026-04-13,102
PBI,Centro 2,In-person,2026-04-13,99
MNT,Centro 3,In-person,2026-04-13,94
HAC,Centro 5,Hybrid,2026-04-13,93
CYB,Centro 3,Online,2026-04-13,85
GER,Centro 5,In-person,2026-04-13,82
SEG,Centro 1,In-person,2026-04-13,81
MNT,Centro 1,In-person,2026-04-13,79
PRO,Centro 2,Hybrid,2026-04-13,76
EMP,Centro 1,In-person,2026-04-13,75
ING,Centro 5,Online,2026-04-13,74
LID,Centro 1,Online,2026-04-13,73
SEG,Centro 5,Hybrid,2026-04-13,68
CYB,Centro 5,Hybrid,2026-04-13,66
EXC,Centro 3,In-person,2026-04-13,63
LOG,Centro 5,Hybrid,2026-04-13,60
SST,Centro 2,Hybrid,2026-04-13,59
INF,Centro 3,Hybrid,2026-04-13,57
LOG,Centro 3,In-person,2026-04-13,57
PRO,Centro 4,In-person,2026-04-13,56
MNT,Centro 5,In-person,2026-04-13,55
PBI,Centro 5,Online,2026-04-13,53
PBI,Centro 4,Hybrid,2026-04-13,53
VND,Centro 5,Online,2026-04-13,53
ING,Centro 2,Online,2026-04-13,52
CYB,Centro 4,Hybrid,2026-04-13,50
LID,Centro 3,Hybrid,2026-04-13,49
EXC,Centro 4,Online,2026-04-13,48
INF,Centro 2,Hybrid,2026-04-13,48
SEG,Centro 3,Online,2026-04-13,48
SST,Centro 5,In-person,2026-04-13,48
SEG,Centro 2,Hybrid,2026-04-13,47
SST,Centro 4,Hybrid,2026-04-13,47
GER,Centro 4,Hybrid,2026-04-13,46
GES,Centro 1,Online,2026-04-13,44
PRI,Centro 3,In-person,2026-04-13,44
TUR,Centro 5,Hybrid,2026-04-13,43
SCI,Centro 2,In-person,2026-04-13,42
EMP,Centro 4,In-person,2026-04-13,41
ING,Centro 5,Hybrid,2026-04-13,41
PRI,Centro 4,Hybrid,2026-04-13,41
PYT,Centro 5,Online,2026-04-13,41
PYT,Centro 5,Hybrid,2026-04-13,40
FOR,Centro 5,Hybrid,2026-04-13,39
FOR,Centro 5,In-person,2026-04-13,39
PBI,Centro 1,Online,2026-04-13,38
PYT,Centro 4,Hybrid,2026-04-13,38
VND,Centro 2,Online,2026-04-13,38
PRI,Centro 1,In-person,2026-04-13,37
PRO,Centro 3,Hybrid,2026-04-13,36
HAC,Centro 2,Hybrid,2026-04-13,35
PRI,Centro 2,Hybrid,2026-04-13,35
PRO,Centro 5,Hybrid,2026-04-13,35
GES,Centro 2,In-person,2026-04-13,34
PYT,Centro 1,Online,2026-04-13,34
VND,Centro 5,Hybrid,2026-04-13,34
CYB,Centro 2,Online,2026-04-13,31
LID,Centro 2,Hybrid,2026-04-13,31
SEG,Centro 5,Online,2026-04-13,30
TUR,Centro 4,Hybrid,2026-04-13,30
HAC,Centro 4,Hybrid,2026-04-13,29
HOT,Centro 4,In-person,2026-04-13,29
PYT,Centro 1,Hybrid,2026-04-13,28
SST,Centro 3,Hybrid,2026-04-13,28
TUR,Centro 2,In-person,2026-04-13,28
INF,Centro 5,In-person,2026-04-13,27
MNT,Centro 2,In-person,2026-04-13,27
HAC,Centro 5,In-person,2026-04-13,26
PYT,Centro 2,In-person,2026-04-13,26
LOG,Centro 3,Hybrid,2026-04-13,25
VND,Centro 4,Online,2026-04-13,25
EXC,Centro 5,Online,2026-04-13,24
PYT,Centro 2,Hybrid,2026-04-13,24
SOC,Centro 5,In-person,2026-04-13,24
CYB,Centro 2,Hybrid,2026-04-13,23
LID,Centro 4,Hybrid,2026-04-13,23
FOR,Centro 4,Online,2026-04-13,22
GER,Centro 3,In-person,2026-04-13,22
HOT,Centro 5,Hybrid,2026-04-13,22
EMP,Centro 3,In-person,2026-04-13,21
FOR,Centro 3,In-person,2026-04-13,21
LOG,Centro 2,Hybrid,2026-04-13,21
PBI,Centro 1,Hybrid,2026-04-13,21
EXC,Centro 1,Hybrid,2026-04-13,20
GER,Centro 1,In-person,2026-04-13,20
HCP,Centro 1,In-person,2026-04-13,20
HCP,Centro 4,In-person,2026-04-13,20
SST,Centro 2,Online,2026-04-13,20
HCP,Centro 5,In-person,2026-04-13,19
LID,Centro 4,Online,2026-04-13,19
EXC,Centro 4,Hybrid,2026-04-13,18
GES,Centro 5,In-person,2026-04-13,18
HCP,Centro 4,Hybrid,2026-04-13,18
PYT,Centro 3,In-person,2026-04-13,18
SCI,Centro 1,Hybrid,2026-04-13,18
GER,Centro 5,Hybrid,2026-04-13,17
PRO,Centro 5,Online,2026-04-13,17
PRO,Centro 2,In-person,2026-04-13,17
SCI,Centro 3,In-person,2026-04-13,16
SEG,Centro 4,In-person,2026-04-13,16
GER,Centro 4,In-person,2026-04-13,15
GES,Centro 3,In-person,2026-04-13,15
INF,Centro 3,In-person,2026-04-13,15
SCI,Centro 5,In-person,2026-04-13,15
SST,Centro 5,Hybrid,2026-04-13,15
VND,Centro 4,Hybrid,2026-04-13,15
EXC,Centro 4,In-person,2026-04-13,14
HCP,Centro 2,Hybrid,2026-04-13,14
SEG,Centro 1,Hybrid,2026-04-13,14
SEG,Centro 4,Hybrid,2026-04-13,14
INF,Centro 1,Hybrid,2026-04-13,13
TUR,Centro 3,In-person,2026-04-13,13
CYB,Centro 4,In-person,2026-04-13,12
INF,Centro 5,Hybrid,2026-04-13,12
PYT,Centro 4,In-person,2026-04-13,12
PYT,Centro 1,In-person,2026-04-13,11
EXC,Centro 5,Hybrid,2026-04-13,10
HAC,Centro 1,In-person,2026-04-13,10
INF,Centro 1,In-person,2026-04-13,10
LID,Centro 1,Hybrid,2026-04-13,10
PBI,Centro 4,In-person,2026-04-13,10
VND,Centro 3,Online,2026-04-13,10
EXC,Centro 3,Online,2026-04-13,9
HAC,Centro 3,In-person,2026-04-13,9
LOG,Centro 1,In-person,2026-04-13,9
SEG,Centro 5,In-person,2026-04-13,9
GES,Centro 5,Online,2026-04-13,8
HAC,Centro 3,Hybrid,2026-04-13,8
LID,Centro 2,Online,2026-04-13,8
PBI,Centro 3,Online,2026-04-13,8
PBI,Centro 4,Online,2026-04-13,8
EMP,Centro 5,In-person,2026-04-13,7
EXC,Centro 2,In-person,2026-04-13,7
LOG,Centro 1,Hybrid,2026-04-13,7
EXC,Centro 2,Online,2026-04-13,6
HOT,Centro 3,Hybrid,2026-04-13,6
INF,Centro 4,Hybrid,2026-04-13,6
MNT,Centro 4,In-person,2026-04-13,6
PRO,Centro 4,Hybrid,2026-04-13,5
PYT,Centro 3,Online,2026-04-13,5
SOC,Centro 3,Hybrid,2026-04-13,5
FOR,Centro 1,In-person,2026-04-13,4
GER,Centro 1,Hybrid,2026-04-13,4
SCI,Centro 5,Hybrid,2026-04-13,4
SEG,Centro 2,In-person,2026-04-13,4
SST,Centro 2,In-person,2026-04-13,4
SST,Centro 3,In-person,2026-04-13,4
VND,Centro 1,In-person,2026-04-13,4
HCP,Centro 5,Hybrid,2026-04-13,3
HOT,Centro 5,In-person,2026-04-13,3
INF,Centro 2,In-person,2026-04-13,3
ING,Centro 4,Hybrid,2026-04-13,3
PRI,Centro 2,In-person,2026-04-13,3
PYT,Centro 1,Online,2026-04-20,242
GES,Centro 4,Online,2026-04-20,182
SCI,Centro 1,In-person,2026-04-20,139
LOG,Centro 1,Hybrid,2026-04-20,128
PBI,Centro 3,Hybrid,2026-04-20,127
CYB,Centro 4,Online,2026-04-20,125
CYB,Centro 3,Hybrid,2026-04-20,115
MNT,Centro 4,In-person,2026-04-20,113
VND,Centro 3,Online,2026-04-20,110
MNT,Centro 1,In-person,2026-04-20,94
PYT,Centro 2,Online,2026-04-20,94
PRO,Centro 3,Online,2026-04-20,88
HOT,Centro 4,In-person,2026-04-20,86
PYT,Centro 5,Online,2026-04-20,85
PYT,Centro 1,Hybrid,2026-04-20,85
SEG,Centro 5,In-person,2026-04-20,85
ING,Centro 3,Online,2026-04-20,83
SST,Centro 5,Hybrid,2026-04-20,83
TUR,Centro 5,Hybrid,2026-04-20,83
PRI,Centro 3,In-person,2026-04-20,80
TUR,Centro 5,In-person,2026-04-20,78
MNT,Centro 5,In-person,2026-04-20,72
SOC,Centro 2,In-person,2026-04-20,72
PBI,Centro 2,Online,2026-04-20,71
EXC,Centro 2,Online,2026-04-20,70
CYB,Centro 2,Hybrid,2026-04-20,67
CYB,Centro 4,Hybrid,2026-04-20,67
VND,Centro 2,Online,2026-04-20,67
VND,Centro 4,Online,2026-04-20,66
GES,Centro 1,In-person,2026-04-20,64
HOT,Centro 3,In-person,2026-04-20,60
GER,Centro 3,Hybrid,2026-04-20,59
GER,Centro 5,Hybrid,2026-04-20,59
PBI,Centro 5,Hybrid,2026-04-20,59
CYB,Centro 2,In-person,2026-04-20,57
LID,Centro 5,Hybrid,2026-04-20,57
TUR,Centro 1,In-person,2026-04-20,57
EXC,Centro 5,Hybrid,2026-04-20,53
LOG,Centro 5,In-person,2026-04-20,53
SEG,Centro 5,Hybrid,2026-04-20,52
PYT,Centro 5,Hybrid,2026-04-20,51
GER,Centro 3,In-person,2026-04-20,50
LID,Centro 3,Online,2026-04-20,49
FOR,Centro 3,In-person,2026-04-20,48
SEG,Centro 2,In-person,2026-04-20,47
LID,Centro 4,Hybrid,2026-04-20,46
GER,Centro 4,In-person,2026-04-20,45
SCI,Centro 3,In-person,2026-04-20,45
EXC,Centro 2,In-person,2026-04-20,44
TUR,Centro 4,In-person,2026-04-20,44
PBI,Centro 4,Online,2026-04-20,43
PBI,Centro 4,In-person,2026-04-20,43
TUR,Centro 2,Hybrid,2026-04-20,43
SST,Centro 1,In-person,2026-04-20,40
CYB,Centro 2,Online,2026-04-20,38
EMP,Centro 5,In-person,2026-04-20,38
HCP,Centro 3,Hybrid,2026-04-20,38
PYT,Centro 3,In-person,2026-04-20,38
SST,Centro 3,Hybrid,2026-04-20,37
PRO,Centro 2,In-person,2026-04-20,36
SOC,Centro 1,In-person,2026-04-20,36
EXC,Centro 4,Online,2026-04-20,35
PRO,Centro 3,Hybrid,2026-04-20,35
CYB,Centro 1,Online,2026-04-20,34
PRI,Centro 1,In-person,2026-04-20,34
SCI,Centro 2,In-person,2026-04-20,34
HOT,Centro 2,In-person,2026-04-20,33
SOC,Centro 3,In-person,2026-04-20,33
INF,Centro 2,In-person,2026-04-20,32
PBI,Centro 2,Hybrid,2026-04-20,31
SST,Centro 3,Online,2026-04-20,31
EMP,Centro 4,In-person,2026-04-20,30
GES,Centro 4,Hybrid,2026-04-20,30
INF,Centro 5,Hybrid,2026-04-20,30
EXC,Centro 4,In-person,2026-04-20,29
GER,Centro 1,In-person,2026-04-20,29
HOT,Centro 5,Hybrid,2026-04-20,28
LOG,Centro 3,In-person,2026-04-20,28
CYB,Centro 1,In-person,2026-04-20,27
SST,Centro 1,Hybrid,2026-04-20,27
GES,Centro 3,In-person,2026-04-20,26
INF,Centro 4,In-person,2026-04-20,26
SEG,Centro 4,In-person,2026-04-20,26
VND,Centro 5,Online,2026-04-20,26
INF,Centro 1,In-person,2026-04-20,25
MNT,Centro 2,In-person,2026-04-20,24
SCI,Centro 5,Hybrid,2026-04-20,24
HCP,Centro 2,In-person,2026-04-20,23
PRI,Centro 5,Hybrid,2026-04-20,23
SST,Centro 2,In-person,2026-04-20,23
EXC,Centro 1,Online,2026-04-20,22
LOG,Centro 2,In-person,2026-04-20,21
PRO,Centro 2,Online,2026-04-20,21
INF,Centro 5,In-person,2026-04-20,20
SEG,Centro 3,Online,2026-04-20,19
SEG,Centro 5,Online,2026-04-20,19
EXC,Centro 1,In-person,2026-04-20,18
EXC,Centro 3,In-person,2026-04-20,18
LOG,Centro 4,In-person,2026-04-20,18
HAC,Centro 3,Hybrid,2026-04-20,17
LID,Centro 3,Hybrid,2026-04-20,17
HCP,Centro 3,In-person,2026-04-20,16
LID,Centro 1,Online,2026-04-20,16
FOR,Centro 3,Hybrid,2026-04-20,15
MNT,Centro 3,In-person,2026-04-20,15
PRI,Centro 3,Hybrid,2026-04-20,15
FOR,Centro 5,Hybrid,2026-04-20,14
HOT,Centro 3,Hybrid,2026-04-20,13
SST,Centro 2,Online,2026-04-20,13
SST,Centro 5,Online,2026-04-20,13
CYB,Centro 3,In-person,2026-04-20,12
CYB,Centro 4,In-person,2026-04-20,12
GES,Centro 5,In-person,2026-04-20,12
SST,Centro 4,In-person,2026-04-20,12
CYB,Centro 5,In-person,2026-04-20,11
ING,Centro 1,Hybrid,2026-04-20,11
LOG,Centro 5,Hybrid,2026-04-20,11
PYT,Centro 2,Hybrid,2026-04-20,11
SCI,Centro 3,Hybrid,2026-04-20,11
HCP,Centro 1,In-person,2026-04-20,10
PBI,Centro 3,In-person,2026-04-20,10
PYT,Centro 2,In-person,2026-04-20,10
SST,Centro 5,In-person,2026-04-20,10
EMP,Centro 3,In-person,2026-04-20,9
GER,Centro 4,Hybrid,2026-04-20,9
GER,Centro 2,In-person,2026-04-20,9
SCI,Centro 1,Hybrid,2026-04-20,9
GES,Centro 5,Online,2026-04-20,8
HAC,Centro 2,In-person,2026-04-20,8
HOT,Centro 2,Hybrid,2026-04-20,8
ING,Centro 3,Hybrid,2026-04-20,8
PBI,Centro 5,In-person,2026-04-20,8
PRI,Centro 2,In-person,2026-04-20,8
PRO,Centro 4,Online,2026-04-20,8
SOC,Centro 5,In-person,2026-04-20,8
EXC,Centro 4,Hybrid,2026-04-20,7
HAC,Centro 3,In-person,2026-04-20,7
ING,Centro 1,Online,2026-04-20,7
ING,Centro 5,Online,2026-04-20,7
TUR,Centro 4,Hybrid,2026-04-20,7
HAC,Centro 4,In-person,2026-04-20,6
HCP,Centro 2,Hybrid,2026-04-20,6
PBI,Centro 1,Online,2026-04-20,6
GES,Centro 3,Online,2026-04-20,5
GES,Centro 2,In-person,2026-04-20,5
PRO,Centro 3,In-person,2026-04-20,5
PRO,Centro 5,In-person,2026-04-20,5
HAC,Centro 1,In-person,2026-04-20,4
HCP,Centro 4,In-person,2026-04-20,4
LID,Centro 3,In-person,2026-04-20,4
LOG,Centro 1,In-person,2026-04-20,4
PBI,Centro 3,Online,2026-04-20,4
PBI,Centro 4,Hybrid,2026-04-20,4
SEG,Centro 2,Hybrid,2026-04-20,4
SEG,Centro 4,Hybrid,2026-04-20,4
FOR,Centro 4,Hybrid,2026-04-20,3
GER,Centro 1,Hybrid,2026-04-20,3
INF,Centro 3,In-person,2026-04-20,3
SST,Centro 1,Online,2026-04-20,3
LID,Centro 1,Hybrid,2026-04-20,2
LOG,Centro 5,In-person,2026-04-27,165
CYB,Centro 4,Online,2026-04-27,152
TUR,Centro 2,In-person,2026-04-27,134
CYB,Centro 3,Hybrid,2026-04-27,123
CYB,Centro 4,Hybrid,2026-04-27,111
GER,Centro 3,In-person,2026-04-27,106
HAC,Centro 5,Hybrid,2026-04-27,105
MNT,Centro 3,In-person,2026-04-27,103
HAC,Centro 1,In-person,2026-04-27,100
GER,Centro 4,Hybrid,2026-04-27,97
PBI,Centro 3,Online,2026-04-27,90
EMP,Centro 5,In-person,2026-04-27,89
FOR,Centro 5,In-person,2026-04-27,89
PBI,Centro 5,Hybrid,2026-04-27,89
GES,Centro 1,Online,2026-04-27,84
SEG,Centro 5,In-person,2026-04-27,84
PRO,Centro 3,In-person,2026-04-27,83
EXC,Centro 1,Hybrid,2026-04-27,82
LID,Centro 3,Online,2026-04-27,81
VND,Centro 4,Online,2026-04-27,80
ING,Centro 5,Online,2026-04-27,78
GES,Centro 3,Online,2026-04-27,75
CYB,Centro 4,In-person,2026-04-27,70
ING,Centro 2,Hybrid,2026-04-27,69
EXC,Centro 2,Hybrid,2026-04-27,67
SST,Centro 3,Online,2026-04-27,67
LOG,Centro 1,Hybrid,2026-04-27,66
PBI,Centro 2,Online,2026-04-27,65
TUR,Centro 5,In-person,2026-04-27,64
ING,Centro 4,Hybrid,2026-04-27,63
VND,Centro 2,Online,2026-04-27,63
FOR,Centro 5,Online,2026-04-27,61
SST,Centro 2,Online,2026-04-27,61
CYB,Centro 5,In-person,2026-04-27,60
LID,Centro 1,Hybrid,2026-04-27,60
SCI,Centro 1,Hybrid,2026-04-27,60
SCI,Centro 2,In-person,2026-04-27,60
HOT,Centro 1,Hybrid,2026-04-27,58
PRO,Centro 4,In-person,2026-04-27,56
EXC,Centro 3,Online,2026-04-27,54
PRO,Centro 2,Hybrid,2026-04-27,54
INF,Centro 3,Hybrid,2026-04-27,51
PRO,Centro 1,Online,2026-04-27,51
SST,Centro 5,In-person,2026-04-27,51
ING,Centro 2,Online,2026-04-27,48
PRI,Centro 3,In-person,2026-04-27,48
VND,Centro 1,In-person,2026-04-27,48
EXC,Centro 5,Online,2026-04-27,45
INF,Centro 4,Hybrid,2026-04-27,44
LOG,Centro 2,In-person,2026-04-27,44
HCP,Centro 3,In-person,2026-04-27,42
MNT,Centro 4,In-person,2026-04-27,42
PYT,Centro 2,Hybrid,2026-04-27,42
EXC,Centro 4,Online,2026-04-27,41
LID,Centro 3,Hybrid,2026-04-27,40
PRI,Centro 3,Hybrid,2026-04-27,40
SEG,Centro 4,In-person,2026-04-27,40
HCP,Centro 1,In-person,2026-04-27,39
SEG,Centro 5,Online,2026-04-27,38
SST,Centro 2,In-person,2026-04-27,37
GES,Centro 2,Hybrid,2026-04-27,36
GES,Centro 5,Hybrid,2026-04-27,36
GES,Centro 4,In-person,2026-04-27,36
PYT,Centro 3,Hybrid,2026-04-27,34
GES,Centro 4,Online,2026-04-27,33
PBI,Centro 4,Online,2026-04-27,32
VND,Centro 3,Online,2026-04-27,32
HCP,Centro 4,In-person,2026-04-27,31
LID,Centro 5,In-person,2026-04-27,31
GES,Centro 1,Hybrid,2026-04-27,29
MNT,Centro 1,In-person,2026-04-27,29
PRI,Centro 1,In-person,2026-04-27,29
PRO,Centro 5,Online,2026-04-27,29
PYT,Centro 2,In-person,2026-04-27,29
EXC,Centro 3,Hybrid,2026-04-27,28
TUR,Centro 3,In-person,2026-04-27,28
EMP,Centro 4,In-person,2026-04-27,27
LOG,Centro 5,Hybrid,2026-04-27,26
SCI,Centro 4,Hybrid,2026-04-27,26
VND,Centro 3,Hybrid,2026-04-27,26
GES,Centro 5,Online,2026-04-27,24
GES,Centro 3,In-person,2026-04-27,23
HCP,Centro 2,In-person,2026-04-27,23
PBI,Centro 2,In-person,2026-04-27,23
PYT,Centro 1,In-person,2026-04-27,23
EMP,Centro 1,In-person,2026-04-27,22
INF,Centro 1,In-person,2026-04-27,22
INF,Centro 3,In-person,2026-04-27,22
SEG,Centro 3,In-person,2026-04-27,22
LOG,Centro 3,Hybrid,2026-04-27,21
CYB,Centro 2,Hybrid,2026-04-27,20
CYB,Centro 3,In-person,2026-04-27,20
INF,Centro 2,In-person,2026-04-27,20
PYT,Centro 5,Online,2026-04-27,20
LID,Centro 4,Online,2026-04-27,19
CYB,Centro 1,Hybrid,2026-04-27,18
HOT,Centro 2,In-person,2026-04-27,18
GER,Centro 1,In-person,2026-04-27,17
HOT,Centro 1,In-person,2026-04-27,17
CYB,Centro 1,Online,2026-04-27,16
HAC,Centro 3,In-person,2026-04-27,16
PBI,Centro 1,Online,2026-04-27,16
SST,Centro 4,Hybrid,2026-04-27,16
EMP,Centro 2,In-person,2026-04-27,15
FOR,Centro 3,In-person,2026-04-27,15
SEG,Centro 4,Hybrid,2026-04-27,15
CYB,Centro 2,Online,2026-04-27,14
PYT,Centro 5,Hybrid,2026-04-27,14
FOR,Centro 1,In-person,2026-04-27,13
HOT,Centro 3,Hybrid,2026-04-27,13
HOT,Centro 5,Hybrid,2026-04-27,13
PBI,Centro 3,Hybrid,2026-04-27,13
PBI,Centro 4,Hybrid,2026-04-27,13
PRO,Centro 5,In-person,2026-04-27,13
SOC,Centro 3,In-person,2026-04-27,13
SST,Centro 5,Hybrid,2026-04-27,13
INF,Centro 5,In-person,2026-04-27,12
PBI,Centro 2,Hybrid,2026-04-27,12
SCI,Centro 1,In-person,2026-04-27,12
LID,Centro 3,In-person,2026-04-27,11
PBI,Centro 5,Online,2026-04-27,11
PYT,Centro 2,Online,2026-04-27,11
PYT,Centro 4,Online,2026-04-27,11
SOC,Centro 5,In-person,2026-04-27,11
SST,Centro 4,In-person,2026-04-27,11
GER,Centro 2,In-person,2026-04-27,10
ING,Centro 3,In-person,2026-04-27,10
LID,Centro 5,Online,2026-04-27,10
PBI,Centro 5,In-person,2026-04-27,10
PRO,Centro 2,Online,2026-04-27,10
FOR,Centro 4,Online,2026-04-27,9
HCP,Centro 4,Hybrid,2026-04-27,9
CYB,Centro 2,In-person,2026-04-27,8
ING,Centro 5,Hybrid,2026-04-27,8
EXC,Centro 2,In-person,2026-04-27,7
MNT,Centro 2,In-person,2026-04-27,7
PRI,Centro 1,Hybrid,2026-04-27,7
SEG,Centro 1,Hybrid,2026-04-27,7
GER,Centro 5,Hybrid,2026-04-27,6
HAC,Centro 2,Hybrid,2026-04-27,6
SCI,Centro 2,Hybrid,2026-04-27,6
VND,Centro 4,In-person,2026-04-27,6
GES,Centro 5,In-person,2026-04-27,5
MNT,Centro 5,In-person,2026-04-27,5
PYT,Centro 4,Hybrid,2026-04-27,5
VND,Centro 5,Hybrid,2026-04-27,5
EXC,Centro 2,Online,2026-04-27,4
GER,Centro 4,In-person,2026-04-27,4
GES,Centro 1,In-person,2026-04-27,4
GES,Centro 2,In-person,2026-04-27,4
HAC,Centro 5,In-person,2026-04-27,4
HCP,Centro 2,Hybrid,2026-04-27,4
PRI,Centro 2,In-person,2026-04-27,4
PRO,Centro 3,Hybrid,2026-04-27,4
SCI,Centro 5,Hybrid,2026-04-27,4
SEG,Centro 2,In-person,2026-04-27,4
EXC,Centro 1,Online,2026-04-27,3
HCP,Centro 3,Hybrid,2026-04-27,3
HCP,Centro 5,In-person,2026-04-27,3
INF,Centro 5,Hybrid,2026-04-27,3
LID,Centro 4,Hybrid,2026-04-27,3
LOG,Centro 1,In-person,2026-04-27,3
SEG,Centro 1,In-person,2026-04-27,3
TUR,Centro 4,In-person,2026-04-27,3
PYT,Centro 2,Hybrid,2026-05-04,191
SCI,Centro 1,Hybrid,2026-05-04,142
HOT,Centro 5,Hybrid,2026-05-04,130
EXC,Centro 4,Online,2026-05-04,126
PBI,Centro 2,Hybrid,2026-05-04,113
GES,Centro 1,In-person,2026-05-04,112
CYB,Centro 4,Online,2026-05-04,98
PBI,Centro 3,Online,2026-05-04,93
LID,Centro 3,Hybrid,2026-05-04,89
CYB,Centro 3,Online,2026-05-04,84
PBI,Centro 4,Hybrid,2026-05-04,81
INF,Centro 1,In-person,2026-05-04,77
ING,Centro 1,Online,2026-05-04,73
SST,Centro 3,Online,2026-05-04,73
ING,Centro 2,Online,2026-05-04,71
PRI,Centro 3,In-person,2026-05-04,70
EXC,Centro 1,Online,2026-05-04,69
PBI,Centro 5,Hybrid,2026-05-04,69
PYT,Centro 4,Online,2026-05-04,69
CYB,Centro 2,Online,2026-05-04,66
SST,Centro 5,Hybrid,2026-05-04,65
SST,Centro 4,In-person,2026-05-04,65
PRO,Centro 4,Hybrid,2026-05-04,62
FOR,Centro 2,Hybrid,2026-05-04,61
PBI,Centro 2,Online,2026-05-04,61
CYB,Centro 4,In-person,2026-05-04,60
GER,Centro 2,In-person,2026-05-04,60
SEG,Centro 4,In-person,2026-05-04,59
TUR,Centro 2,Hybrid,2026-05-04,58
SOC,Centro 1,Hybrid,2026-05-04,57
LOG,Centro 5,Hybrid,2026-05-04,55
HAC,Centro 5,In-person,2026-05-04,53
PRI,Centro 1,In-person,2026-05-04,52
SEG,Centro 2,In-person,2026-05-04,50
VND,Centro 1,In-person,2026-05-04,50
HAC,Centro 5,Hybrid,2026-05-04,48
HOT,Centro 4,Hybrid,2026-05-04,48
PYT,Centro 1,Online,2026-05-04,48
INF,Centro 3,Hybrid,2026-05-04,47
MNT,Centro 5,In-person,2026-05-04,45
SCI,Centro 3,Hybrid,2026-05-04,44
HCP,Centro 3,In-person,2026-05-04,42
LOG,Centro 1,In-person,2026-05-04,42
LOG,Centro 2,In-person,2026-05-04,42
MNT,Centro 3,In-person,2026-05-04,41
HOT,Centro 1,Hybrid,2026-05-04,40
SCI,Centro 1,In-person,2026-05-04,40
VND,Centro 2,In-person,2026-05-04,40
GES,Centro 2,In-person,2026-05-04,38
VND,Centro 4,In-person,2026-05-04,38
GER,Centro 5,Hybrid,2026-05-04,36
PBI,Centro 1,Online,2026-05-04,36
PRO,Centro 2,Hybrid,2026-05-04,36
PRI,Centro 1,Hybrid,2026-05-04,35
GES,Centro 5,Hybrid,2026-05-04,34
HCP,Centro 2,In-person,2026-05-04,34
PYT,Centro 1,In-person,2026-05-04,34
SCI,Centro 3,In-person,2026-05-04,34
GES,Centro 4,Online,2026-05-04,33
HAC,Centro 3,In-person,2026-05-04,33
EMP,Centro 5,In-person,2026-05-04,32
GER,Centro 3,In-person,2026-05-04,32
PBI,Centro 2,In-person,2026-05-04,32
CYB,Centro 1,In-person,2026-05-04,31
PBI,Centro 1,In-person,2026-05-04,31
FOR,Centro 4,In-person,2026-05-04,30
GES,Centro 1,Hybrid,2026-05-04,29
LID,Centro 1,Online,2026-05-04,29
TUR,Centro 5,In-person,2026-05-04,29
VND,Centro 2,Hybrid,2026-05-04,27
HAC,Centro 1,In-person,2026-05-04,26
MNT,Centro 1,In-person,2026-05-04,26
TUR,Centro 2,In-person,2026-05-04,26
HOT,Centro 5,In-person,2026-05-04,25
MNT,Centro 4,In-person,2026-05-04,25
TUR,Centro 4,Hybrid,2026-05-04,25
EXC,Centro 1,Hybrid,2026-05-04,24
GER,Centro 4,In-person,2026-05-04,24
LOG,Centro 3,In-person,2026-05-04,24
PYT,Centro 2,Online,2026-05-04,24
HOT,Centro 3,In-person,2026-05-04,23
ING,Centro 3,In-person,2026-05-04,23
PBI,Centro 4,In-person,2026-05-04,23
FOR,Centro 5,Hybrid,2026-05-04,22
GES,Centro 2,Online,2026-05-04,22
EXC,Centro 3,In-person,2026-05-04,21
LOG,Centro 5,In-person,2026-05-04,21
ING,Centro 5,Online,2026-05-04,20
FOR,Centro 3,Hybrid,2026-05-04,19
EXC,Centro 2,In-person,2026-05-04,18
SST,Centro 4,Hybrid,2026-05-04,18
HAC,Centro 2,In-person,2026-05-04,17
LID,Centro 2,Online,2026-05-04,17
VND,Centro 3,Online,2026-05-04,17
ING,Centro 2,Hybrid,2026-05-04,16
TUR,Centro 3,In-person,2026-05-04,16
CYB,Centro 2,In-person,2026-05-04,15
EMP,Centro 4,In-person,2026-05-04,15
EXC,Centro 2,Hybrid,2026-05-04,15
INF,Centro 3,In-person,2026-05-04,15
PRO,Centro 1,Online,2026-05-04,15
SOC,Centro 2,Hybrid,2026-05-04,15
SST,Centro 2,In-person,2026-05-04,15
TUR,Centro 1,In-person,2026-05-04,15
ING,Centro 1,Hybrid,2026-05-04,14
SST,Centro 5,In-person,2026-05-04,14
PBI,Centro 4,Online,2026-05-04,13
SST,Centro 3,Hybrid,2026-05-04,13
FOR,Centro 3,In-person,2026-05-04,11
LOG,Centro 1,Hybrid,2026-05-04,11
PYT,Centro 2,In-person,2026-05-04,10
GER,Centro 4,Hybrid,2026-05-04,9
PBI,Centro 1,Hybrid,2026-05-04,9
PRI,Centro 3,Hybrid,2026-05-04,9
EXC,Centro 4,Hybrid,2026-05-04,8
GES,Centro 3,In-person,2026-05-04,8
LID,Centro 3,In-person,2026-05-04,8
LID,Centro 5,In-person,2026-05-04,8
LOG,Centro 3,Hybrid,2026-05-04,8
PRO,Centro 3,In-person,2026-05-04,8
GER,Centro 3,Hybrid,2026-05-04,7
HOT,Centro 3,Hybrid,2026-05-04,7
INF,Centro 2,In-person,2026-05-04,7
ING,Centro 4,Hybrid,2026-05-04,7
LID,Centro 5,Hybrid,2026-05-04,7
PRO,Centro 2,In-person,2026-05-04,7
SEG,Centro 3,In-person,2026-05-04,7
VND,Centro 5,Hybrid,2026-05-04,7
EXC,Centro 3,Hybrid,2026-05-04,6
HCP,Centro 3,Hybrid,2026-05-04,6
HCP,Centro 4,Hybrid,2026-05-04,6
HCP,Centro 1,In-person,2026-05-04,6
HCP,Centro 4,In-person,2026-05-04,6
INF,Centro 5,In-person,2026-05-04,6
SEG,Centro 5,In-person,2026-05-04,6
CYB,Centro 1,Online,2026-05-04,5
FOR,Centro 3,Online,2026-05-04,5
CYB,Centro 2,Hybrid,2026-05-04,4
CYB,Centro 3,Hybrid,2026-05-04,4
GER,Centro 5,In-person,2026-05-04,4
GES,Centro 1,Online,2026-05-04,4
LID,Centro 1,Hybrid,2026-05-04,4
PRI,Centro 5,In-person,2026-05-04,4
PRO,Centro 2,Online,2026-05-04,4
PRO,Centro 3,Online,2026-05-04,4
PRO,Centro 5,In-person,2026-05-04,4
PYT,Centro 5,Hybrid,2026-05-04,4
PYT,Centro 3,In-person,2026-05-04,4
EMP,Centro 1,In-person,2026-05-04,3
EXC,Centro 2,Online,2026-05-04,3
HOT,Centro 2,In-person,2026-05-04,3
INF,Centro 5,Hybrid,2026-05-04,3
CYB,Centro 1,Online,2026-05-11,107
LID,Centro 2,Online,2026-05-11,102
VND,Centro 4,Online,2026-05-11,102
PRO,Centro 3,Online,2026-05-11,101
PRI,Centro 3,In-person,2026-05-11,99
MNT,Centro 2,In-person,2026-05-11,95
LOG,Centro 5,Hybrid,2026-05-11,93
CYB,Centro 4,Online,2026-05-11,88
FOR,Centro 3,Online,2026-05-11,85
EMP,Centro 1,In-person,2026-05-11,81
PBI,Centro 1,Hybrid,2026-05-11,80
PRO,Centro 2,In-person,2026-05-11,80
PRO,Centro 5,Online,2026-05-11,77
PBI,Centro 4,Hybrid,2026-05-11,75
GES,Centro 3,Online,2026-05-11,74
SST,Centro 5,Online,2026-05-11,74
PBI,Centro 3,Online,2026-05-11,72
FOR,Centro 2,Online,2026-05-11,71
LID,Centro 5,Online,2026-05-11,71
PYT,Centro 1,Hybrid,2026-05-11,68
VND,Centro 1,In-person,2026-05-11,68
CYB,Centro 4,Hybrid,2026-05-11,67
MNT,Centro 1,In-person,2026-05-11,66
PRI,Centro 2,In-person,2026-05-11,64
HAC,Centro 2,Hybrid,2026-05-11,63
CYB,Centro 3,Online,2026-05-11,61
CYB,Centro 4,In-person,2026-05-11,61
HAC,Centro 5,In-person,2026-05-11,61
PYT,Centro 5,Hybrid,2026-05-11,60
HOT,Centro 1,In-person,2026-05-11,59
SEG,Centro 3,In-person,2026-05-11,57
PRI,Centro 5,In-person,2026-05-11,56
PBI,Centro 2,Online,2026-05-11,53
HAC,Centro 3,In-person,2026-05-11,52
SEG,Centro 5,In-person,2026-05-11,52
SST,Centro 5,Hybrid,2026-05-11,52
CYB,Centro 2,In-person,2026-05-11,50
INF,Centro 5,Hybrid,2026-05-11,48
LID,Centro 5,Hybrid,2026-05-11,47
VND,Centro 5,Hybrid,2026-05-11,47
CYB,Centro 2,Online,2026-05-11,44
TUR,Centro 4,In-person,2026-05-11,43
VND,Centro 2,Hybrid,2026-05-11,41
FOR,Centro 4,Online,2026-05-11,39
HAC,Centro 3,Hybrid,2026-05-11,37
HAC,Centro 2,In-person,2026-05-11,36
HCP,Centro 1,Hybrid,2026-05-11,36
PBI,Centro 3,Hybrid,2026-05-11,35
SCI,Centro 5,Hybrid,2026-05-11,35
TUR,Centro 2,In-person,2026-05-11,33
EXC,Centro 4,Hybrid,2026-05-11,31
LOG,Centro 1,In-person,2026-05-11,31
EXC,Centro 2,Hybrid,2026-05-11,30
HOT,Centro 3,In-person,2026-05-11,30
SCI,Centro 3,In-person,2026-05-11,30
ING,Centro 2,Online,2026-05-11,29
PBI,Centro 2,Hybrid,2026-05-11,29
LID,Centro 2,In-person,2026-05-11,28
SST,Centro 4,Hybrid,2026-05-11,28
TUR,Centro 5,Hybrid,2026-05-11,28
GES,Centro 2,Online,2026-05-11,27
LID,Centro 4,Online,2026-05-11,27
FOR,Centro 2,Hybrid,2026-05-11,26
EMP,Centro 5,In-person,2026-05-11,24
PYT,Centro 2,Hybrid,2026-05-11,24
FOR,Centro 1,In-person,2026-05-11,23
ING,Centro 1,Hybrid,2026-05-11,23
PYT,Centro 1,Online,2026-05-11,23
MNT,Centro 4,In-person,2026-05-11,22
CYB,Centro 5,Hybrid,2026-05-11,21
MNT,Centro 5,In-person,2026-05-11,21
SST,Centro 5,In-person,2026-05-11,21
FOR,Centro 1,Online,2026-05-11,20
GER,Centro 2,In-person,2026-05-11,20
GER,Centro 3,In-person,2026-05-11,20
GER,Centro 5,In-person,2026-05-11,20
TUR,Centro 4,Hybrid,2026-05-11,20
ING,Centro 4,Hybrid,2026-05-11,19
PBI,Centro 2,In-person,2026-05-11,19
PRI,Centro 1,Hybrid,2026-05-11,19
SEG,Centro 3,Online,2026-05-11,19
SEG,Centro 2,In-person,2026-05-11,19
TUR,Centro 1,In-person,2026-05-11,19
SEG,Centro 5,Hybrid,2026-05-11,17
LID,Centro 3,Hybrid,2026-05-11,16
PRO,Centro 4,Hybrid,2026-05-11,16
SCI,Centro 3,Hybrid,2026-05-11,16
SOC,Centro 3,In-person,2026-05-11,16
SST,Centro 3,Online,2026-05-11,16
FOR,Centro 3,In-person,2026-05-11,15
HAC,Centro 2,Online,2026-05-11,15
PRI,Centro 4,Hybrid,2026-05-11,15
PRO,Centro 2,Hybrid,2026-05-11,14
HOT,Centro 4,Hybrid,2026-05-11,12
PBI,Centro 5,In-person,2026-05-11,12
PRI,Centro 1,In-person,2026-05-11,12
SCI,Centro 5,In-person,2026-05-11,12
EMP,Centro 2,In-person,2026-05-11,11
EXC,Centro 1,Hybrid,2026-05-11,11
GES,Centro 1,In-person,2026-05-11,11
HOT,Centro 2,In-person,2026-05-11,11
CYB,Centro 3,Hybrid,2026-05-11,10
CYB,Centro 1,In-person,2026-05-11,10
HAC,Centro 1,In-person,2026-05-11,10
PRI,Centro 3,Hybrid,2026-05-11,10
SCI,Centro 1,Hybrid,2026-05-11,10
SCI,Centro 2,Hybrid,2026-05-11,10
SCI,Centro 4,Hybrid,2026-05-11,10
PRO,Centro 2,Online,2026-05-11,9
PYT,Centro 3,Hybrid,2026-05-11,9
SEG,Centro 4,Hybrid,2026-05-11,9
TUR,Centro 2,Hybrid,2026-05-11,9
MNT,Centro 3,In-person,2026-05-11,8
PYT,Centro 4,Online,2026-05-11,8
SCI,Centro 1,In-person,2026-05-11,8
EMP,Centro 4,In-person,2026-05-11,7
EXC,Centro 2,Online,2026-05-11,7
EXC,Centro 3,Hybrid,2026-05-11,7
INF,Centro 3,Hybrid,2026-05-11,7
PRO,Centro 1,In-person,2026-05-11,7
TUR,Centro 3,In-person,2026-05-11,7
HCP,Centro 1,In-person,2026-05-11,6
INF,Centro 3,In-person,2026-05-11,6
SOC,Centro 2,In-person,2026-05-11,6
TUR,Centro 5,In-person,2026-05-11,6
CYB,Centro 3,In-person,2026-05-11,5
GES,Centro 2,Hybrid,2026-05-11,5
GES,Centro 4,In-person,2026-05-11,5
LID,Centro 3,In-person,2026-05-11,5
PBI,Centro 5,Online,2026-05-11,5
PBI,Centro 3,In-person,2026-05-11,5
GES,Centro 1,Hybrid,2026-05-11,4
GES,Centro 5,In-person,2026-05-11,4
INF,Centro 1,Hybrid,2026-05-11,4
LID,Centro 5,In-person,2026-05-11,4
HCP,Centro 3,In-person,2026-05-11,3
LOG,Centro 2,In-person,2026-05-11,3
LOG,Centro 5,In-person,2026-05-11,3
PRI,Centro 5,Hybrid,2026-05-11,3
SEG,Centro 5,Online,2026-05-11,3
VND,Centro 4,In-person,2026-05-11,3
GES,Centro 2,In-person,2026-05-11,1
ING,Centro 2,Online,2026-05-18,152
MNT,Centro 5,In-person,2026-05-18,133
GER,Centro 3,In-person,2026-05-18,103
CYB,Centro 2,Online,2026-05-18,99
LOG,Centro 5,Hybrid,2026-05-18,95
PBI,Centro 2,Online,2026-05-18,91
CYB,Centro 1,Online,2026-05-18,90
SCI,Centro 3,Hybrid,2026-05-18,90
MNT,Centro 2,In-person,2026-05-18,86
GES,Centro 5,Hybrid,2026-05-18,83
HCP,Centro 1,In-person,2026-05-18,83
HCP,Centro 4,In-person,2026-05-18,80
VND,Centro 2,Online,2026-05-18,77
EMP,Centro 1,In-person,2026-05-18,75
INF,Centro 4,In-person,2026-05-18,74
EXC,Centro 4,Online,2026-05-18,71
VND,Centro 3,Hybrid,2026-05-18,71
HOT,Centro 5,Hybrid,2026-05-18,70
LOG,Centro 4,In-person,2026-05-18,69
CYB,Centro 2,In-person,2026-05-18,68
LID,Centro 3,In-person,2026-05-18,65
SCI,Centro 5,Hybrid,2026-05-18,61
FOR,Centro 3,Hybrid,2026-05-18,58
SEG,Centro 2,In-person,2026-05-18,58
FOR,Centro 3,Online,2026-05-18,57
INF,Centro 5,In-person,2026-05-18,57
FOR,Centro 2,Online,2026-05-18,54
SST,Centro 4,Hybrid,2026-05-18,52
HCP,Centro 3,In-person,2026-05-18,51
PBI,Centro 4,Online,2026-05-18,48
HAC,Centro 2,Online,2026-05-18,47
CYB,Centro 2,Hybrid,2026-05-18,46
LOG,Centro 2,Hybrid,2026-05-18,46
PRO,Centro 1,In-person,2026-05-18,46
CYB,Centro 5,Hybrid,2026-05-18,45
CYB,Centro 3,In-person,2026-05-18,45
EMP,Centro 4,In-person,2026-05-18,45
EXC,Centro 4,Hybrid,2026-05-18,44
ING,Centro 4,Hybrid,2026-05-18,43
LOG,Centro 2,In-person,2026-05-18,43
MNT,Centro 1,In-person,2026-05-18,43
INF,Centro 3,Hybrid,2026-05-18,41
GES,Centro 3,Online,2026-05-18,39
EMP,Centro 2,In-person,2026-05-18,37
PRI,Centro 5,Hybrid,2026-05-18,37
PRI,Centro 1,In-person,2026-05-18,37
PYT,Centro 1,Hybrid,2026-05-18,34
SST,Centro 5,Hybrid,2026-05-18,33
GER,Centro 2,In-person,2026-05-18,32
LOG,Centro 1,In-person,2026-05-18,32
SST,Centro 1,Hybrid,2026-05-18,32
GES,Centro 4,Online,2026-05-18,31
LOG,Centro 3,In-person,2026-05-18,30
PRI,Centro 1,Hybrid,2026-05-18,30
GER,Centro 1,In-person,2026-05-18,29
PRI,Centro 3,Hybrid,2026-05-18,29
SCI,Centro 1,In-person,2026-05-18,29
HAC,Centro 3,In-person,2026-05-18,28
ING,Centro 5,Hybrid,2026-05-18,28
LID,Centro 3,Online,2026-05-18,28
TUR,Centro 1,Hybrid,2026-05-18,26
CYB,Centro 1,Hybrid,2026-05-18,25
PYT,Centro 2,Hybrid,2026-05-18,25
CYB,Centro 3,Hybrid,2026-05-18,23
GES,Centro 4,Hybrid,2026-05-18,23
LID,Centro 5,Hybrid,2026-05-18,23
HAC,Centro 1,In-person,2026-05-18,22
VND,Centro 4,Online,2026-05-18,22
FOR,Centro 4,Online,2026-05-18,21
LID,Centro 1,Hybrid,2026-05-18,20
SEG,Centro 4,Online,2026-05-18,18
SST,Centro 2,In-person,2026-05-18,18
HOT,Centro 1,In-person,2026-05-18,17
ING,Centro 1,Hybrid,2026-05-18,17
SOC,Centro 3,In-person,2026-05-18,17
CYB,Centro 4,Online,2026-05-18,16
INF,Centro 1,In-person,2026-05-18,16
PBI,Centro 4,Hybrid,2026-05-18,16
PYT,Centro 4,Hybrid,2026-05-18,16
EXC,Centro 2,Hybrid,2026-05-18,15
GES,Centro 1,Online,2026-05-18,15
PRO,Centro 5,In-person,2026-05-18,15
VND,Centro 1,In-person,2026-05-18,15
INF,Centro 2,In-person,2026-05-18,14
PRI,Centro 3,In-person,2026-05-18,14
PRO,Centro 2,In-person,2026-05-18,14
LID,Centro 2,Hybrid,2026-05-18,13
SCI,Centro 2,In-person,2026-05-18,13
SEG,Centro 5,In-person,2026-05-18,13
VND,Centro 4,In-person,2026-05-18,13
INF,Centro 1,Hybrid,2026-05-18,12
SEG,Centro 3,Online,2026-05-18,12
LID,Centro 5,In-person,2026-05-18,10
EXC,Centro 2,Online,2026-05-18,9
EXC,Centro 5,Hybrid,2026-05-18,9
PBI,Centro 1,Hybrid,2026-05-18,9
SCI,Centro 4,Hybrid,2026-05-18,9
TUR,Centro 4,In-person,2026-05-18,9
VND,Centro 4,Hybrid,2026-05-18,9
CYB,Centro 4,Hybrid,2026-05-18,8
PRI,Centro 2,Hybrid,2026-05-18,8
EXC,Centro 1,Online,2026-05-18,7
EXC,Centro 3,In-person,2026-05-18,7
FOR,Centro 5,Online,2026-05-18,7
GER,Centro 3,Hybrid,2026-05-18,7
INF,Centro 3,In-person,2026-05-18,7
PBI,Centro 4,In-person,2026-05-18,7
PRO,Centro 2,Hybrid,2026-05-18,7
SEG,Centro 5,Online,2026-05-18,7
HAC,Centro 2,In-person,2026-05-18,6
HOT,Centro 4,In-person,2026-05-18,6
PRI,Centro 4,Hybrid,2026-05-18,6
SEG,Centro 4,In-person,2026-05-18,6
SST,Centro 1,In-person,2026-05-18,6
MNT,Centro 3,In-person,2026-05-18,5
PYT,Centro 1,Online,2026-05-18,5
FOR,Centro 2,Hybrid,2026-05-18,4
HOT,Centro 3,Hybrid,2026-05-18,4
HOT,Centro 5,In-person,2026-05-18,4
ING,Centro 3,In-person,2026-05-18,4
PBI,Centro 5,Online,2026-05-18,4
SEG,Centro 1,In-person,2026-05-18,4
EXC,Centro 1,Hybrid,2026-05-18,3
FOR,Centro 4,Hybrid,2026-05-18,3
FOR,Centro 4,In-person,2026-05-18,3
SCI,Centro 1,Hybrid,2026-05-18,3
MNT,Centro 5,In-person,2026-05-25,163
FOR,Centro 3,Hybrid,2026-05-25,134
CYB,Centro 2,Online,2026-05-25,118
EXC,Centro 1,Online,2026-05-25,107
MNT,Centro 3,In-person,2026-05-25,107
PBI,Centro 2,Online,2026-05-25,104
CYB,Centro 3,Online,2026-05-25,99
PRI,Centro 5,Hybrid,2026-05-25,94
ING,Centro 2,Online,2026-05-25,88
CYB,Centro 1,Online,2026-05-25,82
GES,Centro 2,Hybrid,2026-05-25,80
PBI,Centro 5,Online,2026-05-25,78
HCP,Centro 4,In-person,2026-05-25,74
PBI,Centro 2,In-person,2026-05-25,73
GER,Centro 1,In-person,2026-05-25,72
LOG,Centro 2,In-person,2026-05-25,72
PYT,Centro 5,Hybrid,2026-05-25,72
INF,Centro 2,In-person,2026-05-25,71
GER,Centro 2,In-person,2026-05-25,65
LID,Centro 4,Online,2026-05-25,65
ING,Centro 4,Hybrid,2026-05-25,64
CYB,Centro 4,In-person,2026-05-25,63
INF,Centro 4,In-person,2026-05-25,62
PRO,Centro 3,Hybrid,2026-05-25,61
SEG,Centro 5,In-person,2026-05-25,61
TUR,Centro 4,In-person,2026-05-25,59
FOR,Centro 4,Hybrid,2026-05-25,58
GER,Centro 4,In-person,2026-05-25,57
PBI,Centro 5,Hybrid,2026-05-25,57
PRI,Centro 3,Hybrid,2026-05-25,57
TUR,Centro 5,Hybrid,2026-05-25,55
ING,Centro 4,In-person,2026-05-25,53
PBI,Centro 4,Online,2026-05-25,52
EXC,Centro 2,Hybrid,2026-05-25,50
EMP,Centro 4,In-person,2026-05-25,49
TUR,Centro 1,In-person,2026-05-25,49
INF,Centro 3,In-person,2026-05-25,48
EXC,Centro 4,Online,2026-05-25,47
SCI,Centro 2,Hybrid,2026-05-25,46
PBI,Centro 3,Hybrid,2026-05-25,44
SCI,Centro 3,Hybrid,2026-05-25,44
HCP,Centro 3,In-person,2026-05-25,42
GES,Centro 4,Online,2026-05-25,41
LOG,Centro 5,Hybrid,2026-05-25,41
SEG,Centro 1,Hybrid,2026-05-25,41
GES,Centro 1,Hybrid,2026-05-25,39
PBI,Centro 1,In-person,2026-05-25,39
PBI,Centro 3,In-person,2026-05-25,39
SST,Centro 1,Online,2026-05-25,39
HAC,Centro 1,In-person,2026-05-25,38
SEG,Centro 5,Hybrid,2026-05-25,38
VND,Centro 4,In-person,2026-05-25,38
TUR,Centro 5,In-person,2026-05-25,37
HOT,Centro 3,Hybrid,2026-05-25,36
CYB,Centro 4,Online,2026-05-25,35
CYB,Centro 2,Hybrid,2026-05-25,33
FOR,Centro 2,Online,2026-05-25,33
PRI,Centro 3,In-person,2026-05-25,33
PRO,Centro 5,In-person,2026-05-25,31
SCI,Centro 5,Hybrid,2026-05-25,30
FOR,Centro 5,Online,2026-05-25,29
HOT,Centro 1,Hybrid,2026-05-25,29
PRI,Centro 4,In-person,2026-05-25,28
SOC,Centro 3,In-person,2026-05-25,28
PRI,Centro 1,Hybrid,2026-05-25,27
SST,Centro 5,Hybrid,2026-05-25,27
FOR,Centro 3,Online,2026-05-25,26
ING,Centro 1,Hybrid,2026-05-25,26
LID,Centro 2,In-person,2026-05-25,26
LOG,Centro 4,In-person,2026-05-25,26
LOG,Centro 5,In-person,2026-05-25,26
HOT,Centro 3,In-person,2026-05-25,25
EXC,Centro 1,Hybrid,2026-05-25,22
HAC,Centro 4,Hybrid,2026-05-25,22
LOG,Centro 1,Hybrid,2026-05-25,22
HOT,Centro 1,In-person,2026-05-25,21
INF,Centro 1,In-person,2026-05-25,21
LOG,Centro 1,In-person,2026-05-25,21
SST,Centro 1,In-person,2026-05-25,21
SST,Centro 3,In-person,2026-05-25,21
LOG,Centro 3,Hybrid,2026-05-25,19
PRI,Centro 2,In-person,2026-05-25,19
SEG,Centro 2,In-person,2026-05-25,19
FOR,Centro 3,In-person,2026-05-25,18
FOR,Centro 4,In-person,2026-05-25,18
HAC,Centro 5,In-person,2026-05-25,18
HAC,Centro 2,Online,2026-05-25,17
SCI,Centro 4,Hybrid,2026-05-25,17
HCP,Centro 2,In-person,2026-05-25,16
VND,Centro 2,Online,2026-05-25,16
VND,Centro 5,Hybrid,2026-05-25,14
INF,Centro 4,Hybrid,2026-05-25,12
MNT,Centro 2,In-person,2026-05-25,12
SEG,Centro 5,Online,2026-05-25,12
GES,Centro 4,In-person,2026-05-25,11
PBI,Centro 5,In-person,2026-05-25,11
PYT,Centro 1,Online,2026-05-25,11
INF,Centro 5,In-person,2026-05-25,10
SCI,Centro 1,In-person,2026-05-25,10
SST,Centro 1,Hybrid,2026-05-25,10
EMP,Centro 2,In-person,2026-05-25,9
HOT,Centro 5,In-person,2026-05-25,9
HAC,Centro 3,Hybrid,2026-05-25,8
HOT,Centro 2,In-person,2026-05-25,7
PRI,Centro 1,In-person,2026-05-25,7
SEG,Centro 1,In-person,2026-05-25,7
VND,Centro 5,In-person,2026-05-25,7
VND,Centro 1,In-person,2026-05-25,6
CYB,Centro 2,In-person,2026-05-25,5
HAC,Centro 4,In-person,2026-05-25,5
CYB,Centro 4,Hybrid,2026-05-25,4
EXC,Centro 4,Hybrid,2026-05-25,4
FOR,Centro 4,Online,2026-05-25,4
GER,Centro 3,In-person,2026-05-25,4
GES,Centro 5,Hybrid,2026-05-25,4
LID,Centro 2,Online,2026-05-25,4
LID,Centro 1,Hybrid,2026-05-25,4
LOG,Centro 2,Hybrid,2026-05-25,4
PBI,Centro 1,Hybrid,2026-05-25,4
SCI,Centro 2,In-person,2026-05-25,4
SEG,Centro 4,Online,2026-05-25,4
TUR,Centro 2,In-person,2026-05-25,4
VND,Centro 4,Online,2026-05-25,4
MNT,Centro 4,In-person,2026-05-25,3
PBI,Centro 1,Online,2026-05-25,3
PBI,Centro 2,Hybrid,2026-05-25,3
VND,Centro 2,In-person,2026-05-25,3
SCI,Centro 1,In-person,2026-06-01,149
FOR,Centro 5,Online,2026-06-01,132
PBI,Centro 4,Online,2026-06-01,91
SST,Centro 4,Online,2026-06-01,88
SEG,Centro 5,Online,2026-06-01,85
CYB,Centro 5,Hybrid,2026-06-01,84
EXC,Centro 5,Hybrid,2026-06-01,84
CYB,Centro 3,Hybrid,2026-06-01,83
EMP,Centro 4,In-person,2026-06-01,80
CYB,Centro 4,Online,2026-06-01,78
HAC,Centro 3,Hybrid,2026-06-01,77
SST,Centro 5,Hybrid,2026-06-01,71
PRO,Centro 5,Online,2026-06-01,70
PBI,Centro 4,Hybrid,2026-06-01,68
VND,Centro 5,Online,2026-06-01,68
PYT,Centro 5,Hybrid,2026-06-01,66
EXC,Centro 1,Online,2026-06-01,64
GER,Centro 3,In-person,2026-06-01,58
MNT,Centro 2,In-person,2026-06-01,58
INF,Centro 3,In-person,2026-06-01,57
SCI,Centro 1,Hybrid,2026-06-01,55
EMP,Centro 2,In-person,2026-06-01,54
EXC,Centro 4,Hybrid,2026-06-01,54
HCP,Centro 4,In-person,2026-06-01,48
PYT,Centro 5,In-person,2026-06-01,47
ING,Centro 2,Hybrid,2026-06-01,45
PYT,Centro 2,Hybrid,2026-06-01,42
SEG,Centro 3,Online,2026-06-01,40
CYB,Centro 4,Hybrid,2026-06-01,39
INF,Centro 2,In-person,2026-06-01,39
EXC,Centro 2,Online,2026-06-01,37
SEG,Centro 5,Hybrid,2026-06-01,37
LID,Centro 5,In-person,2026-06-01,36
LOG,Centro 3,In-person,2026-06-01,36
SCI,Centro 4,Hybrid,2026-06-01,34
HOT,Centro 1,In-person,2026-06-01,33
LOG,Centro 3,Hybrid,2026-06-01,33
EXC,Centro 4,Online,2026-06-01,32
HAC,Centro 4,In-person,2026-06-01,32
INF,Centro 1,Hybrid,2026-06-01,30
PRI,Centro 3,In-person,2026-06-01,30
PRI,Centro 4,In-person,2026-06-01,30
VND,Centro 5,In-person,2026-06-01,30
FOR,Centro 4,Hybrid,2026-06-01,29
HCP,Centro 1,In-person,2026-06-01,29
ING,Centro 3,In-person,2026-06-01,29
PBI,Centro 2,In-person,2026-06-01,29
CYB,Centro 2,Hybrid,2026-06-01,28
CYB,Centro 2,Online,2026-06-01,27
TUR,Centro 5,In-person,2026-06-01,26
HAC,Centro 4,Hybrid,2026-06-01,25
MNT,Centro 1,In-person,2026-06-01,25
SST,Centro 1,In-person,2026-06-01,25
GES,Centro 5,Hybrid,2026-06-01,24
PRO,Centro 1,In-person,2026-06-01,24
EMP,Centro 1,In-person,2026-06-01,23
EXC,Centro 1,In-person,2026-06-01,23
HAC,Centro 5,Hybrid,2026-06-01,23
PRI,Centro 1,In-person,2026-06-01,21
PRO,Centro 5,In-person,2026-06-01,21
SST,Centro 2,In-person,2026-06-01,20
TUR,Centro 4,In-person,2026-06-01,20
INF,Centro 4,In-person,2026-06-01,18
LID,Centro 3,Online,2026-06-01,18
MNT,Centro 5,In-person,2026-06-01,18
SEG,Centro 4,Online,2026-06-01,18
HCP,Centro 4,Hybrid,2026-06-01,17
ING,Centro 3,Hybrid,2026-06-01,17
SEG,Centro 2,In-person,2026-06-01,16
GER,Centro 1,In-person,2026-06-01,15
CYB,Centro 1,Online,2026-06-01,14
CYB,Centro 2,In-person,2026-06-01,14
HAC,Centro 3,In-person,2026-06-01,14
HOT,Centro 3,In-person,2026-06-01,13
LID,Centro 4,Online,2026-06-01,12
PRI,Centro 1,Hybrid,2026-06-01,12
GER,Centro 2,In-person,2026-06-01,11
HCP,Centro 2,Hybrid,2026-06-01,11
HOT,Centro 1,Hybrid,2026-06-01,11
LOG,Centro 1,Hybrid,2026-06-01,11
GES,Centro 1,Hybrid,2026-06-01,10
INF,Centro 2,Hybrid,2026-06-01,10
LOG,Centro 5,In-person,2026-06-01,10
SCI,Centro 5,Hybrid,2026-06-01,10
FOR,Centro 3,In-person,2026-06-01,9
HAC,Centro 5,In-person,2026-06-01,9
TUR,Centro 3,In-person,2026-06-01,9
HAC,Centro 5,Online,2026-06-01,8
SST,Centro 3,In-person,2026-06-01,8
ING,Centro 1,Hybrid,2026-06-01,7
PRO,Centro 2,In-person,2026-06-01,7
ING,Centro 2,Online,2026-06-01,6
SST,Centro 4,In-person,2026-06-01,6
CYB,Centro 4,In-person,2026-06-01,5
FOR,Centro 1,Hybrid,2026-06-01,5
GES,Centro 2,In-person,2026-06-01,5
LID,Centro 1,Hybrid,2026-06-01,5
FOR,Centro 1,Online,2026-06-01,4
FOR,Centro 2,Hybrid,2026-06-01,4
GES,Centro 2,Hybrid,2026-06-01,4
LID,Centro 3,Hybrid,2026-06-01,4
LOG,Centro 2,In-person,2026-06-01,4
PBI,Centro 1,Online,2026-06-01,4
PBI,Centro 2,Online,2026-06-01,4
PBI,Centro 2,Hybrid,2026-06-01,4
PBI,Centro 3,Hybrid,2026-06-01,4
PBI,Centro 4,In-person,2026-06-01,4
PRI,Centro 2,In-person,2026-06-01,4
SEG,Centro 5,In-person,2026-06-01,4
TUR,Centro 4,Hybrid,2026-06-01,4
VND,Centro 4,Hybrid,2026-06-01,4
HCP,Centro 3,In-person,2026-06-01,3
INF,Centro 5,Hybrid,2026-06-01,3
PBI,Centro 1,Hybrid,2026-06-01,3
PRI,Centro 2,Hybrid,2026-06-01,3
VND,Centro 2,In-person,2026-06-01,3
PBI,Centro 5,Online,2026-06-01,2
PBI,Centro 2,Online,2026-06-08,148
MNT,Centro 5,In-person,2026-06-08,102
PBI,Centro 4,Online,2026-06-08,100
PRI,Centro 5,In-person,2026-06-08,96
SST,Centro 5,Hybrid,2026-06-08,96
PRO,Centro 4,Hybrid,2026-06-08,93
HCP,Centro 1,In-person,2026-06-08,87
GES,Centro 2,Online,2026-06-08,85
PBI,Centro 1,Hybrid,2026-06-08,84
SEG,Centro 5,In-person,2026-06-08,82
PBI,Centro 5,Online,2026-06-08,80
MNT,Centro 3,In-person,2026-06-08,76
PRO,Centro 2,Online,2026-06-08,71
PYT,Centro 1,Online,2026-06-08,71
FOR,Centro 4,Online,2026-06-08,70
PYT,Centro 1,In-person,2026-06-08,70
FOR,Centro 1,Online,2026-06-08,69
FOR,Centro 1,Hybrid,2026-06-08,68
HOT,Centro 5,In-person,2026-06-08,68
VND,Centro 4,Hybrid,2026-06-08,68
ING,Centro 5,Hybrid,2026-06-08,67
SCI,Centro 1,Hybrid,2026-06-08,66
INF,Centro 2,In-person,2026-06-08,65
PBI,Centro 2,In-person,2026-06-08,65
MNT,Centro 1,In-person,2026-06-08,63
EXC,Centro 2,Online,2026-06-08,57
CYB,Centro 1,Online,2026-06-08,56
CYB,Centro 5,Online,2026-06-08,55
LID,Centro 3,Online,2026-06-08,55
PBI,Centro 3,In-person,2026-06-08,54
HOT,Centro 1,In-person,2026-06-08,53
LOG,Centro 5,Hybrid,2026-06-08,53
PRI,Centro 3,In-person,2026-06-08,52
INF,Centro 5,In-person,2026-06-08,51
GES,Centro 4,Online,2026-06-08,49
LID,Centro 2,Hybrid,2026-06-08,49
PYT,Centro 1,Hybrid,2026-06-08,49
HCP,Centro 3,In-person,2026-06-08,47
LID,Centro 1,Hybrid,2026-06-08,46
SST,Centro 3,In-person,2026-06-08,43
PYT,Centro 4,Hybrid,2026-06-08,41
SEG,Centro 3,In-person,2026-06-08,39
TUR,Centro 5,In-person,2026-06-08,38
MNT,Centro 2,In-person,2026-06-08,35
SEG,Centro 3,Online,2026-06-08,34
LOG,Centro 3,Hybrid,2026-06-08,33
ING,Centro 4,In-person,2026-06-08,32
CYB,Centro 4,Hybrid,2026-06-08,31
FOR,Centro 3,Hybrid,2026-06-08,25
GES,Centro 3,Online,2026-06-08,25
SEG,Centro 2,In-person,2026-06-08,25
HOT,Centro 2,In-person,2026-06-08,24
PRI,Centro 4,Hybrid,2026-06-08,22
CYB,Centro 2,Online,2026-06-08,21
PBI,Centro 4,In-person,2026-06-08,21
ING,Centro 1,Hybrid,2026-06-08,19
VND,Centro 5,Online,2026-06-08,19
PBI,Centro 4,Hybrid,2026-06-08,18
SCI,Centro 5,Hybrid,2026-06-08,18
EXC,Centro 4,Online,2026-06-08,17
LOG,Centro 2,In-person,2026-06-08,17
PBI,Centro 5,In-person,2026-06-08,17
SOC,Centro 3,In-person,2026-06-08,17
PRI,Centro 1,In-person,2026-06-08,16
PRO,Centro 1,In-person,2026-06-08,16
EMP,Centro 4,In-person,2026-06-08,15
PRO,Centro 4,Online,2026-06-08,14
PYT,Centro 2,Hybrid,2026-06-08,13
SCI,Centro 1,In-person,2026-06-08,13
PYT,Centro 5,Online,2026-06-08,12
CYB,Centro 3,Hybrid,2026-06-08,11
EXC,Centro 4,Hybrid,2026-06-08,11
FOR,Centro 5,Online,2026-06-08,11
FOR,Centro 1,In-person,2026-06-08,11
GER,Centro 3,In-person,2026-06-08,11
LOG,Centro 5,In-person,2026-06-08,11
PRI,Centro 1,Hybrid,2026-06-08,11
PRI,Centro 2,In-person,2026-06-08,11
HAC,Centro 5,Hybrid,2026-06-08,10
LID,Centro 2,Online,2026-06-08,10
PBI,Centro 5,Hybrid,2026-06-08,10
VND,Centro 2,In-person,2026-06-08,10
CYB,Centro 4,In-person,2026-06-08,9
GER,Centro 4,In-person,2026-06-08,9
LOG,Centro 4,In-person,2026-06-08,9
SST,Centro 4,In-person,2026-06-08,9
CYB,Centro 1,Hybrid,2026-06-08,8
FOR,Centro 2,In-person,2026-06-08,7
GER,Centro 3,Hybrid,2026-06-08,7
INF,Centro 2,Hybrid,2026-06-08,7
LID,Centro 4,Hybrid,2026-06-08,7
PBI,Centro 3,Online,2026-06-08,7
PBI,Centro 3,Hybrid,2026-06-08,7
CYB,Centro 2,Hybrid,2026-06-08,5
FOR,Centro 3,Online,2026-06-08,5
FOR,Centro 5,In-person,2026-06-08,5
LID,Centro 1,Online,2026-06-08,5
CYB,Centro 4,Online,2026-06-08,4
GER,Centro 2,In-person,2026-06-08,4
HCP,Centro 4,In-person,2026-06-08,4
HOT,Centro 3,In-person,2026-06-08,4
ING,Centro 4,Hybrid,2026-06-08,4
PBI,Centro 2,Hybrid,2026-06-08,4
SEG,Centro 5,Online,2026-06-08,4
TUR,Centro 1,Hybrid,2026-06-08,4
TUR,Centro 2,Hybrid,2026-06-08,4
EXC,Centro 5,Online,2026-06-08,3
EXC,Centro 1,Hybrid,2026-06-08,3
HAC,Centro 4,In-person,2026-06-08,3
HCP,Centro 2,In-person,2026-06-08,3
MNT,Centro 4,In-person,2026-06-08,3
TUR,Centro 1,In-person,2026-06-08,3
HAC,Centro 4,Hybrid,2026-06-15,139
CYB,Centro 3,Hybrid,2026-06-15,138
CYB,Centro 2,Hybrid,2026-06-15,124
PYT,Centro 4,Online,2026-06-15,95
ING,Centro 2,Online,2026-06-15,87
CYB,Centro 2,Online,2026-06-15,83
LOG,Centro 3,Hybrid,2026-06-15,83
LID,Centro 1,Hybrid,2026-06-15,82
INF,Centro 1,Hybrid,2026-06-15,80
VND,Centro 2,In-person,2026-06-15,77
SCI,Centro 1,Hybrid,2026-06-15,76
SST,Centro 2,Online,2026-06-15,72
PYT,Centro 5,Online,2026-06-15,69
PYT,Centro 2,Hybrid,2026-06-15,69
HAC,Centro 5,Online,2026-06-15,68
LID,Centro 3,Hybrid,2026-06-15,68
CYB,Centro 5,Online,2026-06-15,66
PBI,Centro 2,Online,2026-06-15,65
CYB,Centro 5,Hybrid,2026-06-15,62
PBI,Centro 4,Online,2026-06-15,62
EMP,Centro 4,In-person,2026-06-15,61
SOC,Centro 3,In-person,2026-06-15,61
FOR,Centro 2,In-person,2026-06-15,58
ING,Centro 1,Hybrid,2026-06-15,58
MNT,Centro 2,In-person,2026-06-15,58
HAC,Centro 5,In-person,2026-06-15,57
MNT,Centro 5,In-person,2026-06-15,57
PBI,Centro 5,In-person,2026-06-15,56
CYB,Centro 1,Online,2026-06-15,55
PBI,Centro 1,Hybrid,2026-06-15,55
CYB,Centro 2,In-person,2026-06-15,53
SEG,Centro 5,Online,2026-06-15,51
GER,Centro 4,Hybrid,2026-06-15,49
LID,Centro 4,Hybrid,2026-06-15,49
GER,Centro 3,In-person,2026-06-15,48
SOC,Centro 5,Hybrid,2026-06-15,48
INF,Centro 2,In-person,2026-06-15,47
ING,Centro 3,In-person,2026-06-15,47
CYB,Centro 3,Online,2026-06-15,45
PRI,Centro 2,In-person,2026-06-15,45
HAC,Centro 1,In-person,2026-06-15,44
LID,Centro 2,Online,2026-06-15,42
SOC,Centro 2,In-person,2026-06-15,42
SST,Centro 1,In-person,2026-06-15,42
HCP,Centro 4,In-person,2026-06-15,39
ING,Centro 3,Hybrid,2026-06-15,39
SEG,Centro 4,In-person,2026-06-15,39
HCP,Centro 1,In-person,2026-06-15,38
HOT,Centro 1,In-person,2026-06-15,38
GES,Centro 4,Online,2026-06-15,37
LOG,Centro 1,Hybrid,2026-06-15,37
SST,Centro 1,Online,2026-06-15,35
HCP,Centro 1,Hybrid,2026-06-15,34
GES,Centro 2,Hybrid,2026-06-15,31
LOG,Centro 5,In-person,2026-06-15,31
LOG,Centro 2,Hybrid,2026-06-15,30
PYT,Centro 5,Hybrid,2026-06-15,30
SST,Centro 3,In-person,2026-06-15,30
CYB,Centro 1,Hybrid,2026-06-15,28
PRO,Centro 2,Hybrid,2026-06-15,27
FOR,Centro 4,Online,2026-06-15,25
INF,Centro 2,Hybrid,2026-06-15,25
PRI,Centro 3,In-person,2026-06-15,25
TUR,Centro 2,In-person,2026-06-15,25
MNT,Centro 1,In-person,2026-06-15,24
EXC,Centro 1,Hybrid,2026-06-15,22
CYB,Centro 4,In-person,2026-06-15,21
PYT,Centro 1,Hybrid,2026-06-15,21
VND,Centro 5,In-person,2026-06-15,21
PRI,Centro 4,In-person,2026-06-15,18
PYT,Centro 1,In-person,2026-06-15,18
HOT,Centro 2,Hybrid,2026-06-15,17
LOG,Centro 3,In-person,2026-06-15,15
FOR,Centro 1,In-person,2026-06-15,14
HAC,Centro 3,In-person,2026-06-15,14
PBI,Centro 5,Online,2026-06-15,14
PBI,Centro 2,Hybrid,2026-06-15,14
CYB,Centro 4,Hybrid,2026-06-15,13
EXC,Centro 4,Hybrid,2026-06-15,13
GER,Centro 2,In-person,2026-06-15,13
HOT,Centro 3,In-person,2026-06-15,13
SEG,Centro 3,In-person,2026-06-15,13
LOG,Centro 2,In-person,2026-06-15,12
PYT,Centro 5,In-person,2026-06-15,12
ING,Centro 4,Hybrid,2026-06-15,10
SEG,Centro 5,Hybrid,2026-06-15,10
EMP,Centro 1,In-person,2026-06-15,9
HCP,Centro 2,In-person,2026-06-15,9
PRI,Centro 2,Hybrid,2026-06-15,9
SST,Centro 5,Hybrid,2026-06-15,9
PRO,Centro 4,Hybrid,2026-06-15,8
EXC,Centro 3,Hybrid,2026-06-15,7
FOR,Centro 3,Hybrid,2026-06-15,7
HCP,Centro 3,In-person,2026-06-15,7
PYT,Centro 4,Hybrid,2026-06-15,7
EXC,Centro 1,Online,2026-06-15,6
LID,Centro 2,Hybrid,2026-06-15,6
GES,Centro 4,In-person,2026-06-15,5
PRO,Centro 2,Online,2026-06-15,5
EXC,Centro 2,Online,2026-06-15,4
HAC,Centro 3,Hybrid,2026-06-15,4
HAC,Centro 4,In-person,2026-06-15,4
HOT,Centro 2,In-person,2026-06-15,4
INF,Centro 4,In-person,2026-06-15,4
PBI,Centro 3,Online,2026-06-15,4
SCI,Centro 2,In-person,2026-06-15,4
SEG,Centro 2,Hybrid,2026-06-15,4
CYB,Centro 2,In-person,2026-06-22,129
MNT,Centro 3,In-person,2026-06-22,102
MNT,Centro 5,In-person,2026-06-22,96
TUR,Centro 4,Hybrid,2026-06-22,79
SST,Centro 1,Online,2026-06-22,76
SST,Centro 5,Online,2026-06-22,75
CYB,Centro 2,Online,2026-06-22,71
PBI,Centro 5,Hybrid,2026-06-22,71
GER,Centro 1,Hybrid,2026-06-22,69
GER,Centro 2,In-person,2026-06-22,67
HOT,Centro 2,In-person,2026-06-22,61
CYB,Centro 2,Hybrid,2026-06-22,56
TUR,Centro 3,Hybrid,2026-06-22,56
HCP,Centro 1,Hybrid,2026-06-22,54
PBI,Centro 1,Hybrid,2026-06-22,53
EXC,Centro 4,Hybrid,2026-06-22,52
CYB,Centro 1,Online,2026-06-22,51
CYB,Centro 4,Online,2026-06-22,51
LOG,Centro 1,Hybrid,2026-06-22,51
EXC,Centro 2,Hybrid,2026-06-22,47
FOR,Centro 3,In-person,2026-06-22,47
HOT,Centro 3,In-person,2026-06-22,47
CYB,Centro 4,Hybrid,2026-06-22,46
HOT,Centro 1,Hybrid,2026-06-22,46
SCI,Centro 4,Hybrid,2026-06-22,45
HAC,Centro 4,In-person,2026-06-22,44
HCP,Centro 3,In-person,2026-06-22,43
EMP,Centro 5,In-person,2026-06-22,41
INF,Centro 3,In-person,2026-06-22,41
LOG,Centro 2,In-person,2026-06-22,41
PRO,Centro 2,Hybrid,2026-06-22,40
HAC,Centro 5,In-person,2026-06-22,37
PRI,Centro 1,Hybrid,2026-06-22,37
FOR,Centro 3,Online,2026-06-22,36
ING,Centro 2,Hybrid,2026-06-22,36
ING,Centro 3,In-person,2026-06-22,36
PRI,Centro 2,In-person,2026-06-22,36
SOC,Centro 3,In-person,2026-06-22,34
HCP,Centro 4,Hybrid,2026-06-22,33
EMP,Centro 4,In-person,2026-06-22,32
SCI,Centro 2,In-person,2026-06-22,32
VND,Centro 1,Hybrid,2026-06-22,32
EMP,Centro 1,In-person,2026-06-22,31
PBI,Centro 2,Online,2026-06-22,30
PRI,Centro 1,In-person,2026-06-22,30
LID,Centro 4,Hybrid,2026-06-22,29
EXC,Centro 3,Hybrid,2026-06-22,26
GES,Centro 1,In-person,2026-06-22,26
HAC,Centro 1,In-person,2026-06-22,25
CYB,Centro 3,Online,2026-06-22,24
SOC,Centro 5,In-person,2026-06-22,24
EXC,Centro 3,In-person,2026-06-22,21
EXC,Centro 2,In-person,2026-06-22,20
LID,Centro 4,Online,2026-06-22,20
HAC,Centro 3,In-person,2026-06-22,19
LOG,Centro 2,Hybrid,2026-06-22,19
PBI,Centro 2,In-person,2026-06-22,19
CYB,Centro 3,In-person,2026-06-22,18
HAC,Centro 5,Online,2026-06-22,18
LOG,Centro 5,In-person,2026-06-22,18
SEG,Centro 3,In-person,2026-06-22,18
EXC,Centro 4,Online,2026-06-22,17
HCP,Centro 1,In-person,2026-06-22,17
SCI,Centro 5,Hybrid,2026-06-22,16
VND,Centro 5,Hybrid,2026-06-22,16
EXC,Centro 2,Online,2026-06-22,15
INF,Centro 4,In-person,2026-06-22,15
SEG,Centro 1,In-person,2026-06-22,15
SST,Centro 4,In-person,2026-06-22,15
CYB,Centro 5,Online,2026-06-22,14
PBI,Centro 5,Online,2026-06-22,14
SST,Centro 5,Hybrid,2026-06-22,14
LOG,Centro 4,Hybrid,2026-06-22,13
PBI,Centro 2,Hybrid,2026-06-22,13
VND,Centro 5,In-person,2026-06-22,13
INF,Centro 1,Hybrid,2026-06-22,12
PRO,Centro 1,In-person,2026-06-22,12
PYT,Centro 5,Hybrid,2026-06-22,12
HOT,Centro 3,Hybrid,2026-06-22,9
ING,Centro 2,Online,2026-06-22,9
ING,Centro 4,In-person,2026-06-22,9
LOG,Centro 3,Hybrid,2026-06-22,9
GES,Centro 1,Hybrid,2026-06-22,8
PRO,Centro 2,Online,2026-06-22,8
PYT,Centro 2,Hybrid,2026-06-22,8
CYB,Centro 4,In-person,2026-06-22,7
LID,Centro 2,Hybrid,2026-06-22,7
PRO,Centro 4,Online,2026-06-22,7
SCI,Centro 3,In-person,2026-06-22,7
SEG,Centro 1,Hybrid,2026-06-22,7
EXC,Centro 1,Hybrid,2026-06-22,6
ING,Centro 2,In-person,2026-06-22,6
MNT,Centro 2,In-person,2026-06-22,6
SST,Centro 2,In-person,2026-06-22,6
SST,Centro 3,In-person,2026-06-22,6
CYB,Centro 3,Hybrid,2026-06-22,5
HAC,Centro 4,Online,2026-06-22,5
MNT,Centro 1,In-person,2026-06-22,5
PRO,Centro 5,Online,2026-06-22,5
PRO,Centro 4,Hybrid,2026-06-22,5
FOR,Centro 1,Online,2026-06-22,4
GER,Centro 3,Hybrid,2026-06-22,4
GES,Centro 4,Online,2026-06-22,4
HAC,Centro 3,Hybrid,2026-06-22,4
INF,Centro 2,In-person,2026-06-22,4
LOG,Centro 5,Hybrid,2026-06-22,4
PBI,Centro 5,In-person,2026-06-22,4
SOC,Centro 5,Hybrid,2026-06-22,4
HAC,Centro 4,Hybrid,2026-06-22,3
HCP,Centro 2,In-person,2026-06-22,3
HCP,Centro 4,In-person,2026-06-22,3
SCI,Centro 1,Hybrid,2026-06-22,3
SOC,Centro 2,In-person,2026-06-22,3
SST,Centro 1,In-person,2026-06-22,3
VND,Centro 2,In-person,2026-06-22,3
PRO,Centro 4,Hybrid,2026-06-29,125
CYB,Centro 4,In-person,2026-06-29,121
EXC,Centro 3,Hybrid,2026-06-29,114
CYB,Centro 2,Online,2026-06-29,113
HOT,Centro 2,Hybrid,2026-06-29,85
EXC,Centro 2,Online,2026-06-29,79
INF,Centro 5,In-person,2026-06-29,77
LOG,Centro 5,In-person,2026-06-29,75
PYT,Centro 3,Hybrid,2026-06-29,74
GER,Centro 3,In-person,2026-06-29,73
PBI,Centro 4,Online,2026-06-29,69
PBI,Centro 3,Online,2026-06-29,68
PRI,Centro 4,Hybrid,2026-06-29,68
FOR,Centro 3,Online,2026-06-29,67
PRO,Centro 2,Online,2026-06-29,66
SST,Centro 5,Hybrid,2026-06-29,64
GER,Centro 3,Hybrid,2026-06-29,62
EXC,Centro 4,Online,2026-06-29,59
PBI,Centro 3,Hybrid,2026-06-29,57
PYT,Centro 5,Hybrid,2026-06-29,53
SST,Centro 2,Online,2026-06-29,52
LID,Centro 3,Online,2026-06-29,51
EXC,Centro 3,In-person,2026-06-29,50
LID,Centro 5,In-person,2026-06-29,50
INF,Centro 3,Hybrid,2026-06-29,47
LOG,Centro 3,In-person,2026-06-29,47
PRI,Centro 5,In-person,2026-06-29,47
EXC,Centro 2,In-person,2026-06-29,46
SEG,Centro 2,In-person,2026-06-29,46
VND,Centro 5,In-person,2026-06-29,46
MNT,Centro 2,In-person,2026-06-29,45
SEG,Centro 5,Hybrid,2026-06-29,45
SST,Centro 3,In-person,2026-06-29,44
MNT,Centro 5,In-person,2026-06-29,41
PBI,Centro 1,Hybrid,2026-06-29,40
PYT,Centro 3,Online,2026-06-29,39
CYB,Centro 1,In-person,2026-06-29,37
HCP,Centro 5,In-person,2026-06-29,36
PRI,Centro 2,In-person,2026-06-29,36
EXC,Centro 5,Hybrid,2026-06-29,34
ING,Centro 2,In-person,2026-06-29,33
CYB,Centro 4,Hybrid,2026-06-29,32
GER,Centro 4,Hybrid,2026-06-29,31
PRI,Centro 4,In-person,2026-06-29,29
PBI,Centro 5,In-person,2026-06-29,28
CYB,Centro 2,In-person,2026-06-29,27
GER,Centro 2,In-person,2026-06-29,27
VND,Centro 1,Hybrid,2026-06-29,27
CYB,Centro 4,Online,2026-06-29,26
SOC,Centro 4,Hybrid,2026-06-29,25
SST,Centro 2,In-person,2026-06-29,25
ING,Centro 5,Hybrid,2026-06-29,24
MNT,Centro 3,In-person,2026-06-29,22
INF,Centro 4,In-person,2026-06-29,20
TUR,Centro 3,Hybrid,2026-06-29,20
FOR,Centro 3,In-person,2026-06-29,19
HOT,Centro 1,Hybrid,2026-06-29,19
PRI,Centro 3,In-person,2026-06-29,19
SEG,Centro 1,Hybrid,2026-06-29,19
HCP,Centro 1,Hybrid,2026-06-29,18
ING,Centro 4,In-person,2026-06-29,18
HAC,Centro 1,In-person,2026-06-29,17
LID,Centro 1,Online,2026-06-29,16
LOG,Centro 3,Hybrid,2026-06-29,16
CYB,Centro 5,In-person,2026-06-29,15
EMP,Centro 1,In-person,2026-06-29,15
EMP,Centro 4,In-person,2026-06-29,15
HAC,Centro 3,In-person,2026-06-29,15
LID,Centro 4,Online,2026-06-29,15
SCI,Centro 1,In-person,2026-06-29,15
INF,Centro 2,In-person,2026-06-29,14
PBI,Centro 3,In-person,2026-06-29,14
ING,Centro 4,Online,2026-06-29,13
GES,Centro 5,In-person,2026-06-29,12
HCP,Centro 4,Hybrid,2026-06-29,12
INF,Centro 1,Hybrid,2026-06-29,11
SST,Centro 1,Online,2026-06-29,11
SST,Centro 4,In-person,2026-06-29,11
FOR,Centro 1,Online,2026-06-29,10
HAC,Centro 4,In-person,2026-06-29,10
INF,Centro 3,In-person,2026-06-29,10
PYT,Centro 1,Online,2026-06-29,10
SCI,Centro 2,In-person,2026-06-29,10
SEG,Centro 5,In-person,2026-06-29,10
EXC,Centro 3,Online,2026-06-29,9
HAC,Centro 5,In-person,2026-06-29,9
SOC,Centro 5,Hybrid,2026-06-29,9
CYB,Centro 5,Hybrid,2026-06-29,7
LID,Centro 1,Hybrid,2026-06-29,7
LOG,Centro 1,In-person,2026-06-29,7
SST,Centro 5,Online,2026-06-29,7
EXC,Centro 2,Hybrid,2026-06-29,6
FOR,Centro 4,Online,2026-06-29,6
PRI,Centro 1,Hybrid,2026-06-29,6
PYT,Centro 1,Hybrid,2026-06-29,5
PYT,Centro 1,In-person,2026-06-29,5
CYB,Centro 5,Online,2026-06-29,4
EXC,Centro 1,Hybrid,2026-06-29,4
GES,Centro 1,Hybrid,2026-06-29,4
HAC,Centro 4,Hybrid,2026-06-29,4
HOT,Centro 2,In-person,2026-06-29,4
INF,Centro 2,Hybrid,2026-06-29,4
LID,Centro 3,Hybrid,2026-06-29,4
LOG,Centro 2,In-person,2026-06-29,4
MNT,Centro 1,In-person,2026-06-29,4
SCI,Centro 3,In-person,2026-06-29,4
SEG,Centro 4,In-person,2026-06-29,4
SOC,Centro 5,In-person,2026-06-29,4
TUR,Centro 4,Hybrid,2026-06-29,4
EMP,Centro 5,In-person,2026-06-29,3
PRO,Centro 1,Online,2026-06-29,3
SCI,Centro 1,Hybrid,2026-06-29,3
SEG,Centro 3,In-person,2026-06-29,3
SOC,Centro 2,In-person,2026-06-29,3
TUR,Centro 1,Hybrid,2026-06-29,3
VND,Centro 2,In-person,2026-06-29,3
PBI,Centro 2,Hybrid,2026-06-29,2
PBI,Centro 2,Hybrid,2026-07-06,160
PYT,Centro 3,Online,2026-07-06,148
CYB,Centro 5,Online,2026-07-06,127
LID,Centro 4,Online,2026-07-06,116
EXC,Centro 4,Online,2026-07-06,100
LID,Centro 1,Online,2026-07-06,96
HAC,Centro 5,Hybrid,2026-07-06,91
PRO,Centro 2,Online,2026-07-06,78
SCI,Centro 1,In-person,2026-07-06,77
GES,Centro 1,Hybrid,2026-07-06,74
SCI,Centro 2,In-person,2026-07-06,66
LOG,Centro 4,Hybrid,2026-07-06,64
SOC,Centro 1,Hybrid,2026-07-06,64
INF,Centro 5,In-person,2026-07-06,63
ING,Centro 5,Hybrid,2026-07-06,61
PRI,Centro 3,In-person,2026-07-06,61
PBI,Centro 4,Online,2026-07-06,59
SST,Centro 1,Online,2026-07-06,55
HOT,Centro 2,Hybrid,2026-07-06,54
SOC,Centro 4,Hybrid,2026-07-06,54
GES,Centro 4,In-person,2026-07-06,53
LID,Centro 4,In-person,2026-07-06,53
HAC,Centro 3,In-person,2026-07-06,46
TUR,Centro 1,Hybrid,2026-07-06,42
CYB,Centro 1,Online,2026-07-06,40
VND,Centro 2,In-person,2026-07-06,40
EMP,Centro 1,In-person,2026-07-06,38
HCP,Centro 1,Hybrid,2026-07-06,38
PBI,Centro 5,Online,2026-07-06,35
TUR,Centro 3,In-person,2026-07-06,33
EXC,Centro 2,Online,2026-07-06,30
GES,Centro 3,Online,2026-07-06,30
LOG,Centro 5,In-person,2026-07-06,30
LOG,Centro 2,Hybrid,2026-07-06,29
PRO,Centro 4,Online,2026-07-06,29
SST,Centro 1,In-person,2026-07-06,29
PYT,Centro 5,Online,2026-07-06,27
EXC,Centro 1,Online,2026-07-06,25
INF,Centro 4,In-person,2026-07-06,25
PBI,Centro 1,Online,2026-07-06,25
EMP,Centro 5,In-person,2026-07-06,24
MNT,Centro 2,In-person,2026-07-06,24
HCP,Centro 5,In-person,2026-07-06,23
PRI,Centro 5,In-person,2026-07-06,23
PRO,Centro 4,Hybrid,2026-07-06,23
HOT,Centro 5,In-person,2026-07-06,22
LOG,Centro 2,In-person,2026-07-06,22
MNT,Centro 4,In-person,2026-07-06,22
PBI,Centro 4,In-person,2026-07-06,22
PRI,Centro 4,Hybrid,2026-07-06,22
CYB,Centro 1,Hybrid,2026-07-06,20
GER,Centro 3,Hybrid,2026-07-06,20
SEG,Centro 5,Hybrid,2026-07-06,20
VND,Centro 2,Hybrid,2026-07-06,20
CYB,Centro 2,In-person,2026-07-06,17
EMP,Centro 4,In-person,2026-07-06,17
PRI,Centro 5,Hybrid,2026-07-06,17
CYB,Centro 4,Hybrid,2026-07-06,16
EMP,Centro 3,In-person,2026-07-06,16
MNT,Centro 5,In-person,2026-07-06,15
PYT,Centro 1,Hybrid,2026-07-06,15
TUR,Centro 5,In-person,2026-07-06,15
HCP,Centro 4,In-person,2026-07-06,14
PRI,Centro 2,In-person,2026-07-06,14
INF,Centro 2,In-person,2026-07-06,13
PBI,Centro 1,Hybrid,2026-07-06,13
SOC,Centro 5,Hybrid,2026-07-06,13
EXC,Centro 2,In-person,2026-07-06,12
MNT,Centro 3,In-person,2026-07-06,12
PYT,Centro 2,In-person,2026-07-06,12
EXC,Centro 3,Hybrid,2026-07-06,11
PYT,Centro 1,In-person,2026-07-06,11
GER,Centro 3,In-person,2026-07-06,10
ING,Centro 2,In-person,2026-07-06,10
LID,Centro 1,Hybrid,2026-07-06,10
PYT,Centro 2,Online,2026-07-06,8
LID,Centro 3,Hybrid,2026-07-06,7
SEG,Centro 3,In-person,2026-07-06,7
HCP,Centro 3,In-person,2026-07-06,6
SST,Centro 3,Hybrid,2026-07-06,6
SST,Centro 3,In-person,2026-07-06,6
PBI,Centro 3,Online,2026-07-06,5
PYT,Centro 1,Online,2026-07-06,5
CYB,Centro 4,Online,2026-07-06,4
EXC,Centro 1,Hybrid,2026-07-06,4
HAC,Centro 5,In-person,2026-07-06,4
ING,Centro 1,Hybrid,2026-07-06,4
ING,Centro 4,Hybrid,2026-07-06,4
ING,Centro 3,In-person,2026-07-06,4
SCI,Centro 5,Hybrid,2026-07-06,4
TUR,Centro 2,In-person,2026-07-06,4
SEG,Centro 2,Hybrid,2026-07-06,3
CYB,Centro 4,Online,2026-07-13,140
SST,Centro 1,In-person,2026-07-13,106
PYT,Centro 1,Hybrid,2026-07-13,97
CYB,Centro 1,Online,2026-07-13,95
PYT,Centro 5,Hybrid,2026-07-13,85
SEG,Centro 3,In-person,2026-07-13,83
PRO,Centro 2,Online,2026-07-13,82
CYB,Centro 2,Hybrid,2026-07-13,73
PBI,Centro 1,Hybrid,2026-07-13,72
SOC,Centro 1,Hybrid,2026-07-13,72
INF,Centro 3,Hybrid,2026-07-13,69
LOG,Centro 1,In-person,2026-07-13,66
PYT,Centro 2,In-person,2026-07-13,63
PBI,Centro 4,Online,2026-07-13,62
HOT,Centro 2,Hybrid,2026-07-13,61
PRO,Centro 4,Online,2026-07-13,58
HCP,Centro 4,In-person,2026-07-13,57
PBI,Centro 5,Hybrid,2026-07-13,57
SEG,Centro 5,Hybrid,2026-07-13,56
MNT,Centro 5,In-person,2026-07-13,52
PBI,Centro 2,Hybrid,2026-07-13,51
INF,Centro 5,In-person,2026-07-13,49
PBI,Centro 3,In-person,2026-07-13,45
FOR,Centro 2,In-person,2026-07-13,43
PYT,Centro 2,Online,2026-07-13,43
TUR,Centro 2,In-person,2026-07-13,41
HCP,Centro 2,Hybrid,2026-07-13,40
CYB,Centro 3,Hybrid,2026-07-13,38
LOG,Centro 3,Hybrid,2026-07-13,38
PRO,Centro 1,Hybrid,2026-07-13,36
SOC,Centro 2,In-person,2026-07-13,36
PRI,Centro 1,Hybrid,2026-07-13,34
HOT,Centro 2,In-person,2026-07-13,33
EXC,Centro 2,Online,2026-07-13,32
SEG,Centro 4,In-person,2026-07-13,32
HAC,Centro 4,Online,2026-07-13,31
SEG,Centro 1,In-person,2026-07-13,31
GES,Centro 4,In-person,2026-07-13,30
LOG,Centro 4,Hybrid,2026-07-13,30
PYT,Centro 3,Hybrid,2026-07-13,29
CYB,Centro 3,In-person,2026-07-13,28
MNT,Centro 4,In-person,2026-07-13,28
SOC,Centro 3,In-person,2026-07-13,28
VND,Centro 2,Hybrid,2026-07-13,28
MNT,Centro 2,In-person,2026-07-13,25
PRI,Centro 5,Hybrid,2026-07-13,25
SST,Centro 4,Hybrid,2026-07-13,25
CYB,Centro 2,Online,2026-07-13,24
HAC,Centro 3,In-person,2026-07-13,23
EXC,Centro 4,Online,2026-07-13,22
HCP,Centro 1,In-person,2026-07-13,22
FOR,Centro 3,In-person,2026-07-13,21
SEG,Centro 3,Hybrid,2026-07-13,21
SST,Centro 4,In-person,2026-07-13,20
VND,Centro 5,Hybrid,2026-07-13,20
EXC,Centro 3,Online,2026-07-13,18
INF,Centro 3,In-person,2026-07-13,18
SST,Centro 2,In-person,2026-07-13,18
GER,Centro 5,In-person,2026-07-13,16
GER,Centro 3,Hybrid,2026-07-13,15
TUR,Centro 3,In-person,2026-07-13,15
PRI,Centro 3,In-person,2026-07-13,14
CYB,Centro 4,Hybrid,2026-07-13,13
EXC,Centro 3,In-person,2026-07-13,13
SCI,Centro 3,In-person,2026-07-13,13
CYB,Centro 1,In-person,2026-07-13,11
EXC,Centro 1,Online,2026-07-13,11
GES,Centro 5,Online,2026-07-13,11
LID,Centro 5,In-person,2026-07-13,11
CYB,Centro 3,Online,2026-07-13,10
EMP,Centro 3,In-person,2026-07-13,10
ING,Centro 4,Hybrid,2026-07-13,9
PRI,Centro 5,In-person,2026-07-13,9
PYT,Centro 1,Online,2026-07-13,9
FOR,Centro 5,Online,2026-07-13,8
PBI,Centro 3,Online,2026-07-13,8
GER,Centro 2,In-person,2026-07-13,7
INF,Centro 2,In-person,2026-07-13,7
ING,Centro 5,Online,2026-07-13,7
VND,Centro 1,Hybrid,2026-07-13,7
HAC,Centro 4,Hybrid,2026-07-13,6
INF,Centro 1,Hybrid,2026-07-13,6
PBI,Centro 2,Online,2026-07-13,6
SEG,Centro 2,Hybrid,2026-07-13,6
CYB,Centro 1,Hybrid,2026-07-13,5
GES,Centro 3,Online,2026-07-13,5
EXC,Centro 5,Online,2026-07-13,4
GES,Centro 5,In-person,2026-07-13,4
HAC,Centro 5,Hybrid,2026-07-13,4
PRI,Centro 4,In-person,2026-07-13,4
PRO,Centro 1,Online,2026-07-13,4
SEG,Centro 5,Online,2026-07-13,4
SOC,Centro 5,Hybrid,2026-07-13,4
VND,Centro 4,Hybrid,2026-07-13,4
HCP,Centro 2,In-person,2026-07-13,3
INF,Centro 4,In-person,2026-07-13,3
LOG,Centro 5,In-person,2026-07-13,3
SCI,Centro 1,Hybrid,2026-07-13,3
PYT,Centro 1,In-person,2026-07-13,2
PYT,Centro 3,Online,2026-07-20,96
PRI,Centro 2,In-person,2026-07-20,95
CYB,Centro 3,In-person,2026-07-20,89
SEG,Centro 3,Online,2026-07-20,89
PRI,Centro 1,In-person,2026-07-20,86
CYB,Centro 4,Hybrid,2026-07-20,83
VND,Centro 4,Hybrid,2026-07-20,79
CYB,Centro 1,Hybrid,2026-07-20,78
CYB,Centro 4,Online,2026-07-20,75
SOC,Centro 5,Hybrid,2026-07-20,73
EXC,Centro 3,Online,2026-07-20,70
GER,Centro 3,Hybrid,2026-07-20,69
VND,Centro 1,Hybrid,2026-07-20,69
EXC,Centro 3,Hybrid,2026-07-20,68
SST,Centro 4,In-person,2026-07-20,67
CYB,Centro 3,Online,2026-07-20,65
PRI,Centro 3,Hybrid,2026-07-20,64
PYT,Centro 1,Hybrid,2026-07-20,62
ING,Centro 3,In-person,2026-07-20,58
MNT,Centro 1,In-person,2026-07-20,57
EXC,Centro 1,Online,2026-07-20,56
PBI,Centro 5,In-person,2026-07-20,56
SEG,Centro 1,Hybrid,2026-07-20,50
PRI,Centro 4,Hybrid,2026-07-20,49
MNT,Centro 4,In-person,2026-07-20,48
PBI,Centro 2,Online,2026-07-20,48
HOT,Centro 5,In-person,2026-07-20,47
VND,Centro 1,Online,2026-07-20,43
EXC,Centro 3,In-person,2026-07-20,42
GER,Centro 5,Hybrid,2026-07-20,36
LID,Centro 4,Online,2026-07-20,35
SCI,Centro 1,In-person,2026-07-20,35
INF,Centro 5,Hybrid,2026-07-20,34
FOR,Centro 3,Online,2026-07-20,33
LOG,Centro 5,In-person,2026-07-20,32
EXC,Centro 5,Hybrid,2026-07-20,30
GES,Centro 3,Online,2026-07-20,29
SCI,Centro 3,In-person,2026-07-20,29
GES,Centro 4,In-person,2026-07-20,28
MNT,Centro 2,In-person,2026-07-20,27
MNT,Centro 5,In-person,2026-07-20,24
HAC,Centro 4,Online,2026-07-20,22
LID,Centro 5,In-person,2026-07-20,22
EXC,Centro 4,Hybrid,2026-07-20,21
TUR,Centro 5,In-person,2026-07-20,21
VND,Centro 5,In-person,2026-07-20,21
EXC,Centro 5,In-person,2026-07-20,19
SST,Centro 1,In-person,2026-07-20,19
FOR,Centro 2,Hybrid,2026-07-20,18
GES,Centro 5,Hybrid,2026-07-20,18
HOT,Centro 5,Hybrid,2026-07-20,18
PBI,Centro 3,Hybrid,2026-07-20,18
PBI,Centro 4,In-person,2026-07-20,18
INF,Centro 2,In-person,2026-07-20,17
MNT,Centro 3,In-person,2026-07-20,17
SEG,Centro 1,In-person,2026-07-20,17
INF,Centro 5,In-person,2026-07-20,16
PYT,Centro 2,In-person,2026-07-20,16
SEG,Centro 3,In-person,2026-07-20,16
HCP,Centro 1,Hybrid,2026-07-20,15
HAC,Centro 5,Online,2026-07-20,14
PRI,Centro 5,Hybrid,2026-07-20,14
GES,Centro 1,Hybrid,2026-07-20,13
PBI,Centro 3,Online,2026-07-20,13
HOT,Centro 2,In-person,2026-07-20,12
INF,Centro 4,In-person,2026-07-20,12
PRO,Centro 1,In-person,2026-07-20,12
CYB,Centro 2,Hybrid,2026-07-20,11
FOR,Centro 3,In-person,2026-07-20,11
PBI,Centro 5,Online,2026-07-20,11
PBI,Centro 3,In-person,2026-07-20,11
EXC,Centro 1,Hybrid,2026-07-20,10
SCI,Centro 4,In-person,2026-07-20,10
SEG,Centro 5,Hybrid,2026-07-20,10
GER,Centro 2,In-person,2026-07-20,9
ING,Centro 1,Hybrid,2026-07-20,8
PRI,Centro 5,In-person,2026-07-20,8
PRO,Centro 1,Online,2026-07-20,8
SST,Centro 2,Online,2026-07-20,8
EMP,Centro 1,In-person,2026-07-20,7
PBI,Centro 2,Hybrid,2026-07-20,7
PRO,Centro 4,Online,2026-07-20,7
HAC,Centro 1,Hybrid,2026-07-20,6
LOG,Centro 1,In-person,2026-07-20,6
LOG,Centro 2,In-person,2026-07-20,6
FOR,Centro 3,Hybrid,2026-07-20,5
SCI,Centro 5,Hybrid,2026-07-20,5
CYB,Centro 1,In-person,2026-07-20,4
CYB,Centro 4,In-person,2026-07-20,4
EXC,Centro 4,Online,2026-07-20,4
GES,Centro 4,Online,2026-07-20,4
HAC,Centro 2,In-person,2026-07-20,4
PBI,Centro 5,Hybrid,2026-07-20,4
PRI,Centro 3,In-person,2026-07-20,4
PRO,Centro 2,Online,2026-07-20,4
PRO,Centro 1,Hybrid,2026-07-20,4
PRO,Centro 5,Hybrid,2026-07-20,4
SEG,Centro 2,Hybrid,2026-07-20,4
SOC,Centro 1,Hybrid,2026-07-20,4
VND,Centro 3,Hybrid,2026-07-20,4
VND,Centro 2,In-person,2026-07-20,4
EMP,Centro 2,In-person,2026-07-20,3
EXC,Centro 5,Online,2026-07-20,3
GER,Centro 3,In-person,2026-07-20,3
INF,Centro 3,Hybrid,2026-07-20,3
FOR,Centro 3,Online,2026-07-27,190
LOG,Centro 4,Hybrid,2026-07-27,100
EXC,Centro 5,Online,2026-07-27,99
LOG,Centro 5,In-person,2026-07-27,96
EXC,Centro 4,Online,2026-07-27,95
MNT,Centro 1,In-person,2026-07-27,91
VND,Centro 5,Hybrid,2026-07-27,90
GES,Centro 1,Online,2026-07-27,85
HOT,Centro 2,Hybrid,2026-07-27,85
LID,Centro 5,In-person,2026-07-27,77
SEG,Centro 5,Online,2026-07-27,77
SEG,Centro 5,Hybrid,2026-07-27,76
LID,Centro 2,Online,2026-07-27,68
PBI,Centro 2,Online,2026-07-27,67
SEG,Centro 1,In-person,2026-07-27,67
CYB,Centro 1,Online,2026-07-27,64
CYB,Centro 2,Online,2026-07-27,64
LOG,Centro 3,Hybrid,2026-07-27,60
SOC,Centro 5,Hybrid,2026-07-27,60
LOG,Centro 2,In-person,2026-07-27,59
PYT,Centro 2,Online,2026-07-27,58
SCI,Centro 1,In-person,2026-07-27,55
SEG,Centro 3,Online,2026-07-27,54
SOC,Centro 5,In-person,2026-07-27,54
PBI,Centro 1,Hybrid,2026-07-27,50
MNT,Centro 3,In-person,2026-07-27,49
PBI,Centro 2,Hybrid,2026-07-27,49
GES,Centro 4,In-person,2026-07-27,47
CYB,Centro 2,In-person,2026-07-27,46
EXC,Centro 1,Online,2026-07-27,46
SST,Centro 2,Online,2026-07-27,45
ING,Centro 4,Hybrid,2026-07-27,44
MNT,Centro 5,In-person,2026-07-27,44
SCI,Centro 2,In-person,2026-07-27,44
CYB,Centro 4,Online,2026-07-27,43
HAC,Centro 5,Online,2026-07-27,42
HOT,Centro 5,In-person,2026-07-27,40
GER,Centro 3,Hybrid,2026-07-27,39
PRI,Centro 1,In-person,2026-07-27,39
SEG,Centro 2,Hybrid,2026-07-27,39
SOC,Centro 2,In-person,2026-07-27,38
INF,Centro 5,In-person,2026-07-27,37
GES,Centro 5,Hybrid,2026-07-27,34
LOG,Centro 5,Hybrid,2026-07-27,33
EXC,Centro 1,Hybrid,2026-07-27,31
EXC,Centro 4,In-person,2026-07-27,31
INF,Centro 2,In-person,2026-07-27,31
PRI,Centro 1,Hybrid,2026-07-27,30
SEG,Centro 2,In-person,2026-07-27,30
PYT,Centro 4,Online,2026-07-27,28
PBI,Centro 4,Online,2026-07-27,27
EMP,Centro 3,In-person,2026-07-27,26
SEG,Centro 4,In-person,2026-07-27,26
EXC,Centro 3,In-person,2026-07-27,25
GES,Centro 1,Hybrid,2026-07-27,25
LOG,Centro 1,In-person,2026-07-27,25
SCI,Centro 5,Hybrid,2026-07-27,25
VND,Centro 2,In-person,2026-07-27,25
PBI,Centro 3,In-person,2026-07-27,24
PRI,Centro 4,Hybrid,2026-07-27,22
PRO,Centro 1,In-person,2026-07-27,22
HAC,Centro 1,In-person,2026-07-27,21
SST,Centro 1,In-person,2026-07-27,20
LID,Centro 2,In-person,2026-07-27,19
INF,Centro 1,Hybrid,2026-07-27,17
VND,Centro 3,Hybrid,2026-07-27,17
CYB,Centro 1,In-person,2026-07-27,15
HCP,Centro 1,In-person,2026-07-27,14
SEG,Centro 3,Hybrid,2026-07-27,14
TUR,Centro 5,In-person,2026-07-27,14
CYB,Centro 4,Hybrid,2026-07-27,13
EXC,Centro 3,Online,2026-07-27,13
INF,Centro 3,In-person,2026-07-27,13
PYT,Centro 5,Hybrid,2026-07-27,12
HCP,Centro 2,In-person,2026-07-27,11
ING,Centro 5,Online,2026-07-27,11
PRI,Centro 2,In-person,2026-07-27,10
FOR,Centro 4,Hybrid,2026-07-27,9
SST,Centro 3,Hybrid,2026-07-27,9
PRO,Centro 4,Online,2026-07-27,8
PRO,Centro 2,Hybrid,2026-07-27,8
EMP,Centro 2,In-person,2026-07-27,7
GER,Centro 4,In-person,2026-07-27,7
ING,Centro 2,Online,2026-07-27,7
PRO,Centro 4,In-person,2026-07-27,7
SCI,Centro 1,Hybrid,2026-07-27,6
CYB,Centro 3,Online,2026-07-27,5
CYB,Centro 4,In-person,2026-07-27,5
ING,Centro 1,Hybrid,2026-07-27,5
PRO,Centro 2,Online,2026-07-27,5
VND,Centro 5,Online,2026-07-27,5
CYB,Centro 1,Hybrid,2026-07-27,4
EXC,Centro 3,Hybrid,2026-07-27,4
EXC,Centro 2,In-person,2026-07-27,4
FOR,Centro 4,In-person,2026-07-27,4
GER,Centro 2,Hybrid,2026-07-27,4
GES,Centro 2,Online,2026-07-27,4
INF,Centro 4,In-person,2026-07-27,4
MNT,Centro 2,In-person,2026-07-27,4
MNT,Centro 4,In-person,2026-07-27,4
PRI,Centro 3,In-person,2026-07-27,4
PYT,Centro 2,In-person,2026-07-27,4
SOC,Centro 3,In-person,2026-07-27,4
VND,Centro 2,Hybrid,2026-07-27,4
EXC,Centro 2,Hybrid,2026-07-27,3
GER,Centro 5,Hybrid,2026-07-27,3
GER,Centro 3,In-person,2026-07-27,3
INF,Centro 5,Hybrid,2026-07-27,3
PRI,Centro 5,In-person,2026-07-27,3
TUR,Centro 3,In-person,2026-07-27,3
TUR,Centro 4,In-person,2026-07-27,3
LOG,Centro 5,In-person,2026-08-03,150
CYB,Centro 5,In-person,2026-08-03,107
SOC,Centro 3,Hybrid,2026-08-03,103
CYB,Centro 3,Online,2026-08-03,95
GES,Centro 5,Online,2026-08-03,94
PBI,Centro 2,Hybrid,2026-08-03,94
GES,Centro 5,Hybrid,2026-08-03,93
PRO,Centro 3,Hybrid,2026-08-03,92
HAC,Centro 1,Hybrid,2026-08-03,91
PBI,Centro 4,Online,2026-08-03,91
ING,Centro 1,Online,2026-08-03,87
ING,Centro 4,Online,2026-08-03,86
LOG,Centro 2,In-person,2026-08-03,86
EXC,Centro 2,Online,2026-08-03,85
MNT,Centro 5,In-person,2026-08-03,85
VND,Centro 2,Hybrid,2026-08-03,85
PYT,Centro 2,In-person,2026-08-03,78
PRI,Centro 1,In-person,2026-08-03,76
MNT,Centro 3,In-person,2026-08-03,74
CYB,Centro 1,Hybrid,2026-08-03,73
SST,Centro 2,Hybrid,2026-08-03,71
LID,Centro 2,Online,2026-08-03,67
GER,Centro 3,In-person,2026-08-03,64
GES,Centro 3,Online,2026-08-03,63
EXC,Centro 1,Hybrid,2026-08-03,61
GER,Centro 3,Hybrid,2026-08-03,61
HCP,Centro 2,In-person,2026-08-03,61
HAC,Centro 5,Online,2026-08-03,60
FOR,Centro 2,Hybrid,2026-08-03,56
PBI,Centro 5,Hybrid,2026-08-03,56
ING,Centro 4,Hybrid,2026-08-03,55
CYB,Centro 4,Hybrid,2026-08-03,54
LOG,Centro 1,In-person,2026-08-03,54
SOC,Centro 5,Hybrid,2026-08-03,54
TUR,Centro 5,Hybrid,2026-08-03,54
SST,Centro 3,Hybrid,2026-08-03,52
PRO,Centro 3,Online,2026-08-03,50
GES,Centro 4,Online,2026-08-03,49
VND,Centro 2,In-person,2026-08-03,49
EXC,Centro 4,Hybrid,2026-08-03,44
ING,Centro 3,In-person,2026-08-03,43
LID,Centro 1,In-person,2026-08-03,43
SCI,Centro 1,Hybrid,2026-08-03,43
PYT,Centro 3,Online,2026-08-03,42
LOG,Centro 4,In-person,2026-08-03,40
EMP,Centro 1,In-person,2026-08-03,39
HAC,Centro 5,Hybrid,2026-08-03,38
HOT,Centro 3,Hybrid,2026-08-03,38
VND,Centro 5,In-person,2026-08-03,38
FOR,Centro 4,In-person,2026-08-03,37
PRI,Centro 2,Hybrid,2026-08-03,37
EMP,Centro 2,In-person,2026-08-03,36
FOR,Centro 1,Hybrid,2026-08-03,36
EXC,Centro 3,Hybrid,2026-08-03,34
SEG,Centro 1,In-person,2026-08-03,34
CYB,Centro 1,Online,2026-08-03,32
EMP,Centro 3,In-person,2026-08-03,32
SOC,Centro 1,Hybrid,2026-08-03,30
PYT,Centro 4,Hybrid,2026-08-03,28
FOR,Centro 3,In-person,2026-08-03,25
GER,Centro 2,In-person,2026-08-03,24
PBI,Centro 2,Online,2026-08-03,24
HOT,Centro 2,In-person,2026-08-03,22
LOG,Centro 4,Hybrid,2026-08-03,22
PRO,Centro 3,In-person,2026-08-03,22
ING,Centro 2,Hybrid,2026-08-03,19
SCI,Centro 4,In-person,2026-08-03,19
VND,Centro 1,Online,2026-08-03,19
PBI,Centro 2,In-person,2026-08-03,18
VND,Centro 4,Hybrid,2026-08-03,18
EXC,Centro 4,Online,2026-08-03,15
INF,Centro 5,Hybrid,2026-08-03,15
PRI,Centro 4,In-person,2026-08-03,15
SST,Centro 5,Hybrid,2026-08-03,15
TUR,Centro 5,In-person,2026-08-03,15
PBI,Centro 5,In-person,2026-08-03,14
PYT,Centro 4,Online,2026-08-03,14
INF,Centro 3,In-person,2026-08-03,13
VND,Centro 5,Hybrid,2026-08-03,13
PBI,Centro 3,In-person,2026-08-03,12
PRI,Centro 5,Hybrid,2026-08-03,12
SST,Centro 4,In-person,2026-08-03,12
ING,Centro 1,In-person,2026-08-03,11
SEG,Centro 4,In-person,2026-08-03,11
CYB,Centro 1,In-person,2026-08-03,10
GES,Centro 1,Hybrid,2026-08-03,10
HCP,Centro 3,In-person,2026-08-03,10
ING,Centro 1,Hybrid,2026-08-03,10
SCI,Centro 1,In-person,2026-08-03,10
SEG,Centro 5,In-person,2026-08-03,10
SST,Centro 1,Hybrid,2026-08-03,9
MNT,Centro 1,In-person,2026-08-03,8
SCI,Centro 3,Hybrid,2026-08-03,8
SEG,Centro 2,In-person,2026-08-03,8
EXC,Centro 2,In-person,2026-08-03,7
HCP,Centro 2,Hybrid,2026-08-03,7
HOT,Centro 5,Hybrid,2026-08-03,7
INF,Centro 4,Hybrid,2026-08-03,7
LOG,Centro 5,Hybrid,2026-08-03,7
SST,Centro 4,Online,2026-08-03,7
SST,Centro 5,In-person,2026-08-03,7
HOT,Centro 5,In-person,2026-08-03,6
SEG,Centro 5,Online,2026-08-03,6
TUR,Centro 3,In-person,2026-08-03,6
CYB,Centro 3,In-person,2026-08-03,5
GES,Centro 5,In-person,2026-08-03,5
HAC,Centro 4,In-person,2026-08-03,5
ING,Centro 3,Online,2026-08-03,5
SCI,Centro 5,In-person,2026-08-03,5
EXC,Centro 5,Online,2026-08-03,4
EXC,Centro 3,In-person,2026-08-03,4
EXC,Centro 4,In-person,2026-08-03,4
PBI,Centro 3,Hybrid,2026-08-03,4
PBI,Centro 4,In-person,2026-08-03,4
PYT,Centro 1,In-person,2026-08-03,4
VND,Centro 2,Online,2026-08-03,4
GER,Centro 5,Hybrid,2026-08-03,3
INF,Centro 2,In-person,2026-08-03,3
INF,Centro 4,In-person,2026-08-03,3
INF,Centro 5,In-person,2026-08-03,3
LOG,Centro 3,In-person,2026-08-03,3
MNT,Centro 4,In-person,2026-08-03,3
TUR,Centro 2,Hybrid,2026-08-03,3
TUR,Centro 3,Hybrid,2026-08-03,3
VND,Centro 2,In-person,2026-08-10,153
MNT,Centro 1,In-person,2026-08-10,117
VND,Centro 5,In-person,2026-08-10,117
LOG,Centro 1,In-person,2026-08-10,107
PRI,Centro 2,In-person,2026-08-10,101
PBI,Centro 2,Hybrid,2026-08-10,99
EXC,Centro 2,In-person,2026-08-10,91
LID,Centro 5,Online,2026-08-10,89
PBI,Centro 4,Online,2026-08-10,83
INF,Centro 4,In-person,2026-08-10,81
SEG,Centro 1,In-person,2026-08-10,77
CYB,Centro 4,Hybrid,2026-08-10,76
CYB,Centro 3,In-person,2026-08-10,76
PRI,Centro 4,In-person,2026-08-10,74
FOR,Centro 5,Hybrid,2026-08-10,71
SCI,Centro 1,Hybrid,2026-08-10,71
LOG,Centro 2,In-person,2026-08-10,68
PRO,Centro 1,Hybrid,2026-08-10,67
GER,Centro 3,In-person,2026-08-10,66
SST,Centro 1,Hybrid,2026-08-10,66
CYB,Centro 5,Hybrid,2026-08-10,63
GES,Centro 4,Hybrid,2026-08-10,63
SEG,Centro 5,Online,2026-08-10,63
PRI,Centro 1,Hybrid,2026-08-10,62
HOT,Centro 4,Hybrid,2026-08-10,59
EXC,Centro 2,Hybrid,2026-08-10,58
CYB,Centro 2,Online,2026-08-10,57
EMP,Centro 2,In-person,2026-08-10,56
PRO,Centro 4,Online,2026-08-10,56
SCI,Centro 1,In-person,2026-08-10,56
TUR,Centro 4,In-person,2026-08-10,56
MNT,Centro 5,In-person,2026-08-10,55
LOG,Centro 3,In-person,2026-08-10,54
PBI,Centro 1,Online,2026-08-10,54
PBI,Centro 5,In-person,2026-08-10,54
PBI,Centro 3,Online,2026-08-10,53
MNT,Centro 2,In-person,2026-08-10,51
FOR,Centro 3,In-person,2026-08-10,50
GER,Centro 1,In-person,2026-08-10,50
HCP,Centro 3,In-person,2026-08-10,50
HOT,Centro 2,In-person,2026-08-10,50
LID,Centro 2,In-person,2026-08-10,50
ING,Centro 4,In-person,2026-08-10,49
SEG,Centro 4,In-person,2026-08-10,49
TUR,Centro 3,Hybrid,2026-08-10,49
ING,Centro 1,In-person,2026-08-10,48
HCP,Centro 2,In-person,2026-08-10,46
SST,Centro 1,In-person,2026-08-10,44
VND,Centro 1,Online,2026-08-10,44
HCP,Centro 5,In-person,2026-08-10,43
INF,Centro 5,Hybrid,2026-08-10,43
VND,Centro 5,Hybrid,2026-08-10,42
FOR,Centro 4,Hybrid,2026-08-10,41
LOG,Centro 3,Hybrid,2026-08-10,41
PRO,Centro 2,Hybrid,2026-08-10,41
HAC,Centro 5,Hybrid,2026-08-10,40
MNT,Centro 3,In-person,2026-08-10,40
PRO,Centro 2,Online,2026-08-10,38
EXC,Centro 1,Hybrid,2026-08-10,36
PRO,Centro 4,In-person,2026-08-10,36
SEG,Centro 4,Hybrid,2026-08-10,34
PBI,Centro 1,Hybrid,2026-08-10,32
PBI,Centro 2,In-person,2026-08-10,32
EXC,Centro 1,Online,2026-08-10,31
CYB,Centro 4,In-person,2026-08-10,30
CYB,Centro 5,In-person,2026-08-10,28
GER,Centro 4,In-person,2026-08-10,28
PBI,Centro 4,In-person,2026-08-10,28
HCP,Centro 2,Hybrid,2026-08-10,27
LOG,Centro 5,Hybrid,2026-08-10,27
HOT,Centro 1,In-person,2026-08-10,26
SEG,Centro 2,In-person,2026-08-10,26
VND,Centro 2,Hybrid,2026-08-10,26
EXC,Centro 5,Hybrid,2026-08-10,25
ING,Centro 2,Hybrid,2026-08-10,25
PBI,Centro 2,Online,2026-08-10,25
HOT,Centro 1,Hybrid,2026-08-10,24
SOC,Centro 3,Hybrid,2026-08-10,24
PBI,Centro 5,Online,2026-08-10,23
EMP,Centro 5,In-person,2026-08-10,22
GER,Centro 5,In-person,2026-08-10,22
GES,Centro 1,In-person,2026-08-10,22
CYB,Centro 1,In-person,2026-08-10,21
FOR,Centro 3,Hybrid,2026-08-10,20
SEG,Centro 5,Hybrid,2026-08-10,20
HOT,Centro 2,Hybrid,2026-08-10,19
HOT,Centro 5,Hybrid,2026-08-10,19
HAC,Centro 1,In-person,2026-08-10,18
HAC,Centro 5,In-person,2026-08-10,18
PRO,Centro 5,Hybrid,2026-08-10,18
LOG,Centro 5,In-person,2026-08-10,17
EXC,Centro 4,In-person,2026-08-10,16
ING,Centro 2,Online,2026-08-10,16
ING,Centro 5,Hybrid,2026-08-10,16
LID,Centro 4,In-person,2026-08-10,16
PYT,Centro 4,Online,2026-08-10,16
SOC,Centro 2,In-person,2026-08-10,16
PRO,Centro 1,In-person,2026-08-10,15
PYT,Centro 1,Online,2026-08-10,15
SOC,Centro 3,In-person,2026-08-10,14
EXC,Centro 2,Online,2026-08-10,13
SOC,Centro 1,Hybrid,2026-08-10,13
VND,Centro 1,Hybrid,2026-08-10,13
SEG,Centro 3,In-person,2026-08-10,12
CYB,Centro 4,Online,2026-08-10,11
EMP,Centro 3,In-person,2026-08-10,10
INF,Centro 1,Hybrid,2026-08-10,10
ING,Centro 1,Online,2026-08-10,10
HAC,Centro 4,In-person,2026-08-10,9
HOT,Centro 3,In-person,2026-08-10,9
GES,Centro 4,Online,2026-08-10,8
PRO,Centro 3,Hybrid,2026-08-10,8
PYT,Centro 5,Hybrid,2026-08-10,8
SOC,Centro 5,Hybrid,2026-08-10,8
CYB,Centro 1,Hybrid,2026-08-10,7
CYB,Centro 2,In-person,2026-08-10,7
FOR,Centro 2,Hybrid,2026-08-10,7
GER,Centro 5,Hybrid,2026-08-10,7
PRI,Centro 5,In-person,2026-08-10,7
SST,Centro 3,Hybrid,2026-08-10,7
VND,Centro 1,In-person,2026-08-10,7
EXC,Centro 4,Online,2026-08-10,6
HOT,Centro 5,In-person,2026-08-10,6
PYT,Centro 1,Hybrid,2026-08-10,5
FOR,Centro 1,Hybrid,2026-08-10,4
PRO,Centro 5,Online,2026-08-10,4
PYT,Centro 2,Online,2026-08-10,4
SST,Centro 5,Hybrid,2026-08-10,4
TUR,Centro 5,In-person,2026-08-10,4
INF,Centro 3,In-person,2026-08-10,3
ING,Centro 4,Online,2026-08-10,3
LID,Centro 4,Online,2026-08-10,3
SEG,Centro 1,Online,2026-08-10,3
SST,Centro 4,In-person,2026-08-10,3
CYB,Centro 3,Online,2026-08-17,223
PYT,Centro 1,Hybrid,2026-08-17,175
HAC,Centro 2,In-person,2026-08-17,162
MNT,Centro 5,In-person,2026-08-17,154
ING,Centro 2,Online,2026-08-17,145
CYB,Centro 4,Hybrid,2026-08-17,130
FOR,Centro 1,Hybrid,2026-08-17,130
CYB,Centro 1,In-person,2026-08-17,129
TUR,Centro 3,In-person,2026-08-17,128
PBI,Centro 2,Online,2026-08-17,114
TUR,Centro 5,In-person,2026-08-17,100
SST,Centro 5,Online,2026-08-17,96
EXC,Centro 5,Online,2026-08-17,90
VND,Centro 2,Hybrid,2026-08-17,90
PRI,Centro 1,Hybrid,2026-08-17,88
CYB,Centro 5,Hybrid,2026-08-17,85
TUR,Centro 2,In-person,2026-08-17,83
CYB,Centro 5,In-person,2026-08-17,81
PRO,Centro 2,Hybrid,2026-08-17,81
PYT,Centro 5,Hybrid,2026-08-17,80
ING,Centro 3,Online,2026-08-17,75
ING,Centro 5,Online,2026-08-17,75
HCP,Centro 4,In-person,2026-08-17,70
PBI,Centro 2,Hybrid,2026-08-17,70
PRO,Centro 1,Hybrid,2026-08-17,70
INF,Centro 5,In-person,2026-08-17,66
EMP,Centro 2,In-person,2026-08-17,65
SST,Centro 4,In-person,2026-08-17,65
GER,Centro 3,Hybrid,2026-08-17,64
FOR,Centro 3,Online,2026-08-17,61
EXC,Centro 5,In-person,2026-08-17,57
SEG,Centro 3,Online,2026-08-17,57
MNT,Centro 1,In-person,2026-08-17,56
CYB,Centro 2,Hybrid,2026-08-17,55
EXC,Centro 1,Hybrid,2026-08-17,55
PBI,Centro 4,Online,2026-08-17,55
GES,Centro 5,In-person,2026-08-17,54
TUR,Centro 2,Hybrid,2026-08-17,54
GES,Centro 3,Online,2026-08-17,51
PYT,Centro 3,Online,2026-08-17,50
SEG,Centro 1,In-person,2026-08-17,50
SST,Centro 5,In-person,2026-08-17,50
HCP,Centro 2,Hybrid,2026-08-17,49
CYB,Centro 2,Online,2026-08-17,48
PBI,Centro 5,Online,2026-08-17,47
PRO,Centro 4,In-person,2026-08-17,47
SST,Centro 5,Hybrid,2026-08-17,46
HCP,Centro 1,In-person,2026-08-17,45
ING,Centro 1,Hybrid,2026-08-17,44
VND,Centro 2,Online,2026-08-17,44
MNT,Centro 4,In-person,2026-08-17,43
SEG,Centro 5,Hybrid,2026-08-17,37
EXC,Centro 3,Hybrid,2026-08-17,36
GER,Centro 1,Hybrid,2026-08-17,35
PYT,Centro 2,Online,2026-08-17,35
ING,Centro 1,In-person,2026-08-17,33
INF,Centro 3,In-person,2026-08-17,32
LID,Centro 2,Online,2026-08-17,31
PRI,Centro 2,Hybrid,2026-08-17,31
TUR,Centro 5,Hybrid,2026-08-17,30
GES,Centro 1,Hybrid,2026-08-17,28
GER,Centro 2,Hybrid,2026-08-17,27
HOT,Centro 2,In-person,2026-08-17,26
PYT,Centro 1,Online,2026-08-17,25
EXC,Centro 2,Hybrid,2026-08-17,23
FOR,Centro 4,Hybrid,2026-08-17,23
VND,Centro 4,Hybrid,2026-08-17,23
FOR,Centro 4,Online,2026-08-17,22
PYT,Centro 2,In-person,2026-08-17,22
SCI,Centro 1,Hybrid,2026-08-17,22
EXC,Centro 2,In-person,2026-08-17,21
PBI,Centro 3,Hybrid,2026-08-17,20
GES,Centro 3,Hybrid,2026-08-17,19
GES,Centro 5,Hybrid,2026-08-17,19
HCP,Centro 5,Hybrid,2026-08-17,18
VND,Centro 2,In-person,2026-08-17,18
EXC,Centro 4,In-person,2026-08-17,17
PRI,Centro 1,In-person,2026-08-17,17
EMP,Centro 5,In-person,2026-08-17,16
HOT,Centro 1,In-person,2026-08-17,16
HOT,Centro 3,In-person,2026-08-17,16
EMP,Centro 4,In-person,2026-08-17,15
FOR,Centro 5,Hybrid,2026-08-17,14
GER,Centro 2,In-person,2026-08-17,14
LID,Centro 1,Online,2026-08-17,14
PYT,Centro 4,Hybrid,2026-08-17,14
SCI,Centro 5,In-person,2026-08-17,13
VND,Centro 3,Hybrid,2026-08-17,13
HAC,Centro 4,In-person,2026-08-17,12
INF,Centro 1,Hybrid,2026-08-17,12
LOG,Centro 2,In-person,2026-08-17,12
PRI,Centro 5,Hybrid,2026-08-17,12
EXC,Centro 2,Online,2026-08-17,11
HOT,Centro 5,Hybrid,2026-08-17,11
LID,Centro 1,In-person,2026-08-17,11
SST,Centro 2,Hybrid,2026-08-17,11
SST,Centro 3,In-person,2026-08-17,11
FOR,Centro 5,Online,2026-08-17,10
ING,Centro 3,In-person,2026-08-17,10
SEG,Centro 5,Online,2026-08-17,10
SOC,Centro 3,In-person,2026-08-17,10
SST,Centro 3,Online,2026-08-17,10
SST,Centro 4,Online,2026-08-17,10
INF,Centro 3,Hybrid,2026-08-17,9
PBI,Centro 1,In-person,2026-08-17,9
PRI,Centro 4,Hybrid,2026-08-17,9
PRO,Centro 3,In-person,2026-08-17,9
MNT,Centro 3,In-person,2026-08-17,8
GER,Centro 4,Hybrid,2026-08-17,7
GER,Centro 3,In-person,2026-08-17,7
HAC,Centro 3,In-person,2026-08-17,7
PBI,Centro 3,In-person,2026-08-17,7
PRI,Centro 2,In-person,2026-08-17,7
SST,Centro 3,Hybrid,2026-08-17,7
PBI,Centro 2,In-person,2026-08-17,6
SEG,Centro 3,In-person,2026-08-17,6
TUR,Centro 4,In-person,2026-08-17,6
PRO,Centro 4,Online,2026-08-17,5
EXC,Centro 1,In-person,2026-08-17,4
FOR,Centro 3,In-person,2026-08-17,4
HAC,Centro 2,Hybrid,2026-08-17,4
HOT,Centro 4,Hybrid,2026-08-17,4
ING,Centro 1,Online,2026-08-17,4
ING,Centro 2,Hybrid,2026-08-17,4
PRO,Centro 5,Hybrid,2026-08-17,4
SST,Centro 1,In-person,2026-08-17,4
TUR,Centro 3,Hybrid,2026-08-17,4
VND,Centro 4,In-person,2026-08-17,4
EMP,Centro 3,In-person,2026-08-17,3
GER,Centro 5,Hybrid,2026-08-17,3
GER,Centro 4,In-person,2026-08-17,3
HCP,Centro 5,In-person,2026-08-17,3
LID,Centro 4,In-person,2026-08-17,3
SCI,Centro 1,In-person,2026-08-17,3
SEG,Centro 3,Hybrid,2026-08-17,3
TUR,Centro 1,Hybrid,2026-08-17,3
TUR,Centro 1,In-person,2026-08-17,3
CYB,Centro 4,Hybrid,2026-08-24,237
ING,Centro 5,Online,2026-08-24,132
PBI,Centro 4,Online,2026-08-24,131
LOG,Centro 2,In-person,2026-08-24,127
CYB,Centro 2,Online,2026-08-24,115
LID,Centro 1,Online,2026-08-24,115
LOG,Centro 1,In-person,2026-08-24,114
MNT,Centro 5,In-person,2026-08-24,107
PYT,Centro 4,Hybrid,2026-08-24,107
CYB,Centro 3,Online,2026-08-24,106
INF,Centro 4,Hybrid,2026-08-24,104
MNT,Centro 1,In-person,2026-08-24,103
CYB,Centro 3,In-person,2026-08-24,96
SOC,Centro 4,In-person,2026-08-24,96
HCP,Centro 1,In-person,2026-08-24,91
MNT,Centro 4,In-person,2026-08-24,89
ING,Centro 4,Online,2026-08-24,88
PBI,Centro 4,Hybrid,2026-08-24,87
SCI,Centro 3,Hybrid,2026-08-24,85
VND,Centro 1,Online,2026-08-24,85
PBI,Centro 2,Online,2026-08-24,82
CYB,Centro 2,Hybrid,2026-08-24,80
INF,Centro 3,In-person,2026-08-24,80
HOT,Centro 3,In-person,2026-08-24,77
PBI,Centro 3,Hybrid,2026-08-24,74
LID,Centro 3,Online,2026-08-24,72
SST,Centro 1,Hybrid,2026-08-24,72
PYT,Centro 2,Online,2026-08-24,70
CYB,Centro 1,Hybrid,2026-08-24,69
SCI,Centro 5,In-person,2026-08-24,68
HCP,Centro 4,In-person,2026-08-24,66
GER,Centro 2,Hybrid,2026-08-24,64
HAC,Centro 1,In-person,2026-08-24,64
PYT,Centro 2,In-person,2026-08-24,63
SEG,Centro 1,Hybrid,2026-08-24,63
SST,Centro 1,In-person,2026-08-24,63
GES,Centro 4,Online,2026-08-24,62
PYT,Centro 5,Online,2026-08-24,60
HAC,Centro 5,In-person,2026-08-24,59
GER,Centro 4,In-person,2026-08-24,57
LOG,Centro 5,Hybrid,2026-08-24,57
SST,Centro 3,In-person,2026-08-24,57
FOR,Centro 5,Online,2026-08-24,56
ING,Centro 1,Hybrid,2026-08-24,56
PBI,Centro 2,Hybrid,2026-08-24,53
TUR,Centro 2,Hybrid,2026-08-24,52
INF,Centro 5,Hybrid,2026-08-24,51
PBI,Centro 1,Online,2026-08-24,49
PRO,Centro 1,Hybrid,2026-08-24,49
SOC,Centro 3,In-person,2026-08-24,48
HCP,Centro 2,In-person,2026-08-24,47
SOC,Centro 5,In-person,2026-08-24,47
FOR,Centro 3,Hybrid,2026-08-24,46
HAC,Centro 3,In-person,2026-08-24,46
HCP,Centro 5,In-person,2026-08-24,45
PRI,Centro 4,Hybrid,2026-08-24,45
TUR,Centro 2,In-person,2026-08-24,45
FOR,Centro 4,Hybrid,2026-08-24,43
HOT,Centro 2,Hybrid,2026-08-24,43
VND,Centro 5,Online,2026-08-24,43
VND,Centro 1,Hybrid,2026-08-24,43
LOG,Centro 5,In-person,2026-08-24,42
LID,Centro 4,Online,2026-08-24,40
SST,Centro 4,In-person,2026-08-24,40
HOT,Centro 2,In-person,2026-08-24,38
PRI,Centro 3,In-person,2026-08-24,38
SCI,Centro 2,Hybrid,2026-08-24,38
PBI,Centro 1,In-person,2026-08-24,36
HAC,Centro 4,Online,2026-08-24,35
TUR,Centro 3,In-person,2026-08-24,35
GER,Centro 4,Hybrid,2026-08-24,34
GER,Centro 2,In-person,2026-08-24,34
PBI,Centro 5,Hybrid,2026-08-24,34
PRI,Centro 2,In-person,2026-08-24,34
PBI,Centro 1,Hybrid,2026-08-24,30
SCI,Centro 1,Hybrid,2026-08-24,30
SEG,Centro 3,Hybrid,2026-08-24,30
CYB,Centro 1,Online,2026-08-24,29
GES,Centro 1,Online,2026-08-24,29
GES,Centro 4,Hybrid,2026-08-24,29
MNT,Centro 3,In-person,2026-08-24,28
PBI,Centro 5,Online,2026-08-24,28
INF,Centro 4,In-person,2026-08-24,27
LOG,Centro 3,Hybrid,2026-08-24,27
PYT,Centro 5,Hybrid,2026-08-24,27
HAC,Centro 2,In-person,2026-08-24,26
GER,Centro 1,In-person,2026-08-24,25
HOT,Centro 5,Hybrid,2026-08-24,25
SOC,Centro 1,Hybrid,2026-08-24,25
TUR,Centro 4,In-person,2026-08-24,25
LID,Centro 2,In-person,2026-08-24,24
VND,Centro 3,Hybrid,2026-08-24,24
EMP,Centro 1,In-person,2026-08-24,23
HOT,Centro 1,In-person,2026-08-24,22
LID,Centro 1,In-person,2026-08-24,22
VND,Centro 4,In-person,2026-08-24,22
PYT,Centro 1,Hybrid,2026-08-24,21
PBI,Centro 4,In-person,2026-08-24,20
SEG,Centro 5,Online,2026-08-24,20
INF,Centro 3,Hybrid,2026-08-24,19
LOG,Centro 4,Hybrid,2026-08-24,19
SCI,Centro 3,In-person,2026-08-24,19
SEG,Centro 3,Online,2026-08-24,19
EXC,Centro 1,Hybrid,2026-08-24,18
GES,Centro 5,Hybrid,2026-08-24,18
PRI,Centro 1,Hybrid,2026-08-24,17
PRI,Centro 5,Hybrid,2026-08-24,17
PRO,Centro 3,Hybrid,2026-08-24,17
PYT,Centro 2,Hybrid,2026-08-24,17
GER,Centro 5,Hybrid,2026-08-24,16
HOT,Centro 1,Hybrid,2026-08-24,16
PRI,Centro 4,In-person,2026-08-24,16
SEG,Centro 2,In-person,2026-08-24,16
EXC,Centro 2,Online,2026-08-24,15
SCI,Centro 4,In-person,2026-08-24,15
EMP,Centro 4,In-person,2026-08-24,14
EXC,Centro 3,Online,2026-08-24,14
EXC,Centro 4,In-person,2026-08-24,14
GES,Centro 5,Online,2026-08-24,14
PRI,Centro 2,Hybrid,2026-08-24,14
SOC,Centro 3,Hybrid,2026-08-24,13
FOR,Centro 1,Hybrid,2026-08-24,12
LID,Centro 4,Hybrid,2026-08-24,12
LOG,Centro 1,Hybrid,2026-08-24,12
SST,Centro 2,Hybrid,2026-08-24,12
VND,Centro 2,Hybrid,2026-08-24,12
HAC,Centro 2,Hybrid,2026-08-24,10
PYT,Centro 4,Online,2026-08-24,10
SEG,Centro 1,In-person,2026-08-24,10
HCP,Centro 5,Hybrid,2026-08-24,9
SST,Centro 2,In-person,2026-08-24,9
CYB,Centro 5,Hybrid,2026-08-24,8
ING,Centro 2,Hybrid,2026-08-24,8
PRO,Centro 1,In-person,2026-08-24,8
HOT,Centro 3,Hybrid,2026-08-24,7
MNT,Centro 2,In-person,2026-08-24,7
PYT,Centro 5,In-person,2026-08-24,7
EXC,Centro 2,In-person,2026-08-24,6
FOR,Centro 2,In-person,2026-08-24,6
INF,Centro 5,In-person,2026-08-24,6
TUR,Centro 1,Hybrid,2026-08-24,6
LID,Centro 3,In-person,2026-08-24,5
PRO,Centro 4,In-person,2026-08-24,5
EXC,Centro 1,Online,2026-08-24,4
HCP,Centro 3,In-person,2026-08-24,4
PRO,Centro 5,Hybrid,2026-08-24,4
SCI,Centro 1,In-person,2026-08-24,4
TUR,Centro 5,In-person,2026-08-24,4
VND,Centro 5,In-person,2026-08-24,4
EMP,Centro 3,In-person,2026-08-24,3
HOT,Centro 4,Hybrid,2026-08-24,3
ING,Centro 2,Online,2026-08-24,3
LID,Centro 4,In-person,2026-08-24,3
SST,Centro 5,Hybrid,2026-08-24,3
LOG,Centro 1,In-person,2026-08-31,255
GER,Centro 3,In-person,2026-08-31,249
PBI,Centro 2,Online,2026-08-31,217
SEG,Centro 1,In-person,2026-08-31,166
EXC,Centro 4,Online,2026-08-31,142
EXC,Centro 5,Online,2026-08-31,139
SCI,Centro 5,In-person,2026-08-31,136
CYB,Centro 4,Hybrid,2026-08-31,109
SCI,Centro 2,Hybrid,2026-08-31,106
PBI,Centro 1,Hybrid,2026-08-31,104
CYB,Centro 1,Hybrid,2026-08-31,100
VND,Centro 5,In-person,2026-08-31,97
MNT,Centro 2,In-person,2026-08-31,96
HCP,Centro 5,In-person,2026-08-31,95
FOR,Centro 2,Hybrid,2026-08-31,92
PBI,Centro 2,Hybrid,2026-08-31,92
PYT,Centro 4,Hybrid,2026-08-31,92
EXC,Centro 3,Online,2026-08-31,89
SST,Centro 5,Online,2026-08-31,89
MNT,Centro 1,In-person,2026-08-31,88
PBI,Centro 5,Online,2026-08-31,88
PRO,Centro 4,In-person,2026-08-31,88
SOC,Centro 3,In-person,2026-08-31,88
SEG,Centro 3,In-person,2026-08-31,82
CYB,Centro 4,In-person,2026-08-31,81
PRO,Centro 4,Hybrid,2026-08-31,77
TUR,Centro 3,In-person,2026-08-31,76
HCP,Centro 5,Hybrid,2026-08-31,75
HOT,Centro 2,In-person,2026-08-31,75
FOR,Centro 4,Online,2026-08-31,74
SCI,Centro 1,In-person,2026-08-31,74
INF,Centro 1,Hybrid,2026-08-31,72
LOG,Centro 2,In-person,2026-08-31,69
SST,Centro 4,Hybrid,2026-08-31,69
ING,Centro 2,Hybrid,2026-08-31,68
SST,Centro 3,Online,2026-08-31,67
PYT,Centro 3,Hybrid,2026-08-31,66
VND,Centro 3,Hybrid,2026-08-31,66
EXC,Centro 5,Hybrid,2026-08-31,65
EXC,Centro 4,Hybrid,2026-08-31,64
SEG,Centro 5,Online,2026-08-31,63
CYB,Centro 2,Online,2026-08-31,62
PBI,Centro 4,Online,2026-08-31,62
EXC,Centro 2,Online,2026-08-31,60
PRI,Centro 3,Hybrid,2026-08-31,60
PBI,Centro 4,Hybrid,2026-08-31,59
GES,Centro 5,Hybrid,2026-08-31,58
SST,Centro 3,Hybrid,2026-08-31,58
SST,Centro 4,In-person,2026-08-31,58
FOR,Centro 3,In-person,2026-08-31,57
FOR,Centro 5,Online,2026-08-31,56
PRI,Centro 1,Hybrid,2026-08-31,56
SST,Centro 2,Hybrid,2026-08-31,56
LID,Centro 2,Online,2026-08-31,55
EMP,Centro 3,In-person,2026-08-31,54
EMP,Centro 2,In-person,2026-08-31,53
PYT,Centro 1,Online,2026-08-31,53
LID,Centro 3,Online,2026-08-31,52
HAC,Centro 1,In-person,2026-08-31,51
EXC,Centro 2,In-person,2026-08-31,49
GER,Centro 1,Hybrid,2026-08-31,49
TUR,Centro 3,Hybrid,2026-08-31,49
CYB,Centro 3,Hybrid,2026-08-31,48
CYB,Centro 5,In-person,2026-08-31,48
PBI,Centro 3,In-person,2026-08-31,47
LOG,Centro 5,Hybrid,2026-08-31,45
SEG,Centro 4,Hybrid,2026-08-31,45
SST,Centro 3,In-person,2026-08-31,45
CYB,Centro 4,Online,2026-08-31,43
FOR,Centro 3,Hybrid,2026-08-31,42
PRO,Centro 2,Online,2026-08-31,42
CYB,Centro 5,Hybrid,2026-08-31,41
VND,Centro 1,Hybrid,2026-08-31,41
PRI,Centro 5,In-person,2026-08-31,38
VND,Centro 1,In-person,2026-08-31,38
HAC,Centro 2,In-person,2026-08-31,37
MNT,Centro 4,In-person,2026-08-31,36
EXC,Centro 3,In-person,2026-08-31,34
FOR,Centro 3,Online,2026-08-31,34
HCP,Centro 4,In-person,2026-08-31,34
CYB,Centro 3,In-person,2026-08-31,33
PYT,Centro 5,In-person,2026-08-31,33
GER,Centro 2,Hybrid,2026-08-31,32
HOT,Centro 2,Hybrid,2026-08-31,32
PBI,Centro 5,In-person,2026-08-31,32
HOT,Centro 5,In-person,2026-08-31,31
PBI,Centro 5,Hybrid,2026-08-31,31
PYT,Centro 3,Online,2026-08-31,29
SCI,Centro 4,In-person,2026-08-31,29
LID,Centro 5,Online,2026-08-31,28
SEG,Centro 3,Online,2026-08-31,28
PRO,Centro 1,In-person,2026-08-31,26
CYB,Centro 2,Hybrid,2026-08-31,25
FOR,Centro 5,Hybrid,2026-08-31,25
HAC,Centro 3,In-person,2026-08-31,25
PYT,Centro 4,Online,2026-08-31,24
GER,Centro 2,In-person,2026-08-31,23
LID,Centro 4,Online,2026-08-31,23
PRI,Centro 5,Hybrid,2026-08-31,23
EMP,Centro 4,In-person,2026-08-31,22
INF,Centro 4,Hybrid,2026-08-31,22
MNT,Centro 5,In-person,2026-08-31,22
SOC,Centro 5,Hybrid,2026-08-31,22
SST,Centro 1,Hybrid,2026-08-31,22
PRI,Centro 2,In-person,2026-08-31,21
VND,Centro 2,Hybrid,2026-08-31,21
HCP,Centro 2,Hybrid,2026-08-31,20
GES,Centro 5,In-person,2026-08-31,19
LID,Centro 4,Hybrid,2026-08-31,19
SCI,Centro 1,Hybrid,2026-08-31,19
EXC,Centro 2,Hybrid,2026-08-31,18
PYT,Centro 2,In-person,2026-08-31,16
TUR,Centro 2,Hybrid,2026-08-31,16
EXC,Centro 1,Hybrid,2026-08-31,15
ING,Centro 4,Hybrid,2026-08-31,15
PBI,Centro 1,Online,2026-08-31,15
SOC,Centro 5,In-person,2026-08-31,15
TUR,Centro 5,In-person,2026-08-31,15
PRO,Centro 4,Online,2026-08-31,14
INF,Centro 3,Hybrid,2026-08-31,13
EXC,Centro 1,Online,2026-08-31,12
GES,Centro 1,In-person,2026-08-31,12
HAC,Centro 5,In-person,2026-08-31,12
ING,Centro 1,Online,2026-08-31,11
MNT,Centro 3,In-person,2026-08-31,11
PRI,Centro 1,In-person,2026-08-31,10
PRI,Centro 4,In-person,2026-08-31,10
PRO,Centro 3,In-person,2026-08-31,10
TUR,Centro 5,Hybrid,2026-08-31,10
TUR,Centro 4,In-person,2026-08-31,10
VND,Centro 2,Online,2026-08-31,10
EXC,Centro 4,In-person,2026-08-31,9
INF,Centro 5,Hybrid,2026-08-31,9
LID,Centro 1,Online,2026-08-31,9
LOG,Centro 5,In-person,2026-08-31,9
PRI,Centro 3,In-person,2026-08-31,9
PRO,Centro 3,Online,2026-08-31,9
TUR,Centro 1,In-person,2026-08-31,9
TUR,Centro 1,Hybrid,2026-08-31,8
GER,Centro 3,Hybrid,2026-08-31,7
HAC,Centro 5,Hybrid,2026-08-31,7
INF,Centro 3,In-person,2026-08-31,7
LID,Centro 4,In-person,2026-08-31,7
SEG,Centro 1,Hybrid,2026-08-31,7
SST,Centro 5,Hybrid,2026-08-31,7
PRI,Centro 4,Hybrid,2026-08-31,6
CYB,Centro 5,Online,2026-08-31,5
CYB,Centro 2,In-person,2026-08-31,5
PRO,Centro 2,Hybrid,2026-08-31,5
CYB,Centro 1,In-person,2026-08-31,4
HOT,Centro 3,In-person,2026-08-31,4
INF,Centro 4,In-person,2026-08-31,4
LID,Centro 5,In-person,2026-08-31,4
LOG,Centro 3,In-person,2026-08-31,4
PRO,Centro 5,Hybrid,2026-08-31,4
SCI,Centro 3,In-person,2026-08-31,4
SEG,Centro 4,In-person,2026-08-31,4
SST,Centro 1,In-person,2026-08-31,4
SST,Centro 2,In-person,2026-08-31,4
VND,Centro 5,Online,2026-08-31,4
EXC,Centro 3,Hybrid,2026-08-31,3
GER,Centro 5,Hybrid,2026-08-31,3
GER,Centro 5,In-person,2026-08-31,3
HAC,Centro 2,Hybrid,2026-08-31,3
HCP,Centro 1,In-person,2026-08-31,3
HCP,Centro 3,In-person,2026-08-31,3
INF,Centro 5,In-person,2026-08-31,3
SEG,Centro 5,In-person,2026-08-31,3
TUR,Centro 2,In-person,2026-08-31,3
GER,Centro 1,Hybrid,2026-09-07,143
SST,Centro 3,Hybrid,2026-09-07,143
LOG,Centro 1,In-person,2026-09-07,135
SOC,Centro 3,In-person,2026-09-07,130
MNT,Centro 4,In-person,2026-09-07,115
GER,Centro 3,In-person,2026-09-07,113
ING,Centro 2,Hybrid,2026-09-07,113
VND,Centro 4,Hybrid,2026-09-07,112
CYB,Centro 2,Online,2026-09-07,107
HOT,Centro 2,In-person,2026-09-07,106
HOT,Centro 3,In-person,2026-09-07,100
PBI,Centro 2,Online,2026-09-07,98
PBI,Centro 5,In-person,2026-09-07,98
PBI,Centro 1,Hybrid,2026-09-07,97
GES,Centro 5,In-person,2026-09-07,95
MNT,Centro 1,In-person,2026-09-07,95
GES,Centro 4,Online,2026-09-07,94
GER,Centro 2,In-person,2026-09-07,92
SST,Centro 2,In-person,2026-09-07,92
GER,Centro 5,In-person,2026-09-07,89
ING,Centro 4,In-person,2026-09-07,89
CYB,Centro 5,Online,2026-09-07,86
ING,Centro 3,Online,2026-09-07,86
EXC,Centro 2,Online,2026-09-07,85
EXC,Centro 4,Hybrid,2026-09-07,82
INF,Centro 3,In-person,2026-09-07,79
GER,Centro 3,Hybrid,2026-09-07,73
PRO,Centro 2,Hybrid,2026-09-07,72
VND,Centro 5,Online,2026-09-07,71
PBI,Centro 1,In-person,2026-09-07,70
PRI,Centro 5,In-person,2026-09-07,70
EXC,Centro 4,In-person,2026-09-07,69
ING,Centro 2,Online,2026-09-07,68
PRO,Centro 4,In-person,2026-09-07,68
PBI,Centro 4,In-person,2026-09-07,66
HAC,Centro 2,In-person,2026-09-07,65
GES,Centro 5,Online,2026-09-07,64
MNT,Centro 2,In-person,2026-09-07,64
VND,Centro 2,Hybrid,2026-09-07,64
CYB,Centro 3,Online,2026-09-07,63
CYB,Centro 4,In-person,2026-09-07,63
MNT,Centro 3,In-person,2026-09-07,62
SEG,Centro 2,In-person,2026-09-07,62
EMP,Centro 3,In-person,2026-09-07,60
PRI,Centro 5,Hybrid,2026-09-07,59
EXC,Centro 3,Online,2026-09-07,58
PRO,Centro 5,Hybrid,2026-09-07,58
LID,Centro 3,In-person,2026-09-07,56
CYB,Centro 4,Hybrid,2026-09-07,55
TUR,Centro 1,In-person,2026-09-07,55
LID,Centro 2,Online,2026-09-07,53
PYT,Centro 5,Online,2026-09-07,53
SCI,Centro 1,In-person,2026-09-07,53
SEG,Centro 5,In-person,2026-09-07,53
LOG,Centro 2,In-person,2026-09-07,51
INF,Centro 5,In-person,2026-09-07,50
MNT,Centro 5,In-person,2026-09-07,49
CYB,Centro 2,Hybrid,2026-09-07,48
HAC,Centro 4,In-person,2026-09-07,48
ING,Centro 5,Hybrid,2026-09-07,48
PRO,Centro 1,In-person,2026-09-07,48
HAC,Centro 3,Online,2026-09-07,47
LOG,Centro 3,In-person,2026-09-07,47
PBI,Centro 1,Online,2026-09-07,46
CYB,Centro 5,In-person,2026-09-07,44
LID,Centro 1,Online,2026-09-07,43
PYT,Centro 4,Hybrid,2026-09-07,43
SOC,Centro 1,Hybrid,2026-09-07,43
SST,Centro 4,In-person,2026-09-07,43
ING,Centro 1,Hybrid,2026-09-07,42
INF,Centro 5,Hybrid,2026-09-07,39
GER,Centro 4,Hybrid,2026-09-07,37
LOG,Centro 5,In-person,2026-09-07,37
SCI,Centro 4,Hybrid,2026-09-07,37
EMP,Centro 2,In-person,2026-09-07,36
HAC,Centro 1,In-person,2026-09-07,36
HAC,Centro 5,In-person,2026-09-07,35
ING,Centro 2,In-person,2026-09-07,35
PBI,Centro 4,Hybrid,2026-09-07,35
SCI,Centro 2,Hybrid,2026-09-07,35
SCI,Centro 3,In-person,2026-09-07,35
TUR,Centro 3,Hybrid,2026-09-07,34
SEG,Centro 4,Hybrid,2026-09-07,33
FOR,Centro 3,In-person,2026-09-07,32
TUR,Centro 2,In-person,2026-09-07,32
VND,Centro 3,Hybrid,2026-09-07,31
SEG,Centro 5,Online,2026-09-07,30
LID,Centro 1,In-person,2026-09-07,29
PRI,Centro 4,In-person,2026-09-07,29
LID,Centro 5,Online,2026-09-07,28
CYB,Centro 1,Hybrid,2026-09-07,27
GER,Centro 4,In-person,2026-09-07,27
GES,Centro 2,Online,2026-09-07,27
PRO,Centro 4,Online,2026-09-07,26
PRO,Centro 2,Online,2026-09-07,25
SST,Centro 1,In-person,2026-09-07,25
CYB,Centro 3,In-person,2026-09-07,23
FOR,Centro 4,Hybrid,2026-09-07,23
LID,Centro 4,In-person,2026-09-07,22
PYT,Centro 1,Online,2026-09-07,22
VND,Centro 2,Online,2026-09-07,22
FOR,Centro 3,Hybrid,2026-09-07,21
PBI,Centro 2,Hybrid,2026-09-07,21
PRI,Centro 3,Hybrid,2026-09-07,20
TUR,Centro 3,In-person,2026-09-07,20
PBI,Centro 5,Hybrid,2026-09-07,19
TUR,Centro 1,Hybrid,2026-09-07,19
VND,Centro 5,In-person,2026-09-07,19
EXC,Centro 2,In-person,2026-09-07,18
ING,Centro 5,Online,2026-09-07,18
GES,Centro 5,Hybrid,2026-09-07,17
CYB,Centro 4,Online,2026-09-07,16
FOR,Centro 4,Online,2026-09-07,16
HCP,Centro 5,In-person,2026-09-07,16
HOT,Centro 5,Hybrid,2026-09-07,16
HOT,Centro 5,In-person,2026-09-07,16
LID,Centro 3,Hybrid,2026-09-07,15
FOR,Centro 5,Online,2026-09-07,14
PYT,Centro 2,Online,2026-09-07,14
PYT,Centro 4,Online,2026-09-07,14
SST,Centro 5,In-person,2026-09-07,13
PYT,Centro 5,In-person,2026-09-07,12
SEG,Centro 1,In-person,2026-09-07,12
SCI,Centro 5,In-person,2026-09-07,11
LID,Centro 5,Hybrid,2026-09-07,10
PBI,Centro 4,Online,2026-09-07,10
TUR,Centro 4,In-person,2026-09-07,10
GES,Centro 4,In-person,2026-09-07,9
PRO,Centro 1,Hybrid,2026-09-07,9
SST,Centro 5,Online,2026-09-07,9
PRO,Centro 4,Hybrid,2026-09-07,8
CYB,Centro 3,Hybrid,2026-09-07,7
EXC,Centro 5,Online,2026-09-07,7
GES,Centro 3,Online,2026-09-07,7
GES,Centro 1,In-person,2026-09-07,7
HAC,Centro 5,Hybrid,2026-09-07,7
HCP,Centro 3,In-person,2026-09-07,7
LID,Centro 2,Hybrid,2026-09-07,7
PYT,Centro 2,In-person,2026-09-07,7
HOT,Centro 4,Hybrid,2026-09-07,6
ING,Centro 4,Hybrid,2026-09-07,6
SST,Centro 3,In-person,2026-09-07,6
VND,Centro 2,In-person,2026-09-07,6
PBI,Centro 3,Hybrid,2026-09-07,5
PYT,Centro 2,Hybrid,2026-09-07,5
SOC,Centro 3,Hybrid,2026-09-07,5
EMP,Centro 1,In-person,2026-09-07,4
EMP,Centro 5,In-person,2026-09-07,4
HAC,Centro 5,Online,2026-09-07,4
HCP,Centro 4,In-person,2026-09-07,4
INF,Centro 4,Hybrid,2026-09-07,4
LID,Centro 4,Hybrid,2026-09-07,4
LOG,Centro 1,Hybrid,2026-09-07,4
SCI,Centro 2,In-person,2026-09-07,4
SST,Centro 4,Hybrid,2026-09-07,4
TUR,Centro 2,Hybrid,2026-09-07,4
VND,Centro 4,In-person,2026-09-07,4
EXC,Centro 1,Hybrid,2026-09-07,3
INF,Centro 4,In-person,2026-09-07,3
SOC,Centro 4,In-person,2026-09-07,3
SST,Centro 1,Hybrid,2026-09-07,3
CYB,Centro 4,Online,2026-09-14,203
PYT,Centro 5,Online,2026-09-14,179
LID,Centro 4,Hybrid,2026-09-14,148
VND,Centro 3,Hybrid,2026-09-14,148
PBI,Centro 4,Hybrid,2026-09-14,146
PYT,Centro 4,Online,2026-09-14,135
INF,Centro 4,In-person,2026-09-14,125
SCI,Centro 1,Hybrid,2026-09-14,122
PRI,Centro 1,In-person,2026-09-14,118
PYT,Centro 5,Hybrid,2026-09-14,111
LID,Centro 5,Hybrid,2026-09-14,108
LID,Centro 3,Hybrid,2026-09-14,107
PBI,Centro 4,Online,2026-09-14,104
INF,Centro 3,In-person,2026-09-14,103
VND,Centro 2,In-person,2026-09-14,102
GER,Centro 3,In-person,2026-09-14,100
EXC,Centro 3,Online,2026-09-14,97
LID,Centro 5,Online,2026-09-14,96
CYB,Centro 2,Online,2026-09-14,95
SEG,Centro 1,Online,2026-09-14,95
CYB,Centro 5,Online,2026-09-14,93
LOG,Centro 2,In-person,2026-09-14,93
PBI,Centro 1,Online,2026-09-14,93
PRO,Centro 4,Online,2026-09-14,93
LID,Centro 3,In-person,2026-09-14,91
MNT,Centro 1,In-person,2026-09-14,89
FOR,Centro 5,Online,2026-09-14,88
FOR,Centro 2,Hybrid,2026-09-14,86
GES,Centro 1,In-person,2026-09-14,86
LOG,Centro 5,In-person,2026-09-14,84
VND,Centro 2,Online,2026-09-14,81
PYT,Centro 2,In-person,2026-09-14,79
PRO,Centro 1,In-person,2026-09-14,78
MNT,Centro 3,In-person,2026-09-14,77
PYT,Centro 2,Online,2026-09-14,76
VND,Centro 5,Online,2026-09-14,76
EXC,Centro 2,Hybrid,2026-09-14,73
FOR,Centro 3,Hybrid,2026-09-14,72
HAC,Centro 4,Online,2026-09-14,72
LID,Centro 4,Online,2026-09-14,72
PYT,Centro 2,Hybrid,2026-09-14,72
GER,Centro 4,In-person,2026-09-14,71
SCI,Centro 1,In-person,2026-09-14,71
PRO,Centro 3,Hybrid,2026-09-14,69
FOR,Centro 4,Hybrid,2026-09-14,68
PRI,Centro 4,In-person,2026-09-14,67
PRO,Centro 5,Hybrid,2026-09-14,67
PYT,Centro 1,Hybrid,2026-09-14,65
SST,Centro 5,Online,2026-09-14,65
TUR,Centro 1,Hybrid,2026-09-14,65
CYB,Centro 2,Hybrid,2026-09-14,63
PBI,Centro 2,Online,2026-09-14,61
SEG,Centro 1,In-person,2026-09-14,61
LID,Centro 4,In-person,2026-09-14,59
MNT,Centro 5,In-person,2026-09-14,59
GER,Centro 2,Hybrid,2026-09-14,58
CYB,Centro 3,In-person,2026-09-14,57
GES,Centro 1,Hybrid,2026-09-14,57
HAC,Centro 3,Hybrid,2026-09-14,56
PBI,Centro 5,In-person,2026-09-14,55
LOG,Centro 1,In-person,2026-09-14,54
LOG,Centro 4,In-person,2026-09-14,54
PRI,Centro 5,In-person,2026-09-14,54
EXC,Centro 4,In-person,2026-09-14,53
PRO,Centro 2,Online,2026-09-14,51
GER,Centro 5,Hybrid,2026-09-14,50
SEG,Centro 2,In-person,2026-09-14,50
GER,Centro 1,Hybrid,2026-09-14,49
GER,Centro 2,In-person,2026-09-14,49
GER,Centro 5,In-person,2026-09-14,49
SOC,Centro 2,In-person,2026-09-14,48
SEG,Centro 4,Hybrid,2026-09-14,46
SEG,Centro 3,In-person,2026-09-14,46
CYB,Centro 4,In-person,2026-09-14,45
FOR,Centro 3,Online,2026-09-14,45
PBI,Centro 3,Online,2026-09-14,44
PRO,Centro 3,In-person,2026-09-14,43
EMP,Centro 5,In-person,2026-09-14,42
SST,Centro 3,Hybrid,2026-09-14,42
SST,Centro 1,In-person,2026-09-14,40
HOT,Centro 2,In-person,2026-09-14,39
HAC,Centro 1,Hybrid,2026-09-14,38
EXC,Centro 1,In-person,2026-09-14,37
HCP,Centro 1,In-person,2026-09-14,37
SEG,Centro 5,Online,2026-09-14,37
TUR,Centro 2,In-person,2026-09-14,37
HAC,Centro 5,Hybrid,2026-09-14,35
PYT,Centro 4,Hybrid,2026-09-14,35
EMP,Centro 1,In-person,2026-09-14,34
EXC,Centro 1,Hybrid,2026-09-14,34
LOG,Centro 3,In-person,2026-09-14,32
PRI,Centro 2,In-person,2026-09-14,32
SST,Centro 2,Online,2026-09-14,32
HOT,Centro 3,In-person,2026-09-14,31
SST,Centro 2,Hybrid,2026-09-14,30
TUR,Centro 4,In-person,2026-09-14,30
HOT,Centro 1,Hybrid,2026-09-14,29
TUR,Centro 1,In-person,2026-09-14,29
SEG,Centro 5,In-person,2026-09-14,28
PYT,Centro 3,Online,2026-09-14,26
LOG,Centro 5,Hybrid,2026-09-14,25
PBI,Centro 5,Hybrid,2026-09-14,25
PRO,Centro 2,Hybrid,2026-09-14,25
EMP,Centro 2,In-person,2026-09-14,24
HCP,Centro 5,In-person,2026-09-14,24
ING,Centro 5,Online,2026-09-14,24
PRI,Centro 1,Hybrid,2026-09-14,23
EMP,Centro 3,In-person,2026-09-14,21
HAC,Centro 3,Online,2026-09-14,21
LID,Centro 2,Hybrid,2026-09-14,20
PYT,Centro 1,Online,2026-09-14,20
SOC,Centro 3,In-person,2026-09-14,20
VND,Centro 4,Hybrid,2026-09-14,20
HAC,Centro 3,In-person,2026-09-14,19
INF,Centro 2,In-person,2026-09-14,19
VND,Centro 1,In-person,2026-09-14,19
FOR,Centro 3,In-person,2026-09-14,18
PRO,Centro 5,Online,2026-09-14,18
GES,Centro 5,Hybrid,2026-09-14,17
GES,Centro 4,In-person,2026-09-14,17
PRO,Centro 4,Hybrid,2026-09-14,17
EXC,Centro 3,In-person,2026-09-14,16
INF,Centro 3,Hybrid,2026-09-14,16
GES,Centro 3,Online,2026-09-14,15
HAC,Centro 5,In-person,2026-09-14,15
SEG,Centro 5,Hybrid,2026-09-14,15
EXC,Centro 5,Online,2026-09-14,14
ING,Centro 2,Hybrid,2026-09-14,14
MNT,Centro 4,In-person,2026-09-14,14
PBI,Centro 5,Online,2026-09-14,14
SCI,Centro 4,Hybrid,2026-09-14,14
ING,Centro 4,Online,2026-09-14,13
MNT,Centro 2,In-person,2026-09-14,13
SST,Centro 5,In-person,2026-09-14,13
CYB,Centro 4,Hybrid,2026-09-14,12
EXC,Centro 4,Online,2026-09-14,12
GES,Centro 5,In-person,2026-09-14,12
SST,Centro 4,Hybrid,2026-09-14,12
HCP,Centro 3,In-person,2026-09-14,10
PBI,Centro 1,Hybrid,2026-09-14,10
GES,Centro 2,Online,2026-09-14,9
HAC,Centro 2,Hybrid,2026-09-14,9
CYB,Centro 2,In-person,2026-09-14,8
HAC,Centro 2,In-person,2026-09-14,8
SST,Centro 3,Online,2026-09-14,8
CYB,Centro 1,Hybrid,2026-09-14,7
CYB,Centro 3,Hybrid,2026-09-14,7
EXC,Centro 2,Online,2026-09-14,7
HOT,Centro 5,In-person,2026-09-14,7
ING,Centro 3,Online,2026-09-14,7
VND,Centro 4,In-person,2026-09-14,7
EXC,Centro 2,In-person,2026-09-14,6
INF,Centro 4,Hybrid,2026-09-14,6
PRI,Centro 5,Hybrid,2026-09-14,6
SST,Centro 1,Hybrid,2026-09-14,6
SST,Centro 4,In-person,2026-09-14,6
GES,Centro 4,Online,2026-09-14,5
LID,Centro 1,Online,2026-09-14,5
PRO,Centro 3,Online,2026-09-14,5
PYT,Centro 3,Hybrid,2026-09-14,5
HAC,Centro 5,Online,2026-09-14,4
HCP,Centro 2,Hybrid,2026-09-14,4
HCP,Centro 4,In-person,2026-09-14,3
HOT,Centro 4,Hybrid,2026-09-14,3
TUR,Centro 3,Hybrid,2026-09-14,3
VND,Centro 2,Hybrid,2026-09-14,3
SEG,Centro 1,Hybrid,2026-09-21,233
HAC,Centro 5,In-person,2026-09-21,176
PRI,Centro 1,Hybrid,2026-09-21,145
PBI,Centro 1,Hybrid,2026-09-21,135
SCI,Centro 1,Hybrid,2026-09-21,119
MNT,Centro 5,In-person,2026-09-21,118
PBI,Centro 2,Hybrid,2026-09-21,115
SEG,Centro 2,Hybrid,2026-09-21,111
EXC,Centro 5,Online,2026-09-21,108
CYB,Centro 3,Online,2026-09-21,106
PRO,Centro 5,Online,2026-09-21,104
HCP,Centro 5,In-person,2026-09-21,101
SST,Centro 4,In-person,2026-09-21,101
PRO,Centro 4,Online,2026-09-21,100
PBI,Centro 1,Online,2026-09-21,99
PYT,Centro 4,Online,2026-09-21,93
TUR,Centro 1,Hybrid,2026-09-21,93
CYB,Centro 2,Hybrid,2026-09-21,92
FOR,Centro 3,Hybrid,2026-09-21,90
SEG,Centro 3,Hybrid,2026-09-21,90
EXC,Centro 4,Hybrid,2026-09-21,88
GES,Centro 5,In-person,2026-09-21,86
PRO,Centro 4,In-person,2026-09-21,86
HAC,Centro 3,Online,2026-09-21,85
PBI,Centro 4,Online,2026-09-21,85
HOT,Centro 3,In-person,2026-09-21,82
PRO,Centro 2,Online,2026-09-21,81
EXC,Centro 3,Online,2026-09-21,77
HOT,Centro 4,Hybrid,2026-09-21,71
LID,Centro 3,Hybrid,2026-09-21,71
PYT,Centro 4,Hybrid,2026-09-21,71
ING,Centro 4,Online,2026-09-21,70
LID,Centro 5,Hybrid,2026-09-21,69
TUR,Centro 1,In-person,2026-09-21,69
PBI,Centro 5,Online,2026-09-21,68
CYB,Centro 2,In-person,2026-09-21,67
GES,Centro 1,Hybrid,2026-09-21,67
PRO,Centro 1,Hybrid,2026-09-21,66
PBI,Centro 2,Online,2026-09-21,65
GER,Centro 3,In-person,2026-09-21,64
CYB,Centro 4,In-person,2026-09-21,60
INF,Centro 3,In-person,2026-09-21,60
ING,Centro 3,Online,2026-09-21,60
MNT,Centro 1,In-person,2026-09-21,60
VND,Centro 2,Online,2026-09-21,60
PBI,Centro 4,Hybrid,2026-09-21,59
SCI,Centro 4,In-person,2026-09-21,58
FOR,Centro 3,Online,2026-09-21,56
HCP,Centro 2,In-person,2026-09-21,56
SEG,Centro 1,In-person,2026-09-21,54
HOT,Centro 2,Hybrid,2026-09-21,52
PRO,Centro 3,Online,2026-09-21,52
HOT,Centro 5,In-person,2026-09-21,51
SOC,Centro 1,Hybrid,2026-09-21,51
HCP,Centro 3,In-person,2026-09-21,49
LOG,Centro 1,In-person,2026-09-21,49
PYT,Centro 1,Online,2026-09-21,49
EXC,Centro 3,Hybrid,2026-09-21,48
PRO,Centro 1,Online,2026-09-21,48
PYT,Centro 5,Hybrid,2026-09-21,48
SOC,Centro 4,In-person,2026-09-21,48
PRO,Centro 1,In-person,2026-09-21,46
VND,Centro 4,Hybrid,2026-09-21,45
GER,Centro 2,Hybrid,2026-09-21,44
SST,Centro 4,Hybrid,2026-09-21,44
ING,Centro 2,Hybrid,2026-09-21,43
PBI,Centro 5,In-person,2026-09-21,43
HCP,Centro 5,Hybrid,2026-09-21,42
CYB,Centro 3,In-person,2026-09-21,41
SCI,Centro 1,In-person,2026-09-21,38
CYB,Centro 5,Hybrid,2026-09-21,37
LID,Centro 4,Online,2026-09-21,36
SCI,Centro 3,In-person,2026-09-21,36
GER,Centro 3,Hybrid,2026-09-21,35
GES,Centro 5,Online,2026-09-21,35
HAC,Centro 4,Online,2026-09-21,35
INF,Centro 1,Hybrid,2026-09-21,35
LOG,Centro 5,Hybrid,2026-09-21,35
GER,Centro 4,In-person,2026-09-21,34
SST,Centro 3,Hybrid,2026-09-21,34
VND,Centro 3,Hybrid,2026-09-21,34
EXC,Centro 4,Online,2026-09-21,33
ING,Centro 5,Hybrid,2026-09-21,32
LID,Centro 4,Hybrid,2026-09-21,32
PYT,Centro 3,Online,2026-09-21,32
SEG,Centro 3,In-person,2026-09-21,32
TUR,Centro 2,In-person,2026-09-21,32
PRI,Centro 3,In-person,2026-09-21,31
PYT,Centro 1,Hybrid,2026-09-21,31
FOR,Centro 4,Hybrid,2026-09-21,30
GER,Centro 5,Hybrid,2026-09-21,30
INF,Centro 2,Hybrid,2026-09-21,28
ING,Centro 5,Online,2026-09-21,28
LOG,Centro 4,In-person,2026-09-21,28
PRI,Centro 2,In-person,2026-09-21,28
HOT,Centro 5,Hybrid,2026-09-21,27
SCI,Centro 2,In-person,2026-09-21,27
CYB,Centro 5,Online,2026-09-21,25
VND,Centro 4,In-person,2026-09-21,25
MNT,Centro 4,In-person,2026-09-21,24
FOR,Centro 2,Hybrid,2026-09-21,22
INF,Centro 4,In-person,2026-09-21,22
LID,Centro 3,In-person,2026-09-21,22
LOG,Centro 2,In-person,2026-09-21,22
PRO,Centro 5,Hybrid,2026-09-21,22
VND,Centro 2,In-person,2026-09-21,22
LID,Centro 1,Online,2026-09-21,21
CYB,Centro 3,Hybrid,2026-09-21,20
CYB,Centro 4,Online,2026-09-21,17
MNT,Centro 2,In-person,2026-09-21,17
PRI,Centro 1,In-person,2026-09-21,17
SCI,Centro 5,In-person,2026-09-21,17
SEG,Centro 5,Online,2026-09-21,17
TUR,Centro 4,Hybrid,2026-09-21,16
EMP,Centro 5,In-person,2026-09-21,15
VND,Centro 1,In-person,2026-09-21,15
SEG,Centro 4,Online,2026-09-21,14
LID,Centro 2,Hybrid,2026-09-21,13
LID,Centro 2,In-person,2026-09-21,13
SOC,Centro 2,In-person,2026-09-21,13
EMP,Centro 3,In-person,2026-09-21,12
EMP,Centro 4,In-person,2026-09-21,12
GER,Centro 1,In-person,2026-09-21,12
HCP,Centro 2,Hybrid,2026-09-21,12
FOR,Centro 1,In-person,2026-09-21,11
LID,Centro 4,In-person,2026-09-21,11
EXC,Centro 3,In-person,2026-09-21,10
HAC,Centro 2,Hybrid,2026-09-21,9
ING,Centro 2,Online,2026-09-21,9
ING,Centro 4,In-person,2026-09-21,9
LOG,Centro 1,Hybrid,2026-09-21,9
PRI,Centro 4,In-person,2026-09-21,9
CYB,Centro 2,Online,2026-09-21,8
ING,Centro 1,In-person,2026-09-21,8
LOG,Centro 4,Hybrid,2026-09-21,8
MNT,Centro 3,In-person,2026-09-21,8
PRI,Centro 5,In-person,2026-09-21,8
PYT,Centro 2,In-person,2026-09-21,8
EMP,Centro 1,In-person,2026-09-21,7
ING,Centro 5,In-person,2026-09-21,7
PBI,Centro 3,In-person,2026-09-21,7
SOC,Centro 3,In-person,2026-09-21,7
SST,Centro 5,Online,2026-09-21,7
SST,Centro 1,In-person,2026-09-21,7
SST,Centro 5,In-person,2026-09-21,7
VND,Centro 5,In-person,2026-09-21,7
HOT,Centro 2,In-person,2026-09-21,6
TUR,Centro 3,Hybrid,2026-09-21,6
HAC,Centro 2,In-person,2026-09-21,5
PBI,Centro 5,Hybrid,2026-09-21,5
EMP,Centro 2,In-person,2026-09-21,4
EXC,Centro 1,Hybrid,2026-09-21,4
GES,Centro 1,In-person,2026-09-21,4
HAC,Centro 5,Hybrid,2026-09-21,4
HCP,Centro 4,In-person,2026-09-21,4
INF,Centro 5,Hybrid,2026-09-21,4
SEG,Centro 1,Online,2026-09-21,4
SOC,Centro 2,Hybrid,2026-09-21,4
VND,Centro 3,Online,2026-09-21,4
EXC,Centro 1,Online,2026-09-21,3
EXC,Centro 4,In-person,2026-09-21,3
LOG,Centro 5,In-person,2026-09-21,3
SEG,Centro 2,In-person,2026-09-21,3
TUR,Centro 2,Hybrid,2026-09-21,3
TUR,Centro 5,In-person,2026-09-21,3
CYB,Centro 4,Hybrid,2026-09-21,1
PRO,Centro 2,Online,2026-09-28,203
HOT,Centro 2,In-person,2026-09-28,176
PYT,Centro 1,Hybrid,2026-09-28,133
MNT,Centro 1,In-person,2026-09-28,129
PYT,Centro 4,Online,2026-09-28,122
EXC,Centro 3,Online,2026-09-28,116
GES,Centro 2,Online,2026-09-28,111
SEG,Centro 3,Hybrid,2026-09-28,104
PBI,Centro 5,Online,2026-09-28,103
SOC,Centro 3,In-person,2026-09-28,103
MNT,Centro 4,In-person,2026-09-28,101
LID,Centro 5,Hybrid,2026-09-28,98
EMP,Centro 4,In-person,2026-09-28,97
PYT,Centro 5,Online,2026-09-28,96
LID,Centro 2,Hybrid,2026-09-28,95
GER,Centro 1,Hybrid,2026-09-28,94
PRO,Centro 5,Hybrid,2026-09-28,87
PYT,Centro 1,Online,2026-09-28,86
CYB,Centro 2,Hybrid,2026-09-28,84
SST,Centro 5,Online,2026-09-28,84
EXC,Centro 1,Hybrid,2026-09-28,83
SEG,Centro 1,In-person,2026-09-28,83
PRI,Centro 2,In-person,2026-09-28,82
CYB,Centro 3,Hybrid,2026-09-28,80
SST,Centro 1,In-person,2026-09-28,78
HAC,Centro 4,In-person,2026-09-28,77
PYT,Centro 3,Online,2026-09-28,77
MNT,Centro 5,In-person,2026-09-28,76
TUR,Centro 2,Hybrid,2026-09-28,75
INF,Centro 5,In-person,2026-09-28,74
HCP,Centro 5,Hybrid,2026-09-28,72
PBI,Centro 4,Online,2026-09-28,72
INF,Centro 2,Hybrid,2026-09-28,69
SOC,Centro 4,Hybrid,2026-09-28,69
TUR,Centro 2,In-person,2026-09-28,69
CYB,Centro 2,Online,2026-09-28,68
GES,Centro 2,In-person,2026-09-28,68
PBI,Centro 1,Hybrid,2026-09-28,68
SEG,Centro 1,Online,2026-09-28,68
PRO,Centro 1,In-person,2026-09-28,66
CYB,Centro 2,In-person,2026-09-28,65
SEG,Centro 2,Hybrid,2026-09-28,65
EMP,Centro 1,In-person,2026-09-28,64
EXC,Centro 2,Online,2026-09-28,64
ING,Centro 5,In-person,2026-09-28,64
PBI,Centro 5,In-person,2026-09-28,64
HOT,Centro 5,In-person,2026-09-28,63
FOR,Centro 3,Hybrid,2026-09-28,62
PRI,Centro 4,In-person,2026-09-28,62
LID,Centro 4,Hybrid,2026-09-28,61
HOT,Centro 3,In-person,2026-09-28,60
LOG,Centro 4,In-person,2026-09-28,60
ING,Centro 2,Hybrid,2026-09-28,58
CYB,Centro 1,Hybrid,2026-09-28,57
PBI,Centro 4,Hybrid,2026-09-28,57
FOR,Centro 1,Hybrid,2026-09-28,54
TUR,Centro 1,Hybrid,2026-09-28,54
PRI,Centro 3,Hybrid,2026-09-28,53
EXC,Centro 1,Online,2026-09-28,52
TUR,Centro 4,In-person,2026-09-28,51
VND,Centro 2,Hybrid,2026-09-28,50
PRO,Centro 2,Hybrid,2026-09-28,49
GER,Centro 5,Hybrid,2026-09-28,48
GES,Centro 4,In-person,2026-09-28,47
SCI,Centro 1,In-person,2026-09-28,46
VND,Centro 2,Online,2026-09-28,46
LID,Centro 4,Online,2026-09-28,45
CYB,Centro 4,Hybrid,2026-09-28,44
LOG,Centro 5,In-person,2026-09-28,44
SCI,Centro 5,In-person,2026-09-28,44
LID,Centro 3,Hybrid,2026-09-28,43
ING,Centro 2,Online,2026-09-28,42
EMP,Centro 3,In-person,2026-09-28,41
HAC,Centro 2,Hybrid,2026-09-28,41
EXC,Centro 4,Hybrid,2026-09-28,40
GER,Centro 2,In-person,2026-09-28,40
GES,Centro 3,Online,2026-09-28,40
LID,Centro 2,Online,2026-09-28,40
GES,Centro 3,Hybrid,2026-09-28,38
GER,Centro 3,In-person,2026-09-28,37
LOG,Centro 1,Hybrid,2026-09-28,37
PRO,Centro 3,In-person,2026-09-28,37
EMP,Centro 2,In-person,2026-09-28,36
LID,Centro 4,In-person,2026-09-28,35
MNT,Centro 3,In-person,2026-09-28,35
EXC,Centro 1,In-person,2026-09-28,34
LID,Centro 2,In-person,2026-09-28,34
PYT,Centro 4,Hybrid,2026-09-28,34
SST,Centro 3,Hybrid,2026-09-28,34
HAC,Centro 5,Online,2026-09-28,32
SOC,Centro 2,Hybrid,2026-09-28,32
PBI,Centro 2,Online,2026-09-28,31
VND,Centro 5,In-person,2026-09-28,31
HCP,Centro 5,In-person,2026-09-28,30
LOG,Centro 3,Hybrid,2026-09-28,30
HAC,Centro 5,Hybrid,2026-09-28,29
HCP,Centro 2,Hybrid,2026-09-28,29
ING,Centro 5,Online,2026-09-28,28
PYT,Centro 2,Hybrid,2026-09-28,28
GER,Centro 1,In-person,2026-09-28,27
LID,Centro 5,In-person,2026-09-28,26
SCI,Centro 2,In-person,2026-09-28,25
PRI,Centro 3,In-person,2026-09-28,24
PRO,Centro 4,In-person,2026-09-28,24
GER,Centro 3,Hybrid,2026-09-28,23
EXC,Centro 2,Hybrid,2026-09-28,22
INF,Centro 4,In-person,2026-09-28,22
LID,Centro 1,Hybrid,2026-09-28,22
LID,Centro 1,In-person,2026-09-28,22
PBI,Centro 1,In-person,2026-09-28,22
PBI,Centro 3,In-person,2026-09-28,22
HAC,Centro 1,Hybrid,2026-09-28,21
SEG,Centro 4,Hybrid,2026-09-28,21
GER,Centro 4,Hybrid,2026-09-28,20
LOG,Centro 2,In-person,2026-09-28,20
VND,Centro 4,Hybrid,2026-09-28,20
SEG,Centro 1,Hybrid,2026-09-28,19
SST,Centro 4,In-person,2026-09-28,19
PYT,Centro 3,Hybrid,2026-09-28,18
PYT,Centro 2,In-person,2026-09-28,15
SCI,Centro 4,Hybrid,2026-09-28,15
SOC,Centro 4,In-person,2026-09-28,15
PBI,Centro 2,Hybrid,2026-09-28,14
SEG,Centro 5,Hybrid,2026-09-28,14
SST,Centro 1,Hybrid,2026-09-28,14
FOR,Centro 5,Online,2026-09-28,13
PRO,Centro 4,Online,2026-09-28,13
SEG,Centro 3,In-person,2026-09-28,13
TUR,Centro 3,In-person,2026-09-28,13
GES,Centro 5,Hybrid,2026-09-28,12
HAC,Centro 5,In-person,2026-09-28,12
LOG,Centro 1,In-person,2026-09-28,12
ING,Centro 4,Online,2026-09-28,10
FOR,Centro 2,Hybrid,2026-09-28,9
HCP,Centro 3,In-person,2026-09-28,9
HOT,Centro 1,Hybrid,2026-09-28,9
SEG,Centro 2,In-person,2026-09-28,9
VND,Centro 1,In-person,2026-09-28,9
PRI,Centro 2,Hybrid,2026-09-28,8
EMP,Centro 5,In-person,2026-09-28,7
EXC,Centro 5,Online,2026-09-28,7
PBI,Centro 4,In-person,2026-09-28,7
TUR,Centro 5,In-person,2026-09-28,7
HAC,Centro 2,In-person,2026-09-28,6
INF,Centro 3,In-person,2026-09-28,6
SEG,Centro 5,In-person,2026-09-28,6
SST,Centro 2,Hybrid,2026-09-28,6
CYB,Centro 3,Online,2026-09-28,5
LID,Centro 1,Online,2026-09-28,5
VND,Centro 3,Online,2026-09-28,5
VND,Centro 3,Hybrid,2026-09-28,5
CYB,Centro 5,Hybrid,2026-09-28,4
CYB,Centro 3,In-person,2026-09-28,4
GER,Centro 5,In-person,2026-09-28,4
GES,Centro 2,Hybrid,2026-09-28,4
ING,Centro 3,Online,2026-09-28,4
SEG,Centro 2,Online,2026-09-28,4
SST,Centro 5,Hybrid,2026-09-28,4
GER,Centro 4,In-person,2026-09-28,3
LOG,Centro 3,In-person,2026-09-28,3
MNT,Centro 2,In-person,2026-09-28,3
SCI,Centro 2,Hybrid,2026-09-28,3
VND,Centro 4,Online,2026-09-28,3
VND,Centro 2,Online,2026-10-05,185
CYB,Centro 5,Online,2026-10-05,184
CYB,Centro 2,Online,2026-10-05,164
MNT,Centro 3,In-person,2026-10-05,150
TUR,Centro 5,Hybrid,2026-10-05,145
LID,Centro 5,In-person,2026-10-05,136
FOR,Centro 2,Hybrid,2026-10-05,129
PYT,Centro 4,Online,2026-10-05,128
PYT,Centro 3,Online,2026-10-05,122
CYB,Centro 4,Hybrid,2026-10-05,119
FOR,Centro 1,Online,2026-10-05,117
EMP,Centro 3,In-person,2026-10-05,113
CYB,Centro 2,Hybrid,2026-10-05,111
LID,Centro 3,Hybrid,2026-10-05,111
MNT,Centro 2,In-person,2026-10-05,106
EMP,Centro 5,In-person,2026-10-05,95
VND,Centro 5,Online,2026-10-05,95
PBI,Centro 4,Online,2026-10-05,93
GES,Centro 5,Online,2026-10-05,91
SST,Centro 1,Hybrid,2026-10-05,90
EMP,Centro 4,In-person,2026-10-05,89
EXC,Centro 3,Online,2026-10-05,89
PBI,Centro 1,Online,2026-10-05,87
SST,Centro 3,Hybrid,2026-10-05,87
MNT,Centro 4,In-person,2026-10-05,86
SCI,Centro 3,In-person,2026-10-05,84
EXC,Centro 4,Online,2026-10-05,79
HAC,Centro 5,Online,2026-10-05,77
HCP,Centro 5,In-person,2026-10-05,77
GES,Centro 2,Hybrid,2026-10-05,76
LID,Centro 1,In-person,2026-10-05,76
PYT,Centro 2,In-person,2026-10-05,76
PYT,Centro 5,Online,2026-10-05,71
CYB,Centro 4,In-person,2026-10-05,67
LID,Centro 1,Online,2026-10-05,65
EXC,Centro 1,Hybrid,2026-10-05,64
GES,Centro 5,Hybrid,2026-10-05,64
HCP,Centro 5,Hybrid,2026-10-05,64
GER,Centro 2,Hybrid,2026-10-05,62
HAC,Centro 2,In-person,2026-10-05,60
SEG,Centro 1,In-person,2026-10-05,59
LID,Centro 1,Hybrid,2026-10-05,58
PRO,Centro 1,Online,2026-10-05,57
HCP,Centro 3,In-person,2026-10-05,56
SEG,Centro 5,Hybrid,2026-10-05,55
CYB,Centro 1,Online,2026-10-05,54
PBI,Centro 4,Hybrid,2026-10-05,53
PRI,Centro 1,In-person,2026-10-05,53
CYB,Centro 4,Online,2026-10-05,52
PYT,Centro 1,Online,2026-10-05,52
FOR,Centro 5,Online,2026-10-05,49
HOT,Centro 3,In-person,2026-10-05,48
FOR,Centro 5,Hybrid,2026-10-05,47
SOC,Centro 2,In-person,2026-10-05,47
PYT,Centro 3,Hybrid,2026-10-05,46
GES,Centro 3,Hybrid,2026-10-05,45
PYT,Centro 4,Hybrid,2026-10-05,45
TUR,Centro 3,Hybrid,2026-10-05,45
INF,Centro 4,In-person,2026-10-05,44
LID,Centro 4,Online,2026-10-05,44
SEG,Centro 1,Online,2026-10-05,44
GER,Centro 4,In-person,2026-10-05,43
LID,Centro 2,Online,2026-10-05,43
EXC,Centro 4,Hybrid,2026-10-05,41
LID,Centro 4,Hybrid,2026-10-05,41
GER,Centro 4,Hybrid,2026-10-05,40
GER,Centro 2,In-person,2026-10-05,40
INF,Centro 5,Hybrid,2026-10-05,40
INF,Centro 3,In-person,2026-10-05,40
SST,Centro 1,In-person,2026-10-05,40
GER,Centro 1,Hybrid,2026-10-05,39
SCI,Centro 1,Hybrid,2026-10-05,39
GER,Centro 1,In-person,2026-10-05,38
SCI,Centro 4,In-person,2026-10-05,36
SEG,Centro 4,Hybrid,2026-10-05,36
VND,Centro 4,In-person,2026-10-05,36
SEG,Centro 1,Hybrid,2026-10-05,35
SEG,Centro 5,In-person,2026-10-05,35
TUR,Centro 5,In-person,2026-10-05,35
VND,Centro 4,Hybrid,2026-10-05,35
SST,Centro 4,In-person,2026-10-05,34
HAC,Centro 4,In-person,2026-10-05,32
INF,Centro 5,In-person,2026-10-05,32
LID,Centro 4,In-person,2026-10-05,32
GER,Centro 5,In-person,2026-10-05,30
PRO,Centro 3,Hybrid,2026-10-05,29
SCI,Centro 2,Hybrid,2026-10-05,28
EMP,Centro 2,In-person,2026-10-05,26
HOT,Centro 5,In-person,2026-10-05,26
MNT,Centro 5,In-person,2026-10-05,26
PBI,Centro 5,In-person,2026-10-05,25
SST,Centro 5,In-person,2026-10-05,25
GER,Centro 3,In-person,2026-10-05,24
ING,Centro 1,In-person,2026-10-05,24
GES,Centro 1,Hybrid,2026-10-05,23
PRI,Centro 1,Hybrid,2026-10-05,23
PRO,Centro 4,In-person,2026-10-05,23
CYB,Centro 3,In-person,2026-10-05,21
LOG,Centro 4,Hybrid,2026-10-05,21
LOG,Centro 2,In-person,2026-10-05,19
CYB,Centro 3,Hybrid,2026-10-05,18
SST,Centro 3,In-person,2026-10-05,18
GES,Centro 2,In-person,2026-10-05,17
SOC,Centro 3,In-person,2026-10-05,17
EXC,Centro 3,Hybrid,2026-10-05,16
MNT,Centro 1,In-person,2026-10-05,15
PRI,Centro 3,In-person,2026-10-05,14
TUR,Centro 1,Hybrid,2026-10-05,13
EMP,Centro 1,In-person,2026-10-05,12
ING,Centro 2,In-person,2026-10-05,12
LOG,Centro 1,Hybrid,2026-10-05,12
HCP,Centro 1,In-person,2026-10-05,10
PRI,Centro 5,In-person,2026-10-05,10
VND,Centro 5,Hybrid,2026-10-05,10
HCP,Centro 1,Hybrid,2026-10-05,9
ING,Centro 2,Hybrid,2026-10-05,9
LOG,Centro 1,In-person,2026-10-05,9
GER,Centro 5,Hybrid,2026-10-05,7
LID,Centro 3,In-person,2026-10-05,7
PYT,Centro 2,Hybrid,2026-10-05,7
SEG,Centro 2,Online,2026-10-05,7
SEG,Centro 2,In-person,2026-10-05,7
SOC,Centro 4,Hybrid,2026-10-05,7
SST,Centro 5,Online,2026-10-05,7
TUR,Centro 3,In-person,2026-10-05,7
HAC,Centro 2,Hybrid,2026-10-05,6
PBI,Centro 1,Hybrid,2026-10-05,6
SCI,Centro 4,Hybrid,2026-10-05,6
TUR,Centro 2,Hybrid,2026-10-05,6
TUR,Centro 2,In-person,2026-10-05,6
VND,Centro 2,Hybrid,2026-10-05,6
CYB,Centro 2,In-person,2026-10-05,5
VND,Centro 3,Hybrid,2026-10-05,5
CYB,Centro 3,Online,2026-10-05,4
CYB,Centro 1,Hybrid,2026-10-05,4
FOR,Centro 4,Hybrid,2026-10-05,4
INF,Centro 3,Hybrid,2026-10-05,4
LOG,Centro 3,In-person,2026-10-05,4
PRI,Centro 3,Hybrid,2026-10-05,4
PRO,Centro 5,Online,2026-10-05,4
PRO,Centro 3,In-person,2026-10-05,4
PYT,Centro 1,Hybrid,2026-10-05,4
SOC,Centro 3,Hybrid,2026-10-05,4
SST,Centro 2,Online,2026-10-05,4
TUR,Centro 4,Hybrid,2026-10-05,4
EXC,Centro 1,Online,2026-10-05,3
HOT,Centro 2,In-person,2026-10-05,3
SCI,Centro 1,In-person,2026-10-05,3
SEG,Centro 3,In-person,2026-10-05,3
SST,Centro 2,Hybrid,2026-10-05,3
PRO,Centro 4,Online,2026-10-05,1
CYB,Centro 4,Online,2026-10-12,182
SST,Centro 1,In-person,2026-10-12,162
VND,Centro 2,Online,2026-10-12,156
GER,Centro 3,In-person,2026-10-12,148
ING,Centro 3,Online,2026-10-12,133
FOR,Centro 3,Hybrid,2026-10-12,120
PBI,Centro 4,Hybrid,2026-10-12,105
VND,Centro 3,Online,2026-10-12,103
LOG,Centro 1,Hybrid,2026-10-12,102
SST,Centro 5,In-person,2026-10-12,95
GER,Centro 5,In-person,2026-10-12,93
SEG,Centro 1,Hybrid,2026-10-12,93
SCI,Centro 3,In-person,2026-10-12,91
GER,Centro 3,Hybrid,2026-10-12,90
HCP,Centro 5,In-person,2026-10-12,88
PBI,Centro 1,In-person,2026-10-12,88
PBI,Centro 5,Hybrid,2026-10-12,86
HOT,Centro 3,In-person,2026-10-12,82
PBI,Centro 1,Online,2026-10-12,82
CYB,Centro 4,Hybrid,2026-10-12,80
PBI,Centro 4,In-person,2026-10-12,79
PRO,Centro 2,Hybrid,2026-10-12,78
LOG,Centro 5,Hybrid,2026-10-12,77
EMP,Centro 4,In-person,2026-10-12,75
LOG,Centro 2,In-person,2026-10-12,75
PBI,Centro 1,Hybrid,2026-10-12,75
CYB,Centro 3,In-person,2026-10-12,74
PRI,Centro 5,In-person,2026-10-12,74
SEG,Centro 5,Hybrid,2026-10-12,74
VND,Centro 3,Hybrid,2026-10-12,71
PRI,Centro 1,In-person,2026-10-12,67
HAC,Centro 3,Hybrid,2026-10-12,66
INF,Centro 4,In-person,2026-10-12,65
TUR,Centro 1,In-person,2026-10-12,65
PRI,Centro 3,Hybrid,2026-10-12,64
HAC,Centro 5,Hybrid,2026-10-12,63
VND,Centro 2,Hybrid,2026-10-12,63
EMP,Centro 3,In-person,2026-10-12,61
GES,Centro 2,Online,2026-10-12,60
EXC,Centro 2,In-person,2026-10-12,59
FOR,Centro 2,Hybrid,2026-10-12,56
GES,Centro 1,Hybrid,2026-10-12,56
LOG,Centro 5,In-person,2026-10-12,56
SEG,Centro 2,Hybrid,2026-10-12,54
SCI,Centro 1,In-person,2026-10-12,52
SEG,Centro 2,In-person,2026-10-12,52
PRO,Centro 1,Online,2026-10-12,51
SEG,Centro 4,Online,2026-10-12,51
GER,Centro 2,In-person,2026-10-12,50
HAC,Centro 5,Online,2026-10-12,49
INF,Centro 3,Hybrid,2026-10-12,49
FOR,Centro 2,In-person,2026-10-12,48
PRO,Centro 5,Hybrid,2026-10-12,47
VND,Centro 5,Online,2026-10-12,47
EXC,Centro 2,Hybrid,2026-10-12,44
LOG,Centro 4,In-person,2026-10-12,44
VND,Centro 1,In-person,2026-10-12,44
CYB,Centro 1,Hybrid,2026-10-12,42
FOR,Centro 4,Hybrid,2026-10-12,42
PRI,Centro 3,In-person,2026-10-12,42
PYT,Centro 2,Hybrid,2026-10-12,41
PBI,Centro 4,Online,2026-10-12,39
SCI,Centro 1,Hybrid,2026-10-12,39
CYB,Centro 2,Online,2026-10-12,38
PBI,Centro 2,In-person,2026-10-12,38
PYT,Centro 3,Hybrid,2026-10-12,38
GES,Centro 2,Hybrid,2026-10-12,37
LID,Centro 5,Hybrid,2026-10-12,36
LOG,Centro 4,Hybrid,2026-10-12,35
PYT,Centro 5,Hybrid,2026-10-12,35
PRO,Centro 3,Hybrid,2026-10-12,34
MNT,Centro 2,In-person,2026-10-12,33
CYB,Centro 1,Online,2026-10-12,32
GER,Centro 4,In-person,2026-10-12,30
GES,Centro 4,Hybrid,2026-10-12,30
HCP,Centro 4,In-person,2026-10-12,30
SST,Centro 3,Hybrid,2026-10-12,30
CYB,Centro 2,Hybrid,2026-10-12,29
ING,Centro 1,In-person,2026-10-12,29
ING,Centro 5,Online,2026-10-12,28
VND,Centro 4,In-person,2026-10-12,28
SST,Centro 2,Hybrid,2026-10-12,27
CYB,Centro 3,Hybrid,2026-10-12,26
EXC,Centro 1,Hybrid,2026-10-12,26
SST,Centro 4,In-person,2026-10-12,26
GES,Centro 1,In-person,2026-10-12,25
HCP,Centro 5,Hybrid,2026-10-12,25
SOC,Centro 2,Hybrid,2026-10-12,25
PYT,Centro 4,Online,2026-10-12,24
GER,Centro 1,Hybrid,2026-10-12,23
ING,Centro 3,In-person,2026-10-12,22
PBI,Centro 2,Online,2026-10-12,22
PRO,Centro 2,Online,2026-10-12,22
FOR,Centro 5,Online,2026-10-12,21
LID,Centro 1,Online,2026-10-12,21
MNT,Centro 5,In-person,2026-10-12,21
PBI,Centro 3,Online,2026-10-12,21
SOC,Centro 3,In-person,2026-10-12,21
LID,Centro 3,In-person,2026-10-12,20
LOG,Centro 1,In-person,2026-10-12,20
GER,Centro 4,Hybrid,2026-10-12,19
INF,Centro 5,Hybrid,2026-10-12,19
LID,Centro 2,Hybrid,2026-10-12,19
PRI,Centro 4,In-person,2026-10-12,19
TUR,Centro 5,Hybrid,2026-10-12,19
LID,Centro 1,In-person,2026-10-12,18
VND,Centro 4,Hybrid,2026-10-12,18
HCP,Centro 2,In-person,2026-10-12,17
SEG,Centro 1,In-person,2026-10-12,17
EXC,Centro 3,Online,2026-10-12,16
GER,Centro 2,Hybrid,2026-10-12,16
ING,Centro 2,Online,2026-10-12,16
LOG,Centro 2,Hybrid,2026-10-12,16
HOT,Centro 2,In-person,2026-10-12,15
SEG,Centro 1,Online,2026-10-12,15
TUR,Centro 3,Hybrid,2026-10-12,15
EXC,Centro 4,Online,2026-10-12,14
GES,Centro 5,In-person,2026-10-12,14
PYT,Centro 1,Hybrid,2026-10-12,14
TUR,Centro 2,In-person,2026-10-12,14
INF,Centro 3,In-person,2026-10-12,13
FOR,Centro 3,Online,2026-10-12,11
LID,Centro 3,Online,2026-10-12,11
PRO,Centro 4,Online,2026-10-12,11
INF,Centro 2,In-person,2026-10-12,10
SCI,Centro 2,Hybrid,2026-10-12,10
HCP,Centro 2,Hybrid,2026-10-12,9
MNT,Centro 4,In-person,2026-10-12,9
PBI,Centro 2,Hybrid,2026-10-12,9
PYT,Centro 3,Online,2026-10-12,9
SEG,Centro 4,Hybrid,2026-10-12,9
TUR,Centro 3,In-person,2026-10-12,9
CYB,Centro 5,Hybrid,2026-10-12,7
ING,Centro 3,Hybrid,2026-10-12,7
PRI,Centro 2,Hybrid,2026-10-12,7
PYT,Centro 2,Online,2026-10-12,7
SST,Centro 5,Hybrid,2026-10-12,7
SST,Centro 3,In-person,2026-10-12,7
EXC,Centro 4,Hybrid,2026-10-12,6
SEG,Centro 2,Online,2026-10-12,6
SEG,Centro 3,In-person,2026-10-12,6
GES,Centro 2,In-person,2026-10-12,5
PYT,Centro 4,Hybrid,2026-10-12,5
EXC,Centro 1,Online,2026-10-12,4
FOR,Centro 1,In-person,2026-10-12,4
HAC,Centro 2,In-person,2026-10-12,4
LID,Centro 2,Online,2026-10-12,4
LID,Centro 2,In-person,2026-10-12,4
PRO,Centro 1,In-person,2026-10-12,4
PYT,Centro 1,Online,2026-10-12,4
PYT,Centro 5,Online,2026-10-12,4
TUR,Centro 2,Hybrid,2026-10-12,4
TUR,Centro 5,In-person,2026-10-12,4
PRI,Centro 2,In-person,2026-10-12,3
SCI,Centro 2,In-person,2026-10-12,3
SST,Centro 5,Online,2026-10-12,3
TUR,Centro 4,Hybrid,2026-10-12,3
VND,Centro 2,In-person,2026-10-12,3
GER,Centro 2,In-person,2026-10-19,153
SST,Centro 5,In-person,2026-10-19,153
PYT,Centro 2,Online,2026-10-19,144
PYT,Centro 2,Hybrid,2026-10-19,132
VND,Centro 1,Online,2026-10-19,119
LID,Centro 1,Online,2026-10-19,117
GER,Centro 2,Hybrid,2026-10-19,112
FOR,Centro 3,Hybrid,2026-10-19,110
PYT,Centro 3,Hybrid,2026-10-19,101
CYB,Centro 2,Hybrid,2026-10-19,93
MNT,Centro 3,In-person,2026-10-19,91
CYB,Centro 1,Online,2026-10-19,85
PBI,Centro 4,Online,2026-10-19,83
FOR,Centro 3,Online,2026-10-19,82
PRI,Centro 3,In-person,2026-10-19,82
GES,Centro 2,In-person,2026-10-19,79
PRI,Centro 3,Hybrid,2026-10-19,78
PBI,Centro 5,Hybrid,2026-10-19,76
LOG,Centro 4,In-person,2026-10-19,74
INF,Centro 4,In-person,2026-10-19,73
HOT,Centro 2,In-person,2026-10-19,70
PRO,Centro 4,Online,2026-10-19,70
PRO,Centro 4,In-person,2026-10-19,67
GER,Centro 3,In-person,2026-10-19,65
EMP,Centro 4,In-person,2026-10-19,63
SST,Centro 4,Hybrid,2026-10-19,63
GER,Centro 3,Hybrid,2026-10-19,62
PYT,Centro 2,In-person,2026-10-19,60
CYB,Centro 5,Hybrid,2026-10-19,59
SCI,Centro 3,In-person,2026-10-19,59
TUR,Centro 2,In-person,2026-10-19,58
GER,Centro 1,Hybrid,2026-10-19,57
LOG,Centro 2,Hybrid,2026-10-19,57
PRI,Centro 5,In-person,2026-10-19,57
HOT,Centro 5,In-person,2026-10-19,56
PYT,Centro 1,Online,2026-10-19,55
EXC,Centro 4,Online,2026-10-19,53
FOR,Centro 3,In-person,2026-10-19,53
HOT,Centro 2,Hybrid,2026-10-19,53
HCP,Centro 1,In-person,2026-10-19,52
ING,Centro 5,Online,2026-10-19,52
ING,Centro 3,In-person,2026-10-19,52
PBI,Centro 1,Online,2026-10-19,52
PYT,Centro 3,Online,2026-10-19,52
GES,Centro 2,Online,2026-10-19,49
INF,Centro 2,In-person,2026-10-19,49
SOC,Centro 2,Hybrid,2026-10-19,49
SST,Centro 5,Hybrid,2026-10-19,49
SST,Centro 3,In-person,2026-10-19,49
CYB,Centro 4,Online,2026-10-19,48
VND,Centro 2,In-person,2026-10-19,47
FOR,Centro 4,Hybrid,2026-10-19,45
EXC,Centro 3,Online,2026-10-19,43
CYB,Centro 5,Online,2026-10-19,42
EMP,Centro 1,In-person,2026-10-19,41
PBI,Centro 4,In-person,2026-10-19,39
EXC,Centro 3,Hybrid,2026-10-19,38
PBI,Centro 2,In-person,2026-10-19,38
SOC,Centro 5,In-person,2026-10-19,37
EXC,Centro 1,Hybrid,2026-10-19,34
VND,Centro 5,Hybrid,2026-10-19,34
EXC,Centro 2,Online,2026-10-19,32
LOG,Centro 5,Hybrid,2026-10-19,31
PBI,Centro 1,Hybrid,2026-10-19,31
SEG,Centro 3,Online,2026-10-19,31
SST,Centro 1,In-person,2026-10-19,29
PBI,Centro 4,Hybrid,2026-10-19,28
SEG,Centro 1,In-person,2026-10-19,28
INF,Centro 3,Hybrid,2026-10-19,27
MNT,Centro 1,In-person,2026-10-19,25
CYB,Centro 1,Hybrid,2026-10-19,24
SEG,Centro 2,Hybrid,2026-10-19,24
VND,Centro 5,Online,2026-10-19,24
FOR,Centro 5,Hybrid,2026-10-19,23
GES,Centro 5,In-person,2026-10-19,23
HAC,Centro 3,Hybrid,2026-10-19,23
PRO,Centro 3,Hybrid,2026-10-19,23
SEG,Centro 3,Hybrid,2026-10-19,23
FOR,Centro 1,In-person,2026-10-19,21
FOR,Centro 1,Hybrid,2026-10-19,20
HAC,Centro 3,In-person,2026-10-19,20
FOR,Centro 5,Online,2026-10-19,19
LID,Centro 4,Online,2026-10-19,19
MNT,Centro 5,In-person,2026-10-19,19
SCI,Centro 1,In-person,2026-10-19,19
TUR,Centro 5,Hybrid,2026-10-19,19
PYT,Centro 1,Hybrid,2026-10-19,18
LID,Centro 4,In-person,2026-10-19,16
PYT,Centro 4,Online,2026-10-19,16
VND,Centro 2,Online,2026-10-19,16
VND,Centro 2,Hybrid,2026-10-19,16
LOG,Centro 2,In-person,2026-10-19,15
SCI,Centro 1,Hybrid,2026-10-19,15
VND,Centro 4,Hybrid,2026-10-19,15
PBI,Centro 2,Online,2026-10-19,14
SEG,Centro 4,In-person,2026-10-19,14
HAC,Centro 4,In-person,2026-10-19,13
CYB,Centro 2,In-person,2026-10-19,12
EMP,Centro 2,In-person,2026-10-19,12
HCP,Centro 1,Hybrid,2026-10-19,11
INF,Centro 3,In-person,2026-10-19,11
LID,Centro 3,Online,2026-10-19,11
LOG,Centro 1,Hybrid,2026-10-19,10
EXC,Centro 1,Online,2026-10-19,9
EXC,Centro 2,In-person,2026-10-19,9
HAC,Centro 5,In-person,2026-10-19,9
LOG,Centro 5,In-person,2026-10-19,9
PRI,Centro 1,In-person,2026-10-19,8
PRI,Centro 4,In-person,2026-10-19,8
CYB,Centro 4,Hybrid,2026-10-19,7
GER,Centro 4,In-person,2026-10-19,7
GER,Centro 5,In-person,2026-10-19,7
HAC,Centro 5,Online,2026-10-19,7
PBI,Centro 2,Hybrid,2026-10-19,7
PYT,Centro 5,In-person,2026-10-19,7
SOC,Centro 3,Hybrid,2026-10-19,7
SOC,Centro 3,In-person,2026-10-19,7
SST,Centro 1,Hybrid,2026-10-19,7
HOT,Centro 1,Hybrid,2026-10-19,6
SEG,Centro 1,Online,2026-10-19,6
SST,Centro 3,Hybrid,2026-10-19,6
SST,Centro 4,In-person,2026-10-19,6
LID,Centro 5,Hybrid,2026-10-19,5
LID,Centro 3,In-person,2026-10-19,5
PRO,Centro 2,Hybrid,2026-10-19,5
PYT,Centro 5,Hybrid,2026-10-19,5
CYB,Centro 3,In-person,2026-10-19,4
FOR,Centro 2,Hybrid,2026-10-19,4
GER,Centro 5,Hybrid,2026-10-19,4
INF,Centro 1,Hybrid,2026-10-19,4
SEG,Centro 4,Online,2026-10-19,4
TUR,Centro 3,Hybrid,2026-10-19,4
VND,Centro 3,Online,2026-10-19,4
CYB,Centro 2,Online,2026-10-19,3
EXC,Centro 4,Hybrid,2026-10-19,3
GER,Centro 1,In-person,2026-10-19,3
HAC,Centro 2,In-person,2026-10-19,3
HCP,Centro 4,In-person,2026-10-19,3
MNT,Centro 2,In-person,2026-10-19,3
PRI,Centro 2,In-person,2026-10-19,3
SCI,Centro 4,In-person,2026-10-19,3
SEG,Centro 1,Hybrid,2026-10-19,3
SST,Centro 2,In-person,2026-10-19,3
TUR,Centro 5,In-person,2026-10-19,3
TUR,Centro 2,Hybrid,2026-10-19,1
EXC,Centro 3,Online,2026-10-26,222
PBI,Centro 1,Hybrid,2026-10-26,136
PBI,Centro 2,Online,2026-10-26,127
PRO,Centro 5,Hybrid,2026-10-26,124
VND,Centro 4,Hybrid,2026-10-26,123
MNT,Centro 3,In-person,2026-10-26,120
PRO,Centro 5,Online,2026-10-26,117
LOG,Centro 5,In-person,2026-10-26,114
EXC,Centro 1,Online,2026-10-26,106
CYB,Centro 4,Online,2026-10-26,104
SST,Centro 3,In-person,2026-10-26,104
PRI,Centro 3,In-person,2026-10-26,94
GER,Centro 3,In-person,2026-10-26,93
GER,Centro 5,In-person,2026-10-26,90
GER,Centro 4,In-person,2026-10-26,88
SEG,Centro 1,In-person,2026-10-26,87
LID,Centro 2,Online,2026-10-26,82
PYT,Centro 4,Online,2026-10-26,81
PYT,Centro 2,Hybrid,2026-10-26,79
TUR,Centro 2,In-person,2026-10-26,79
GES,Centro 2,In-person,2026-10-26,75
GES,Centro 2,Online,2026-10-26,73
SST,Centro 2,Hybrid,2026-10-26,73
PRI,Centro 2,Hybrid,2026-10-26,72
PBI,Centro 4,Online,2026-10-26,70
VND,Centro 5,Online,2026-10-26,67
MNT,Centro 5,In-person,2026-10-26,66
SEG,Centro 1,Hybrid,2026-10-26,66
INF,Centro 2,Hybrid,2026-10-26,65
PRO,Centro 1,Online,2026-10-26,65
SST,Centro 1,Hybrid,2026-10-26,65
EMP,Centro 5,In-person,2026-10-26,64
ING,Centro 5,Online,2026-10-26,64
VND,Centro 3,Hybrid,2026-10-26,64
FOR,Centro 1,Online,2026-10-26,63
PRO,Centro 4,In-person,2026-10-26,63
GER,Centro 2,In-person,2026-10-26,59
LID,Centro 1,In-person,2026-10-26,59
HAC,Centro 2,Online,2026-10-26,58
VND,Centro 4,Online,2026-10-26,56
GER,Centro 2,Hybrid,2026-10-26,54
PBI,Centro 5,In-person,2026-10-26,53
SST,Centro 4,Online,2026-10-26,53
ING,Centro 3,Hybrid,2026-10-26,52
GES,Centro 1,In-person,2026-10-26,50
LID,Centro 3,In-person,2026-10-26,50
PYT,Centro 5,Hybrid,2026-10-26,50
ING,Centro 2,Online,2026-10-26,49
MNT,Centro 1,In-person,2026-10-26,49
SCI,Centro 2,In-person,2026-10-26,49
GES,Centro 4,In-person,2026-10-26,47
PYT,Centro 3,Hybrid,2026-10-26,45
PBI,Centro 2,In-person,2026-10-26,44
CYB,Centro 2,In-person,2026-10-26,41
EXC,Centro 1,Hybrid,2026-10-26,41
FOR,Centro 3,Hybrid,2026-10-26,40
PRI,Centro 1,In-person,2026-10-26,40
PYT,Centro 2,Online,2026-10-26,40
VND,Centro 2,Online,2026-10-26,40
EMP,Centro 4,In-person,2026-10-26,39
PBI,Centro 4,In-person,2026-10-26,39
LID,Centro 4,Hybrid,2026-10-26,38
GER,Centro 4,Hybrid,2026-10-26,37
PBI,Centro 2,Hybrid,2026-10-26,37
HCP,Centro 2,In-person,2026-10-26,36
SST,Centro 1,In-person,2026-10-26,36
LID,Centro 2,In-person,2026-10-26,35
INF,Centro 3,Hybrid,2026-10-26,34
SEG,Centro 4,Hybrid,2026-10-26,34
SOC,Centro 2,Hybrid,2026-10-26,33
EMP,Centro 1,In-person,2026-10-26,30
FOR,Centro 2,Hybrid,2026-10-26,30
INF,Centro 4,In-person,2026-10-26,30
EXC,Centro 2,Hybrid,2026-10-26,29
SCI,Centro 2,Hybrid,2026-10-26,29
EMP,Centro 3,In-person,2026-10-26,28
LID,Centro 5,Hybrid,2026-10-26,28
PBI,Centro 1,Online,2026-10-26,27
GES,Centro 2,Hybrid,2026-10-26,26
LID,Centro 4,Online,2026-10-26,25
EXC,Centro 2,In-person,2026-10-26,24
PRI,Centro 1,Hybrid,2026-10-26,24
SCI,Centro 4,In-person,2026-10-26,24
SCI,Centro 5,In-person,2026-10-26,23
GES,Centro 5,In-person,2026-10-26,22
SOC,Centro 5,In-person,2026-10-26,22
CYB,Centro 2,Online,2026-10-26,21
HOT,Centro 5,In-person,2026-10-26,20
GES,Centro 4,Hybrid,2026-10-26,19
FOR,Centro 5,Online,2026-10-26,18
PYT,Centro 2,In-person,2026-10-26,18
GER,Centro 1,Hybrid,2026-10-26,16
PRI,Centro 5,In-person,2026-10-26,16
TUR,Centro 3,In-person,2026-10-26,16
CYB,Centro 3,In-person,2026-10-26,15
LOG,Centro 1,In-person,2026-10-26,14
LOG,Centro 2,In-person,2026-10-26,14
PBI,Centro 3,Online,2026-10-26,14
SST,Centro 5,Hybrid,2026-10-26,14
LID,Centro 1,Online,2026-10-26,13
LOG,Centro 1,Hybrid,2026-10-26,13
PRI,Centro 4,In-person,2026-10-26,13
FOR,Centro 2,In-person,2026-10-26,12
PYT,Centro 3,Online,2026-10-26,11
PYT,Centro 4,Hybrid,2026-10-26,11
GER,Centro 3,Hybrid,2026-10-26,10
SST,Centro 5,In-person,2026-10-26,10
TUR,Centro 4,Hybrid,2026-10-26,10
PBI,Centro 4,Hybrid,2026-10-26,9
PRI,Centro 4,Hybrid,2026-10-26,9
SOC,Centro 2,In-person,2026-10-26,9
SST,Centro 1,Online,2026-10-26,9
SST,Centro 3,Hybrid,2026-10-26,9
VND,Centro 1,Online,2026-10-26,9
VND,Centro 3,Online,2026-10-26,8
HOT,Centro 2,In-person,2026-10-26,7
SEG,Centro 1,Online,2026-10-26,7
SOC,Centro 3,In-person,2026-10-26,7
HCP,Centro 4,In-person,2026-10-26,6
SEG,Centro 2,Hybrid,2026-10-26,6
SOC,Centro 4,In-person,2026-10-26,6
SST,Centro 4,In-person,2026-10-26,6
FOR,Centro 1,In-person,2026-10-26,5
EMP,Centro 2,In-person,2026-10-26,4
FOR,Centro 4,Hybrid,2026-10-26,4
PBI,Centro 5,Online,2026-10-26,4
PRI,Centro 2,In-person,2026-10-26,4
TUR,Centro 5,In-person,2026-10-26,4
HCP,Centro 5,Hybrid,2026-10-26,3
SEG,Centro 4,Online,2026-10-26,3
INF,Centro 3,In-person,2026-11-02,113
PBI,Centro 3,Hybrid,2026-11-02,96
ING,Centro 2,Online,2026-11-02,95
LID,Centro 3,Online,2026-11-02,95
PBI,Centro 3,Online,2026-11-02,91
SST,Centro 2,Online,2026-11-02,85
VND,Centro 4,In-person,2026-11-02,83
CYB,Centro 3,In-person,2026-11-02,81
EMP,Centro 2,In-person,2026-11-02,81
CYB,Centro 5,Online,2026-11-02,78
VND,Centro 3,Online,2026-11-02,75
PYT,Centro 5,In-person,2026-11-02,74
LOG,Centro 5,In-person,2026-11-02,72
SEG,Centro 2,Hybrid,2026-11-02,72
SST,Centro 1,In-person,2026-11-02,71
PYT,Centro 2,Hybrid,2026-11-02,70
CYB,Centro 1,Hybrid,2026-11-02,67
GES,Centro 4,Hybrid,2026-11-02,67
HOT,Centro 5,Hybrid,2026-11-02,66
VND,Centro 5,Online,2026-11-02,66
PYT,Centro 4,Hybrid,2026-11-02,65
HOT,Centro 4,In-person,2026-11-02,64
MNT,Centro 4,In-person,2026-11-02,64
HAC,Centro 4,In-person,2026-11-02,63
EXC,Centro 3,Hybrid,2026-11-02,62
SST,Centro 5,In-person,2026-11-02,62
SEG,Centro 3,In-person,2026-11-02,61
SOC,Centro 5,In-person,2026-11-02,61
EMP,Centro 4,In-person,2026-11-02,59
INF,Centro 2,In-person,2026-11-02,58
VND,Centro 2,Online,2026-11-02,58
PRI,Centro 4,Hybrid,2026-11-02,57
HCP,Centro 1,In-person,2026-11-02,56
PBI,Centro 4,Hybrid,2026-11-02,55
PRI,Centro 5,In-person,2026-11-02,55
FOR,Centro 5,Online,2026-11-02,52
PBI,Centro 2,Online,2026-11-02,52
PYT,Centro 1,Hybrid,2026-11-02,52
TUR,Centro 2,In-person,2026-11-02,52
CYB,Centro 1,Online,2026-11-02,50
HOT,Centro 5,In-person,2026-11-02,49
LOG,Centro 1,In-person,2026-11-02,49
FOR,Centro 1,In-person,2026-11-02,46
HCP,Centro 2,In-person,2026-11-02,45
TUR,Centro 5,In-person,2026-11-02,45
HAC,Centro 5,In-person,2026-11-02,42
MNT,Centro 3,In-person,2026-11-02,41
SEG,Centro 2,In-person,2026-11-02,41
SST,Centro 2,In-person,2026-11-02,40
PRI,Centro 4,In-person,2026-11-02,39
FOR,Centro 2,In-person,2026-11-02,38
ING,Centro 2,Hybrid,2026-11-02,38
SOC,Centro 3,In-person,2026-11-02,38
HOT,Centro 1,Hybrid,2026-11-02,35
EXC,Centro 5,Online,2026-11-02,34
PRO,Centro 1,In-person,2026-11-02,33
GER,Centro 5,In-person,2026-11-02,32
SST,Centro 3,Hybrid,2026-11-02,32
LOG,Centro 4,Hybrid,2026-11-02,30
PRI,Centro 3,In-person,2026-11-02,30
PBI,Centro 2,In-person,2026-11-02,29
PRI,Centro 1,In-person,2026-11-02,28
PRO,Centro 5,Hybrid,2026-11-02,28
CYB,Centro 2,Hybrid,2026-11-02,26
ING,Centro 4,Online,2026-11-02,26
FOR,Centro 3,Hybrid,2026-11-02,25
VND,Centro 4,Online,2026-11-02,25
SST,Centro 3,In-person,2026-11-02,24
EXC,Centro 1,Hybrid,2026-11-02,23
EXC,Centro 5,Hybrid,2026-11-02,23
PBI,Centro 5,Online,2026-11-02,23
PRO,Centro 2,Hybrid,2026-11-02,22
GER,Centro 2,Hybrid,2026-11-02,21
ING,Centro 3,Hybrid,2026-11-02,20
MNT,Centro 5,In-person,2026-11-02,20
CYB,Centro 3,Hybrid,2026-11-02,19
LID,Centro 4,Hybrid,2026-11-02,19
GER,Centro 1,Hybrid,2026-11-02,18
GER,Centro 2,In-person,2026-11-02,18
HAC,Centro 3,In-person,2026-11-02,18
SST,Centro 2,Hybrid,2026-11-02,18
GER,Centro 3,In-person,2026-11-02,17
EXC,Centro 1,Online,2026-11-02,14
SEG,Centro 1,Online,2026-11-02,14
CYB,Centro 3,Online,2026-11-02,13
LID,Centro 2,In-person,2026-11-02,13
LOG,Centro 5,Hybrid,2026-11-02,13
PBI,Centro 4,Online,2026-11-02,13
VND,Centro 5,Hybrid,2026-11-02,13
EXC,Centro 2,Online,2026-11-02,12
EXC,Centro 4,Hybrid,2026-11-02,12
HOT,Centro 1,In-person,2026-11-02,12
HOT,Centro 2,In-person,2026-11-02,12
SEG,Centro 3,Hybrid,2026-11-02,12
SOC,Centro 4,Hybrid,2026-11-02,12
SST,Centro 4,In-person,2026-11-02,12
GER,Centro 5,Hybrid,2026-11-02,11
GES,Centro 5,In-person,2026-11-02,11
LOG,Centro 2,In-person,2026-11-02,11
CYB,Centro 4,Hybrid,2026-11-02,10
GER,Centro 1,In-person,2026-11-02,10
PRI,Centro 3,Hybrid,2026-11-02,10
PRI,Centro 2,Hybrid,2026-11-02,9
PYT,Centro 3,Hybrid,2026-11-02,9
SCI,Centro 2,Hybrid,2026-11-02,9
TUR,Centro 1,Hybrid,2026-11-02,9
CYB,Centro 4,Online,2026-11-02,8
LID,Centro 3,Hybrid,2026-11-02,8
LID,Centro 2,Hybrid,2026-11-02,7
FOR,Centro 4,Hybrid,2026-11-02,6
MNT,Centro 2,In-person,2026-11-02,6
PRO,Centro 3,Hybrid,2026-11-02,5
INF,Centro 2,Hybrid,2026-11-02,4
ING,Centro 3,In-person,2026-11-02,4
PBI,Centro 1,Online,2026-11-02,4
PBI,Centro 1,Hybrid,2026-11-02,4
PRO,Centro 4,Online,2026-11-02,4
PYT,Centro 1,Online,2026-11-02,4
PYT,Centro 4,Online,2026-11-02,4
TUR,Centro 3,In-person,2026-11-02,4
EXC,Centro 2,In-person,2026-11-02,3
INF,Centro 4,In-person,2026-11-02,3
GER,Centro 3,Hybrid,2026-11-02,2
PBI,Centro 1,Hybrid,2026-11-09,113
PYT,Centro 2,Online,2026-11-09,96
PBI,Centro 2,Hybrid,2026-11-09,91
PBI,Centro 2,Online,2026-11-09,89
MNT,Centro 1,In-person,2026-11-09,85
CYB,Centro 3,Online,2026-11-09,83
PRO,Centro 1,In-person,2026-11-09,80
VND,Centro 5,Online,2026-11-09,77
GES,Centro 2,Online,2026-11-09,70
PBI,Centro 5,Online,2026-11-09,70
SOC,Centro 4,Hybrid,2026-11-09,65
SOC,Centro 3,In-person,2026-11-09,58
EMP,Centro 4,In-person,2026-11-09,55
PBI,Centro 4,Hybrid,2026-11-09,53
PRO,Centro 5,Hybrid,2026-11-09,52
ING,Centro 3,In-person,2026-11-09,51
PBI,Centro 1,Online,2026-11-09,50
CYB,Centro 3,In-person,2026-11-09,42
TUR,Centro 4,Hybrid,2026-11-09,42
VND,Centro 4,Online,2026-11-09,42
HOT,Centro 1,Hybrid,2026-11-09,40
SST,Centro 1,In-person,2026-11-09,39
EXC,Centro 3,Hybrid,2026-11-09,38
HAC,Centro 3,In-person,2026-11-09,38
SST,Centro 4,Online,2026-11-09,38
PRO,Centro 3,Hybrid,2026-11-09,37
PYT,Centro 2,In-person,2026-11-09,37
VND,Centro 1,Online,2026-11-09,36
EXC,Centro 2,In-person,2026-11-09,35
GER,Centro 1,Hybrid,2026-11-09,35
SST,Centro 4,In-person,2026-11-09,35
GER,Centro 2,In-person,2026-11-09,33
SEG,Centro 3,Online,2026-11-09,32
VND,Centro 2,Online,2026-11-09,32
INF,Centro 2,In-person,2026-11-09,31
SEG,Centro 3,Hybrid,2026-11-09,31
EMP,Centro 3,In-person,2026-11-09,29
HOT,Centro 3,In-person,2026-11-09,29
PYT,Centro 5,In-person,2026-11-09,29
GER,Centro 5,Hybrid,2026-11-09,28
SST,Centro 4,Hybrid,2026-11-09,27
LID,Centro 3,Online,2026-11-09,26
MNT,Centro 2,In-person,2026-11-09,26
SCI,Centro 4,In-person,2026-11-09,26
HOT,Centro 3,Hybrid,2026-11-09,25
PRI,Centro 1,In-person,2026-11-09,24
HCP,Centro 1,Hybrid,2026-11-09,22
SCI,Centro 1,In-person,2026-11-09,22
SST,Centro 5,Hybrid,2026-11-09,22
SCI,Centro 2,In-person,2026-11-09,21
SEG,Centro 1,Online,2026-11-09,21
MNT,Centro 5,In-person,2026-11-09,20
PRI,Centro 2,In-person,2026-11-09,20
TUR,Centro 5,Hybrid,2026-11-09,20
PRI,Centro 3,Hybrid,2026-11-09,19
HOT,Centro 2,In-person,2026-11-09,18
CYB,Centro 1,Online,2026-11-09,17
PBI,Centro 5,In-person,2026-11-09,17
PRI,Centro 3,In-person,2026-11-09,17
PYT,Centro 2,Hybrid,2026-11-09,17
HOT,Centro 5,Hybrid,2026-11-09,16
INF,Centro 1,In-person,2026-11-09,16
PYT,Centro 4,Online,2026-11-09,16
EXC,Centro 5,Online,2026-11-09,14
FOR,Centro 5,Online,2026-11-09,14
FOR,Centro 1,In-person,2026-11-09,14
HAC,Centro 2,Online,2026-11-09,14
SEG,Centro 1,Hybrid,2026-11-09,14
VND,Centro 5,Hybrid,2026-11-09,14
LOG,Centro 2,In-person,2026-11-09,13
LOG,Centro 5,In-person,2026-11-09,12
CYB,Centro 4,Online,2026-11-09,11
LID,Centro 4,Hybrid,2026-11-09,11
SST,Centro 2,In-person,2026-11-09,11
EXC,Centro 1,Hybrid,2026-11-09,10
LID,Centro 2,In-person,2026-11-09,10
LOG,Centro 1,In-person,2026-11-09,10
INF,Centro 2,Hybrid,2026-11-09,9
CYB,Centro 2,Hybrid,2026-11-09,8
CYB,Centro 2,In-person,2026-11-09,8
INF,Centro 4,In-person,2026-11-09,8
SST,Centro 2,Hybrid,2026-11-09,8
PYT,Centro 4,Hybrid,2026-11-09,7
EMP,Centro 2,In-person,2026-11-09,6
PRI,Centro 4,In-person,2026-11-09,6
LID,Centro 5,Hybrid,2026-11-09,5
PYT,Centro 3,Online,2026-11-09,5
SOC,Centro 5,In-person,2026-11-09,5
EMP,Centro 5,In-person,2026-11-09,4
GER,Centro 4,In-person,2026-11-09,4
INF,Centro 1,Hybrid,2026-11-09,4
PYT,Centro 1,Online,2026-11-09,4
SEG,Centro 4,Online,2026-11-09,4
VND,Centro 4,Hybrid,2026-11-09,4
HAC,Centro 5,In-person,2026-11-09,3
HCP,Centro 1,In-person,2026-11-09,3
LOG,Centro 4,In-person,2026-11-09,3
PRI,Centro 5,In-person,2026-11-09,3
TUR,Centro 5,In-person,2026-11-09,3
CYB,Centro 3,Hybrid,2026-11-16,150
PBI,Centro 4,Hybrid,2026-11-16,119
PYT,Centro 1,Online,2026-11-16,116
ING,Centro 5,Online,2026-11-16,103
EMP,Centro 3,In-person,2026-11-16,95
SOC,Centro 1,Hybrid,2026-11-16,90
PBI,Centro 5,In-person,2026-11-16,80
HCP,Centro 3,In-person,2026-11-16,72
PRI,Centro 5,In-person,2026-11-16,72
SOC,Centro 4,In-person,2026-11-16,72
GER,Centro 1,In-person,2026-11-16,70
VND,Centro 4,Hybrid,2026-11-16,70
CYB,Centro 2,In-person,2026-11-16,69
CYB,Centro 4,Online,2026-11-16,68
TUR,Centro 5,Hybrid,2026-11-16,67
CYB,Centro 1,Online,2026-11-16,61
GER,Centro 5,Hybrid,2026-11-16,61
INF,Centro 1,Hybrid,2026-11-16,61
GES,Centro 5,Online,2026-11-16,58
PRI,Centro 4,In-person,2026-11-16,58
GER,Centro 1,Hybrid,2026-11-16,56
GER,Centro 4,In-person,2026-11-16,55
EXC,Centro 5,Hybrid,2026-11-16,54
SEG,Centro 1,Online,2026-11-16,54
SEG,Centro 3,Hybrid,2026-11-16,53
VND,Centro 2,Hybrid,2026-11-16,51
LID,Centro 1,Online,2026-11-16,50
LOG,Centro 1,In-person,2026-11-16,49
SST,Centro 1,Online,2026-11-16,49
LID,Centro 4,Hybrid,2026-11-16,48
HCP,Centro 1,In-person,2026-11-16,47
PBI,Centro 1,Hybrid,2026-11-16,46
ING,Centro 4,Online,2026-11-16,45
LID,Centro 3,Online,2026-11-16,45
MNT,Centro 2,In-person,2026-11-16,45
PRI,Centro 3,In-person,2026-11-16,44
LOG,Centro 4,Hybrid,2026-11-16,43
SCI,Centro 4,In-person,2026-11-16,41
SST,Centro 3,Hybrid,2026-11-16,41
VND,Centro 5,Online,2026-11-16,39
PYT,Centro 1,Hybrid,2026-11-16,38
LOG,Centro 5,In-person,2026-11-16,36
EXC,Centro 1,Hybrid,2026-11-16,34
ING,Centro 2,Hybrid,2026-11-16,33
PBI,Centro 2,In-person,2026-11-16,30
GES,Centro 5,In-person,2026-11-16,28
HAC,Centro 4,In-person,2026-11-16,28
SCI,Centro 1,In-person,2026-11-16,28
VND,Centro 2,Online,2026-11-16,28
HAC,Centro 3,In-person,2026-11-16,27
ING,Centro 3,Online,2026-11-16,25
EXC,Centro 5,Online,2026-11-16,24
HCP,Centro 2,In-person,2026-11-16,23
SST,Centro 2,Hybrid,2026-11-16,23
FOR,Centro 4,Online,2026-11-16,22
GER,Centro 5,In-person,2026-11-16,22
SEG,Centro 3,Online,2026-11-16,22
GER,Centro 2,Hybrid,2026-11-16,19
EMP,Centro 2,In-person,2026-11-16,18
PRI,Centro 3,Hybrid,2026-11-16,18
CYB,Centro 2,Online,2026-11-16,17
HAC,Centro 5,Hybrid,2026-11-16,17
VND,Centro 3,Online,2026-11-16,17
MNT,Centro 5,In-person,2026-11-16,16
EXC,Centro 3,Online,2026-11-16,15
GER,Centro 2,In-person,2026-11-16,15
HOT,Centro 2,Hybrid,2026-11-16,15
HOT,Centro 1,In-person,2026-11-16,15
VND,Centro 4,Online,2026-11-16,15
CYB,Centro 1,Hybrid,2026-11-16,14
INF,Centro 2,In-person,2026-11-16,14
SEG,Centro 1,In-person,2026-11-16,14
PRI,Centro 1,In-person,2026-11-16,13
SOC,Centro 5,Hybrid,2026-11-16,13
HOT,Centro 2,In-person,2026-11-16,12
PRO,Centro 5,Hybrid,2026-11-16,12
SEG,Centro 4,In-person,2026-11-16,12
TUR,Centro 3,Hybrid,2026-11-16,12
EXC,Centro 4,Online,2026-11-16,11
SST,Centro 5,In-person,2026-11-16,11
HCP,Centro 3,Hybrid,2026-11-16,10
PBI,Centro 1,Online,2026-11-16,10
VND,Centro 1,Online,2026-11-16,10
FOR,Centro 2,In-person,2026-11-16,9
PBI,Centro 2,Online,2026-11-16,9
SST,Centro 4,Hybrid,2026-11-16,9
CYB,Centro 4,Hybrid,2026-11-16,8
GES,Centro 4,Hybrid,2026-11-16,8
MNT,Centro 1,In-person,2026-11-16,8
PRO,Centro 1,In-person,2026-11-16,8
CYB,Centro 2,Hybrid,2026-11-16,7
HOT,Centro 1,Hybrid,2026-11-16,6
HOT,Centro 5,In-person,2026-11-16,6
LOG,Centro 4,In-person,2026-11-16,6
SST,Centro 2,Online,2026-11-16,6
VND,Centro 4,In-person,2026-11-16,6
LID,Centro 5,In-person,2026-11-16,5
PBI,Centro 3,Online,2026-11-16,5
EMP,Centro 4,In-person,2026-11-16,4
GER,Centro 3,Hybrid,2026-11-16,4
GER,Centro 3,In-person,2026-11-16,4
GES,Centro 2,Online,2026-11-16,4
GES,Centro 5,Hybrid,2026-11-16,4
INF,Centro 2,Hybrid,2026-11-16,4
PRI,Centro 2,In-person,2026-11-16,4
SEG,Centro 4,Online,2026-11-16,4
SEG,Centro 3,In-person,2026-11-16,4
PRI,Centro 2,Hybrid,2026-11-16,3
MNT,Centro 5,In-person,2026-11-23,164
CYB,Centro 1,Online,2026-11-23,138
HAC,Centro 5,Hybrid,2026-11-23,103
PYT,Centro 1,Hybrid,2026-11-23,87
GES,Centro 5,Online,2026-11-23,82
CYB,Centro 2,Online,2026-11-23,79
HCP,Centro 3,Hybrid,2026-11-23,76
EXC,Centro 2,Online,2026-11-23,68
ING,Centro 2,Hybrid,2026-11-23,63
PBI,Centro 1,Online,2026-11-23,62
EMP,Centro 2,In-person,2026-11-23,60
TUR,Centro 1,Hybrid,2026-11-23,60
PBI,Centro 3,In-person,2026-11-23,59
MNT,Centro 1,In-person,2026-11-23,58
VND,Centro 5,Online,2026-11-23,58
GES,Centro 4,Hybrid,2026-11-23,57
GER,Centro 2,Hybrid,2026-11-23,54
SOC,Centro 5,In-person,2026-11-23,53
SST,Centro 1,Online,2026-11-23,50
HOT,Centro 2,In-person,2026-11-23,49
PRI,Centro 4,In-person,2026-11-23,49
SOC,Centro 3,In-person,2026-11-23,49
PBI,Centro 4,Hybrid,2026-11-23,47
GER,Centro 4,In-person,2026-11-23,45
HCP,Centro 1,In-person,2026-11-23,44
PRI,Centro 3,In-person,2026-11-23,44
EMP,Centro 3,In-person,2026-11-23,40
PBI,Centro 1,Hybrid,2026-11-23,40
HOT,Centro 3,Hybrid,2026-11-23,35
ING,Centro 5,Online,2026-11-23,32
PBI,Centro 5,Online,2026-11-23,32
PRI,Centro 4,Hybrid,2026-11-23,32
SST,Centro 1,In-person,2026-11-23,32
SST,Centro 5,In-person,2026-11-23,30
MNT,Centro 3,In-person,2026-11-23,29
LID,Centro 5,Hybrid,2026-11-23,28
FOR,Centro 4,Online,2026-11-23,27
HOT,Centro 5,In-person,2026-11-23,26
LID,Centro 5,In-person,2026-11-23,26
SST,Centro 2,In-person,2026-11-23,26
VND,Centro 4,Online,2026-11-23,25
HOT,Centro 1,In-person,2026-11-23,22
PBI,Centro 2,In-person,2026-11-23,22
PRI,Centro 5,Hybrid,2026-11-23,19
TUR,Centro 2,In-person,2026-11-23,19
EXC,Centro 3,Online,2026-11-23,17
MNT,Centro 2,In-person,2026-11-23,17
HOT,Centro 1,Hybrid,2026-11-23,16
PYT,Centro 3,In-person,2026-11-23,16
SOC,Centro 1,Hybrid,2026-11-23,16
SST,Centro 3,In-person,2026-11-23,16
GER,Centro 2,In-person,2026-11-23,15
HCP,Centro 1,Hybrid,2026-11-23,15
TUR,Centro 5,Hybrid,2026-11-23,15
LOG,Centro 4,Hybrid,2026-11-23,14
SST,Centro 5,Hybrid,2026-11-23,14
PBI,Centro 5,In-person,2026-11-23,10
SEG,Centro 3,Hybrid,2026-11-23,10
EMP,Centro 5,In-person,2026-11-23,9
PBI,Centro 4,Online,2026-11-23,9
HAC,Centro 3,In-person,2026-11-23,8
INF,Centro 3,In-person,2026-11-23,8
PBI,Centro 4,In-person,2026-11-23,7
GER,Centro 5,In-person,2026-11-23,6
ING,Centro 4,Online,2026-11-23,6
SCI,Centro 1,In-person,2026-11-23,6
SCI,Centro 4,In-person,2026-11-23,6
HAC,Centro 4,In-person,2026-11-23,5
PRO,Centro 5,Hybrid,2026-11-23,5
CYB,Centro 3,Online,2026-11-23,4
FOR,Centro 2,Hybrid,2026-11-23,4
GER,Centro 1,Hybrid,2026-11-23,4
HAC,Centro 5,In-person,2026-11-23,4
LID,Centro 4,Hybrid,2026-11-23,4
MNT,Centro 4,In-person,2026-11-23,4
PYT,Centro 1,Online,2026-11-23,4
PYT,Centro 2,Online,2026-11-23,4
PYT,Centro 2,Hybrid,2026-11-23,4
SEG,Centro 3,In-person,2026-11-23,4
SST,Centro 2,Online,2026-11-23,4
EXC,Centro 5,Online,2026-11-23,3
INF,Centro 1,Hybrid,2026-11-23,3
LOG,Centro 2,In-person,2026-11-23,3
PRI,Centro 2,Hybrid,2026-11-23,3
SCI,Centro 2,In-person,2026-11-23,3
MNT,Centro 1,In-person,2026-11-30,112
MNT,Centro 5,In-person,2026-11-30,110
PRO,Centro 4,Online,2026-11-30,100
SEG,Centro 3,Hybrid,2026-11-30,98
EMP,Centro 3,In-person,2026-11-30,89
CYB,Centro 3,Hybrid,2026-11-30,80
PBI,Centro 5,Online,2026-11-30,74
GES,Centro 5,Online,2026-11-30,72
GES,Centro 4,Hybrid,2026-11-30,67
LID,Centro 2,In-person,2026-11-30,67
SCI,Centro 1,In-person,2026-11-30,66
PYT,Centro 3,In-person,2026-11-30,61
CYB,Centro 4,In-person,2026-11-30,60
INF,Centro 3,In-person,2026-11-30,55
HOT,Centro 5,In-person,2026-11-30,54
PRO,Centro 1,Hybrid,2026-11-30,54
LID,Centro 4,Hybrid,2026-11-30,53
GER,Centro 5,In-person,2026-11-30,51
INF,Centro 1,In-person,2026-11-30,51
PBI,Centro 2,In-person,2026-11-30,51
INF,Centro 2,In-person,2026-11-30,50
MNT,Centro 2,In-person,2026-11-30,50
INF,Centro 4,In-person,2026-11-30,47
SST,Centro 2,Online,2026-11-30,45
LID,Centro 5,In-person,2026-11-30,41
MNT,Centro 3,In-person,2026-11-30,41
GER,Centro 2,In-person,2026-11-30,40
HOT,Centro 2,In-person,2026-11-30,39
SOC,Centro 5,Hybrid,2026-11-30,38
GER,Centro 3,In-person,2026-11-30,34
PRI,Centro 4,In-person,2026-11-30,34
PRO,Centro 3,Hybrid,2026-11-30,34
PYT,Centro 2,Hybrid,2026-11-30,32
PRI,Centro 2,In-person,2026-11-30,31
GER,Centro 2,Hybrid,2026-11-30,26
GER,Centro 1,Hybrid,2026-11-30,24
FOR,Centro 1,Online,2026-11-30,22
HOT,Centro 3,Hybrid,2026-11-30,22
PRI,Centro 4,Hybrid,2026-11-30,22
HAC,Centro 5,Hybrid,2026-11-30,21
ING,Centro 5,Online,2026-11-30,20
EMP,Centro 5,In-person,2026-11-30,19
EXC,Centro 4,Online,2026-11-30,19
GER,Centro 4,In-person,2026-11-30,18
LID,Centro 3,Hybrid,2026-11-30,15
LOG,Centro 1,In-person,2026-11-30,14
PYT,Centro 1,Hybrid,2026-11-30,14
SCI,Centro 2,In-person,2026-11-30,14
HOT,Centro 1,Hybrid,2026-11-30,13
PBI,Centro 3,In-person,2026-11-30,13
PRO,Centro 1,In-person,2026-11-30,13
SEG,Centro 5,Hybrid,2026-11-30,13
PBI,Centro 4,Online,2026-11-30,12
PYT,Centro 2,Online,2026-11-30,11
VND,Centro 2,Hybrid,2026-11-30,10
HCP,Centro 3,In-person,2026-11-30,9
SST,Centro 2,In-person,2026-11-30,8
LID,Centro 3,Online,2026-11-30,7
LOG,Centro 4,Hybrid,2026-11-30,7
HOT,Centro 1,In-person,2026-11-30,6
ING,Centro 2,Hybrid,2026-11-30,6
PBI,Centro 4,In-person,2026-11-30,6
PRI,Centro 3,In-person,2026-11-30,6
SST,Centro 5,In-person,2026-11-30,6
GES,Centro 5,Hybrid,2026-11-30,5
SOC,Centro 5,In-person,2026-11-30,5
CYB,Centro 1,Hybrid,2026-11-30,4
EXC,Centro 2,In-person,2026-11-30,4
PRI,Centro 1,In-person,2026-11-30,4
VND,Centro 4,Online,2026-11-30,4
GER,Centro 3,In-person,2026-12-07,92
MNT,Centro 5,In-person,2026-12-07,83
MNT,Centro 1,In-person,2026-12-07,81
MNT,Centro 2,In-person,2026-12-07,78
PBI,Centro 4,Online,2026-12-07,69
EMP,Centro 5,In-person,2026-12-07,64
ING,Centro 5,Online,2026-12-07,50
GER,Centro 2,Hybrid,2026-12-07,44
LID,Centro 3,Hybrid,2026-12-07,40
CYB,Centro 2,In-person,2026-12-07,37
PRO,Centro 1,Hybrid,2026-12-07,37
SST,Centro 3,In-person,2026-12-07,36
VND,Centro 2,Online,2026-12-07,35
PRI,Centro 3,In-person,2026-12-07,34
LID,Centro 4,Hybrid,2026-12-07,24
FOR,Centro 1,Online,2026-12-07,21
PRI,Centro 2,In-person,2026-12-07,20
HAC,Centro 5,Hybrid,2026-12-07,18
PRI,Centro 5,Hybrid,2026-12-07,18
SEG,Centro 4,In-person,2026-12-07,16
CYB,Centro 3,Hybrid,2026-12-07,15
PBI,Centro 3,In-person,2026-12-07,15
HOT,Centro 1,In-person,2026-12-07,14
SCI,Centro 2,In-person,2026-12-07,13
EXC,Centro 4,Online,2026-12-07,11
HOT,Centro 2,In-person,2026-12-07,11
PRI,Centro 5,In-person,2026-12-07,11
TUR,Centro 5,Hybrid,2026-12-07,11
HAC,Centro 2,In-person,2026-12-07,9
PYT,Centro 1,Hybrid,2026-12-07,8
EMP,Centro 2,In-person,2026-12-07,7
HCP,Centro 3,Hybrid,2026-12-07,7
ING,Centro 2,Hybrid,2026-12-07,6
HOT,Centro 3,Hybrid,2026-12-07,4
INF,Centro 2,In-person,2026-12-07,4
PRO,Centro 4,Online,2026-12-07,4
LID,Centro 2,In-person,2026-12-07,3
SEG,Centro 3,Hybrid,2026-12-07,3
SEG,Centro 2,In-person,2026-12-07,3
PBI,Centro 2,In-person,2026-12-14,74
PRI,Centro 3,In-person,2026-12-14,65
MNT,Centro 5,In-person,2026-12-14,62
PRI,Centro 5,In-person,2026-12-14,55
FOR,Centro 4,Online,2026-12-14,52
GER,Centro 3,In-person,2026-12-14,47
SOC,Centro 3,Hybrid,2026-12-14,45
HAC,Centro 4,In-person,2026-12-14,44
HAC,Centro 2,In-person,2026-12-14,43
EXC,Centro 3,Hybrid,2026-12-14,38
HAC,Centro 5,Hybrid,2026-12-14,30
PRI,Centro 5,Hybrid,2026-12-14,27
GER,Centro 2,In-person,2026-12-14,23
EXC,Centro 2,Online,2026-12-14,20
LID,Centro 4,Hybrid,2026-12-14,16
GER,Centro 4,In-person,2026-12-14,12
CYB,Centro 2,In-person,2026-12-14,11
MNT,Centro 1,In-person,2026-12-14,8
PRI,Centro 4,In-person,2026-12-14,8
EMP,Centro 5,In-person,2026-12-14,7
PYT,Centro 2,Online,2026-12-14,7
SST,Centro 1,In-person,2026-12-14,7
MNT,Centro 2,In-person,2026-12-14,6
SCI,Centro 1,In-person,2026-12-14,6
SEG,Centro 4,In-person,2026-12-14,6
PRO,Centro 1,In-person,2026-12-14,5
GES,Centro 5,Hybrid,2026-12-21,80
HAC,Centro 5,Hybrid,2026-12-21,47
PBI,Centro 4,In-person,2026-12-21,47
SCI,Centro 3,In-person,2026-12-21,45
GES,Centro 4,Hybrid,2026-12-21,42
MNT,Centro 3,In-person,2026-12-21,31
PRI,Centro 3,In-person,2026-12-21,29
SEG,Centro 4,In-person,2026-12-21,24
SOC,Centro 5,Hybrid,2026-12-21,20
GER,Centro 2,Hybrid,2026-12-21,18
PRO,Centro 4,Online,2026-12-21,8
HOT,Centro 5,In-person,2026-12-21,6
PBI,Centro 4,Online,2026-12-21,4
SEG,Centro 2,In-person,2026-12-21,4
