course_id,local,modality,date,total_sales
FOR,Centro 2,Hybrid,2023-01-02,20
EXC,Centro 4,Online,2023-01-02,18
LOG,Centro 4,In-person,2023-01-02,15
GES,Centro 4,Online,2023-01-02,14
GES,Centro 4,Hybrid,2023-01-02,14
HAC,Centro 5,In-person,2023-01-02,14
LOG,Centro 1,Hybrid,2023-01-02,14
PYT,Centro 1,Online,2023-01-02,14
SEG,Centro 4,In-person,2023-01-02,12
TUR,Centro 2,In-person,2023-01-02,12
CYB,Centro 3,Online,2023-01-02,11
CYB,Centro 5,In-person,2023-01-02,11
EMP,Centro 4,In-person,2023-01-02,11
FOR,Centro 4,Online,2023-01-02,11
PBI,Centro 2,Online,2023-01-02,11
PYT,Centro 4,Hybrid,2023-01-02,11
SST,Centro 4,Hybrid,2023-01-02,11
EXC,Centro 3,In-person,2023-01-02,9
EXC,Centro 5,Online,2023-01-02,9
GER,Centro 3,In-person,2023-01-02,9
HCP,Centro 4,In-person,2023-01-02,9
HCP,Centro 5,Hybrid,2023-01-02,9
LOG,Centro 3,In-person,2023-01-02,9
MNT,Centro 1,In-person,2023-01-02,9
MNT,Centro 4,In-person,2023-01-02,9
SEG,Centro 1,In-person,2023-01-02,9
SST,Centro 3,In-person,2023-01-02,9
CYB,Centro 1,In-person,2023-01-02,8
CYB,Centro 2,Hybrid,2023-01-02,8
GER,Centro 1,In-person,2023-01-02,8
HCP,Centro 5,In-person,2023-01-02,8
HOT,Centro 5,In-person,2023-01-02,8
LID,Centro 5,Online,2023-01-02,8
MNT,Centro 3,In-person,2023-01-02,8
SEG,Centro 5,In-person,2023-01-02,8
SST,Centro 3,Hybrid,2023-01-02,8
SST,Centro 5,In-person,2023-01-02,8
VND,Centro 5,Online,2023-01-02,8
CYB,Centro 2,Online,2023-01-02,6
EXC,Centro 1,Online,2023-01-02,6
FOR,Centro 1,In-person,2023-01-02,6
GER,Centro 2,In-person,2023-01-02,6
HAC,Centro 3,In-person,2023-01-02,6
HAC,Centro 5,Online,2023-01-02,6
HAC,Centro 5,Hybrid,2023-01-02,6
HCP,Centro 1,In-person,2023-01-02,6
HOT,Centro 3,Hybrid,2023-01-02,6
INF,Centro 1,Hybrid,2023-01-02,6
ING,Centro 5,Hybrid,2023-01-02,6
LOG,Centro 4,Hybrid,2023-01-02,6
MNT,Centro 5,In-person,2023-01-02,6
PBI,Centro 2,Hybrid,2023-01-02,6
PBI,Centro 4,Hybrid,2023-01-02,6
PBI,Centro 4,In-person,2023-01-02,6
PRO,Centro 1,Hybrid,2023-01-02,6
PYT,Centro 4,Online,2023-01-02,6
SCI,Centro 1,In-person,2023-01-02,6
SEG,Centro 3,In-person,2023-01-02,6
SEG,Centro 5,Online,2023-01-02,6
SOC,Centro 2,In-person,2023-01-02,6
SST,Centro 5,Online,2023-01-02,6
SST,Centro 5,Hybrid,2023-01-02,6
TUR,Centro 1,Hybrid,2023-01-02,6
VND,Centro 3,Online,2023-01-02,6
EMP,Centro 3,In-person,2023-01-02,5
EXC,Centro 4,In-person,2023-01-02,5
GES,Centro 1,Hybrid,2023-01-02,5
GES,Centro 5,Online,2023-01-02,5
HAC,Centro 1,Hybrid,2023-01-02,5
HOT,Centro 2,In-person,2023-01-02,5
HOT,Centro 5,Hybrid,2023-01-02,5
ING,Centro 1,Online,2023-01-02,5
ING,Centro 2,Hybrid,2023-01-02,5
ING,Centro 3,Hybrid,2023-01-02,5
LID,Centro 2,Hybrid,2023-01-02,5
LID,Centro 2,In-person,2023-01-02,5
LID,Centro 4,Online,2023-01-02,5
LOG,Centro 2,In-person,2023-01-02,5
LOG,Centro 3,Hybrid,2023-01-02,5
LOG,Centro 5,In-person,2023-01-02,5
PBI,Centro 1,Online,2023-01-02,5
PRI,Centro 3,In-person,2023-01-02,5
PRI,Centro 4,In-person,2023-01-02,5
PRO,Centro 3,In-person,2023-01-02,5
PRO,Centro 4,Online,2023-01-02,5
PRO,Centro 5,Online,2023-01-02,5
PYT,Centro 2,Hybrid,2023-01-02,5
SCI,Centro 1,Hybrid,2023-01-02,5
SCI,Centro 3,Hybrid,2023-01-02,5
SCI,Centro 3,In-person,2023-01-02,5
SEG,Centro 1,Hybrid,2023-01-02,5
SEG,Centro 4,Hybrid,2023-01-02,5
SEG,Centro 5,Hybrid,2023-01-02,5
SOC,Centro 1,Hybrid,2023-01-02,5
SOC,Centro 5,Hybrid,2023-01-02,5
SST,Centro 1,In-person,2023-01-02,5
VND,Centro 3,Hybrid,2023-01-02,5
CYB,Centro 3,Hybrid,2023-01-02,3
CYB,Centro 4,Online,2023-01-02,3
CYB,Centro 4,In-person,2023-01-02,3
EMP,Centro 2,In-person,2023-01-02,3
EMP,Centro 5,In-person,2023-01-02,3
FOR,Centro 4,In-person,2023-01-02,3
FOR,Centro 5,Online,2023-01-02,3
GER,Centro 5,In-person,2023-01-02,3
GES,Centro 1,In-person,2023-01-02,3
GES,Centro 4,In-person,2023-01-02,3
HCP,Centro 3,In-person,2023-01-02,3
HOT,Centro 1,In-person,2023-01-02,3
INF,Centro 1,In-person,2023-01-02,3
INF,Centro 5,In-person,2023-01-02,3
PBI,Centro 2,In-person,2023-01-02,3
PBI,Centro 3,In-person,2023-01-02,3
PRI,Centro 4,Hybrid,2023-01-02,3
SOC,Centro 4,In-person,2023-01-02,3
SOC,Centro 5,In-person,2023-01-02,3
SST,Centro 2,In-person,2023-01-02,3
SST,Centro 4,Online,2023-01-02,3
TUR,Centro 5,Hybrid,2023-01-02,3
TUR,Centro 5,In-person,2023-01-02,3
VND,Centro 2,Hybrid,2023-01-02,3
VND,Centro 3,In-person,2023-01-02,3
VND,Centro 4,In-person,2023-01-02,3
VND,Centro 5,Hybrid,2023-01-02,3
CYB,Centro 5,Online,2023-01-02,2
EXC,Centro 4,Hybrid,2023-01-02,2
EXC,Centro 5,Hybrid,2023-01-02,2
FOR,Centro 2,In-person,2023-01-02,2
GER,Centro 2,Hybrid,2023-01-02,2
GES,Centro 5,Hybrid,2023-01-02,2
HAC,Centro 4,In-person,2023-01-02,2
HOT,Centro 4,In-person,2023-01-02,2
INF,Centro 2,Hybrid,2023-01-02,2
INF,Centro 3,In-person,2023-01-02,2
INF,Centro 4,In-person,2023-01-02,2
LID,Centro 4,Hybrid,2023-01-02,2
PRI,Centro 5,In-person,2023-01-02,2
PRO,Centro 4,In-person,2023-01-02,2
SCI,Centro 4,Hybrid,2023-01-02,2
VND,Centro 1,Hybrid,2023-01-02,2
SEG,Centro 5,Online,2023-01-09,57
LOG,Centro 5,In-person,2023-01-09,34
PRO,Centro 2,Online,2023-01-09,30
CYB,Centro 4,Online,2023-01-09,26
INF,Centro 4,In-person,2023-01-09,26
GER,Centro 3,In-person,2023-01-09,25
TUR,Centro 2,In-person,2023-01-09,22
PBI,Centro 3,In-person,2023-01-09,19
EXC,Centro 5,Online,2023-01-09,18
GES,Centro 4,In-person,2023-01-09,17
GER,Centro 4,In-person,2023-01-09,16
PYT,Centro 1,Online,2023-01-09,16
FOR,Centro 1,In-person,2023-01-09,15
HOT,Centro 3,Hybrid,2023-01-09,15
SCI,Centro 5,In-person,2023-01-09,15
EXC,Centro 4,Online,2023-01-09,14
FOR,Centro 2,Hybrid,2023-01-09,14
SST,Centro 3,Hybrid,2023-01-09,14
SEG,Centro 1,In-person,2023-01-09,13
TUR,Centro 5,In-person,2023-01-09,13
CYB,Centro 5,In-person,2023-01-09,12
PYT,Centro 3,In-person,2023-01-09,12
SCI,Centro 2,Hybrid,2023-01-09,12
HAC,Centro 4,Online,2023-01-09,10
HOT,Centro 1,In-person,2023-01-09,10
PRI,Centro 5,In-person,2023-01-09,10
PRO,Centro 3,In-person,2023-01-09,10
SEG,Centro 4,In-person,2023-01-09,10
INF,Centro 3,Hybrid,2023-01-09,9
VND,Centro 3,Hybrid,2023-01-09,9
HAC,Centro 3,Online,2023-01-09,8
HOT,Centro 5,Hybrid,2023-01-09,8
LID,Centro 3,In-person,2023-01-09,8
PYT,Centro 1,Hybrid,2023-01-09,8
SST,Centro 2,Hybrid,2023-01-09,8
SST,Centro 2,In-person,2023-01-09,8
VND,Centro 2,Hybrid,2023-01-09,8
CYB,Centro 3,Hybrid,2023-01-09,7
MNT,Centro 5,In-person,2023-01-09,7
SCI,Centro 2,In-person,2023-01-09,7
GES,Centro 5,Online,2023-01-09,6
HAC,Centro 2,Online,2023-01-09,6
FOR,Centro 2,In-person,2023-01-09,5
GES,Centro 1,In-person,2023-01-09,5
SOC,Centro 1,In-person,2023-01-09,5
SST,Centro 5,Hybrid,2023-01-09,5
SST,Centro 5,In-person,2023-01-09,5
TUR,Centro 4,Hybrid,2023-01-09,5
VND,Centro 4,Online,2023-01-09,5
PBI,Centro 3,Online,2023-01-09,4
PRO,Centro 2,Hybrid,2023-01-09,4
VND,Centro 3,In-person,2023-01-09,4
FOR,Centro 4,In-person,2023-01-09,3
FOR,Centro 5,Online,2023-01-09,3
GER,Centro 4,Hybrid,2023-01-09,3
HAC,Centro 1,In-person,2023-01-09,3
HOT,Centro 5,In-person,2023-01-09,3
INF,Centro 3,In-person,2023-01-09,3
LID,Centro 1,Hybrid,2023-01-09,3
LOG,Centro 1,Hybrid,2023-01-09,3
LOG,Centro 3,Hybrid,2023-01-09,3
SEG,Centro 2,Hybrid,2023-01-09,3
SEG,Centro 3,In-person,2023-01-09,3
SST,Centro 1,Online,2023-01-09,3
EMP,Centro 2,In-person,2023-01-09,2
HOT,Centro 3,In-person,2023-01-09,2
LID,Centro 4,In-person,2023-01-09,2
PBI,Centro 2,In-person,2023-01-09,2
SCI,Centro 3,In-person,2023-01-09,2
SOC,Centro 3,In-person,2023-01-09,2
TUR,Centro 5,Hybrid,2023-01-09,2
VND,Centro 5,Hybrid,2023-01-09,2
CYB,Centro 2,Online,2023-01-09,1
GES,Centro 4,Hybrid,2023-01-09,1
HCP,Centro 2,In-person,2023-01-09,1
ING,Centro 2,Hybrid,2023-01-09,1
ING,Centro 3,Hybrid,2023-01-09,1
ING,Centro 5,Hybrid,2023-01-09,1
LID,Centro 2,In-person,2023-01-09,1
LOG,Centro 3,In-person,2023-01-09,1
PRI,Centro 4,Hybrid,2023-01-09,1
PYT,Centro 4,Online,2023-01-09,1
SCI,Centro 1,Hybrid,2023-01-09,1
SEG,Centro 2,In-person,2023-01-09,1
SOC,Centro 2,In-person,2023-01-09,1
TUR,Centro 2,Hybrid,2023-01-09,1
INF,Centro 2,Hybrid,2023-01-16,29
EMP,Centro 5,In-person,2023-01-16,24
HAC,Centro 3,Online,2023-01-16,24
FOR,Centro 1,In-person,2023-01-16,22
GES,Centro 3,Online,2023-01-16,21
HOT,Centro 2,In-person,2023-01-16,21
TUR,Centro 4,Hybrid,2023-01-16,21
EXC,Centro 1,Online,2023-01-16,20
HAC,Centro 2,Online,2023-01-16,20
LOG,Centro 3,In-person,2023-01-16,20
CYB,Centro 2,In-person,2023-01-16,19
EMP,Centro 1,In-person,2023-01-16,19
PRI,Centro 1,Hybrid,2023-01-16,19
PRO,Centro 2,Hybrid,2023-01-16,19
CYB,Centro 4,Online,2023-01-16,18
GES,Centro 1,Hybrid,2023-01-16,18
HCP,Centro 2,In-person,2023-01-16,18
HCP,Centro 3,In-person,2023-01-16,18
SST,Centro 5,In-person,2023-01-16,18
PRO,Centro 2,Online,2023-01-16,17
MNT,Centro 2,In-person,2023-01-16,16
SEG,Centro 1,In-person,2023-01-16,16
SCI,Centro 5,In-person,2023-01-16,15
SOC,Centro 5,Hybrid,2023-01-16,14
ING,Centro 4,Online,2023-01-16,13
PRI,Centro 3,In-person,2023-01-16,13
EXC,Centro 1,In-person,2023-01-16,12
PBI,Centro 3,Hybrid,2023-01-16,11
PRO,Centro 5,Hybrid,2023-01-16,11
SOC,Centro 5,In-person,2023-01-16,11
TUR,Centro 1,In-person,2023-01-16,11
TUR,Centro 5,In-person,2023-01-16,11
VND,Centro 3,Hybrid,2023-01-16,11
GES,Centro 1,In-person,2023-01-16,10
LID,Centro 2,In-person,2023-01-16,10
SCI,Centro 1,Hybrid,2023-01-16,10
SCI,Centro 3,Hybrid,2023-01-16,10
HOT,Centro 4,In-person,2023-01-16,9
CYB,Centro 2,Hybrid,2023-01-16,8
FOR,Centro 2,In-person,2023-01-16,8
HAC,Centro 1,In-person,2023-01-16,8
PRI,Centro 2,Hybrid,2023-01-16,8
HCP,Centro 5,Hybrid,2023-01-16,7
LID,Centro 4,Hybrid,2023-01-16,6
LOG,Centro 1,Hybrid,2023-01-16,6
EXC,Centro 3,In-person,2023-01-16,5
MNT,Centro 1,In-person,2023-01-16,5
PBI,Centro 4,Hybrid,2023-01-16,5
SST,Centro 1,In-person,2023-01-16,5
VND,Centro 5,Hybrid,2023-01-16,5
GER,Centro 5,In-person,2023-01-16,4
EXC,Centro 2,In-person,2023-01-16,3
HOT,Centro 5,Hybrid,2023-01-16,3
EXC,Centro 5,Online,2023-01-16,2
FOR,Centro 5,Online,2023-01-16,2
GER,Centro 2,Hybrid,2023-01-16,2
INF,Centro 3,In-person,2023-01-16,2
LOG,Centro 1,In-person,2023-01-16,2
LOG,Centro 5,In-person,2023-01-16,2
MNT,Centro 5,In-person,2023-01-16,2
SEG,Centro 2,Hybrid,2023-01-16,2
EXC,Centro 2,Hybrid,2023-01-16,1
GER,Centro 1,In-person,2023-01-16,1
GER,Centro 3,In-person,2023-01-16,1
HAC,Centro 4,In-person,2023-01-16,1
HCP,Centro 4,In-person,2023-01-16,1
HOT,Centro 1,In-person,2023-01-16,1
ING,Centro 1,Online,2023-01-16,1
LOG,Centro 4,Hybrid,2023-01-16,1
MNT,Centro 3,In-person,2023-01-16,1
PRO,Centro 5,Online,2023-01-16,1
SEG,Centro 5,Online,2023-01-16,1
SEG,Centro 5,In-person,2023-01-16,1
SOC,Centro 1,In-person,2023-01-16,1
SST,Centro 2,In-person,2023-01-16,1
HAC,Centro 5,In-person,2023-01-23,58
PRI,Centro 5,Hybrid,2023-01-23,42
PBI,Centro 2,Online,2023-01-23,30
SST,Centro 1,In-person,2023-01-23,30
PRI,Centro 5,In-person,2023-01-23,25
PRI,Centro 3,Hybrid,2023-01-23,23
EXC,Centro 4,Online,2023-01-23,21
LID,Centro 2,Hybrid,2023-01-23,21
FOR,Centro 4,Online,2023-01-23,20
LOG,Centro 5,In-person,2023-01-23,20
PBI,Centro 1,Hybrid,2023-01-23,20
SEG,Centro 1,In-person,2023-01-23,20
EXC,Centro 5,Online,2023-01-23,17
LOG,Centro 1,Hybrid,2023-01-23,17
HOT,Centro 4,In-person,2023-01-23,16
EXC,Centro 4,Hybrid,2023-01-23,15
LID,Centro 2,Online,2023-01-23,15
SCI,Centro 4,Hybrid,2023-01-23,15
SST,Centro 5,In-person,2023-01-23,15
EMP,Centro 1,In-person,2023-01-23,14
EXC,Centro 1,In-person,2023-01-23,14
GER,Centro 2,Hybrid,2023-01-23,14
EMP,Centro 2,In-person,2023-01-23,13
GES,Centro 4,Hybrid,2023-01-23,13
HCP,Centro 3,In-person,2023-01-23,13
SEG,Centro 2,Hybrid,2023-01-23,13
MNT,Centro 3,In-person,2023-01-23,12
VND,Centro 5,Online,2023-01-23,12
SOC,Centro 3,In-person,2023-01-23,11
SST,Centro 4,Hybrid,2023-01-23,11
TUR,Centro 2,Hybrid,2023-01-23,11
HCP,Centro 1,Hybrid,2023-01-23,10
LID,Centro 1,Hybrid,2023-01-23,10
SOC,Centro 5,In-person,2023-01-23,10
EMP,Centro 3,In-person,2023-01-23,9
EXC,Centro 1,Online,2023-01-23,9
LID,Centro 2,In-person,2023-01-23,9
PRO,Centro 4,Online,2023-01-23,9
SOC,Centro 1,In-person,2023-01-23,9
HAC,Centro 3,In-person,2023-01-23,8
PBI,Centro 1,Online,2023-01-23,8
SCI,Centro 1,In-person,2023-01-23,8
HAC,Centro 1,In-person,2023-01-23,7
HAC,Centro 3,Online,2023-01-23,7
PRO,Centro 5,Online,2023-01-23,7
CYB,Centro 4,In-person,2023-01-23,6
PBI,Centro 4,Hybrid,2023-01-23,6
CYB,Centro 4,Hybrid,2023-01-23,4
FOR,Centro 1,In-person,2023-01-23,4
FOR,Centro 5,Hybrid,2023-01-23,4
HOT,Centro 1,In-person,2023-01-23,4
PBI,Centro 3,Online,2023-01-23,4
PRI,Centro 3,In-person,2023-01-23,4
PRO,Centro 2,Online,2023-01-23,4
SEG,Centro 5,In-person,2023-01-23,4
VND,Centro 1,In-person,2023-01-23,4
VND,Centro 2,In-person,2023-01-23,4
CYB,Centro 3,Hybrid,2023-01-23,3
HAC,Centro 2,Online,2023-01-23,3
HAC,Centro 4,In-person,2023-01-23,3
LOG,Centro 3,In-person,2023-01-23,3
PBI,Centro 3,Hybrid,2023-01-23,3
PRO,Centro 3,Hybrid,2023-01-23,3
PRO,Centro 5,Hybrid,2023-01-23,3
SCI,Centro 1,Hybrid,2023-01-23,3
SCI,Centro 5,In-person,2023-01-23,3
TUR,Centro 5,In-person,2023-01-23,3
FOR,Centro 5,Online,2023-01-23,2
HAC,Centro 2,In-person,2023-01-23,2
HCP,Centro 2,In-person,2023-01-23,2
HOT,Centro 3,In-person,2023-01-23,2
LID,Centro 1,In-person,2023-01-23,2
PYT,Centro 4,Online,2023-01-23,2
SEG,Centro 3,In-person,2023-01-23,2
GER,Centro 3,In-person,2023-01-23,1
HCP,Centro 4,In-person,2023-01-23,1
HCP,Centro 5,Hybrid,2023-01-23,1
LOG,Centro 3,Hybrid,2023-01-23,1
LOG,Centro 4,In-person,2023-01-23,1
MNT,Centro 2,In-person,2023-01-23,1
MNT,Centro 4,In-person,2023-01-23,1
PYT,Centro 1,Hybrid,2023-01-23,1
SCI,Centro 2,In-person,2023-01-23,1
SST,Centro 1,Online,2023-01-23,1
SST,Centro 3,In-person,2023-01-23,1
VND,Centro 1,Hybrid,2023-01-23,1
VND,Centro 3,Hybrid,2023-01-23,1
SST,Centro 1,Online,2023-01-30,49
EXC,Centro 5,Online,2023-01-30,38
ING,Centro 4,Online,2023-01-30,38
SST,Centro 3,In-person,2023-01-30,36
VND,Centro 4,Online,2023-01-30,29
SEG,Centro 2,Hybrid,2023-01-30,28
CYB,Centro 2,Online,2023-01-30,27
GES,Centro 5,Hybrid,2023-01-30,26
SCI,Centro 2,In-person,2023-01-30,26
CYB,Centro 5,Online,2023-01-30,25
FOR,Centro 2,In-person,2023-01-30,25
EXC,Centro 2,Online,2023-01-30,23
PBI,Centro 3,Online,2023-01-30,23
PRI,Centro 3,Hybrid,2023-01-30,22
PBI,Centro 4,Hybrid,2023-01-30,20
LOG,Centro 1,Hybrid,2023-01-30,19
LOG,Centro 5,In-person,2023-01-30,19
MNT,Centro 4,In-person,2023-01-30,19
FOR,Centro 4,Online,2023-01-30,17
GER,Centro 2,In-person,2023-01-30,17
GER,Centro 4,In-person,2023-01-30,16
LOG,Centro 3,In-person,2023-01-30,15
SEG,Centro 3,In-person,2023-01-30,15
GER,Centro 3,In-person,2023-01-30,14
SCI,Centro 5,In-person,2023-01-30,14
VND,Centro 2,In-person,2023-01-30,14
GER,Centro 2,Hybrid,2023-01-30,13
GER,Centro 4,Hybrid,2023-01-30,13
VND,Centro 5,Hybrid,2023-01-30,13
MNT,Centro 2,In-person,2023-01-30,12
SCI,Centro 1,Hybrid,2023-01-30,12
EXC,Centro 4,Online,2023-01-30,11
INF,Centro 4,Hybrid,2023-01-30,11
VND,Centro 3,Hybrid,2023-01-30,11
HAC,Centro 3,In-person,2023-01-30,10
HOT,Centro 5,In-person,2023-01-30,10
LID,Centro 1,Hybrid,2023-01-30,9
LID,Centro 2,In-person,2023-01-30,9
LID,Centro 3,Online,2023-01-30,9
SST,Centro 5,Hybrid,2023-01-30,9
LID,Centro 3,In-person,2023-01-30,8
SST,Centro 1,In-person,2023-01-30,8
CYB,Centro 2,Hybrid,2023-01-30,7
EXC,Centro 2,In-person,2023-01-30,7
SEG,Centro 5,Online,2023-01-30,7
SST,Centro 4,Online,2023-01-30,7
SST,Centro 5,In-person,2023-01-30,7
FOR,Centro 3,Hybrid,2023-01-30,6
LID,Centro 4,Online,2023-01-30,6
LOG,Centro 4,In-person,2023-01-30,6
PYT,Centro 3,Hybrid,2023-01-30,6
TUR,Centro 2,Hybrid,2023-01-30,6
EMP,Centro 4,In-person,2023-01-30,5
GES,Centro 4,Hybrid,2023-01-30,5
HCP,Centro 3,In-person,2023-01-30,5
PBI,Centro 3,Hybrid,2023-01-30,5
PRI,Centro 1,In-person,2023-01-30,5
SEG,Centro 1,In-person,2023-01-30,5
TUR,Centro 5,In-person,2023-01-30,5
VND,Centro 1,Hybrid,2023-01-30,5
EMP,Centro 5,In-person,2023-01-30,4
HAC,Centro 4,In-person,2023-01-30,4
INF,Centro 5,In-person,2023-01-30,4
ING,Centro 2,Hybrid,2023-01-30,4
LID,Centro 4,Hybrid,2023-01-30,4
LID,Centro 5,Online,2023-01-30,4
PRI,Centro 3,In-person,2023-01-30,4
TUR,Centro 2,In-person,2023-01-30,4
EMP,Centro 1,In-person,2023-01-30,3
EMP,Centro 2,In-person,2023-01-30,3
FOR,Centro 5,Online,2023-01-30,3
HOT,Centro 5,Hybrid,2023-01-30,3
INF,Centro 3,In-person,2023-01-30,3
PRI,Centro 2,Hybrid,2023-01-30,3
PRO,Centro 2,Online,2023-01-30,3
PRO,Centro 4,In-person,2023-01-30,3
SST,Centro 4,Hybrid,2023-01-30,3
HOT,Centro 1,In-person,2023-01-30,2
ING,Centro 1,Online,2023-01-30,2
LOG,Centro 2,In-person,2023-01-30,2
LOG,Centro 3,Hybrid,2023-01-30,2
MNT,Centro 3,In-person,2023-01-30,2
SCI,Centro 2,Hybrid,2023-01-30,2
SST,Centro 2,Hybrid,2023-01-30,2
TUR,Centro 1,In-person,2023-01-30,2
FOR,Centro 1,Online,2023-01-30,1
FOR,Centro 1,In-person,2023-01-30,1
GES,Centro 3,Online,2023-01-30,1
HAC,Centro 1,In-person,2023-01-30,1
HAC,Centro 5,In-person,2023-01-30,1
LID,Centro 2,Online,2023-01-30,1
PBI,Centro 1,Hybrid,2023-01-30,1
PRI,Centro 5,Hybrid,2023-01-30,1
PRO,Centro 3,In-person,2023-01-30,1
PYT,Centro 1,Online,2023-01-30,1
PYT,Centro 4,In-person,2023-01-30,1
SEG,Centro 3,Online,2023-01-30,1
PBI,Centro 3,Online,2023-02-06,31
LID,Centro 4,Online,2023-02-06,27
HCP,Centro 3,In-person,2023-02-06,26
SEG,Centro 5,Online,2023-02-06,25
GER,Centro 3,In-person,2023-02-06,24
INF,Centro 2,Hybrid,2023-02-06,22
LOG,Centro 2,Hybrid,2023-02-06,21
GER,Centro 2,In-person,2023-02-06,19
SEG,Centro 2,Online,2023-02-06,19
VND,Centro 1,Online,2023-02-06,19
VND,Centro 4,Online,2023-02-06,19
EXC,Centro 1,Online,2023-02-06,18
FOR,Centro 4,Online,2023-02-06,18
LID,Centro 2,Hybrid,2023-02-06,17
PRI,Centro 4,In-person,2023-02-06,17
SOC,Centro 3,In-person,2023-02-06,16
CYB,Centro 4,Online,2023-02-06,15
INF,Centro 3,Hybrid,2023-02-06,15
PRO,Centro 2,Online,2023-02-06,15
LID,Centro 5,Online,2023-02-06,14
MNT,Centro 4,In-person,2023-02-06,14
PRO,Centro 2,Hybrid,2023-02-06,14
VND,Centro 5,In-person,2023-02-06,14
PBI,Centro 2,Hybrid,2023-02-06,13
PYT,Centro 1,Hybrid,2023-02-06,13
EXC,Centro 4,Online,2023-02-06,12
HAC,Centro 5,Hybrid,2023-02-06,12
SEG,Centro 4,In-person,2023-02-06,12
EMP,Centro 1,In-person,2023-02-06,11
FOR,Centro 1,Online,2023-02-06,11
GES,Centro 2,In-person,2023-02-06,11
PYT,Centro 3,Online,2023-02-06,10
SOC,Centro 5,Hybrid,2023-02-06,10
GER,Centro 2,Hybrid,2023-02-06,8
HAC,Centro 3,In-person,2023-02-06,8
HAC,Centro 4,In-person,2023-02-06,8
HOT,Centro 4,In-person,2023-02-06,8
ING,Centro 4,Online,2023-02-06,8
LOG,Centro 3,In-person,2023-02-06,8
PRI,Centro 5,Hybrid,2023-02-06,8
CYB,Centro 4,In-person,2023-02-06,7
EXC,Centro 3,Hybrid,2023-02-06,7
HAC,Centro 4,Online,2023-02-06,7
LID,Centro 2,In-person,2023-02-06,7
LOG,Centro 4,In-person,2023-02-06,7
PYT,Centro 1,Online,2023-02-06,7
SST,Centro 3,In-person,2023-02-06,7
SST,Centro 4,Online,2023-02-06,7
VND,Centro 3,Hybrid,2023-02-06,7
CYB,Centro 5,In-person,2023-02-06,6
GER,Centro 4,In-person,2023-02-06,6
GES,Centro 1,In-person,2023-02-06,6
HOT,Centro 5,Hybrid,2023-02-06,6
LID,Centro 4,In-person,2023-02-06,6
SCI,Centro 1,Hybrid,2023-02-06,6
SOC,Centro 1,In-person,2023-02-06,6
CYB,Centro 2,Hybrid,2023-02-06,5
EMP,Centro 2,In-person,2023-02-06,5
HAC,Centro 5,In-person,2023-02-06,5
HOT,Centro 5,In-person,2023-02-06,5
INF,Centro 4,In-person,2023-02-06,5
PRI,Centro 3,Hybrid,2023-02-06,5
INF,Centro 3,In-person,2023-02-06,4
LOG,Centro 5,In-person,2023-02-06,4
MNT,Centro 3,In-person,2023-02-06,4
PRO,Centro 4,In-person,2023-02-06,4
TUR,Centro 5,In-person,2023-02-06,4
EMP,Centro 3,In-person,2023-02-06,3
FOR,Centro 1,In-person,2023-02-06,3
FOR,Centro 5,Hybrid,2023-02-06,3
HAC,Centro 3,Online,2023-02-06,3
HCP,Centro 1,In-person,2023-02-06,3
HCP,Centro 4,In-person,2023-02-06,3
HCP,Centro 5,In-person,2023-02-06,3
ING,Centro 3,Online,2023-02-06,3
PRI,Centro 2,Hybrid,2023-02-06,3
SCI,Centro 1,In-person,2023-02-06,3
SCI,Centro 2,In-person,2023-02-06,3
VND,Centro 3,Online,2023-02-06,3
EXC,Centro 2,Hybrid,2023-02-06,2
GER,Centro 1,In-person,2023-02-06,2
HCP,Centro 1,Hybrid,2023-02-06,2
HCP,Centro 2,In-person,2023-02-06,2
LID,Centro 2,Online,2023-02-06,2
MNT,Centro 5,In-person,2023-02-06,2
PBI,Centro 4,Online,2023-02-06,2
PYT,Centro 4,Online,2023-02-06,2
PYT,Centro 4,In-person,2023-02-06,2
VND,Centro 1,In-person,2023-02-06,2
CYB,Centro 3,In-person,2023-02-06,1
EXC,Centro 2,Online,2023-02-06,1
EXC,Centro 3,In-person,2023-02-06,1
EXC,Centro 5,Online,2023-02-06,1
GES,Centro 3,Online,2023-02-06,1
ING,Centro 5,In-person,2023-02-06,1
LOG,Centro 1,In-person,2023-02-06,1
LOG,Centro 2,In-person,2023-02-06,1
PRO,Centro 3,In-person,2023-02-06,1
PYT,Centro 5,In-person,2023-02-06,1
SEG,Centro 1,In-person,2023-02-06,1
SEG,Centro 2,Hybrid,2023-02-06,1
SEG,Centro 3,In-person,2023-02-06,1
SEG,Centro 5,In-person,2023-02-06,1
SOC,Centro 4,Hybrid,2023-02-06,1
SST,Centro 1,In-person,2023-02-06,1
SST,Centro 5,Online,2023-02-06,1
TUR,Centro 1,In-person,2023-02-06,1
VND,Centro 1,Hybrid,2023-02-06,1
EXC,Centro 2,Online,2023-02-13,48
GES,Centro 4,Hybrid,2023-02-13,35
VND,Centro 1,In-person,2023-02-13,28
PBI,Centro 4,Hybrid,2023-02-13,27
PRO,Centro 4,Online,2023-02-13,27
SCI,Centro 5,Hybrid,2023-02-13,27
PRO,Centro 2,Online,2023-02-13,26
GER,Centro 1,In-person,2023-02-13,25
ING,Centro 1,Hybrid,2023-02-13,25
ING,Centro 4,Online,2023-02-13,25
EXC,Centro 2,Hybrid,2023-02-13,20
SST,Centro 4,Online,2023-02-13,20
GER,Centro 4,In-person,2023-02-13,19
SEG,Centro 4,In-person,2023-02-13,19
CYB,Centro 2,Hybrid,2023-02-13,18
ING,Centro 1,In-person,2023-02-13,16
PYT,Centro 3,Online,2023-02-13,16
VND,Centro 2,Hybrid,2023-02-13,16
HOT,Centro 5,Hybrid,2023-02-13,15
LOG,Centro 5,In-person,2023-02-13,15
SCI,Centro 3,In-person,2023-02-13,14
SST,Centro 2,Hybrid,2023-02-13,14
CYB,Centro 5,Hybrid,2023-02-13,13
EMP,Centro 2,In-person,2023-02-13,13
GER,Centro 5,In-person,2023-02-13,13
PRI,Centro 4,Hybrid,2023-02-13,13
SST,Centro 3,Hybrid,2023-02-13,13
TUR,Centro 5,In-person,2023-02-13,13
FOR,Centro 5,Hybrid,2023-02-13,12
MNT,Centro 1,In-person,2023-02-13,12
SCI,Centro 5,In-person,2023-02-13,12
EMP,Centro 1,In-person,2023-02-13,11
EMP,Centro 3,In-person,2023-02-13,11
FOR,Centro 3,Hybrid,2023-02-13,11
HCP,Centro 4,In-person,2023-02-13,11
HOT,Centro 3,In-person,2023-02-13,11
HOT,Centro 4,In-person,2023-02-13,11
SOC,Centro 1,In-person,2023-02-13,11
SST,Centro 3,In-person,2023-02-13,11
GER,Centro 2,In-person,2023-02-13,10
HOT,Centro 2,In-person,2023-02-13,10
FOR,Centro 2,In-person,2023-02-13,9
LID,Centro 4,In-person,2023-02-13,9
PBI,Centro 3,Hybrid,2023-02-13,9
EMP,Centro 4,In-person,2023-02-13,8
FOR,Centro 2,Hybrid,2023-02-13,8
GER,Centro 1,Hybrid,2023-02-13,8
INF,Centro 3,In-person,2023-02-13,8
HAC,Centro 4,In-person,2023-02-13,7
HCP,Centro 3,In-person,2023-02-13,7
HCP,Centro 5,In-person,2023-02-13,7
INF,Centro 4,Hybrid,2023-02-13,7
LID,Centro 4,Hybrid,2023-02-13,7
PRI,Centro 3,Hybrid,2023-02-13,7
SST,Centro 4,Hybrid,2023-02-13,7
VND,Centro 1,Online,2023-02-13,7
EXC,Centro 3,Hybrid,2023-02-13,6
SST,Centro 1,Hybrid,2023-02-13,6
GES,Centro 2,Hybrid,2023-02-13,5
HAC,Centro 2,Online,2023-02-13,5
MNT,Centro 2,In-person,2023-02-13,5
MNT,Centro 4,In-person,2023-02-13,5
TUR,Centro 1,In-person,2023-02-13,5
VND,Centro 4,Online,2023-02-13,5
EXC,Centro 5,Online,2023-02-13,4
LOG,Centro 3,Hybrid,2023-02-13,4
LOG,Centro 4,In-person,2023-02-13,4
PRI,Centro 1,Hybrid,2023-02-13,4
PYT,Centro 3,In-person,2023-02-13,4
CYB,Centro 5,In-person,2023-02-13,3
HOT,Centro 2,Hybrid,2023-02-13,3
PBI,Centro 4,Online,2023-02-13,3
PRI,Centro 3,In-person,2023-02-13,3
PYT,Centro 2,Hybrid,2023-02-13,3
SEG,Centro 1,In-person,2023-02-13,3
EXC,Centro 2,In-person,2023-02-13,2
EXC,Centro 4,Hybrid,2023-02-13,2
HAC,Centro 2,In-person,2023-02-13,2
LID,Centro 1,Hybrid,2023-02-13,2
LID,Centro 2,Online,2023-02-13,2
LOG,Centro 5,Hybrid,2023-02-13,2
PRO,Centro 3,In-person,2023-02-13,2
PYT,Centro 1,Online,2023-02-13,2
SEG,Centro 3,Online,2023-02-13,2
SST,Centro 2,In-person,2023-02-13,2
FOR,Centro 1,Online,2023-02-13,1
GER,Centro 2,Hybrid,2023-02-13,1
GER,Centro 3,In-person,2023-02-13,1
GES,Centro 1,Hybrid,2023-02-13,1
HAC,Centro 3,In-person,2023-02-13,1
HAC,Centro 5,In-person,2023-02-13,1
HCP,Centro 2,In-person,2023-02-13,1
LID,Centro 4,Online,2023-02-13,1
LOG,Centro 2,In-person,2023-02-13,1
PYT,Centro 1,Hybrid,2023-02-13,1
PYT,Centro 3,Hybrid,2023-02-13,1
SCI,Centro 1,Hybrid,2023-02-13,1
SCI,Centro 1,In-person,2023-02-13,1
SEG,Centro 5,In-person,2023-02-13,1
SOC,Centro 4,Hybrid,2023-02-13,1
SST,Centro 5,In-person,2023-02-13,1
VND,Centro 2,In-person,2023-02-13,1
VND,Centro 3,Online,2023-02-13,1
ING,Centro 1,Online,2023-02-20,40
HAC,Centro 3,Online,2023-02-20,38
LID,Centro 4,Hybrid,2023-02-20,36
PBI,Centro 4,Online,2023-02-20,32
PRI,Centro 3,In-person,2023-02-20,32
GER,Centro 3,In-person,2023-02-20,28
PBI,Centro 3,Online,2023-02-20,28
PBI,Centro 4,Hybrid,2023-02-20,23
SOC,Centro 3,In-person,2023-02-20,23
CYB,Centro 5,Online,2023-02-20,22
EXC,Centro 5,Online,2023-02-20,22
GES,Centro 4,Online,2023-02-20,22
SST,Centro 1,Hybrid,2023-02-20,22
SST,Centro 4,Hybrid,2023-02-20,22
FOR,Centro 4,Online,2023-02-20,21
HCP,Centro 4,In-person,2023-02-20,21
MNT,Centro 4,In-person,2023-02-20,21
EMP,Centro 1,In-person,2023-02-20,20
HAC,Centro 2,In-person,2023-02-20,19
HAC,Centro 5,In-person,2023-02-20,18
VND,Centro 5,Online,2023-02-20,18
EXC,Centro 4,Hybrid,2023-02-20,17
PBI,Centro 5,Online,2023-02-20,17
HOT,Centro 5,In-person,2023-02-20,16
SEG,Centro 4,Online,2023-02-20,16
SCI,Centro 1,Hybrid,2023-02-20,15
EXC,Centro 2,Hybrid,2023-02-20,14
PYT,Centro 3,Hybrid,2023-02-20,14
SEG,Centro 5,In-person,2023-02-20,14
EXC,Centro 2,Online,2023-02-20,13
SEG,Centro 2,In-person,2023-02-20,13
SST,Centro 4,In-person,2023-02-20,13
CYB,Centro 5,Hybrid,2023-02-20,12
HAC,Centro 4,In-person,2023-02-20,12
LID,Centro 2,Online,2023-02-20,12
LOG,Centro 2,Hybrid,2023-02-20,12
PRO,Centro 2,Online,2023-02-20,12
SEG,Centro 4,In-person,2023-02-20,12
TUR,Centro 5,In-person,2023-02-20,12
HOT,Centro 5,Hybrid,2023-02-20,11
INF,Centro 3,In-person,2023-02-20,11
INF,Centro 5,In-person,2023-02-20,11
LOG,Centro 2,In-person,2023-02-20,10
CYB,Centro 4,Hybrid,2023-02-20,9
LID,Centro 4,In-person,2023-02-20,9
SCI,Centro 5,In-person,2023-02-20,9
SOC,Centro 4,Hybrid,2023-02-20,9
INF,Centro 3,Hybrid,2023-02-20,8
MNT,Centro 1,In-person,2023-02-20,8
PRO,Centro 4,Online,2023-02-20,8
PYT,Centro 5,Hybrid,2023-02-20,8
EXC,Centro 3,In-person,2023-02-20,7
LID,Centro 4,Online,2023-02-20,7
SEG,Centro 1,Hybrid,2023-02-20,7
TUR,Centro 1,In-person,2023-02-20,7
CYB,Centro 2,Hybrid,2023-02-20,6
EXC,Centro 1,Online,2023-02-20,6
FOR,Centro 1,In-person,2023-02-20,6
HOT,Centro 3,Hybrid,2023-02-20,6
SST,Centro 3,Hybrid,2023-02-20,6
VND,Centro 5,In-person,2023-02-20,6
HCP,Centro 1,Hybrid,2023-02-20,5
HOT,Centro 3,In-person,2023-02-20,5
LOG,Centro 5,In-person,2023-02-20,5
SST,Centro 1,In-person,2023-02-20,5
CYB,Centro 3,Online,2023-02-20,4
GER,Centro 4,In-person,2023-02-20,4
GES,Centro 2,In-person,2023-02-20,4
HCP,Centro 3,In-person,2023-02-20,4
LOG,Centro 3,Hybrid,2023-02-20,4
SCI,Centro 3,In-person,2023-02-20,4
SEG,Centro 1,In-person,2023-02-20,4
SOC,Centro 3,Hybrid,2023-02-20,4
VND,Centro 4,Hybrid,2023-02-20,4
FOR,Centro 5,Online,2023-02-20,3
GER,Centro 1,In-person,2023-02-20,3
LID,Centro 2,Hybrid,2023-02-20,3
LOG,Centro 4,In-person,2023-02-20,3
MNT,Centro 3,In-person,2023-02-20,3
PBI,Centro 1,Hybrid,2023-02-20,3
PBI,Centro 1,In-person,2023-02-20,3
PBI,Centro 3,Hybrid,2023-02-20,3
SOC,Centro 5,In-person,2023-02-20,3
VND,Centro 3,Online,2023-02-20,3
CYB,Centro 2,In-person,2023-02-20,2
CYB,Centro 4,In-person,2023-02-20,2
EMP,Centro 3,In-person,2023-02-20,2
ING,Centro 4,Online,2023-02-20,2
PRI,Centro 1,Hybrid,2023-02-20,2
SST,Centro 3,In-person,2023-02-20,2
SST,Centro 4,Online,2023-02-20,2
CYB,Centro 4,Online,2023-02-20,1
EXC,Centro 5,Hybrid,2023-02-20,1
FOR,Centro 4,Hybrid,2023-02-20,1
GER,Centro 2,In-person,2023-02-20,1
HOT,Centro 1,Hybrid,2023-02-20,1
HOT,Centro 4,In-person,2023-02-20,1
INF,Centro 2,In-person,2023-02-20,1
MNT,Centro 2,In-person,2023-02-20,1
PYT,Centro 4,In-person,2023-02-20,1
SCI,Centro 1,In-person,2023-02-20,1
SST,Centro 5,Online,2023-02-20,1
PRI,Centro 1,In-person,2023-02-27,31
GER,Centro 1,In-person,2023-02-27,30
MNT,Centro 1,In-person,2023-02-27,28
CYB,Centro 2,Hybrid,2023-02-27,27
CYB,Centro 4,Online,2023-02-27,27
SEG,Centro 3,Online,2023-02-27,27
PBI,Centro 3,Online,2023-02-27,26
PRI,Centro 3,Hybrid,2023-02-27,25
EXC,Centro 4,Online,2023-02-27,23
HCP,Centro 3,In-person,2023-02-27,23
EMP,Centro 2,In-person,2023-02-27,22
HOT,Centro 2,Hybrid,2023-02-27,22
PYT,Centro 2,Hybrid,2023-02-27,22
SEG,Centro 5,In-person,2023-02-27,22
EMP,Centro 4,In-person,2023-02-27,21
HAC,Centro 1,Online,2023-02-27,21
EMP,Centro 1,In-person,2023-02-27,19
CYB,Centro 5,Hybrid,2023-02-27,18
HCP,Centro 5,In-person,2023-02-27,18
PBI,Centro 4,Online,2023-02-27,18
SST,Centro 3,Hybrid,2023-02-27,18
LOG,Centro 3,Hybrid,2023-02-27,17
PYT,Centro 1,Online,2023-02-27,17
FOR,Centro 1,Online,2023-02-27,16
ING,Centro 5,Online,2023-02-27,16
PRO,Centro 4,In-person,2023-02-27,16
SOC,Centro 2,Hybrid,2023-02-27,16
EXC,Centro 4,Hybrid,2023-02-27,15
FOR,Centro 1,In-person,2023-02-27,15
HOT,Centro 5,In-person,2023-02-27,15
ING,Centro 3,Online,2023-02-27,15
LOG,Centro 5,In-person,2023-02-27,15
PBI,Centro 4,Hybrid,2023-02-27,15
PRI,Centro 4,In-person,2023-02-27,15
TUR,Centro 3,In-person,2023-02-27,15
HOT,Centro 3,Hybrid,2023-02-27,14
LOG,Centro 2,In-person,2023-02-27,14
CYB,Centro 4,Hybrid,2023-02-27,13
GER,Centro 3,In-person,2023-02-27,13
SOC,Centro 5,In-person,2023-02-27,13
EMP,Centro 5,In-person,2023-02-27,12
HAC,Centro 3,In-person,2023-02-27,12
INF,Centro 1,In-person,2023-02-27,12
VND,Centro 3,Online,2023-02-27,12
GER,Centro 2,In-person,2023-02-27,11
HCP,Centro 4,In-person,2023-02-27,11
LID,Centro 3,Online,2023-02-27,11
GER,Centro 3,Hybrid,2023-02-27,10
INF,Centro 3,In-person,2023-02-27,10
PYT,Centro 4,In-person,2023-02-27,10
VND,Centro 2,In-person,2023-02-27,10
FOR,Centro 2,In-person,2023-02-27,9
INF,Centro 2,In-person,2023-02-27,9
LID,Centro 1,In-person,2023-02-27,9
LID,Centro 4,Online,2023-02-27,9
LID,Centro 4,In-person,2023-02-27,9
LOG,Centro 5,Hybrid,2023-02-27,9
SOC,Centro 4,Hybrid,2023-02-27,9
EXC,Centro 3,Hybrid,2023-02-27,8
FOR,Centro 5,Online,2023-02-27,8
SEG,Centro 1,In-person,2023-02-27,8
SEG,Centro 3,In-person,2023-02-27,8
SST,Centro 1,Hybrid,2023-02-27,8
TUR,Centro 1,In-person,2023-02-27,8
HAC,Centro 5,In-person,2023-02-27,7
LOG,Centro 1,In-person,2023-02-27,7
MNT,Centro 2,In-person,2023-02-27,7
SST,Centro 4,Hybrid,2023-02-27,7
VND,Centro 1,Hybrid,2023-02-27,7
GES,Centro 2,In-person,2023-02-27,6
HAC,Centro 3,Online,2023-02-27,6
LID,Centro 1,Hybrid,2023-02-27,6
PBI,Centro 2,Hybrid,2023-02-27,6
SCI,Centro 3,In-person,2023-02-27,6
LID,Centro 3,In-person,2023-02-27,5
PBI,Centro 1,Hybrid,2023-02-27,4
PBI,Centro 2,Online,2023-02-27,4
SST,Centro 4,Online,2023-02-27,4
EXC,Centro 2,Hybrid,2023-02-27,3
FOR,Centro 4,Hybrid,2023-02-27,3
HOT,Centro 2,In-person,2023-02-27,3
PYT,Centro 4,Online,2023-02-27,3
SCI,Centro 1,Hybrid,2023-02-27,3
EXC,Centro 2,In-person,2023-02-27,2
HOT,Centro 5,Hybrid,2023-02-27,2
INF,Centro 3,Hybrid,2023-02-27,2
LID,Centro 2,Online,2023-02-27,2
LID,Centro 2,Hybrid,2023-02-27,2
SST,Centro 5,Hybrid,2023-02-27,2
TUR,Centro 5,Hybrid,2023-02-27,2
VND,Centro 3,Hybrid,2023-02-27,2
CYB,Centro 3,Online,2023-02-27,1
EXC,Centro 5,Online,2023-02-27,1
EXC,Centro 5,Hybrid,2023-02-27,1
GES,Centro 3,Hybrid,2023-02-27,1
GES,Centro 4,Online,2023-02-27,1
HAC,Centro 2,In-person,2023-02-27,1
HCP,Centro 1,In-person,2023-02-27,1
ING,Centro 1,In-person,2023-02-27,1
LOG,Centro 4,In-person,2023-02-27,1
MNT,Centro 3,In-person,2023-02-27,1
MNT,Centro 4,In-person,2023-02-27,1
PBI,Centro 5,Online,2023-02-27,1
PRO,Centro 2,In-person,2023-02-27,1
PYT,Centro 1,Hybrid,2023-02-27,1
PYT,Centro 3,Online,2023-02-27,1
SCI,Centro 1,In-person,2023-02-27,1
SCI,Centro 5,In-person,2023-02-27,1
SEG,Centro 1,Hybrid,2023-02-27,1
SEG,Centro 4,In-person,2023-02-27,1
SOC,Centro 3,In-person,2023-02-27,1
SST,Centro 2,In-person,2023-02-27,1
SST,Centro 5,Online,2023-02-27,1
SST,Centro 5,In-person,2023-02-27,1
VND,Centro 1,In-person,2023-02-27,1
FOR,Centro 4,Online,2023-03-06,35
SCI,Centro 1,In-person,2023-03-06,32
LID,Centro 2,Online,2023-03-06,31
SEG,Centro 5,In-person,2023-03-06,29
FOR,Centro 5,Online,2023-03-06,28
PBI,Centro 4,Hybrid,2023-03-06,26
SST,Centro 1,In-person,2023-03-06,26
HAC,Centro 3,Online,2023-03-06,23
INF,Centro 3,In-person,2023-03-06,23
HAC,Centro 3,In-person,2023-03-06,22
PBI,Centro 2,Online,2023-03-06,21
CYB,Centro 2,Hybrid,2023-03-06,20
EXC,Centro 1,In-person,2023-03-06,20
HOT,Centro 2,Hybrid,2023-03-06,20
CYB,Centro 4,Hybrid,2023-03-06,19
PBI,Centro 4,Online,2023-03-06,19
EXC,Centro 2,Online,2023-03-06,17
EXC,Centro 4,Hybrid,2023-03-06,17
SST,Centro 2,In-person,2023-03-06,17
LOG,Centro 5,Hybrid,2023-03-06,16
PRI,Centro 2,Hybrid,2023-03-06,16
SST,Centro 4,Hybrid,2023-03-06,16
HOT,Centro 1,Hybrid,2023-03-06,15
SST,Centro 1,Hybrid,2023-03-06,15
CYB,Centro 3,In-person,2023-03-06,14
EXC,Centro 3,Hybrid,2023-03-06,14
VND,Centro 2,Online,2023-03-06,14
CYB,Centro 2,Online,2023-03-06,13
HAC,Centro 1,Hybrid,2023-03-06,13
HCP,Centro 4,In-person,2023-03-06,13
MNT,Centro 3,In-person,2023-03-06,13
PRI,Centro 3,In-person,2023-03-06,13
SST,Centro 3,In-person,2023-03-06,13
EXC,Centro 3,In-person,2023-03-06,12
FOR,Centro 2,Hybrid,2023-03-06,12
FOR,Centro 2,In-person,2023-03-06,12
HAC,Centro 2,In-person,2023-03-06,12
PYT,Centro 5,Hybrid,2023-03-06,12
GER,Centro 3,In-person,2023-03-06,11
HCP,Centro 3,In-person,2023-03-06,11
HOT,Centro 5,Hybrid,2023-03-06,11
LID,Centro 4,Hybrid,2023-03-06,11
SEG,Centro 5,Online,2023-03-06,11
EMP,Centro 5,In-person,2023-03-06,10
GER,Centro 1,Hybrid,2023-03-06,10
FOR,Centro 4,Hybrid,2023-03-06,9
INF,Centro 5,In-person,2023-03-06,9
PRO,Centro 1,In-person,2023-03-06,9
PYT,Centro 1,Online,2023-03-06,9
SEG,Centro 2,In-person,2023-03-06,9
VND,Centro 1,Hybrid,2023-03-06,9
HAC,Centro 4,Online,2023-03-06,8
HOT,Centro 1,In-person,2023-03-06,8
PBI,Centro 3,In-person,2023-03-06,8
PYT,Centro 3,Hybrid,2023-03-06,8
SEG,Centro 1,In-person,2023-03-06,8
SEG,Centro 2,Online,2023-03-06,8
VND,Centro 1,In-person,2023-03-06,8
VND,Centro 2,In-person,2023-03-06,8
HOT,Centro 4,In-person,2023-03-06,7
INF,Centro 2,In-person,2023-03-06,7
PRI,Centro 5,Hybrid,2023-03-06,7
PYT,Centro 1,In-person,2023-03-06,7
SEG,Centro 2,Hybrid,2023-03-06,7
CYB,Centro 5,In-person,2023-03-06,6
HAC,Centro 5,Hybrid,2023-03-06,6
LID,Centro 4,In-person,2023-03-06,6
LOG,Centro 4,Hybrid,2023-03-06,6
PRI,Centro 4,In-person,2023-03-06,6
PRO,Centro 3,Hybrid,2023-03-06,6
SCI,Centro 3,In-person,2023-03-06,6
SOC,Centro 5,In-person,2023-03-06,6
SST,Centro 5,Online,2023-03-06,6
CYB,Centro 5,Hybrid,2023-03-06,5
EMP,Centro 1,In-person,2023-03-06,5
EMP,Centro 4,In-person,2023-03-06,5
FOR,Centro 1,Online,2023-03-06,5
FOR,Centro 1,In-person,2023-03-06,5
HOT,Centro 2,In-person,2023-03-06,5
ING,Centro 5,Hybrid,2023-03-06,5
SEG,Centro 3,In-person,2023-03-06,5
CYB,Centro 4,In-person,2023-03-06,4
GER,Centro 4,Hybrid,2023-03-06,4
LOG,Centro 2,In-person,2023-03-06,4
PYT,Centro 2,Online,2023-03-06,4
SOC,Centro 3,In-person,2023-03-06,4
SST,Centro 4,In-person,2023-03-06,4
LOG,Centro 4,In-person,2023-03-06,3
PBI,Centro 4,In-person,2023-03-06,3
PRI,Centro 1,Hybrid,2023-03-06,3
PYT,Centro 4,In-person,2023-03-06,3
SST,Centro 5,In-person,2023-03-06,3
TUR,Centro 1,In-person,2023-03-06,3
GER,Centro 2,In-person,2023-03-06,2
HAC,Centro 1,Online,2023-03-06,2
HAC,Centro 4,In-person,2023-03-06,2
ING,Centro 3,Online,2023-03-06,2
ING,Centro 5,Online,2023-03-06,2
LID,Centro 2,In-person,2023-03-06,2
MNT,Centro 1,In-person,2023-03-06,2
PBI,Centro 2,In-person,2023-03-06,2
PRI,Centro 3,Hybrid,2023-03-06,2
GER,Centro 3,Hybrid,2023-03-06,1
GES,Centro 1,Hybrid,2023-03-06,1
HAC,Centro 5,In-person,2023-03-06,1
LID,Centro 4,Online,2023-03-06,1
LID,Centro 5,Online,2023-03-06,1
MNT,Centro 2,In-person,2023-03-06,1
PBI,Centro 1,Hybrid,2023-03-06,1
PYT,Centro 1,Hybrid,2023-03-06,1
PYT,Centro 2,Hybrid,2023-03-06,1
PYT,Centro 3,Online,2023-03-06,1
PYT,Centro 4,Online,2023-03-06,1
FOR,Centro 1,Online,2023-03-13,45
GER,Centro 3,In-person,2023-03-13,38
LID,Centro 1,Online,2023-03-13,35
CYB,Centro 4,Hybrid,2023-03-13,34
PYT,Centro 2,Hybrid,2023-03-13,34
PYT,Centro 3,Online,2023-03-13,30
PBI,Centro 2,Online,2023-03-13,28
HCP,Centro 3,In-person,2023-03-13,26
CYB,Centro 4,Online,2023-03-13,24
CYB,Centro 3,Online,2023-03-13,23
ING,Centro 5,In-person,2023-03-13,23
SCI,Centro 1,In-person,2023-03-13,23
HOT,Centro 2,In-person,2023-03-13,22
FOR,Centro 4,Hybrid,2023-03-13,21
HAC,Centro 5,In-person,2023-03-13,21
SST,Centro 4,Online,2023-03-13,21
GER,Centro 4,Hybrid,2023-03-13,20
GES,Centro 2,Online,2023-03-13,20
PRO,Centro 2,Online,2023-03-13,20
SOC,Centro 5,In-person,2023-03-13,20
EXC,Centro 5,Hybrid,2023-03-13,19
ING,Centro 5,Online,2023-03-13,18
LID,Centro 4,Online,2023-03-13,18
GER,Centro 1,In-person,2023-03-13,17
LID,Centro 2,Online,2023-03-13,17
LID,Centro 5,Online,2023-03-13,16
CYB,Centro 2,Online,2023-03-13,15
FOR,Centro 1,In-person,2023-03-13,15
INF,Centro 1,In-person,2023-03-13,15
SEG,Centro 5,In-person,2023-03-13,15
EXC,Centro 2,Online,2023-03-13,14
FOR,Centro 2,In-person,2023-03-13,14
GES,Centro 2,In-person,2023-03-13,14
HAC,Centro 1,In-person,2023-03-13,14
HOT,Centro 1,In-person,2023-03-13,14
INF,Centro 4,Hybrid,2023-03-13,14
SCI,Centro 4,Hybrid,2023-03-13,14
EXC,Centro 2,Hybrid,2023-03-13,13
GER,Centro 2,Hybrid,2023-03-13,13
HOT,Centro 5,Hybrid,2023-03-13,13
VND,Centro 3,Online,2023-03-13,13
PBI,Centro 3,Hybrid,2023-03-13,12
INF,Centro 3,In-person,2023-03-13,11
PRI,Centro 5,Hybrid,2023-03-13,11
CYB,Centro 4,In-person,2023-03-13,10
LID,Centro 2,In-person,2023-03-13,10
LOG,Centro 5,Hybrid,2023-03-13,10
SCI,Centro 2,Hybrid,2023-03-13,10
SCI,Centro 3,In-person,2023-03-13,10
VND,Centro 3,Hybrid,2023-03-13,10
PRI,Centro 4,Hybrid,2023-03-13,9
SST,Centro 5,In-person,2023-03-13,9
HAC,Centro 4,In-person,2023-03-13,8
HOT,Centro 3,Hybrid,2023-03-13,8
HOT,Centro 4,In-person,2023-03-13,8
SCI,Centro 5,In-person,2023-03-13,8
SOC,Centro 2,Hybrid,2023-03-13,8
CYB,Centro 2,Hybrid,2023-03-13,7
HCP,Centro 5,In-person,2023-03-13,7
LOG,Centro 2,Hybrid,2023-03-13,7
PRO,Centro 3,Hybrid,2023-03-13,7
SST,Centro 3,Hybrid,2023-03-13,7
MNT,Centro 1,In-person,2023-03-13,6
SST,Centro 4,Hybrid,2023-03-13,6
EMP,Centro 3,In-person,2023-03-13,5
FOR,Centro 4,Online,2023-03-13,5
GER,Centro 5,In-person,2023-03-13,5
LOG,Centro 5,In-person,2023-03-13,5
MNT,Centro 2,In-person,2023-03-13,5
PBI,Centro 4,In-person,2023-03-13,5
PYT,Centro 4,In-person,2023-03-13,5
ING,Centro 5,Hybrid,2023-03-13,4
PBI,Centro 2,Hybrid,2023-03-13,4
PBI,Centro 3,In-person,2023-03-13,4
PRI,Centro 3,In-person,2023-03-13,4
PYT,Centro 1,Online,2023-03-13,4
SEG,Centro 4,In-person,2023-03-13,4
GER,Centro 2,In-person,2023-03-13,3
HOT,Centro 1,Hybrid,2023-03-13,3
LID,Centro 1,Hybrid,2023-03-13,3
LID,Centro 4,Hybrid,2023-03-13,3
PBI,Centro 3,Online,2023-03-13,3
PRI,Centro 3,Hybrid,2023-03-13,3
PYT,Centro 5,Hybrid,2023-03-13,3
SST,Centro 3,In-person,2023-03-13,3
EXC,Centro 5,Online,2023-03-13,2
GES,Centro 1,In-person,2023-03-13,2
GES,Centro 4,Online,2023-03-13,2
ING,Centro 1,Hybrid,2023-03-13,2
MNT,Centro 3,In-person,2023-03-13,2
PBI,Centro 1,In-person,2023-03-13,2
PRI,Centro 2,In-person,2023-03-13,2
PYT,Centro 2,In-person,2023-03-13,2
SCI,Centro 1,Hybrid,2023-03-13,2
SEG,Centro 3,In-person,2023-03-13,2
SST,Centro 1,In-person,2023-03-13,2
SST,Centro 5,Online,2023-03-13,2
TUR,Centro 5,Hybrid,2023-03-13,2
CYB,Centro 3,In-person,2023-03-13,1
FOR,Centro 2,Hybrid,2023-03-13,1
GER,Centro 4,In-person,2023-03-13,1
HAC,Centro 1,Hybrid,2023-03-13,1
HAC,Centro 2,In-person,2023-03-13,1
INF,Centro 3,Hybrid,2023-03-13,1
LOG,Centro 4,Hybrid,2023-03-13,1
PRO,Centro 2,Hybrid,2023-03-13,1
PRO,Centro 4,In-person,2023-03-13,1
SEG,Centro 5,Online,2023-03-13,1
SEG,Centro 5,Hybrid,2023-03-13,1
VND,Centro 2,Hybrid,2023-03-13,1
SST,Centro 2,In-person,2023-03-20,41
EXC,Centro 1,Online,2023-03-20,39
PRI,Centro 3,In-person,2023-03-20,36
LID,Centro 2,Online,2023-03-20,33
PBI,Centro 2,Online,2023-03-20,32
PBI,Centro 3,Online,2023-03-20,26
FOR,Centro 5,Online,2023-03-20,24
PYT,Centro 1,In-person,2023-03-20,23
HCP,Centro 4,In-person,2023-03-20,22
SST,Centro 5,Online,2023-03-20,21
INF,Centro 2,In-person,2023-03-20,20
LID,Centro 1,Hybrid,2023-03-20,20
PRO,Centro 4,Online,2023-03-20,20
GES,Centro 2,Online,2023-03-20,19
MNT,Centro 1,In-person,2023-03-20,19
PBI,Centro 3,In-person,2023-03-20,19
GER,Centro 2,Hybrid,2023-03-20,18
CYB,Centro 4,Hybrid,2023-03-20,17
HAC,Centro 4,In-person,2023-03-20,17
LOG,Centro 4,Hybrid,2023-03-20,17
PBI,Centro 3,Hybrid,2023-03-20,17
FOR,Centro 2,Online,2023-03-20,16
GER,Centro 2,In-person,2023-03-20,16
HOT,Centro 4,In-person,2023-03-20,16
CYB,Centro 4,Online,2023-03-20,15
PBI,Centro 2,Hybrid,2023-03-20,14
PRI,Centro 4,In-person,2023-03-20,13
PYT,Centro 4,In-person,2023-03-20,13
CYB,Centro 5,Online,2023-03-20,12
HOT,Centro 2,In-person,2023-03-20,12
CYB,Centro 1,Hybrid,2023-03-20,11
EXC,Centro 4,Hybrid,2023-03-20,11
GES,Centro 2,Hybrid,2023-03-20,11
HCP,Centro 1,Hybrid,2023-03-20,10
SCI,Centro 5,In-person,2023-03-20,10
SOC,Centro 3,Hybrid,2023-03-20,10
INF,Centro 1,In-person,2023-03-20,9
MNT,Centro 2,In-person,2023-03-20,9
PBI,Centro 2,In-person,2023-03-20,9
SOC,Centro 4,In-person,2023-03-20,9
INF,Centro 3,Hybrid,2023-03-20,8
LID,Centro 4,Online,2023-03-20,8
LOG,Centro 2,Hybrid,2023-03-20,8
SEG,Centro 1,In-person,2023-03-20,8
HOT,Centro 3,In-person,2023-03-20,7
PRO,Centro 1,In-person,2023-03-20,7
SEG,Centro 4,Online,2023-03-20,7
FOR,Centro 1,Online,2023-03-20,6
LID,Centro 2,Hybrid,2023-03-20,6
LID,Centro 4,In-person,2023-03-20,6
SCI,Centro 1,In-person,2023-03-20,6
TUR,Centro 1,In-person,2023-03-20,6
VND,Centro 3,Hybrid,2023-03-20,6
CYB,Centro 2,Hybrid,2023-03-20,5
ING,Centro 4,Online,2023-03-20,5
SOC,Centro 3,In-person,2023-03-20,5
SST,Centro 3,In-person,2023-03-20,5
EMP,Centro 3,In-person,2023-03-20,4
EMP,Centro 5,In-person,2023-03-20,4
GER,Centro 3,In-person,2023-03-20,4
GES,Centro 2,In-person,2023-03-20,4
LOG,Centro 4,In-person,2023-03-20,4
SOC,Centro 5,In-person,2023-03-20,4
VND,Centro 1,In-person,2023-03-20,4
HAC,Centro 1,Hybrid,2023-03-20,3
MNT,Centro 3,In-person,2023-03-20,3
PBI,Centro 1,In-person,2023-03-20,3
PBI,Centro 4,Online,2023-03-20,3
PRO,Centro 4,In-person,2023-03-20,3
PYT,Centro 2,Hybrid,2023-03-20,3
SST,Centro 3,Hybrid,2023-03-20,3
CYB,Centro 5,Hybrid,2023-03-20,2
EXC,Centro 5,Hybrid,2023-03-20,2
FOR,Centro 2,Hybrid,2023-03-20,2
FOR,Centro 3,Hybrid,2023-03-20,2
HAC,Centro 5,In-person,2023-03-20,2
LID,Centro 1,In-person,2023-03-20,2
LID,Centro 3,Online,2023-03-20,2
LOG,Centro 5,In-person,2023-03-20,2
MNT,Centro 4,In-person,2023-03-20,2
PBI,Centro 4,Hybrid,2023-03-20,2
PRI,Centro 5,In-person,2023-03-20,2
PYT,Centro 5,In-person,2023-03-20,2
SCI,Centro 3,In-person,2023-03-20,2
SST,Centro 4,Hybrid,2023-03-20,2
SST,Centro 4,In-person,2023-03-20,2
VND,Centro 1,Hybrid,2023-03-20,2
CYB,Centro 3,Online,2023-03-20,1
EMP,Centro 1,In-person,2023-03-20,1
EXC,Centro 1,In-person,2023-03-20,1
EXC,Centro 2,Online,2023-03-20,1
EXC,Centro 2,Hybrid,2023-03-20,1
GER,Centro 1,Hybrid,2023-03-20,1
HAC,Centro 1,Online,2023-03-20,1
INF,Centro 5,In-person,2023-03-20,1
LID,Centro 1,Online,2023-03-20,1
LID,Centro 5,Online,2023-03-20,1
PBI,Centro 1,Hybrid,2023-03-20,1
PBI,Centro 5,Online,2023-03-20,1
PRO,Centro 2,Online,2023-03-20,1
SCI,Centro 2,In-person,2023-03-20,1
SEG,Centro 5,In-person,2023-03-20,1
SST,Centro 5,In-person,2023-03-20,1
VND,Centro 5,In-person,2023-03-20,1
PRI,Centro 1,Hybrid,2023-03-27,36
SST,Centro 2,In-person,2023-03-27,36
MNT,Centro 1,In-person,2023-03-27,32
MNT,Centro 5,In-person,2023-03-27,32
CYB,Centro 2,Online,2023-03-27,29
LOG,Centro 4,Hybrid,2023-03-27,26
PRO,Centro 3,In-person,2023-03-27,26
SST,Centro 5,Online,2023-03-27,26
PYT,Centro 2,Online,2023-03-27,25
GER,Centro 2,Hybrid,2023-03-27,24
SOC,Centro 4,Hybrid,2023-03-27,24
FOR,Centro 2,Hybrid,2023-03-27,23
LID,Centro 5,Online,2023-03-27,23
PBI,Centro 2,Hybrid,2023-03-27,23
SEG,Centro 5,In-person,2023-03-27,22
CYB,Centro 1,Hybrid,2023-03-27,21
EMP,Centro 4,In-person,2023-03-27,21
SCI,Centro 1,Hybrid,2023-03-27,21
SST,Centro 5,In-person,2023-03-27,21
HAC,Centro 4,In-person,2023-03-27,20
ING,Centro 5,Online,2023-03-27,20
PYT,Centro 4,Online,2023-03-27,20
SEG,Centro 1,Hybrid,2023-03-27,20
INF,Centro 3,Hybrid,2023-03-27,19
INF,Centro 4,Hybrid,2023-03-27,19
HAC,Centro 1,Online,2023-03-27,18
PRI,Centro 4,In-person,2023-03-27,18
PBI,Centro 1,Hybrid,2023-03-27,17
SCI,Centro 3,In-person,2023-03-27,16
VND,Centro 5,Online,2023-03-27,16
HOT,Centro 5,Hybrid,2023-03-27,15
PYT,Centro 4,Hybrid,2023-03-27,15
SCI,Centro 3,Hybrid,2023-03-27,15
GER,Centro 2,In-person,2023-03-27,14
LOG,Centro 2,In-person,2023-03-27,14
PRO,Centro 4,In-person,2023-03-27,14
VND,Centro 3,Online,2023-03-27,14
SCI,Centro 2,Hybrid,2023-03-27,13
SST,Centro 3,Hybrid,2023-03-27,13
SST,Centro 5,Hybrid,2023-03-27,13
EMP,Centro 1,In-person,2023-03-27,12
LID,Centro 2,In-person,2023-03-27,12
GES,Centro 2,Hybrid,2023-03-27,11
HAC,Centro 5,In-person,2023-03-27,11
HOT,Centro 3,In-person,2023-03-27,11
HAC,Centro 3,In-person,2023-03-27,10
PBI,Centro 2,Online,2023-03-27,10
FOR,Centro 4,Hybrid,2023-03-27,9
HCP,Centro 2,In-person,2023-03-27,9
HCP,Centro 4,In-person,2023-03-27,9
MNT,Centro 3,In-person,2023-03-27,9
PBI,Centro 4,In-person,2023-03-27,9
EXC,Centro 2,Hybrid,2023-03-27,8
CYB,Centro 2,Hybrid,2023-03-27,7
CYB,Centro 2,In-person,2023-03-27,7
ING,Centro 5,Hybrid,2023-03-27,7
SEG,Centro 3,Online,2023-03-27,7
FOR,Centro 1,Online,2023-03-27,6
GER,Centro 3,In-person,2023-03-27,6
GER,Centro 5,In-person,2023-03-27,6
PBI,Centro 2,In-person,2023-03-27,6
PBI,Centro 3,Hybrid,2023-03-27,6
PRI,Centro 3,In-person,2023-03-27,6
PRO,Centro 2,Online,2023-03-27,6
SOC,Centro 3,Hybrid,2023-03-27,6
VND,Centro 1,In-person,2023-03-27,6
EMP,Centro 5,In-person,2023-03-27,5
GER,Centro 3,Hybrid,2023-03-27,5
HAC,Centro 5,Hybrid,2023-03-27,5
PBI,Centro 1,In-person,2023-03-27,5
PBI,Centro 3,Online,2023-03-27,5
SEG,Centro 4,In-person,2023-03-27,5
CYB,Centro 4,Online,2023-03-27,4
EXC,Centro 3,In-person,2023-03-27,4
EXC,Centro 5,Online,2023-03-27,4
HOT,Centro 5,In-person,2023-03-27,4
INF,Centro 1,In-person,2023-03-27,4
ING,Centro 4,Online,2023-03-27,4
PBI,Centro 4,Online,2023-03-27,4
PYT,Centro 5,Hybrid,2023-03-27,4
SCI,Centro 1,In-person,2023-03-27,4
CYB,Centro 3,Hybrid,2023-03-27,3
EXC,Centro 2,Online,2023-03-27,3
FOR,Centro 1,Hybrid,2023-03-27,3
GES,Centro 1,In-person,2023-03-27,3
GES,Centro 3,Hybrid,2023-03-27,3
LID,Centro 4,In-person,2023-03-27,3
SEG,Centro 1,In-person,2023-03-27,3
EXC,Centro 4,Hybrid,2023-03-27,2
EXC,Centro 5,Hybrid,2023-03-27,2
GER,Centro 4,Hybrid,2023-03-27,2
LID,Centro 4,Hybrid,2023-03-27,2
MNT,Centro 2,In-person,2023-03-27,2
MNT,Centro 4,In-person,2023-03-27,2
PRO,Centro 1,In-person,2023-03-27,2
PYT,Centro 2,In-person,2023-03-27,2
PYT,Centro 3,Hybrid,2023-03-27,2
SEG,Centro 5,Hybrid,2023-03-27,2
SOC,Centro 2,In-person,2023-03-27,2
SOC,Centro 5,In-person,2023-03-27,2
SST,Centro 4,In-person,2023-03-27,2
CYB,Centro 5,Online,2023-03-27,1
GER,Centro 1,In-person,2023-03-27,1
HAC,Centro 2,Online,2023-03-27,1
HAC,Centro 2,Hybrid,2023-03-27,1
HOT,Centro 3,Hybrid,2023-03-27,1
HOT,Centro 4,In-person,2023-03-27,1
INF,Centro 4,In-person,2023-03-27,1
LID,Centro 2,Online,2023-03-27,1
LOG,Centro 5,In-person,2023-03-27,1
PRI,Centro 3,Hybrid,2023-03-27,1
PRO,Centro 2,Hybrid,2023-03-27,1
SOC,Centro 3,In-person,2023-03-27,1
SOC,Centro 4,In-person,2023-03-27,1
SST,Centro 1,In-person,2023-03-27,1
SST,Centro 4,Online,2023-03-27,1
TUR,Centro 1,In-person,2023-03-27,1
TUR,Centro 3,In-person,2023-03-27,1
VND,Centro 3,Hybrid,2023-03-27,1
PBI,Centro 2,Hybrid,2023-04-03,41
CYB,Centro 5,In-person,2023-04-03,33
GES,Centro 2,Online,2023-04-03,30
SST,Centro 4,Hybrid,2023-04-03,29
PRI,Centro 2,In-person,2023-04-03,28
HOT,Centro 3,In-person,2023-04-03,27
EXC,Centro 4,Online,2023-04-03,25
EMP,Centro 5,In-person,2023-04-03,23
EXC,Centro 5,Online,2023-04-03,23
SEG,Centro 4,In-person,2023-04-03,22
CYB,Centro 3,Hybrid,2023-04-03,21
INF,Centro 5,Hybrid,2023-04-03,21
PYT,Centro 1,In-person,2023-04-03,21
SST,Centro 3,Hybrid,2023-04-03,21
PRI,Centro 3,In-person,2023-04-03,20
CYB,Centro 4,Online,2023-04-03,19
PBI,Centro 3,Hybrid,2023-04-03,19
PRI,Centro 5,In-person,2023-04-03,19
HOT,Centro 4,In-person,2023-04-03,18
PYT,Centro 5,Online,2023-04-03,18
EXC,Centro 5,Hybrid,2023-04-03,17
TUR,Centro 5,Hybrid,2023-04-03,17
HAC,Centro 2,Online,2023-04-03,16
PRO,Centro 2,In-person,2023-04-03,16
GES,Centro 1,In-person,2023-04-03,15
MNT,Centro 4,In-person,2023-04-03,15
PBI,Centro 5,Online,2023-04-03,15
SST,Centro 3,In-person,2023-04-03,15
EXC,Centro 4,Hybrid,2023-04-03,14
PBI,Centro 4,Online,2023-04-03,14
SST,Centro 4,In-person,2023-04-03,14
CYB,Centro 4,Hybrid,2023-04-03,13
SCI,Centro 3,In-person,2023-04-03,13
CYB,Centro 5,Online,2023-04-03,12
EXC,Centro 2,Online,2023-04-03,12
GES,Centro 3,Hybrid,2023-04-03,12
HAC,Centro 1,Hybrid,2023-04-03,12
EMP,Centro 1,In-person,2023-04-03,11
HOT,Centro 2,In-person,2023-04-03,11
LID,Centro 2,Hybrid,2023-04-03,11
CYB,Centro 3,Online,2023-04-03,10
FOR,Centro 2,Online,2023-04-03,10
GER,Centro 2,In-person,2023-04-03,10
INF,Centro 1,In-person,2023-04-03,10
LID,Centro 2,In-person,2023-04-03,10
PRO,Centro 4,Hybrid,2023-04-03,10
VND,Centro 4,In-person,2023-04-03,10
EMP,Centro 4,In-person,2023-04-03,9
INF,Centro 4,In-person,2023-04-03,9
PYT,Centro 2,Online,2023-04-03,9
SEG,Centro 4,Online,2023-04-03,9
TUR,Centro 3,In-person,2023-04-03,9
EXC,Centro 1,Online,2023-04-03,8
EXC,Centro 3,In-person,2023-04-03,8
FOR,Centro 3,Hybrid,2023-04-03,8
HCP,Centro 4,In-person,2023-04-03,8
LOG,Centro 4,Hybrid,2023-04-03,7
TUR,Centro 4,Hybrid,2023-04-03,7
CYB,Centro 1,Online,2023-04-03,6
FOR,Centro 2,Hybrid,2023-04-03,6
LID,Centro 4,In-person,2023-04-03,6
LID,Centro 5,Online,2023-04-03,6
MNT,Centro 1,In-person,2023-04-03,6
PYT,Centro 3,Hybrid,2023-04-03,6
CYB,Centro 5,Hybrid,2023-04-03,5
PBI,Centro 2,Online,2023-04-03,5
SST,Centro 1,Hybrid,2023-04-03,5
SST,Centro 2,Online,2023-04-03,5
TUR,Centro 1,In-person,2023-04-03,5
HAC,Centro 5,In-person,2023-04-03,4
ING,Centro 4,Online,2023-04-03,4
PBI,Centro 3,In-person,2023-04-03,4
PRO,Centro 1,In-person,2023-04-03,4
GER,Centro 1,Hybrid,2023-04-03,3
INF,Centro 3,Hybrid,2023-04-03,3
LOG,Centro 2,Hybrid,2023-04-03,3
PRO,Centro 5,Online,2023-04-03,3
SEG,Centro 5,In-person,2023-04-03,3
SST,Centro 2,In-person,2023-04-03,3
CYB,Centro 2,Online,2023-04-03,2
EXC,Centro 5,In-person,2023-04-03,2
GER,Centro 2,Hybrid,2023-04-03,2
HAC,Centro 5,Hybrid,2023-04-03,2
MNT,Centro 3,In-person,2023-04-03,2
PBI,Centro 2,In-person,2023-04-03,2
SST,Centro 5,In-person,2023-04-03,2
VND,Centro 2,Online,2023-04-03,2
VND,Centro 5,In-person,2023-04-03,2
GER,Centro 3,In-person,2023-04-03,1
HAC,Centro 4,In-person,2023-04-03,1
HOT,Centro 2,Hybrid,2023-04-03,1
ING,Centro 3,Online,2023-04-03,1
LID,Centro 3,Online,2023-04-03,1
LOG,Centro 3,Hybrid,2023-04-03,1
LOG,Centro 5,In-person,2023-04-03,1
MNT,Centro 5,In-person,2023-04-03,1
PBI,Centro 1,Hybrid,2023-04-03,1
PBI,Centro 3,Online,2023-04-03,1
PBI,Centro 5,Hybrid,2023-04-03,1
PYT,Centro 2,Hybrid,2023-04-03,1
PYT,Centro 5,In-person,2023-04-03,1
SEG,Centro 1,Online,2023-04-03,1
SST,Centro 4,Online,2023-04-03,1
VND,Centro 2,Hybrid,2023-04-03,1
PRI,Centro 3,In-person,2023-04-10,44
PBI,Centro 2,Online,2023-04-10,39
MNT,Centro 4,In-person,2023-04-10,32
GES,Centro 3,Hybrid,2023-04-10,28
HAC,Centro 4,In-person,2023-04-10,27
CYB,Centro 4,Online,2023-04-10,25
CYB,Centro 4,Hybrid,2023-04-10,25
LOG,Centro 2,Hybrid,2023-04-10,25
HOT,Centro 2,In-person,2023-04-10,24
PBI,Centro 5,Hybrid,2023-04-10,24
SEG,Centro 5,In-person,2023-04-10,24
LOG,Centro 4,In-person,2023-04-10,23
PYT,Centro 1,Hybrid,2023-04-10,23
SEG,Centro 4,In-person,2023-04-10,23
EXC,Centro 2,Online,2023-04-10,22
LID,Centro 2,Hybrid,2023-04-10,22
FOR,Centro 4,Hybrid,2023-04-10,21
HOT,Centro 3,Hybrid,2023-04-10,20
SCI,Centro 5,In-person,2023-04-10,20
SST,Centro 5,Online,2023-04-10,20
GES,Centro 2,Online,2023-04-10,19
PBI,Centro 2,Hybrid,2023-04-10,19
PYT,Centro 2,In-person,2023-04-10,19
SST,Centro 5,In-person,2023-04-10,19
HOT,Centro 4,Hybrid,2023-04-10,18
ING,Centro 5,Hybrid,2023-04-10,18
ING,Centro 5,Online,2023-04-10,17
SEG,Centro 5,Hybrid,2023-04-10,17
VND,Centro 3,Hybrid,2023-04-10,17
INF,Centro 5,In-person,2023-04-10,16
PRI,Centro 2,Hybrid,2023-04-10,16
LID,Centro 4,Hybrid,2023-04-10,15
PBI,Centro 2,In-person,2023-04-10,15
PRI,Centro 1,In-person,2023-04-10,15
SCI,Centro 4,Hybrid,2023-04-10,15
SOC,Centro 5,In-person,2023-04-10,15
TUR,Centro 1,In-person,2023-04-10,15
VND,Centro 1,In-person,2023-04-10,15
EMP,Centro 1,In-person,2023-04-10,14
EXC,Centro 5,Online,2023-04-10,14
INF,Centro 3,In-person,2023-04-10,14
SOC,Centro 2,In-person,2023-04-10,14
EXC,Centro 1,Online,2023-04-10,12
HCP,Centro 4,In-person,2023-04-10,12
LID,Centro 4,In-person,2023-04-10,12
SST,Centro 1,Hybrid,2023-04-10,12
FOR,Centro 4,In-person,2023-04-10,11
GER,Centro 5,In-person,2023-04-10,10
INF,Centro 2,In-person,2023-04-10,10
LOG,Centro 5,In-person,2023-04-10,10
PBI,Centro 3,Hybrid,2023-04-10,10
TUR,Centro 3,In-person,2023-04-10,10
GER,Centro 2,Hybrid,2023-04-10,9
HOT,Centro 2,Hybrid,2023-04-10,9
SCI,Centro 1,In-person,2023-04-10,9
SCI,Centro 3,In-person,2023-04-10,9
CYB,Centro 5,Online,2023-04-10,8
HAC,Centro 5,In-person,2023-04-10,8
HOT,Centro 3,In-person,2023-04-10,8
HOT,Centro 4,In-person,2023-04-10,8
LOG,Centro 1,In-person,2023-04-10,8
TUR,Centro 2,Hybrid,2023-04-10,8
VND,Centro 5,Online,2023-04-10,8
CYB,Centro 3,Online,2023-04-10,7
MNT,Centro 1,In-person,2023-04-10,7
MNT,Centro 5,In-person,2023-04-10,7
LID,Centro 5,Online,2023-04-10,6
PRI,Centro 1,Hybrid,2023-04-10,6
VND,Centro 1,Hybrid,2023-04-10,6
FOR,Centro 3,Hybrid,2023-04-10,5
PBI,Centro 3,Online,2023-04-10,5
PRI,Centro 5,In-person,2023-04-10,5
PRO,Centro 2,In-person,2023-04-10,5
TUR,Centro 4,Hybrid,2023-04-10,5
VND,Centro 4,Hybrid,2023-04-10,5
CYB,Centro 2,Online,2023-04-10,4
FOR,Centro 5,Online,2023-04-10,4
PRI,Centro 2,In-person,2023-04-10,4
PRI,Centro 4,In-person,2023-04-10,4
PRO,Centro 4,In-person,2023-04-10,4
SOC,Centro 4,In-person,2023-04-10,4
CYB,Centro 5,In-person,2023-04-10,3
EMP,Centro 5,In-person,2023-04-10,3
EXC,Centro 3,In-person,2023-04-10,3
FOR,Centro 1,Hybrid,2023-04-10,3
SOC,Centro 3,In-person,2023-04-10,3
SST,Centro 1,Online,2023-04-10,3
EXC,Centro 4,Online,2023-04-10,2
HAC,Centro 1,Hybrid,2023-04-10,2
HAC,Centro 5,Hybrid,2023-04-10,2
INF,Centro 3,Hybrid,2023-04-10,2
LOG,Centro 4,Hybrid,2023-04-10,2
PBI,Centro 3,In-person,2023-04-10,2
TUR,Centro 2,In-person,2023-04-10,2
EXC,Centro 4,Hybrid,2023-04-10,1
FOR,Centro 1,In-person,2023-04-10,1
FOR,Centro 2,Hybrid,2023-04-10,1
GES,Centro 1,In-person,2023-04-10,1
HCP,Centro 2,In-person,2023-04-10,1
LID,Centro 2,In-person,2023-04-10,1
MNT,Centro 2,In-person,2023-04-10,1
PRO,Centro 5,Online,2023-04-10,1
PYT,Centro 2,Hybrid,2023-04-10,1
PYT,Centro 3,Hybrid,2023-04-10,1
PYT,Centro 5,Online,2023-04-10,1
SCI,Centro 1,Hybrid,2023-04-10,1
SEG,Centro 4,Online,2023-04-10,1
SST,Centro 2,Hybrid,2023-04-10,1
VND,Centro 2,Online,2023-04-10,1
VND,Centro 5,In-person,2023-04-10,1
SCI,Centro 3,In-person,2023-04-17,38
SEG,Centro 5,Hybrid,2023-04-17,34
PRI,Centro 3,In-person,2023-04-17,32
EXC,Centro 4,Online,2023-04-17,30
PBI,Centro 3,Online,2023-04-17,27
INF,Centro 3,Hybrid,2023-04-17,25
TUR,Centro 2,Hybrid,2023-04-17,25
PBI,Centro 3,Hybrid,2023-04-17,24
PRI,Centro 5,In-person,2023-04-17,23
CYB,Centro 2,Online,2023-04-17,21
CYB,Centro 4,Online,2023-04-17,21
EXC,Centro 5,Online,2023-04-17,21
SST,Centro 4,In-person,2023-04-17,21
INF,Centro 4,Hybrid,2023-04-17,19
FOR,Centro 4,In-person,2023-04-17,18
HOT,Centro 3,In-person,2023-04-17,18
VND,Centro 5,Hybrid,2023-04-17,18
EXC,Centro 3,In-person,2023-04-17,17
ING,Centro 1,Hybrid,2023-04-17,17
PRI,Centro 1,Hybrid,2023-04-17,17
SOC,Centro 1,Hybrid,2023-04-17,17
VND,Centro 1,Online,2023-04-17,17
EXC,Centro 4,In-person,2023-04-17,16
PBI,Centro 2,Online,2023-04-17,16
TUR,Centro 1,In-person,2023-04-17,16
CYB,Centro 2,Hybrid,2023-04-17,15
FOR,Centro 2,Hybrid,2023-04-17,15
PRO,Centro 4,In-person,2023-04-17,15
EXC,Centro 5,Hybrid,2023-04-17,14
HAC,Centro 1,Hybrid,2023-04-17,14
HAC,Centro 5,Hybrid,2023-04-17,13
HOT,Centro 1,Hybrid,2023-04-17,13
PBI,Centro 4,Online,2023-04-17,12
PYT,Centro 4,Hybrid,2023-04-17,12
VND,Centro 5,Online,2023-04-17,12
FOR,Centro 5,In-person,2023-04-17,11
PBI,Centro 4,Hybrid,2023-04-17,11
PRO,Centro 4,Hybrid,2023-04-17,11
PYT,Centro 2,In-person,2023-04-17,11
FOR,Centro 1,Online,2023-04-17,10
GER,Centro 3,In-person,2023-04-17,10
HOT,Centro 2,In-person,2023-04-17,10
EMP,Centro 5,In-person,2023-04-17,9
HCP,Centro 1,Hybrid,2023-04-17,9
INF,Centro 2,In-person,2023-04-17,9
PBI,Centro 2,Hybrid,2023-04-17,9
PYT,Centro 2,Hybrid,2023-04-17,9
HAC,Centro 2,In-person,2023-04-17,8
HCP,Centro 2,In-person,2023-04-17,8
ING,Centro 4,Online,2023-04-17,8
CYB,Centro 3,Online,2023-04-17,7
HCP,Centro 1,In-person,2023-04-17,7
TUR,Centro 2,In-person,2023-04-17,7
EMP,Centro 3,In-person,2023-04-17,6
GES,Centro 1,In-person,2023-04-17,6
HAC,Centro 3,In-person,2023-04-17,6
MNT,Centro 4,In-person,2023-04-17,6
PBI,Centro 5,Hybrid,2023-04-17,6
VND,Centro 4,In-person,2023-04-17,6
CYB,Centro 1,Hybrid,2023-04-17,5
CYB,Centro 4,Hybrid,2023-04-17,4
EMP,Centro 2,In-person,2023-04-17,4
INF,Centro 3,In-person,2023-04-17,4
LID,Centro 4,Hybrid,2023-04-17,4
LOG,Centro 4,Hybrid,2023-04-17,4
PRI,Centro 2,In-person,2023-04-17,4
SCI,Centro 1,Hybrid,2023-04-17,4
SCI,Centro 5,Hybrid,2023-04-17,4
SEG,Centro 3,Online,2023-04-17,4
SEG,Centro 5,In-person,2023-04-17,4
CYB,Centro 2,In-person,2023-04-17,3
FOR,Centro 1,Hybrid,2023-04-17,3
GER,Centro 2,Hybrid,2023-04-17,3
GES,Centro 3,Hybrid,2023-04-17,3
LID,Centro 5,Online,2023-04-17,3
PYT,Centro 5,Hybrid,2023-04-17,3
SOC,Centro 2,In-person,2023-04-17,3
VND,Centro 2,Hybrid,2023-04-17,3
EXC,Centro 1,Online,2023-04-17,2
EXC,Centro 5,In-person,2023-04-17,2
PRI,Centro 1,In-person,2023-04-17,2
TUR,Centro 5,Hybrid,2023-04-17,2
VND,Centro 4,Hybrid,2023-04-17,2
EXC,Centro 2,Online,2023-04-17,1
EXC,Centro 3,Hybrid,2023-04-17,1
FOR,Centro 3,In-person,2023-04-17,1
GER,Centro 3,Hybrid,2023-04-17,1
GES,Centro 2,Hybrid,2023-04-17,1
HAC,Centro 3,Hybrid,2023-04-17,1
HOT,Centro 3,Hybrid,2023-04-17,1
HOT,Centro 4,In-person,2023-04-17,1
HOT,Centro 5,In-person,2023-04-17,1
LID,Centro 2,Hybrid,2023-04-17,1
LID,Centro 2,In-person,2023-04-17,1
LOG,Centro 5,In-person,2023-04-17,1
MNT,Centro 2,In-person,2023-04-17,1
MNT,Centro 5,In-person,2023-04-17,1
PRI,Centro 4,In-person,2023-04-17,1
PRO,Centro 5,Online,2023-04-17,1
SEG,Centro 1,Online,2023-04-17,1
SOC,Centro 3,Hybrid,2023-04-17,1
SOC,Centro 4,In-person,2023-04-17,1
SST,Centro 4,Hybrid,2023-04-17,1
SST,Centro 5,Online,2023-04-17,1
VND,Centro 2,Online,2023-04-17,1
PRI,Centro 4,In-person,2023-04-24,36
GER,Centro 3,Hybrid,2023-04-24,34
PBI,Centro 3,Online,2023-04-24,34
CYB,Centro 4,Online,2023-04-24,31
EXC,Centro 2,Online,2023-04-24,27
FOR,Centro 1,Hybrid,2023-04-24,27
SEG,Centro 1,Online,2023-04-24,25
EMP,Centro 3,In-person,2023-04-24,23
PRI,Centro 2,Hybrid,2023-04-24,23
LOG,Centro 3,In-person,2023-04-24,22
SCI,Centro 2,In-person,2023-04-24,22
SEG,Centro 5,In-person,2023-04-24,22
SST,Centro 1,Hybrid,2023-04-24,22
GER,Centro 4,In-person,2023-04-24,21
LID,Centro 2,In-person,2023-04-24,21
HOT,Centro 3,Hybrid,2023-04-24,19
PYT,Centro 2,Hybrid,2023-04-24,19
MNT,Centro 4,In-person,2023-04-24,18
LID,Centro 1,Online,2023-04-24,17
MNT,Centro 2,In-person,2023-04-24,17
HAC,Centro 3,Hybrid,2023-04-24,14
ING,Centro 5,Hybrid,2023-04-24,14
LID,Centro 4,Hybrid,2023-04-24,14
CYB,Centro 2,Hybrid,2023-04-24,13
SOC,Centro 2,In-person,2023-04-24,13
HCP,Centro 1,In-person,2023-04-24,12
INF,Centro 1,In-person,2023-04-24,12
LID,Centro 2,Online,2023-04-24,12
PYT,Centro 2,Online,2023-04-24,12
SST,Centro 4,Hybrid,2023-04-24,12
SST,Centro 4,In-person,2023-04-24,12
VND,Centro 2,Online,2023-04-24,12
EXC,Centro 5,In-person,2023-04-24,11
LID,Centro 3,Hybrid,2023-04-24,11
PYT,Centro 4,Online,2023-04-24,11
SEG,Centro 3,Hybrid,2023-04-24,11
VND,Centro 4,In-person,2023-04-24,11
VND,Centro 5,In-person,2023-04-24,11
CYB,Centro 5,Hybrid,2023-04-24,10
LOG,Centro 4,In-person,2023-04-24,10
PBI,Centro 3,In-person,2023-04-24,10
PRI,Centro 1,Hybrid,2023-04-24,10
VND,Centro 1,In-person,2023-04-24,10
VND,Centro 2,Hybrid,2023-04-24,10
VND,Centro 4,Hybrid,2023-04-24,10
VND,Centro 5,Hybrid,2023-04-24,10
CYB,Centro 1,Hybrid,2023-04-24,9
HOT,Centro 1,In-person,2023-04-24,9
ING,Centro 1,Hybrid,2023-04-24,9
SEG,Centro 2,In-person,2023-04-24,9
SOC,Centro 1,Hybrid,2023-04-24,9
SOC,Centro 5,In-person,2023-04-24,9
TUR,Centro 5,Hybrid,2023-04-24,9
EXC,Centro 3,Online,2023-04-24,8
GER,Centro 2,Hybrid,2023-04-24,8
GER,Centro 3,In-person,2023-04-24,8
LOG,Centro 1,In-person,2023-04-24,8
PBI,Centro 4,Online,2023-04-24,8
FOR,Centro 1,In-person,2023-04-24,7
GER,Centro 2,In-person,2023-04-24,7
INF,Centro 3,In-person,2023-04-24,7
LID,Centro 4,In-person,2023-04-24,7
PRI,Centro 1,In-person,2023-04-24,7
PYT,Centro 2,In-person,2023-04-24,7
VND,Centro 3,Hybrid,2023-04-24,7
CYB,Centro 5,In-person,2023-04-24,6
HOT,Centro 4,In-person,2023-04-24,6
EXC,Centro 3,In-person,2023-04-24,5
LID,Centro 2,Hybrid,2023-04-24,5
PBI,Centro 2,Online,2023-04-24,5
PRI,Centro 3,In-person,2023-04-24,5
PRI,Centro 5,In-person,2023-04-24,5
SCI,Centro 3,In-person,2023-04-24,5
SEG,Centro 3,In-person,2023-04-24,5
SOC,Centro 4,In-person,2023-04-24,5
EMP,Centro 2,In-person,2023-04-24,4
FOR,Centro 2,Hybrid,2023-04-24,4
LOG,Centro 2,Hybrid,2023-04-24,4
PBI,Centro 5,Online,2023-04-24,4
VND,Centro 1,Online,2023-04-24,4
VND,Centro 5,Online,2023-04-24,4
EXC,Centro 5,Hybrid,2023-04-24,3
GES,Centro 2,Online,2023-04-24,3
HAC,Centro 1,In-person,2023-04-24,3
LOG,Centro 5,In-person,2023-04-24,3
SST,Centro 2,In-person,2023-04-24,3
CYB,Centro 2,Online,2023-04-24,2
HAC,Centro 4,In-person,2023-04-24,2
HCP,Centro 3,In-person,2023-04-24,2
HOT,Centro 2,Hybrid,2023-04-24,2
HOT,Centro 5,In-person,2023-04-24,2
PBI,Centro 5,Hybrid,2023-04-24,2
SST,Centro 5,Hybrid,2023-04-24,2
SST,Centro 5,In-person,2023-04-24,2
TUR,Centro 4,Hybrid,2023-04-24,2
TUR,Centro 5,In-person,2023-04-24,2
CYB,Centro 3,Online,2023-04-24,1
FOR,Centro 4,Hybrid,2023-04-24,1
HAC,Centro 2,In-person,2023-04-24,1
HCP,Centro 2,In-person,2023-04-24,1
HOT,Centro 5,Hybrid,2023-04-24,1
INF,Centro 2,In-person,2023-04-24,1
INF,Centro 3,Hybrid,2023-04-24,1
INF,Centro 4,Hybrid,2023-04-24,1
INF,Centro 4,In-person,2023-04-24,1
MNT,Centro 5,In-person,2023-04-24,1
PBI,Centro 3,Hybrid,2023-04-24,1
PYT,Centro 4,Hybrid,2023-04-24,1
SCI,Centro 5,Hybrid,2023-04-24,1
SEG,Centro 5,Hybrid,2023-04-24,1
SST,Centro 2,Hybrid,2023-04-24,1
TUR,Centro 2,In-person,2023-04-24,1
PBI,Centro 4,Hybrid,2023-05-01,40
PBI,Centro 4,Online,2023-05-01,28
ING,Centro 3,Online,2023-05-01,26
FOR,Centro 5,Online,2023-05-01,24
FOR,Centro 1,In-person,2023-05-01,23
LOG,Centro 3,In-person,2023-05-01,23
INF,Centro 1,Hybrid,2023-05-01,21
MNT,Centro 5,In-person,2023-05-01,20
SCI,Centro 1,Hybrid,2023-05-01,20
SCI,Centro 2,In-person,2023-05-01,20
SST,Centro 2,Online,2023-05-01,19
CYB,Centro 5,Online,2023-05-01,18
LID,Centro 2,Online,2023-05-01,18
PRI,Centro 1,In-person,2023-05-01,18
PYT,Centro 1,Online,2023-05-01,17
SCI,Centro 5,Hybrid,2023-05-01,17
SEG,Centro 2,In-person,2023-05-01,17
SST,Centro 5,Hybrid,2023-05-01,17
VND,Centro 5,Hybrid,2023-05-01,17
HOT,Centro 1,Hybrid,2023-05-01,16
LID,Centro 4,Hybrid,2023-05-01,16
MNT,Centro 4,In-person,2023-05-01,15
SEG,Centro 1,Hybrid,2023-05-01,15
HCP,Centro 3,In-person,2023-05-01,14
TUR,Centro 2,In-person,2023-05-01,14
CYB,Centro 3,Online,2023-05-01,13
FOR,Centro 1,Online,2023-05-01,12
HOT,Centro 4,Hybrid,2023-05-01,12
SCI,Centro 1,In-person,2023-05-01,12
SEG,Centro 5,In-person,2023-05-01,12
SOC,Centro 4,In-person,2023-05-01,12
VND,Centro 5,Online,2023-05-01,12
PRI,Centro 2,Hybrid,2023-05-01,11
SST,Centro 5,In-person,2023-05-01,11
CYB,Centro 2,In-person,2023-05-01,10
CYB,Centro 4,Online,2023-05-01,10
HAC,Centro 5,In-person,2023-05-01,10
HOT,Centro 3,In-person,2023-05-01,10
PBI,Centro 1,In-person,2023-05-01,10
SST,Centro 2,Hybrid,2023-05-01,10
VND,Centro 2,Hybrid,2023-05-01,10
PYT,Centro 2,Online,2023-05-01,9
HCP,Centro 2,In-person,2023-05-01,8
LID,Centro 1,In-person,2023-05-01,8
LID,Centro 2,Hybrid,2023-05-01,8
PYT,Centro 2,In-person,2023-05-01,8
CYB,Centro 4,Hybrid,2023-05-01,7
EXC,Centro 5,In-person,2023-05-01,7
HAC,Centro 4,In-person,2023-05-01,7
INF,Centro 2,In-person,2023-05-01,7
SST,Centro 2,In-person,2023-05-01,7
INF,Centro 1,In-person,2023-05-01,6
LID,Centro 5,Hybrid,2023-05-01,6
PRI,Centro 1,Hybrid,2023-05-01,6
PYT,Centro 4,Online,2023-05-01,6
HOT,Centro 2,In-person,2023-05-01,5
ING,Centro 4,Online,2023-05-01,5
LOG,Centro 4,Hybrid,2023-05-01,5
PRI,Centro 3,In-person,2023-05-01,5
SEG,Centro 3,Hybrid,2023-05-01,5
SEG,Centro 5,Hybrid,2023-05-01,5
VND,Centro 1,In-person,2023-05-01,5
VND,Centro 4,In-person,2023-05-01,5
CYB,Centro 2,Hybrid,2023-05-01,4
CYB,Centro 3,In-person,2023-05-01,4
FOR,Centro 3,In-person,2023-05-01,4
HAC,Centro 1,Online,2023-05-01,4
INF,Centro 4,Hybrid,2023-05-01,4
ING,Centro 5,Online,2023-05-01,4
LID,Centro 3,Hybrid,2023-05-01,4
LID,Centro 4,In-person,2023-05-01,4
SCI,Centro 3,In-person,2023-05-01,4
PRI,Centro 5,In-person,2023-05-01,3
PRO,Centro 5,Online,2023-05-01,3
PYT,Centro 4,Hybrid,2023-05-01,3
SOC,Centro 5,In-person,2023-05-01,3
EMP,Centro 3,In-person,2023-05-01,2
HCP,Centro 1,In-person,2023-05-01,2
INF,Centro 4,In-person,2023-05-01,2
INF,Centro 5,Hybrid,2023-05-01,2
LOG,Centro 5,In-person,2023-05-01,2
PRI,Centro 2,In-person,2023-05-01,2
PYT,Centro 2,Hybrid,2023-05-01,2
SEG,Centro 1,Online,2023-05-01,2
SOC,Centro 2,In-person,2023-05-01,2
SOC,Centro 3,In-person,2023-05-01,2
CYB,Centro 1,Online,2023-05-01,1
EMP,Centro 1,In-person,2023-05-01,1
FOR,Centro 1,Hybrid,2023-05-01,1
GES,Centro 3,Hybrid,2023-05-01,1
HAC,Centro 1,Hybrid,2023-05-01,1
HAC,Centro 2,Hybrid,2023-05-01,1
HAC,Centro 2,In-person,2023-05-01,1
HAC,Centro 3,Hybrid,2023-05-01,1
HOT,Centro 5,In-person,2023-05-01,1
INF,Centro 3,Hybrid,2023-05-01,1
PRI,Centro 4,In-person,2023-05-01,1
PRO,Centro 1,Hybrid,2023-05-01,1
VND,Centro 1,Hybrid,2023-05-01,1
VND,Centro 2,Online,2023-05-01,1
PYT,Centro 4,Online,2023-05-08,43
CYB,Centro 4,Online,2023-05-08,40
GER,Centro 3,Hybrid,2023-05-08,27
PBI,Centro 3,Online,2023-05-08,27
PRI,Centro 1,In-person,2023-05-08,25
CYB,Centro 3,Online,2023-05-08,24
INF,Centro 3,Hybrid,2023-05-08,22
HAC,Centro 2,Hybrid,2023-05-08,21
PYT,Centro 1,Hybrid,2023-05-08,21
SEG,Centro 3,In-person,2023-05-08,21
GES,Centro 3,Hybrid,2023-05-08,20
VND,Centro 3,Hybrid,2023-05-08,20
LID,Centro 2,Online,2023-05-08,19
SEG,Centro 3,Hybrid,2023-05-08,19
GER,Centro 5,In-person,2023-05-08,18
GES,Centro 2,Hybrid,2023-05-08,18
HAC,Centro 5,In-person,2023-05-08,18
PBI,Centro 5,Hybrid,2023-05-08,18
VND,Centro 2,Hybrid,2023-05-08,18
PBI,Centro 4,Hybrid,2023-05-08,17
PRO,Centro 5,Online,2023-05-08,17
SST,Centro 4,In-person,2023-05-08,17
MNT,Centro 5,In-person,2023-05-08,16
CYB,Centro 4,Hybrid,2023-05-08,15
GER,Centro 1,In-person,2023-05-08,15
EXC,Centro 5,In-person,2023-05-08,14
FOR,Centro 3,Hybrid,2023-05-08,14
PBI,Centro 3,In-person,2023-05-08,14
HOT,Centro 1,Hybrid,2023-05-08,13
ING,Centro 4,Online,2023-05-08,13
EMP,Centro 5,In-person,2023-05-08,12
HCP,Centro 3,In-person,2023-05-08,12
INF,Centro 3,In-person,2023-05-08,12
PYT,Centro 4,Hybrid,2023-05-08,12
EMP,Centro 4,In-person,2023-05-08,11
EXC,Centro 2,In-person,2023-05-08,11
INF,Centro 5,Hybrid,2023-05-08,11
LOG,Centro 1,In-person,2023-05-08,11
LOG,Centro 5,In-person,2023-05-08,11
PBI,Centro 1,Online,2023-05-08,11
PYT,Centro 3,Online,2023-05-08,11
EXC,Centro 5,Hybrid,2023-05-08,10
LOG,Centro 3,Hybrid,2023-05-08,10
HOT,Centro 2,Hybrid,2023-05-08,9
MNT,Centro 4,In-person,2023-05-08,9
PRI,Centro 3,Hybrid,2023-05-08,9
SCI,Centro 3,In-person,2023-05-08,9
HAC,Centro 3,In-person,2023-05-08,8
INF,Centro 4,In-person,2023-05-08,8
PYT,Centro 2,In-person,2023-05-08,8
SCI,Centro 1,In-person,2023-05-08,8
GER,Centro 3,In-person,2023-05-08,7
SCI,Centro 2,In-person,2023-05-08,7
SST,Centro 2,In-person,2023-05-08,7
TUR,Centro 1,In-person,2023-05-08,7
CYB,Centro 1,Hybrid,2023-05-08,6
PRO,Centro 1,Hybrid,2023-05-08,6
SEG,Centro 2,In-person,2023-05-08,6
SST,Centro 2,Online,2023-05-08,6
SST,Centro 5,In-person,2023-05-08,6
TUR,Centro 2,In-person,2023-05-08,6
HOT,Centro 3,In-person,2023-05-08,5
ING,Centro 5,Online,2023-05-08,5
HAC,Centro 1,In-person,2023-05-08,4
HOT,Centro 5,In-person,2023-05-08,4
LOG,Centro 3,In-person,2023-05-08,4
PRI,Centro 1,Hybrid,2023-05-08,4
SEG,Centro 1,Online,2023-05-08,4
SEG,Centro 5,In-person,2023-05-08,4
TUR,Centro 5,Hybrid,2023-05-08,4
VND,Centro 1,Hybrid,2023-05-08,4
CYB,Centro 3,In-person,2023-05-08,3
EMP,Centro 3,In-person,2023-05-08,3
HAC,Centro 1,Hybrid,2023-05-08,3
HAC,Centro 5,Hybrid,2023-05-08,3
PRI,Centro 3,In-person,2023-05-08,3
PRO,Centro 3,In-person,2023-05-08,3
PYT,Centro 2,Hybrid,2023-05-08,3
SEG,Centro 3,Online,2023-05-08,3
TUR,Centro 5,In-person,2023-05-08,3
VND,Centro 4,Hybrid,2023-05-08,3
VND,Centro 5,Hybrid,2023-05-08,3
EXC,Centro 3,In-person,2023-05-08,2
GES,Centro 5,In-person,2023-05-08,2
HCP,Centro 1,In-person,2023-05-08,2
HOT,Centro 1,In-person,2023-05-08,2
HOT,Centro 4,In-person,2023-05-08,2
LID,Centro 4,Hybrid,2023-05-08,2
PBI,Centro 2,Online,2023-05-08,2
PBI,Centro 2,Hybrid,2023-05-08,2
PBI,Centro 4,Online,2023-05-08,2
PRO,Centro 4,Hybrid,2023-05-08,2
SOC,Centro 3,Hybrid,2023-05-08,2
SST,Centro 2,Hybrid,2023-05-08,2
VND,Centro 2,In-person,2023-05-08,2
VND,Centro 5,In-person,2023-05-08,2
EXC,Centro 1,Online,2023-05-08,1
EXC,Centro 3,Hybrid,2023-05-08,1
GER,Centro 2,Hybrid,2023-05-08,1
HOT,Centro 2,In-person,2023-05-08,1
INF,Centro 1,Hybrid,2023-05-08,1
ING,Centro 3,Online,2023-05-08,1
LID,Centro 3,Hybrid,2023-05-08,1
LID,Centro 5,Hybrid,2023-05-08,1
PBI,Centro 1,In-person,2023-05-08,1
PRI,Centro 2,Hybrid,2023-05-08,1
PRO,Centro 4,Online,2023-05-08,1
PYT,Centro 5,Hybrid,2023-05-08,1
SCI,Centro 2,Hybrid,2023-05-08,1
SCI,Centro 4,Hybrid,2023-05-08,1
SOC,Centro 3,In-person,2023-05-08,1
SOC,Centro 4,In-person,2023-05-08,1
SST,Centro 1,Online,2023-05-08,1
SST,Centro 4,Hybrid,2023-05-08,1
TUR,Centro 4,Hybrid,2023-05-08,1
EXC,Centro 1,Online,2023-05-15,40
PBI,Centro 3,Online,2023-05-15,36
SEG,Centro 5,In-person,2023-05-15,34
PRO,Centro 3,Online,2023-05-15,33
CYB,Centro 1,Online,2023-05-15,24
LID,Centro 5,Online,2023-05-15,24
PYT,Centro 4,Online,2023-05-15,23
FOR,Centro 2,Hybrid,2023-05-15,22
CYB,Centro 3,Online,2023-05-15,21
SEG,Centro 3,Hybrid,2023-05-15,21
HOT,Centro 3,In-person,2023-05-15,19
CYB,Centro 2,Hybrid,2023-05-15,18
ING,Centro 3,Online,2023-05-15,18
LOG,Centro 5,In-person,2023-05-15,18
CYB,Centro 2,Online,2023-05-15,17
GER,Centro 2,In-person,2023-05-15,17
HCP,Centro 2,In-person,2023-05-15,17
HOT,Centro 5,In-person,2023-05-15,17
HAC,Centro 2,In-person,2023-05-15,16
SST,Centro 5,Hybrid,2023-05-15,16
PRI,Centro 1,In-person,2023-05-15,14
SCI,Centro 2,Hybrid,2023-05-15,14
VND,Centro 2,Hybrid,2023-05-15,14
GES,Centro 2,Online,2023-05-15,13
HAC,Centro 5,In-person,2023-05-15,13
INF,Centro 1,In-person,2023-05-15,13
PRO,Centro 3,In-person,2023-05-15,13
PYT,Centro 5,Hybrid,2023-05-15,13
SST,Centro 2,Hybrid,2023-05-15,13
SEG,Centro 3,Online,2023-05-15,12
SOC,Centro 4,In-person,2023-05-15,12
INF,Centro 3,In-person,2023-05-15,11
SOC,Centro 3,Hybrid,2023-05-15,11
SST,Centro 2,In-person,2023-05-15,11
EMP,Centro 3,In-person,2023-05-15,10
LOG,Centro 3,Hybrid,2023-05-15,10
HCP,Centro 1,In-person,2023-05-15,9
HAC,Centro 4,In-person,2023-05-15,8
HOT,Centro 1,In-person,2023-05-15,8
CYB,Centro 3,In-person,2023-05-15,7
EXC,Centro 2,Online,2023-05-15,7
HAC,Centro 1,Online,2023-05-15,6
HAC,Centro 3,Hybrid,2023-05-15,6
HCP,Centro 3,In-person,2023-05-15,6
INF,Centro 3,Hybrid,2023-05-15,6
PRO,Centro 5,Online,2023-05-15,6
EMP,Centro 4,In-person,2023-05-15,5
FOR,Centro 1,In-person,2023-05-15,5
INF,Centro 5,Hybrid,2023-05-15,5
ING,Centro 4,Online,2023-05-15,5
PRI,Centro 5,Hybrid,2023-05-15,5
TUR,Centro 5,Hybrid,2023-05-15,5
VND,Centro 4,Hybrid,2023-05-15,5
CYB,Centro 4,Online,2023-05-15,4
HAC,Centro 1,In-person,2023-05-15,4
ING,Centro 5,Online,2023-05-15,4
PYT,Centro 1,Hybrid,2023-05-15,4
EXC,Centro 3,Hybrid,2023-05-15,3
FOR,Centro 1,Online,2023-05-15,3
LID,Centro 3,Online,2023-05-15,3
PBI,Centro 1,Online,2023-05-15,3
PBI,Centro 1,In-person,2023-05-15,3
PRI,Centro 2,Hybrid,2023-05-15,3
EMP,Centro 1,In-person,2023-05-15,2
EXC,Centro 4,Online,2023-05-15,2
FOR,Centro 5,In-person,2023-05-15,2
GES,Centro 2,Hybrid,2023-05-15,2
GES,Centro 3,Hybrid,2023-05-15,2
HOT,Centro 2,Hybrid,2023-05-15,2
LOG,Centro 3,In-person,2023-05-15,2
MNT,Centro 5,In-person,2023-05-15,2
PBI,Centro 2,Hybrid,2023-05-15,2
PYT,Centro 5,Online,2023-05-15,2
SST,Centro 5,In-person,2023-05-15,2
CYB,Centro 5,Hybrid,2023-05-15,1
EXC,Centro 2,In-person,2023-05-15,1
EXC,Centro 4,In-person,2023-05-15,1
FOR,Centro 4,Online,2023-05-15,1
FOR,Centro 4,Hybrid,2023-05-15,1
GER,Centro 4,Hybrid,2023-05-15,1
HCP,Centro 5,Hybrid,2023-05-15,1
HOT,Centro 2,In-person,2023-05-15,1
LID,Centro 3,Hybrid,2023-05-15,1
LID,Centro 4,In-person,2023-05-15,1
MNT,Centro 2,In-person,2023-05-15,1
MNT,Centro 3,In-person,2023-05-15,1
MNT,Centro 4,In-person,2023-05-15,1
PBI,Centro 3,In-person,2023-05-15,1
PBI,Centro 4,Online,2023-05-15,1
PBI,Centro 4,Hybrid,2023-05-15,1
SEG,Centro 5,Hybrid,2023-05-15,1
SOC,Centro 3,In-person,2023-05-15,1
SST,Centro 2,Online,2023-05-15,1
SST,Centro 4,In-person,2023-05-15,1
TUR,Centro 2,Hybrid,2023-05-15,1
VND,Centro 2,Online,2023-05-15,1
EMP,Centro 4,In-person,2023-05-22,38
MNT,Centro 5,In-person,2023-05-22,38
PBI,Centro 1,Online,2023-05-22,35
PBI,Centro 2,Online,2023-05-22,35
HAC,Centro 5,In-person,2023-05-22,30
SCI,Centro 2,In-person,2023-05-22,26
GER,Centro 4,Hybrid,2023-05-22,25
GES,Centro 4,Online,2023-05-22,25
EMP,Centro 1,In-person,2023-05-22,24
EXC,Centro 5,In-person,2023-05-22,24
PYT,Centro 2,Hybrid,2023-05-22,22
SST,Centro 5,In-person,2023-05-22,22
PBI,Centro 4,Hybrid,2023-05-22,21
GES,Centro 2,Hybrid,2023-05-22,20
MNT,Centro 4,In-person,2023-05-22,20
INF,Centro 1,In-person,2023-05-22,19
PBI,Centro 4,Online,2023-05-22,19
CYB,Centro 4,Online,2023-05-22,18
VND,Centro 2,In-person,2023-05-22,18
VND,Centro 4,Hybrid,2023-05-22,18
VND,Centro 5,In-person,2023-05-22,18
LID,Centro 2,Hybrid,2023-05-22,17
PRI,Centro 5,Hybrid,2023-05-22,17
INF,Centro 4,Hybrid,2023-05-22,16
ING,Centro 5,Online,2023-05-22,15
FOR,Centro 3,In-person,2023-05-22,14
HCP,Centro 1,In-person,2023-05-22,14
CYB,Centro 5,Hybrid,2023-05-22,12
SCI,Centro 2,Hybrid,2023-05-22,12
SOC,Centro 3,In-person,2023-05-22,12
LOG,Centro 1,In-person,2023-05-22,11
SEG,Centro 3,In-person,2023-05-22,11
SEG,Centro 4,In-person,2023-05-22,11
CYB,Centro 5,In-person,2023-05-22,10
SCI,Centro 1,In-person,2023-05-22,10
CYB,Centro 1,Online,2023-05-22,9
CYB,Centro 4,Hybrid,2023-05-22,9
INF,Centro 1,Hybrid,2023-05-22,8
GES,Centro 2,Online,2023-05-22,7
PRI,Centro 1,Hybrid,2023-05-22,7
PYT,Centro 4,Online,2023-05-22,7
SEG,Centro 1,Online,2023-05-22,6
GER,Centro 1,In-person,2023-05-22,5
HOT,Centro 3,In-person,2023-05-22,5
HOT,Centro 5,In-person,2023-05-22,5
INF,Centro 2,Hybrid,2023-05-22,5
PBI,Centro 3,Online,2023-05-22,5
PBI,Centro 3,In-person,2023-05-22,5
SST,Centro 2,In-person,2023-05-22,5
EXC,Centro 4,Online,2023-05-22,4
GES,Centro 3,Hybrid,2023-05-22,4
LOG,Centro 5,In-person,2023-05-22,4
HAC,Centro 1,Hybrid,2023-05-22,3
HAC,Centro 3,In-person,2023-05-22,3
HAC,Centro 4,In-person,2023-05-22,3
INF,Centro 4,In-person,2023-05-22,3
MNT,Centro 3,In-person,2023-05-22,3
PBI,Centro 1,In-person,2023-05-22,3
SEG,Centro 3,Hybrid,2023-05-22,3
SST,Centro 2,Hybrid,2023-05-22,3
SST,Centro 4,In-person,2023-05-22,3
TUR,Centro 2,In-person,2023-05-22,3
CYB,Centro 3,Online,2023-05-22,2
CYB,Centro 3,In-person,2023-05-22,2
EXC,Centro 1,Online,2023-05-22,2
EXC,Centro 3,In-person,2023-05-22,2
GER,Centro 3,In-person,2023-05-22,2
INF,Centro 3,Hybrid,2023-05-22,2
INF,Centro 3,In-person,2023-05-22,2
ING,Centro 1,Online,2023-05-22,2
PRO,Centro 1,Hybrid,2023-05-22,2
PRO,Centro 3,Online,2023-05-22,2
PRO,Centro 3,In-person,2023-05-22,2
PYT,Centro 3,Online,2023-05-22,2
PYT,Centro 5,Hybrid,2023-05-22,2
SST,Centro 1,In-person,2023-05-22,2
SST,Centro 5,Hybrid,2023-05-22,2
VND,Centro 2,Online,2023-05-22,2
CYB,Centro 2,Hybrid,2023-05-22,1
EXC,Centro 2,In-person,2023-05-22,1
EXC,Centro 3,Hybrid,2023-05-22,1
FOR,Centro 4,Online,2023-05-22,1
FOR,Centro 4,Hybrid,2023-05-22,1
GES,Centro 4,Hybrid,2023-05-22,1
HAC,Centro 2,Hybrid,2023-05-22,1
HOT,Centro 3,Hybrid,2023-05-22,1
PRI,Centro 3,Hybrid,2023-05-22,1
PRO,Centro 4,Online,2023-05-22,1
SCI,Centro 1,Hybrid,2023-05-22,1
SST,Centro 1,Online,2023-05-22,1
TUR,Centro 5,In-person,2023-05-22,1
MNT,Centro 3,In-person,2023-05-29,45
SST,Centro 2,Hybrid,2023-05-29,43
PYT,Centro 1,Online,2023-05-29,30
PRO,Centro 1,Hybrid,2023-05-29,27
SEG,Centro 1,Hybrid,2023-05-29,23
EXC,Centro 4,Online,2023-05-29,22
HAC,Centro 5,Hybrid,2023-05-29,22
PBI,Centro 3,Online,2023-05-29,22
LOG,Centro 5,Hybrid,2023-05-29,21
SST,Centro 5,In-person,2023-05-29,21
HOT,Centro 5,In-person,2023-05-29,20
INF,Centro 5,In-person,2023-05-29,19
PYT,Centro 1,Hybrid,2023-05-29,19
VND,Centro 2,Hybrid,2023-05-29,19
TUR,Centro 2,In-person,2023-05-29,18
VND,Centro 4,Hybrid,2023-05-29,17
PBI,Centro 1,In-person,2023-05-29,16
SST,Centro 1,Online,2023-05-29,15
VND,Centro 5,Hybrid,2023-05-29,15
EMP,Centro 3,In-person,2023-05-29,14
HOT,Centro 2,In-person,2023-05-29,14
INF,Centro 2,In-person,2023-05-29,14
MNT,Centro 2,In-person,2023-05-29,14
HAC,Centro 1,In-person,2023-05-29,13
HCP,Centro 2,In-person,2023-05-29,13
SOC,Centro 5,In-person,2023-05-29,13
INF,Centro 1,Hybrid,2023-05-29,12
INF,Centro 4,In-person,2023-05-29,12
LID,Centro 2,Online,2023-05-29,12
PBI,Centro 2,Hybrid,2023-05-29,12
PBI,Centro 5,In-person,2023-05-29,12
SST,Centro 1,Hybrid,2023-05-29,12
CYB,Centro 2,Hybrid,2023-05-29,11
LID,Centro 4,In-person,2023-05-29,11
TUR,Centro 1,In-person,2023-05-29,11
LOG,Centro 5,In-person,2023-05-29,10
MNT,Centro 5,In-person,2023-05-29,10
SEG,Centro 3,In-person,2023-05-29,10
EMP,Centro 1,In-person,2023-05-29,9
GES,Centro 2,Online,2023-05-29,9
PBI,Centro 2,Online,2023-05-29,9
SCI,Centro 1,In-person,2023-05-29,9
SOC,Centro 3,Hybrid,2023-05-29,9
FOR,Centro 5,Online,2023-05-29,8
HAC,Centro 1,Hybrid,2023-05-29,8
ING,Centro 5,Online,2023-05-29,8
PRO,Centro 4,Online,2023-05-29,8
EXC,Centro 3,Online,2023-05-29,7
GES,Centro 2,Hybrid,2023-05-29,7
HAC,Centro 5,In-person,2023-05-29,7
HOT,Centro 1,Hybrid,2023-05-29,7
FOR,Centro 4,Online,2023-05-29,6
LID,Centro 5,Hybrid,2023-05-29,6
PRI,Centro 1,Hybrid,2023-05-29,6
PRI,Centro 3,Hybrid,2023-05-29,6
PYT,Centro 2,In-person,2023-05-29,6
SEG,Centro 1,Online,2023-05-29,6
SOC,Centro 5,Hybrid,2023-05-29,6
GER,Centro 4,Hybrid,2023-05-29,5
HAC,Centro 4,Online,2023-05-29,5
HCP,Centro 3,In-person,2023-05-29,5
INF,Centro 3,Hybrid,2023-05-29,5
MNT,Centro 4,In-person,2023-05-29,5
PRI,Centro 2,Hybrid,2023-05-29,5
SOC,Centro 2,In-person,2023-05-29,5
VND,Centro 3,Hybrid,2023-05-29,5
EXC,Centro 5,In-person,2023-05-29,4
HCP,Centro 1,In-person,2023-05-29,4
SOC,Centro 3,In-person,2023-05-29,4
SST,Centro 5,Online,2023-05-29,4
CYB,Centro 1,Online,2023-05-29,3
GER,Centro 4,In-person,2023-05-29,3
PRO,Centro 3,In-person,2023-05-29,3
SEG,Centro 3,Hybrid,2023-05-29,3
SST,Centro 1,In-person,2023-05-29,3
SST,Centro 4,Hybrid,2023-05-29,3
VND,Centro 5,In-person,2023-05-29,3
CYB,Centro 2,Online,2023-05-29,2
FOR,Centro 1,In-person,2023-05-29,2
GER,Centro 3,Hybrid,2023-05-29,2
HAC,Centro 2,In-person,2023-05-29,2
HAC,Centro 3,Online,2023-05-29,2
HOT,Centro 1,In-person,2023-05-29,2
HOT,Centro 4,Hybrid,2023-05-29,2
PBI,Centro 1,Online,2023-05-29,2
PRO,Centro 5,Online,2023-05-29,2
PYT,Centro 3,Online,2023-05-29,2
SEG,Centro 4,In-person,2023-05-29,2
SST,Centro 2,In-person,2023-05-29,2
EMP,Centro 4,In-person,2023-05-29,1
EMP,Centro 5,In-person,2023-05-29,1
EXC,Centro 1,Online,2023-05-29,1
FOR,Centro 1,Online,2023-05-29,1
FOR,Centro 2,Hybrid,2023-05-29,1
GER,Centro 1,In-person,2023-05-29,1
GER,Centro 2,In-person,2023-05-29,1
INF,Centro 2,Hybrid,2023-05-29,1
LID,Centro 1,Online,2023-05-29,1
LID,Centro 3,Hybrid,2023-05-29,1
PYT,Centro 4,Hybrid,2023-05-29,1
PYT,Centro 5,Online,2023-05-29,1
SCI,Centro 2,In-person,2023-05-29,1
SEG,Centro 5,Hybrid,2023-05-29,1
PBI,Centro 1,Online,2023-06-05,27
FOR,Centro 4,Online,2023-06-05,26
HOT,Centro 5,Hybrid,2023-06-05,25
VND,Centro 2,Online,2023-06-05,24
FOR,Centro 4,Hybrid,2023-06-05,22
HCP,Centro 5,Hybrid,2023-06-05,21
CYB,Centro 2,Hybrid,2023-06-05,20
TUR,Centro 2,In-person,2023-06-05,20
EXC,Centro 3,Hybrid,2023-06-05,19
HAC,Centro 4,Online,2023-06-05,19
SST,Centro 4,Hybrid,2023-06-05,19
TUR,Centro 4,Hybrid,2023-06-05,19
GER,Centro 2,In-person,2023-06-05,17
HOT,Centro 4,Hybrid,2023-06-05,17
LID,Centro 3,Online,2023-06-05,17
MNT,Centro 3,In-person,2023-06-05,17
INF,Centro 5,In-person,2023-06-05,16
LOG,Centro 3,In-person,2023-06-05,16
PRO,Centro 4,Online,2023-06-05,16
PYT,Centro 4,Hybrid,2023-06-05,15
CYB,Centro 2,In-person,2023-06-05,13
CYB,Centro 5,Hybrid,2023-06-05,13
EMP,Centro 5,In-person,2023-06-05,13
HOT,Centro 4,In-person,2023-06-05,13
SCI,Centro 2,In-person,2023-06-05,13
INF,Centro 2,Hybrid,2023-06-05,12
PYT,Centro 3,Online,2023-06-05,12
SCI,Centro 1,Hybrid,2023-06-05,12
SEG,Centro 1,Hybrid,2023-06-05,12
SST,Centro 2,In-person,2023-06-05,12
HCP,Centro 4,In-person,2023-06-05,11
HCP,Centro 5,In-person,2023-06-05,11
PBI,Centro 4,Online,2023-06-05,11
PRI,Centro 2,In-person,2023-06-05,11
INF,Centro 4,In-person,2023-06-05,10
LID,Centro 1,In-person,2023-06-05,10
SEG,Centro 5,In-person,2023-06-05,10
HOT,Centro 1,In-person,2023-06-05,9
PBI,Centro 3,In-person,2023-06-05,9
FOR,Centro 5,In-person,2023-06-05,8
GER,Centro 3,In-person,2023-06-05,8
HOT,Centro 1,Hybrid,2023-06-05,8
PRO,Centro 5,Online,2023-06-05,8
HOT,Centro 5,In-person,2023-06-05,7
SEG,Centro 1,Online,2023-06-05,7
INF,Centro 1,In-person,2023-06-05,6
LOG,Centro 5,Hybrid,2023-06-05,6
PBI,Centro 2,Hybrid,2023-06-05,6
PBI,Centro 4,In-person,2023-06-05,6
PRI,Centro 1,In-person,2023-06-05,6
EMP,Centro 4,In-person,2023-06-05,5
LOG,Centro 2,In-person,2023-06-05,5
VND,Centro 2,Hybrid,2023-06-05,5
CYB,Centro 3,Online,2023-06-05,4
FOR,Centro 1,In-person,2023-06-05,4
HCP,Centro 3,In-person,2023-06-05,4
LID,Centro 5,Hybrid,2023-06-05,4
MNT,Centro 5,In-person,2023-06-05,4
PYT,Centro 5,Hybrid,2023-06-05,4
GER,Centro 1,In-person,2023-06-05,3
GES,Centro 2,Hybrid,2023-06-05,3
INF,Centro 3,In-person,2023-06-05,3
LOG,Centro 1,In-person,2023-06-05,3
MNT,Centro 4,In-person,2023-06-05,3
SST,Centro 5,In-person,2023-06-05,3
VND,Centro 4,Online,2023-06-05,3
EXC,Centro 4,Online,2023-06-05,2
FOR,Centro 2,Hybrid,2023-06-05,2
HAC,Centro 3,Online,2023-06-05,2
INF,Centro 3,Hybrid,2023-06-05,2
LID,Centro 1,Online,2023-06-05,2
PBI,Centro 5,In-person,2023-06-05,2
SCI,Centro 1,In-person,2023-06-05,2
SEG,Centro 2,In-person,2023-06-05,2
SOC,Centro 2,In-person,2023-06-05,2
SST,Centro 2,Hybrid,2023-06-05,2
CYB,Centro 5,In-person,2023-06-05,1
EXC,Centro 2,Online,2023-06-05,1
FOR,Centro 3,In-person,2023-06-05,1
GES,Centro 3,Hybrid,2023-06-05,1
HAC,Centro 2,In-person,2023-06-05,1
HAC,Centro 3,In-person,2023-06-05,1
HAC,Centro 5,In-person,2023-06-05,1
HCP,Centro 1,In-person,2023-06-05,1
HOT,Centro 3,In-person,2023-06-05,1
INF,Centro 1,Hybrid,2023-06-05,1
LID,Centro 2,Online,2023-06-05,1
LID,Centro 3,Hybrid,2023-06-05,1
LID,Centro 4,In-person,2023-06-05,1
LOG,Centro 5,In-person,2023-06-05,1
PYT,Centro 1,Hybrid,2023-06-05,1
PYT,Centro 4,Online,2023-06-05,1
SEG,Centro 4,In-person,2023-06-05,1
SEG,Centro 5,Hybrid,2023-06-05,1
VND,Centro 5,Hybrid,2023-06-05,1
GES,Centro 2,Hybrid,2023-06-12,42
LID,Centro 2,Online,2023-06-12,36
CYB,Centro 1,Online,2023-06-12,30
INF,Centro 3,Hybrid,2023-06-12,29
VND,Centro 4,Hybrid,2023-06-12,26
PYT,Centro 3,Hybrid,2023-06-12,24
SEG,Centro 1,Online,2023-06-12,24
EXC,Centro 4,Online,2023-06-12,23
HAC,Centro 3,Online,2023-06-12,23
CYB,Centro 2,Online,2023-06-12,21
EXC,Centro 2,Online,2023-06-12,21
EXC,Centro 3,Online,2023-06-12,21
SCI,Centro 2,Hybrid,2023-06-12,20
GER,Centro 3,In-person,2023-06-12,19
PRO,Centro 5,Hybrid,2023-06-12,19
PRI,Centro 3,In-person,2023-06-12,18
CYB,Centro 1,Hybrid,2023-06-12,17
LOG,Centro 4,In-person,2023-06-12,17
SOC,Centro 4,Hybrid,2023-06-12,17
VND,Centro 2,Hybrid,2023-06-12,17
HOT,Centro 5,In-person,2023-06-12,16
GES,Centro 2,Online,2023-06-12,15
PBI,Centro 4,Hybrid,2023-06-12,14
LID,Centro 4,In-person,2023-06-12,13
LOG,Centro 1,In-person,2023-06-12,13
PRI,Centro 1,Hybrid,2023-06-12,13
SEG,Centro 3,Hybrid,2023-06-12,13
VND,Centro 4,Online,2023-06-12,13
FOR,Centro 2,Hybrid,2023-06-12,12
LID,Centro 3,In-person,2023-06-12,12
PBI,Centro 3,In-person,2023-06-12,11
PBI,Centro 4,In-person,2023-06-12,11
SST,Centro 1,In-person,2023-06-12,11
FOR,Centro 3,Hybrid,2023-06-12,10
PYT,Centro 3,In-person,2023-06-12,10
SST,Centro 1,Hybrid,2023-06-12,10
VND,Centro 4,In-person,2023-06-12,10
LID,Centro 2,Hybrid,2023-06-12,9
LID,Centro 3,Online,2023-06-12,9
HAC,Centro 3,In-person,2023-06-12,8
MNT,Centro 5,In-person,2023-06-12,8
PBI,Centro 1,Online,2023-06-12,8
EMP,Centro 3,In-person,2023-06-12,7
FOR,Centro 1,Online,2023-06-12,7
MNT,Centro 3,In-person,2023-06-12,7
EMP,Centro 1,In-person,2023-06-12,6
FOR,Centro 4,Online,2023-06-12,6
FOR,Centro 1,In-person,2023-06-12,5
FOR,Centro 4,Hybrid,2023-06-12,5
GER,Centro 1,In-person,2023-06-12,5
GER,Centro 5,Hybrid,2023-06-12,5
SEG,Centro 4,In-person,2023-06-12,5
SOC,Centro 2,In-person,2023-06-12,5
TUR,Centro 5,In-person,2023-06-12,5
HCP,Centro 2,In-person,2023-06-12,4
HCP,Centro 4,In-person,2023-06-12,4
INF,Centro 2,Hybrid,2023-06-12,4
SEG,Centro 1,In-person,2023-06-12,4
HCP,Centro 3,In-person,2023-06-12,3
GER,Centro 3,Hybrid,2023-06-12,2
GER,Centro 5,In-person,2023-06-12,2
INF,Centro 1,In-person,2023-06-12,2
INF,Centro 3,In-person,2023-06-12,2
ING,Centro 1,Online,2023-06-12,2
PYT,Centro 1,Online,2023-06-12,2
SST,Centro 2,In-person,2023-06-12,2
SST,Centro 4,Hybrid,2023-06-12,2
CYB,Centro 2,Hybrid,2023-06-12,1
EMP,Centro 4,In-person,2023-06-12,1
GER,Centro 2,In-person,2023-06-12,1
HAC,Centro 2,In-person,2023-06-12,1
HOT,Centro 1,In-person,2023-06-12,1
INF,Centro 5,In-person,2023-06-12,1
LID,Centro 1,Online,2023-06-12,1
PRI,Centro 3,Hybrid,2023-06-12,1
PRI,Centro 4,In-person,2023-06-12,1
SEG,Centro 1,Hybrid,2023-06-12,1
SST,Centro 3,Online,2023-06-12,1
SST,Centro 5,In-person,2023-06-12,1
TUR,Centro 2,In-person,2023-06-12,1
CYB,Centro 5,In-person,2023-06-19,30
HOT,Centro 3,Hybrid,2023-06-19,29
FOR,Centro 2,Online,2023-06-19,28
PYT,Centro 4,Hybrid,2023-06-19,26
FOR,Centro 4,Online,2023-06-19,25
SST,Centro 5,Online,2023-06-19,24
VND,Centro 3,Hybrid,2023-06-19,24
FOR,Centro 1,In-person,2023-06-19,23
EXC,Centro 3,Online,2023-06-19,21
ING,Centro 2,Hybrid,2023-06-19,20
FOR,Centro 5,Online,2023-06-19,18
MNT,Centro 3,In-person,2023-06-19,18
PYT,Centro 5,Online,2023-06-19,18
INF,Centro 3,Hybrid,2023-06-19,17
LID,Centro 2,Hybrid,2023-06-19,16
SEG,Centro 1,Hybrid,2023-06-19,15
LOG,Centro 1,In-person,2023-06-19,14
VND,Centro 4,In-person,2023-06-19,14
EXC,Centro 1,Hybrid,2023-06-19,13
GER,Centro 4,In-person,2023-06-19,13
SEG,Centro 1,In-person,2023-06-19,13
GER,Centro 5,Hybrid,2023-06-19,12
GES,Centro 4,Online,2023-06-19,11
PRO,Centro 1,Hybrid,2023-06-19,11
EMP,Centro 5,In-person,2023-06-19,10
INF,Centro 2,In-person,2023-06-19,10
PRI,Centro 5,In-person,2023-06-19,10
PRO,Centro 5,Hybrid,2023-06-19,9
SOC,Centro 4,Hybrid,2023-06-19,9
HAC,Centro 2,In-person,2023-06-19,8
INF,Centro 3,In-person,2023-06-19,8
INF,Centro 5,In-person,2023-06-19,8
ING,Centro 1,Online,2023-06-19,8
CYB,Centro 1,Online,2023-06-19,7
FOR,Centro 3,Hybrid,2023-06-19,7
HAC,Centro 1,In-person,2023-06-19,7
HOT,Centro 5,In-person,2023-06-19,7
PBI,Centro 4,Hybrid,2023-06-19,7
SST,Centro 1,In-person,2023-06-19,7
CYB,Centro 2,Online,2023-06-19,6
INF,Centro 1,Hybrid,2023-06-19,5
PRI,Centro 2,In-person,2023-06-19,5
PRO,Centro 4,In-person,2023-06-19,5
CYB,Centro 1,Hybrid,2023-06-19,4
GES,Centro 4,Hybrid,2023-06-19,4
GES,Centro 5,In-person,2023-06-19,4
HAC,Centro 1,Hybrid,2023-06-19,4
PBI,Centro 4,In-person,2023-06-19,4
SOC,Centro 2,In-person,2023-06-19,4
GES,Centro 3,Hybrid,2023-06-19,3
HOT,Centro 4,Hybrid,2023-06-19,3
CYB,Centro 4,In-person,2023-06-19,2
EMP,Centro 3,In-person,2023-06-19,2
GER,Centro 2,In-person,2023-06-19,2
HCP,Centro 1,In-person,2023-06-19,2
PYT,Centro 1,Hybrid,2023-06-19,2
SEG,Centro 1,Online,2023-06-19,2
SST,Centro 5,In-person,2023-06-19,2
VND,Centro 4,Hybrid,2023-06-19,2
EXC,Centro 4,Online,2023-06-19,1
EXC,Centro 5,Online,2023-06-19,1
GES,Centro 2,Online,2023-06-19,1
GES,Centro 2,Hybrid,2023-06-19,1
HCP,Centro 2,In-person,2023-06-19,1
HCP,Centro 4,In-person,2023-06-19,1
INF,Centro 2,Hybrid,2023-06-19,1
LID,Centro 5,Online,2023-06-19,1
MNT,Centro 2,In-person,2023-06-19,1
PYT,Centro 1,Online,2023-06-19,1
TUR,Centro 2,Hybrid,2023-06-19,1
VND,Centro 2,Hybrid,2023-06-19,1
VND,Centro 5,Hybrid,2023-06-19,1
PRO,Centro 4,In-person,2023-06-26,38
EXC,Centro 2,Online,2023-06-26,34
ING,Centro 3,Online,2023-06-26,30
TUR,Centro 1,In-person,2023-06-26,23
GES,Centro 3,Hybrid,2023-06-26,21
INF,Centro 3,In-person,2023-06-26,21
LOG,Centro 1,In-person,2023-06-26,20
INF,Centro 2,In-person,2023-06-26,19
CYB,Centro 4,Hybrid,2023-06-26,17
EXC,Centro 4,Online,2023-06-26,16
LID,Centro 5,Hybrid,2023-06-26,16
FOR,Centro 3,Hybrid,2023-06-26,14
FOR,Centro 4,Hybrid,2023-06-26,14
PRI,Centro 2,In-person,2023-06-26,14
PRI,Centro 4,In-person,2023-06-26,14
GES,Centro 2,Online,2023-06-26,13
GES,Centro 2,Hybrid,2023-06-26,11
HCP,Centro 5,In-person,2023-06-26,11
PYT,Centro 4,Hybrid,2023-06-26,11
MNT,Centro 3,In-person,2023-06-26,10
MNT,Centro 4,In-person,2023-06-26,10
PRI,Centro 1,Hybrid,2023-06-26,10
SOC,Centro 2,In-person,2023-06-26,10
SST,Centro 2,Online,2023-06-26,9
LOG,Centro 3,In-person,2023-06-26,8
LOG,Centro 4,Hybrid,2023-06-26,8
HOT,Centro 5,In-person,2023-06-26,7
EXC,Centro 1,Hybrid,2023-06-26,6
LOG,Centro 2,In-person,2023-06-26,6
SEG,Centro 5,In-person,2023-06-26,6
HAC,Centro 5,In-person,2023-06-26,5
HCP,Centro 3,In-person,2023-06-26,5
LID,Centro 1,Online,2023-06-26,5
PBI,Centro 2,Hybrid,2023-06-26,5
PYT,Centro 5,Online,2023-06-26,5
CYB,Centro 2,Online,2023-06-26,4
FOR,Centro 5,Online,2023-06-26,4
GER,Centro 3,In-person,2023-06-26,4
GES,Centro 5,In-person,2023-06-26,4
HAC,Centro 3,Hybrid,2023-06-26,4
MNT,Centro 2,In-person,2023-06-26,4
SOC,Centro 4,Hybrid,2023-06-26,4
SST,Centro 1,In-person,2023-06-26,4
VND,Centro 3,Hybrid,2023-06-26,4
GES,Centro 4,Hybrid,2023-06-26,3
LOG,Centro 4,In-person,2023-06-26,3
PRI,Centro 5,In-person,2023-06-26,3
PYT,Centro 3,Online,2023-06-26,3
SEG,Centro 4,In-person,2023-06-26,3
VND,Centro 5,Hybrid,2023-06-26,3
EMP,Centro 3,In-person,2023-06-26,2
HOT,Centro 4,In-person,2023-06-26,2
ING,Centro 5,Online,2023-06-26,2
PBI,Centro 1,In-person,2023-06-26,2
SEG,Centro 1,Hybrid,2023-06-26,2
VND,Centro 3,In-person,2023-06-26,2
EMP,Centro 5,In-person,2023-06-26,1
HCP,Centro 2,In-person,2023-06-26,1
HOT,Centro 1,Hybrid,2023-06-26,1
INF,Centro 3,Hybrid,2023-06-26,1
INF,Centro 4,In-person,2023-06-26,1
INF,Centro 5,In-person,2023-06-26,1
LOG,Centro 5,Hybrid,2023-06-26,1
MNT,Centro 5,In-person,2023-06-26,1
PRI,Centro 1,In-person,2023-06-26,1
PRO,Centro 5,Hybrid,2023-06-26,1
SCI,Centro 3,In-person,2023-06-26,1
SOC,Centro 3,In-person,2023-06-26,1
SOC,Centro 5,In-person,2023-06-26,1
SST,Centro 2,In-person,2023-06-26,1
VND,Centro 4,Online,2023-06-26,1
EXC,Centro 2,Online,2023-07-03,32
GES,Centro 5,In-person,2023-07-03,29
HCP,Centro 3,In-person,2023-07-03,23
SCI,Centro 3,In-person,2023-07-03,23
PBI,Centro 1,In-person,2023-07-03,22
GES,Centro 4,Hybrid,2023-07-03,21
CYB,Centro 4,In-person,2023-07-03,20
PRO,Centro 3,In-person,2023-07-03,20
GER,Centro 2,In-person,2023-07-03,19
MNT,Centro 4,In-person,2023-07-03,17
HCP,Centro 5,Hybrid,2023-07-03,16
HCP,Centro 4,In-person,2023-07-03,15
CYB,Centro 5,In-person,2023-07-03,14
PRI,Centro 2,In-person,2023-07-03,14
EMP,Centro 1,In-person,2023-07-03,13
SOC,Centro 3,In-person,2023-07-03,13
SST,Centro 2,Online,2023-07-03,13
VND,Centro 4,Online,2023-07-03,13
FOR,Centro 5,Online,2023-07-03,12
INF,Centro 2,Hybrid,2023-07-03,12
CYB,Centro 1,Online,2023-07-03,11
CYB,Centro 3,Hybrid,2023-07-03,11
HCP,Centro 2,In-person,2023-07-03,11
MNT,Centro 1,In-person,2023-07-03,11
LID,Centro 5,Online,2023-07-03,10
MNT,Centro 2,In-person,2023-07-03,9
PRI,Centro 4,In-person,2023-07-03,9
SEG,Centro 4,In-person,2023-07-03,9
ING,Centro 5,Online,2023-07-03,8
FOR,Centro 4,Hybrid,2023-07-03,7
LID,Centro 3,In-person,2023-07-03,7
VND,Centro 3,In-person,2023-07-03,7
SOC,Centro 4,Hybrid,2023-07-03,6
GES,Centro 2,Hybrid,2023-07-03,5
LOG,Centro 2,In-person,2023-07-03,5
LOG,Centro 4,Hybrid,2023-07-03,5
PBI,Centro 3,In-person,2023-07-03,5
PRI,Centro 3,In-person,2023-07-03,5
SEG,Centro 3,Hybrid,2023-07-03,5
SOC,Centro 2,In-person,2023-07-03,5
ING,Centro 2,Hybrid,2023-07-03,4
LOG,Centro 4,In-person,2023-07-03,4
PRI,Centro 1,In-person,2023-07-03,4
SST,Centro 5,In-person,2023-07-03,4
HCP,Centro 5,In-person,2023-07-03,3
PRO,Centro 4,In-person,2023-07-03,3
EXC,Centro 1,Hybrid,2023-07-03,2
EXC,Centro 5,Online,2023-07-03,2
EXC,Centro 5,In-person,2023-07-03,2
FOR,Centro 3,Hybrid,2023-07-03,2
INF,Centro 4,In-person,2023-07-03,2
INF,Centro 5,In-person,2023-07-03,2
ING,Centro 3,Online,2023-07-03,2
LOG,Centro 1,In-person,2023-07-03,2
MNT,Centro 5,In-person,2023-07-03,2
PBI,Centro 4,In-person,2023-07-03,2
VND,Centro 2,Hybrid,2023-07-03,2
EXC,Centro 3,Online,2023-07-03,1
EXC,Centro 5,Hybrid,2023-07-03,1
ING,Centro 1,Online,2023-07-03,1
LID,Centro 2,Online,2023-07-03,1
TUR,Centro 1,In-person,2023-07-03,1
VND,Centro 1,Online,2023-07-03,1
VND,Centro 2,In-person,2023-07-03,1
VND,Centro 4,In-person,2023-07-03,1
PBI,Centro 2,Hybrid,2023-07-10,35
EXC,Centro 2,Online,2023-07-10,31
EXC,Centro 5,Online,2023-07-10,27
LID,Centro 1,Hybrid,2023-07-10,26
PYT,Centro 3,Online,2023-07-10,25
SOC,Centro 3,In-person,2023-07-10,24
HAC,Centro 1,In-person,2023-07-10,23
PYT,Centro 4,Online,2023-07-10,21
HCP,Centro 3,In-person,2023-07-10,18
SST,Centro 1,In-person,2023-07-10,17
HAC,Centro 1,Hybrid,2023-07-10,16
SST,Centro 3,Online,2023-07-10,16
EMP,Centro 5,In-person,2023-07-10,15
LOG,Centro 1,In-person,2023-07-10,15
CYB,Centro 5,In-person,2023-07-10,14
GES,Centro 2,Hybrid,2023-07-10,14
MNT,Centro 3,In-person,2023-07-10,14
GER,Centro 4,Hybrid,2023-07-10,13
ING,Centro 1,Online,2023-07-10,13
EXC,Centro 5,Hybrid,2023-07-10,12
SCI,Centro 1,Hybrid,2023-07-10,12
CYB,Centro 4,Online,2023-07-10,11
GES,Centro 4,Hybrid,2023-07-10,11
INF,Centro 2,Hybrid,2023-07-10,11
SCI,Centro 4,In-person,2023-07-10,11
SST,Centro 2,In-person,2023-07-10,11
LID,Centro 5,Hybrid,2023-07-10,10
PBI,Centro 4,In-person,2023-07-10,10
SCI,Centro 3,In-person,2023-07-10,10
SEG,Centro 5,In-person,2023-07-10,10
SST,Centro 2,Online,2023-07-10,10
EMP,Centro 1,In-person,2023-07-10,9
HCP,Centro 4,In-person,2023-07-10,9
ING,Centro 2,Hybrid,2023-07-10,9
PYT,Centro 4,Hybrid,2023-07-10,9
SST,Centro 5,Hybrid,2023-07-10,9
GER,Centro 2,Hybrid,2023-07-10,8
TUR,Centro 1,Hybrid,2023-07-10,8
VND,Centro 2,Hybrid,2023-07-10,8
GER,Centro 5,Hybrid,2023-07-10,7
INF,Centro 3,In-person,2023-07-10,7
VND,Centro 5,Online,2023-07-10,7
HCP,Centro 2,In-person,2023-07-10,6
PRI,Centro 5,In-person,2023-07-10,6
PYT,Centro 1,Hybrid,2023-07-10,6
PYT,Centro 2,Online,2023-07-10,6
PBI,Centro 3,In-person,2023-07-10,5
SST,Centro 5,Online,2023-07-10,5
GER,Centro 2,In-person,2023-07-10,4
GES,Centro 2,In-person,2023-07-10,4
ING,Centro 2,Online,2023-07-10,4
LID,Centro 2,In-person,2023-07-10,4
HAC,Centro 3,Hybrid,2023-07-10,3
MNT,Centro 1,In-person,2023-07-10,3
MNT,Centro 2,In-person,2023-07-10,3
PBI,Centro 1,Hybrid,2023-07-10,3
PBI,Centro 3,Hybrid,2023-07-10,3
SEG,Centro 1,Hybrid,2023-07-10,3
VND,Centro 3,Online,2023-07-10,3
VND,Centro 3,In-person,2023-07-10,3
GES,Centro 5,Hybrid,2023-07-10,2
LOG,Centro 5,In-person,2023-07-10,2
PYT,Centro 3,In-person,2023-07-10,2
SEG,Centro 4,In-person,2023-07-10,2
TUR,Centro 5,In-person,2023-07-10,2
CYB,Centro 4,Hybrid,2023-07-10,1
FOR,Centro 3,Hybrid,2023-07-10,1
FOR,Centro 4,Online,2023-07-10,1
HOT,Centro 5,In-person,2023-07-10,1
INF,Centro 5,In-person,2023-07-10,1
PRI,Centro 4,In-person,2023-07-10,1
SOC,Centro 2,In-person,2023-07-10,1
SOC,Centro 5,Hybrid,2023-07-10,1
SST,Centro 5,In-person,2023-07-10,1
EXC,Centro 5,In-person,2023-07-17,33
MNT,Centro 4,In-person,2023-07-17,21
INF,Centro 2,In-person,2023-07-17,20
HAC,Centro 2,In-person,2023-07-17,19
PRI,Centro 2,In-person,2023-07-17,18
SST,Centro 3,Online,2023-07-17,18
CYB,Centro 2,Hybrid,2023-07-17,17
HCP,Centro 5,In-person,2023-07-17,15
GER,Centro 3,In-person,2023-07-17,14
SEG,Centro 1,In-person,2023-07-17,14
FOR,Centro 5,Online,2023-07-17,13
GER,Centro 5,In-person,2023-07-17,13
HOT,Centro 1,Hybrid,2023-07-17,13
SEG,Centro 5,In-person,2023-07-17,13
EXC,Centro 3,In-person,2023-07-17,12
TUR,Centro 2,In-person,2023-07-17,12
VND,Centro 2,Online,2023-07-17,12
HOT,Centro 5,In-person,2023-07-17,11
INF,Centro 4,In-person,2023-07-17,11
SOC,Centro 5,Hybrid,2023-07-17,11
PYT,Centro 2,Online,2023-07-17,10
CYB,Centro 4,In-person,2023-07-17,9
PRI,Centro 3,In-person,2023-07-17,9
SEG,Centro 5,Hybrid,2023-07-17,9
VND,Centro 1,Online,2023-07-17,9
FOR,Centro 1,Online,2023-07-17,8
VND,Centro 2,Hybrid,2023-07-17,8
VND,Centro 4,Online,2023-07-17,8
HAC,Centro 5,In-person,2023-07-17,7
PBI,Centro 4,Online,2023-07-17,7
SOC,Centro 2,In-person,2023-07-17,7
SEG,Centro 4,In-person,2023-07-17,6
VND,Centro 3,In-person,2023-07-17,6
EXC,Centro 5,Hybrid,2023-07-17,5
HCP,Centro 3,In-person,2023-07-17,5
LID,Centro 4,In-person,2023-07-17,5
LOG,Centro 1,In-person,2023-07-17,5
MNT,Centro 5,In-person,2023-07-17,5
EMP,Centro 5,In-person,2023-07-17,4
GER,Centro 2,In-person,2023-07-17,4
HAC,Centro 1,Hybrid,2023-07-17,4
LOG,Centro 4,Hybrid,2023-07-17,4
EXC,Centro 5,Online,2023-07-17,3
GES,Centro 3,In-person,2023-07-17,3
LID,Centro 2,In-person,2023-07-17,3
PBI,Centro 3,In-person,2023-07-17,3
PBI,Centro 4,In-person,2023-07-17,3
SOC,Centro 3,In-person,2023-07-17,3
EMP,Centro 4,In-person,2023-07-17,2
EXC,Centro 1,In-person,2023-07-17,2
GER,Centro 1,In-person,2023-07-17,2
GER,Centro 4,In-person,2023-07-17,2
GES,Centro 2,Hybrid,2023-07-17,2
HOT,Centro 2,In-person,2023-07-17,2
SCI,Centro 3,In-person,2023-07-17,2
SOC,Centro 4,In-person,2023-07-17,2
SST,Centro 1,Online,2023-07-17,2
VND,Centro 5,Hybrid,2023-07-17,2
CYB,Centro 4,Hybrid,2023-07-17,1
FOR,Centro 1,In-person,2023-07-17,1
HCP,Centro 5,Hybrid,2023-07-17,1
INF,Centro 3,In-person,2023-07-17,1
LID,Centro 1,Hybrid,2023-07-17,1
MNT,Centro 1,In-person,2023-07-17,1
PBI,Centro 4,Hybrid,2023-07-17,1
PRO,Centro 2,In-person,2023-07-17,1
PYT,Centro 4,Hybrid,2023-07-17,1
SST,Centro 1,In-person,2023-07-17,1
MNT,Centro 1,In-person,2023-07-24,43
ING,Centro 2,Online,2023-07-24,34
CYB,Centro 2,Hybrid,2023-07-24,30
LID,Centro 1,Hybrid,2023-07-24,21
PBI,Centro 4,In-person,2023-07-24,20
TUR,Centro 1,Hybrid,2023-07-24,20
PYT,Centro 4,Online,2023-07-24,19
SEG,Centro 5,In-person,2023-07-24,19
SOC,Centro 5,In-person,2023-07-24,19
MNT,Centro 4,In-person,2023-07-24,17
HAC,Centro 3,Hybrid,2023-07-24,16
PYT,Centro 4,Hybrid,2023-07-24,16
SST,Centro 1,Online,2023-07-24,16
HCP,Centro 5,In-person,2023-07-24,15
HCP,Centro 2,Hybrid,2023-07-24,14
SST,Centro 5,Hybrid,2023-07-24,14
VND,Centro 1,Hybrid,2023-07-24,13
HCP,Centro 3,In-person,2023-07-24,12
EXC,Centro 5,In-person,2023-07-24,11
HAC,Centro 5,In-person,2023-07-24,10
PBI,Centro 1,Hybrid,2023-07-24,10
VND,Centro 5,Hybrid,2023-07-24,10
EMP,Centro 1,In-person,2023-07-24,9
EXC,Centro 2,Online,2023-07-24,9
ING,Centro 5,Online,2023-07-24,9
MNT,Centro 3,In-person,2023-07-24,9
PRI,Centro 1,In-person,2023-07-24,9
PRO,Centro 3,In-person,2023-07-24,9
SOC,Centro 5,Hybrid,2023-07-24,9
SST,Centro 1,In-person,2023-07-24,9
GER,Centro 1,In-person,2023-07-24,8
GER,Centro 2,Hybrid,2023-07-24,8
LOG,Centro 4,Hybrid,2023-07-24,8
PBI,Centro 3,Hybrid,2023-07-24,8
SST,Centro 2,In-person,2023-07-24,8
VND,Centro 2,Online,2023-07-24,8
GER,Centro 3,In-person,2023-07-24,7
ING,Centro 2,Hybrid,2023-07-24,7
CYB,Centro 1,Online,2023-07-24,6
LID,Centro 2,Hybrid,2023-07-24,6
LOG,Centro 5,In-person,2023-07-24,6
PRI,Centro 3,In-person,2023-07-24,6
SEG,Centro 4,Online,2023-07-24,6
MNT,Centro 2,In-person,2023-07-24,5
SOC,Centro 3,In-person,2023-07-24,5
SST,Centro 4,Hybrid,2023-07-24,5
SST,Centro 5,In-person,2023-07-24,5
EMP,Centro 5,In-person,2023-07-24,4
FOR,Centro 3,Hybrid,2023-07-24,4
PRI,Centro 3,Hybrid,2023-07-24,4
PRI,Centro 5,In-person,2023-07-24,4
SEG,Centro 2,In-person,2023-07-24,4
TUR,Centro 5,In-person,2023-07-24,4
VND,Centro 5,Online,2023-07-24,4
CYB,Centro 4,Hybrid,2023-07-24,3
GER,Centro 5,In-person,2023-07-24,3
MNT,Centro 5,In-person,2023-07-24,3
PBI,Centro 1,Online,2023-07-24,3
PBI,Centro 3,In-person,2023-07-24,3
SCI,Centro 4,In-person,2023-07-24,3
SEG,Centro 4,In-person,2023-07-24,3
VND,Centro 2,Hybrid,2023-07-24,3
EXC,Centro 3,In-person,2023-07-24,2
EXC,Centro 4,Hybrid,2023-07-24,2
GES,Centro 4,Hybrid,2023-07-24,2
HAC,Centro 2,In-person,2023-07-24,2
ING,Centro 4,Hybrid,2023-07-24,2
LOG,Centro 1,In-person,2023-07-24,2
PRI,Centro 4,In-person,2023-07-24,2
SCI,Centro 3,In-person,2023-07-24,2
GER,Centro 2,In-person,2023-07-24,1
HAC,Centro 1,Hybrid,2023-07-24,1
INF,Centro 2,Hybrid,2023-07-24,1
INF,Centro 5,Hybrid,2023-07-24,1
LOG,Centro 2,In-person,2023-07-24,1
PRI,Centro 4,Hybrid,2023-07-24,1
PYT,Centro 1,Hybrid,2023-07-24,1
SCI,Centro 5,Hybrid,2023-07-24,1
SEG,Centro 1,In-person,2023-07-24,1
SEG,Centro 3,In-person,2023-07-24,1
VND,Centro 3,In-person,2023-07-24,1
GER,Centro 3,In-person,2023-07-31,45
PRI,Centro 3,Hybrid,2023-07-31,40
SOC,Centro 3,In-person,2023-07-31,31
VND,Centro 4,Online,2023-07-31,31
CYB,Centro 4,In-person,2023-07-31,29
EXC,Centro 2,Online,2023-07-31,27
SST,Centro 5,In-person,2023-07-31,25
PYT,Centro 4,Hybrid,2023-07-31,24
TUR,Centro 2,Hybrid,2023-07-31,23
ING,Centro 5,Online,2023-07-31,22
PRI,Centro 5,In-person,2023-07-31,22
HOT,Centro 1,Hybrid,2023-07-31,21
LOG,Centro 1,In-person,2023-07-31,21
CYB,Centro 3,Hybrid,2023-07-31,20
INF,Centro 3,Hybrid,2023-07-31,20
VND,Centro 2,In-person,2023-07-31,20
PBI,Centro 3,Hybrid,2023-07-31,19
HOT,Centro 4,In-person,2023-07-31,18
SEG,Centro 1,Online,2023-07-31,18
SOC,Centro 5,In-person,2023-07-31,17
GER,Centro 2,Hybrid,2023-07-31,16
PBI,Centro 4,In-person,2023-07-31,16
TUR,Centro 1,Hybrid,2023-07-31,16
HAC,Centro 3,In-person,2023-07-31,15
INF,Centro 2,In-person,2023-07-31,15
PRI,Centro 3,In-person,2023-07-31,14
SST,Centro 4,In-person,2023-07-31,13
EXC,Centro 1,Hybrid,2023-07-31,11
GER,Centro 1,In-person,2023-07-31,11
INF,Centro 5,In-person,2023-07-31,11
PBI,Centro 4,Online,2023-07-31,11
PRI,Centro 2,In-person,2023-07-31,11
PYT,Centro 2,Online,2023-07-31,11
VND,Centro 4,Hybrid,2023-07-31,11
LID,Centro 2,In-person,2023-07-31,10
SOC,Centro 4,In-person,2023-07-31,10
SST,Centro 1,In-person,2023-07-31,10
TUR,Centro 5,In-person,2023-07-31,10
PBI,Centro 1,Hybrid,2023-07-31,9
VND,Centro 2,Online,2023-07-31,9
HCP,Centro 2,Hybrid,2023-07-31,8
ING,Centro 3,Hybrid,2023-07-31,8
SEG,Centro 1,Hybrid,2023-07-31,8
CYB,Centro 2,Hybrid,2023-07-31,7
GES,Centro 5,In-person,2023-07-31,7
HCP,Centro 4,In-person,2023-07-31,7
SEG,Centro 1,In-person,2023-07-31,7
CYB,Centro 4,Online,2023-07-31,6
INF,Centro 4,In-person,2023-07-31,6
VND,Centro 2,Hybrid,2023-07-31,6
EXC,Centro 1,In-person,2023-07-31,5
HCP,Centro 5,In-person,2023-07-31,5
ING,Centro 2,Online,2023-07-31,5
SST,Centro 1,Online,2023-07-31,5
VND,Centro 5,Hybrid,2023-07-31,5
CYB,Centro 5,Hybrid,2023-07-31,4
EMP,Centro 3,In-person,2023-07-31,4
EMP,Centro 4,In-person,2023-07-31,4
FOR,Centro 3,In-person,2023-07-31,4
PBI,Centro 3,In-person,2023-07-31,4
SEG,Centro 3,Hybrid,2023-07-31,4
EMP,Centro 1,In-person,2023-07-31,3
FOR,Centro 1,Online,2023-07-31,3
FOR,Centro 1,In-person,2023-07-31,3
HAC,Centro 1,In-person,2023-07-31,3
PBI,Centro 4,Hybrid,2023-07-31,3
PRO,Centro 2,In-person,2023-07-31,3
SST,Centro 5,Hybrid,2023-07-31,3
EXC,Centro 4,Hybrid,2023-07-31,2
ING,Centro 4,Online,2023-07-31,2
MNT,Centro 1,In-person,2023-07-31,2
SEG,Centro 2,Hybrid,2023-07-31,2
SEG,Centro 3,In-person,2023-07-31,2
SEG,Centro 5,In-person,2023-07-31,2
TUR,Centro 1,In-person,2023-07-31,2
CYB,Centro 2,Online,2023-07-31,1
EXC,Centro 5,Online,2023-07-31,1
FOR,Centro 4,Online,2023-07-31,1
FOR,Centro 4,In-person,2023-07-31,1
GES,Centro 3,In-person,2023-07-31,1
GES,Centro 5,Hybrid,2023-07-31,1
HAC,Centro 2,In-person,2023-07-31,1
HAC,Centro 3,Hybrid,2023-07-31,1
HCP,Centro 2,In-person,2023-07-31,1
HOT,Centro 5,In-person,2023-07-31,1
MNT,Centro 2,In-person,2023-07-31,1
PYT,Centro 3,Hybrid,2023-07-31,1
SCI,Centro 1,In-person,2023-07-31,1
SEG,Centro 2,In-person,2023-07-31,1
SEG,Centro 4,In-person,2023-07-31,1
SST,Centro 3,Online,2023-07-31,1
PBI,Centro 2,Hybrid,2023-08-07,39
SST,Centro 5,Hybrid,2023-08-07,30
CYB,Centro 3,Online,2023-08-07,27
SCI,Centro 1,In-person,2023-08-07,27
GES,Centro 5,Hybrid,2023-08-07,25
HAC,Centro 2,In-person,2023-08-07,25
CYB,Centro 2,Online,2023-08-07,24
EXC,Centro 1,In-person,2023-08-07,23
HAC,Centro 1,In-person,2023-08-07,22
PYT,Centro 1,Hybrid,2023-08-07,21
VND,Centro 1,Online,2023-08-07,21
EXC,Centro 5,Online,2023-08-07,20
LID,Centro 2,Hybrid,2023-08-07,20
VND,Centro 2,Online,2023-08-07,19
EXC,Centro 4,Hybrid,2023-08-07,18
ING,Centro 4,Online,2023-08-07,18
PRI,Centro 2,In-person,2023-08-07,18
CYB,Centro 2,In-person,2023-08-07,17
HOT,Centro 2,In-person,2023-08-07,17
LOG,Centro 5,In-person,2023-08-07,17
SEG,Centro 2,Hybrid,2023-08-07,17
EXC,Centro 3,Hybrid,2023-08-07,16
HAC,Centro 5,In-person,2023-08-07,16
INF,Centro 3,Hybrid,2023-08-07,16
SEG,Centro 1,Online,2023-08-07,16
HCP,Centro 4,In-person,2023-08-07,15
SCI,Centro 5,Hybrid,2023-08-07,15
TUR,Centro 5,In-person,2023-08-07,15
FOR,Centro 3,In-person,2023-08-07,14
HCP,Centro 5,Hybrid,2023-08-07,14
MNT,Centro 1,In-person,2023-08-07,14
VND,Centro 4,In-person,2023-08-07,14
PBI,Centro 4,In-person,2023-08-07,13
SCI,Centro 3,Hybrid,2023-08-07,13
FOR,Centro 1,Online,2023-08-07,12
GES,Centro 2,In-person,2023-08-07,12
HAC,Centro 4,Online,2023-08-07,12
VND,Centro 5,Online,2023-08-07,12
EMP,Centro 2,In-person,2023-08-07,11
HAC,Centro 4,In-person,2023-08-07,11
PYT,Centro 2,Online,2023-08-07,11
EMP,Centro 3,In-person,2023-08-07,10
ING,Centro 2,Online,2023-08-07,10
PBI,Centro 4,Hybrid,2023-08-07,10
PRI,Centro 3,In-person,2023-08-07,10
SEG,Centro 1,In-person,2023-08-07,10
SST,Centro 5,In-person,2023-08-07,10
EMP,Centro 1,In-person,2023-08-07,9
ING,Centro 4,Hybrid,2023-08-07,9
PBI,Centro 1,Hybrid,2023-08-07,9
SOC,Centro 4,Hybrid,2023-08-07,9
SST,Centro 3,Online,2023-08-07,9
CYB,Centro 3,Hybrid,2023-08-07,8
EMP,Centro 5,In-person,2023-08-07,8
GER,Centro 4,In-person,2023-08-07,8
HCP,Centro 3,In-person,2023-08-07,8
LOG,Centro 1,In-person,2023-08-07,8
LOG,Centro 2,In-person,2023-08-07,8
VND,Centro 2,Hybrid,2023-08-07,8
CYB,Centro 2,Hybrid,2023-08-07,7
HCP,Centro 2,In-person,2023-08-07,7
LOG,Centro 4,Hybrid,2023-08-07,7
PRI,Centro 3,Hybrid,2023-08-07,7
VND,Centro 5,Hybrid,2023-08-07,7
HAC,Centro 2,Hybrid,2023-08-07,6
INF,Centro 3,In-person,2023-08-07,6
ING,Centro 3,Hybrid,2023-08-07,6
PYT,Centro 3,Hybrid,2023-08-07,6
SEG,Centro 3,In-person,2023-08-07,6
SOC,Centro 5,In-person,2023-08-07,6
HCP,Centro 3,Hybrid,2023-08-07,5
FOR,Centro 1,In-person,2023-08-07,4
PRI,Centro 5,In-person,2023-08-07,4
SOC,Centro 4,In-person,2023-08-07,4
VND,Centro 2,In-person,2023-08-07,4
HAC,Centro 1,Hybrid,2023-08-07,3
PYT,Centro 2,In-person,2023-08-07,3
PYT,Centro 4,Hybrid,2023-08-07,3
SEG,Centro 2,In-person,2023-08-07,3
SOC,Centro 5,Hybrid,2023-08-07,3
EXC,Centro 2,Online,2023-08-07,2
FOR,Centro 4,Online,2023-08-07,2
GER,Centro 4,Hybrid,2023-08-07,2
GES,Centro 2,Hybrid,2023-08-07,2
INF,Centro 5,In-person,2023-08-07,2
LID,Centro 1,Hybrid,2023-08-07,2
SCI,Centro 5,In-person,2023-08-07,2
SEG,Centro 5,In-person,2023-08-07,2
SOC,Centro 3,In-person,2023-08-07,2
SST,Centro 2,In-person,2023-08-07,2
TUR,Centro 2,Hybrid,2023-08-07,2
VND,Centro 1,Hybrid,2023-08-07,2
CYB,Centro 4,Hybrid,2023-08-07,1
EXC,Centro 2,Hybrid,2023-08-07,1
GER,Centro 1,In-person,2023-08-07,1
GER,Centro 2,In-person,2023-08-07,1
GER,Centro 3,Hybrid,2023-08-07,1
HOT,Centro 1,Hybrid,2023-08-07,1
HOT,Centro 4,In-person,2023-08-07,1
INF,Centro 2,In-person,2023-08-07,1
INF,Centro 5,Hybrid,2023-08-07,1
MNT,Centro 2,In-person,2023-08-07,1
MNT,Centro 5,In-person,2023-08-07,1
PBI,Centro 4,Online,2023-08-07,1
SCI,Centro 3,In-person,2023-08-07,1
SEG,Centro 4,In-person,2023-08-07,1
SOC,Centro 1,In-person,2023-08-07,1
PBI,Centro 4,Hybrid,2023-08-14,46
PBI,Centro 4,Online,2023-08-14,43
ING,Centro 2,Online,2023-08-14,39
CYB,Centro 3,Hybrid,2023-08-14,32
PBI,Centro 3,Online,2023-08-14,31
SST,Centro 2,Online,2023-08-14,27
HAC,Centro 4,Online,2023-08-14,26
GES,Centro 3,Hybrid,2023-08-14,23
INF,Centro 4,In-person,2023-08-14,23
PBI,Centro 2,Hybrid,2023-08-14,21
PRI,Centro 2,In-person,2023-08-14,19
VND,Centro 2,Online,2023-08-14,19
GER,Centro 3,Hybrid,2023-08-14,18
GER,Centro 4,In-person,2023-08-14,18
HCP,Centro 2,In-person,2023-08-14,18
HCP,Centro 3,In-person,2023-08-14,17
PRI,Centro 4,In-person,2023-08-14,17
PYT,Centro 3,Hybrid,2023-08-14,17
PYT,Centro 4,Online,2023-08-14,17
EMP,Centro 3,In-person,2023-08-14,16
HOT,Centro 2,In-person,2023-08-14,16
INF,Centro 3,In-person,2023-08-14,16
ING,Centro 5,Online,2023-08-14,16
GER,Centro 4,Hybrid,2023-08-14,14
HCP,Centro 1,Hybrid,2023-08-14,13
HOT,Centro 4,In-person,2023-08-14,13
PRO,Centro 2,In-person,2023-08-14,13
FOR,Centro 5,Online,2023-08-14,12
HOT,Centro 2,Hybrid,2023-08-14,12
PBI,Centro 1,Hybrid,2023-08-14,12
CYB,Centro 4,In-person,2023-08-14,11
HCP,Centro 4,In-person,2023-08-14,11
SCI,Centro 1,Hybrid,2023-08-14,11
CYB,Centro 4,Online,2023-08-14,10
LOG,Centro 4,Hybrid,2023-08-14,10
MNT,Centro 4,In-person,2023-08-14,10
PRO,Centro 3,In-person,2023-08-14,10
PRO,Centro 5,Hybrid,2023-08-14,10
VND,Centro 5,In-person,2023-08-14,10
HAC,Centro 4,Hybrid,2023-08-14,9
ING,Centro 4,Online,2023-08-14,9
LOG,Centro 1,In-person,2023-08-14,9
PYT,Centro 1,Hybrid,2023-08-14,9
SOC,Centro 4,Hybrid,2023-08-14,9
CYB,Centro 2,Online,2023-08-14,8
LOG,Centro 2,In-person,2023-08-14,8
MNT,Centro 3,In-person,2023-08-14,8
EMP,Centro 4,In-person,2023-08-14,7
EXC,Centro 5,Online,2023-08-14,7
FOR,Centro 4,Online,2023-08-14,7
PBI,Centro 3,Hybrid,2023-08-14,7
PRI,Centro 3,Hybrid,2023-08-14,7
SOC,Centro 5,Hybrid,2023-08-14,7
SST,Centro 3,In-person,2023-08-14,7
VND,Centro 2,In-person,2023-08-14,7
VND,Centro 4,Hybrid,2023-08-14,7
HAC,Centro 2,In-person,2023-08-14,6
HAC,Centro 5,In-person,2023-08-14,6
INF,Centro 3,Hybrid,2023-08-14,6
LOG,Centro 3,In-person,2023-08-14,6
TUR,Centro 2,In-person,2023-08-14,6
TUR,Centro 4,In-person,2023-08-14,6
HCP,Centro 5,In-person,2023-08-14,5
INF,Centro 5,In-person,2023-08-14,5
ING,Centro 3,In-person,2023-08-14,5
MNT,Centro 1,In-person,2023-08-14,5
PRI,Centro 3,In-person,2023-08-14,5
PRI,Centro 5,In-person,2023-08-14,5
PYT,Centro 2,In-person,2023-08-14,5
SCI,Centro 3,In-person,2023-08-14,5
EXC,Centro 3,In-person,2023-08-14,4
HAC,Centro 4,In-person,2023-08-14,4
SCI,Centro 1,In-person,2023-08-14,4
GER,Centro 2,In-person,2023-08-14,3
SEG,Centro 4,In-person,2023-08-14,3
EMP,Centro 5,In-person,2023-08-14,2
SOC,Centro 5,In-person,2023-08-14,2
SST,Centro 5,In-person,2023-08-14,2
CYB,Centro 2,In-person,2023-08-14,1
EXC,Centro 2,Hybrid,2023-08-14,1
EXC,Centro 2,In-person,2023-08-14,1
GER,Centro 5,Hybrid,2023-08-14,1
HAC,Centro 2,Hybrid,2023-08-14,1
HAC,Centro 3,In-person,2023-08-14,1
HOT,Centro 5,In-person,2023-08-14,1
ING,Centro 3,Online,2023-08-14,1
LID,Centro 2,In-person,2023-08-14,1
PBI,Centro 5,Hybrid,2023-08-14,1
PYT,Centro 4,Hybrid,2023-08-14,1
SCI,Centro 3,Hybrid,2023-08-14,1
SCI,Centro 4,In-person,2023-08-14,1
SEG,Centro 2,In-person,2023-08-14,1
SEG,Centro 3,In-person,2023-08-14,1
SST,Centro 2,In-person,2023-08-14,1
TUR,Centro 5,In-person,2023-08-14,1
PBI,Centro 5,Online,2023-08-21,57
PRI,Centro 3,In-person,2023-08-21,40
FOR,Centro 4,Online,2023-08-21,39
EMP,Centro 1,In-person,2023-08-21,37
ING,Centro 2,Online,2023-08-21,36
HCP,Centro 3,In-person,2023-08-21,34
LOG,Centro 1,In-person,2023-08-21,33
SEG,Centro 4,In-person,2023-08-21,33
SST,Centro 3,In-person,2023-08-21,26
PBI,Centro 1,Online,2023-08-21,25
HCP,Centro 5,In-person,2023-08-21,24
VND,Centro 2,Hybrid,2023-08-21,24
CYB,Centro 1,Online,2023-08-21,23
VND,Centro 3,Online,2023-08-21,22
PYT,Centro 2,Hybrid,2023-08-21,21
SCI,Centro 3,In-person,2023-08-21,21
ING,Centro 4,Online,2023-08-21,20
SEG,Centro 2,In-person,2023-08-21,20
HCP,Centro 2,In-person,2023-08-21,19
PRO,Centro 1,Online,2023-08-21,19
SCI,Centro 5,Hybrid,2023-08-21,19
TUR,Centro 5,In-person,2023-08-21,19
SEG,Centro 5,Online,2023-08-21,18
SOC,Centro 1,In-person,2023-08-21,17
MNT,Centro 3,In-person,2023-08-21,16
SEG,Centro 5,In-person,2023-08-21,16
SST,Centro 2,In-person,2023-08-21,16
FOR,Centro 5,Online,2023-08-21,15
INF,Centro 5,In-person,2023-08-21,15
HOT,Centro 1,In-person,2023-08-21,14
CYB,Centro 2,Hybrid,2023-08-21,13
HCP,Centro 4,In-person,2023-08-21,13
SEG,Centro 5,Hybrid,2023-08-21,13
VND,Centro 5,In-person,2023-08-21,12
GER,Centro 3,In-person,2023-08-21,11
SCI,Centro 3,Hybrid,2023-08-21,11
SST,Centro 5,Hybrid,2023-08-21,11
CYB,Centro 3,In-person,2023-08-21,10
HAC,Centro 4,In-person,2023-08-21,10
INF,Centro 3,Hybrid,2023-08-21,10
ING,Centro 3,In-person,2023-08-21,10
LOG,Centro 5,In-person,2023-08-21,10
PBI,Centro 4,Online,2023-08-21,10
PRI,Centro 2,In-person,2023-08-21,10
TUR,Centro 3,In-person,2023-08-21,10
CYB,Centro 2,In-person,2023-08-21,8
CYB,Centro 3,Hybrid,2023-08-21,8
CYB,Centro 5,Online,2023-08-21,8
SST,Centro 1,In-person,2023-08-21,8
EMP,Centro 2,In-person,2023-08-21,7
GER,Centro 1,In-person,2023-08-21,7
HAC,Centro 3,In-person,2023-08-21,7
MNT,Centro 1,In-person,2023-08-21,7
GES,Centro 5,In-person,2023-08-21,6
HCP,Centro 1,Hybrid,2023-08-21,6
MNT,Centro 2,In-person,2023-08-21,6
PRI,Centro 1,In-person,2023-08-21,6
VND,Centro 4,Hybrid,2023-08-21,6
CYB,Centro 4,Online,2023-08-21,5
EMP,Centro 3,In-person,2023-08-21,5
EXC,Centro 3,Hybrid,2023-08-21,5
GER,Centro 5,Hybrid,2023-08-21,5
GES,Centro 3,Hybrid,2023-08-21,5
PBI,Centro 1,Hybrid,2023-08-21,5
PBI,Centro 4,Hybrid,2023-08-21,5
PYT,Centro 4,Hybrid,2023-08-21,5
VND,Centro 3,Hybrid,2023-08-21,5
CYB,Centro 4,In-person,2023-08-21,4
EMP,Centro 5,In-person,2023-08-21,4
EXC,Centro 1,Hybrid,2023-08-21,4
LID,Centro 2,In-person,2023-08-21,4
LOG,Centro 2,Hybrid,2023-08-21,4
PBI,Centro 2,Hybrid,2023-08-21,4
SST,Centro 5,In-person,2023-08-21,4
VND,Centro 5,Online,2023-08-21,4
EXC,Centro 2,Hybrid,2023-08-21,3
EXC,Centro 2,In-person,2023-08-21,3
FOR,Centro 1,In-person,2023-08-21,3
FOR,Centro 3,In-person,2023-08-21,3
GER,Centro 4,In-person,2023-08-21,3
ING,Centro 4,Hybrid,2023-08-21,3
SCI,Centro 4,In-person,2023-08-21,3
SEG,Centro 1,Online,2023-08-21,3
SEG,Centro 3,In-person,2023-08-21,3
SST,Centro 3,Hybrid,2023-08-21,3
VND,Centro 1,In-person,2023-08-21,3
GER,Centro 3,Hybrid,2023-08-21,2
HCP,Centro 3,Hybrid,2023-08-21,2
INF,Centro 2,Hybrid,2023-08-21,2
ING,Centro 3,Hybrid,2023-08-21,2
LID,Centro 1,Hybrid,2023-08-21,2
PBI,Centro 3,Online,2023-08-21,2
PRI,Centro 4,In-person,2023-08-21,2
PRO,Centro 2,In-person,2023-08-21,2
PRO,Centro 3,In-person,2023-08-21,2
SOC,Centro 5,In-person,2023-08-21,2
CYB,Centro 3,Online,2023-08-21,1
CYB,Centro 5,Hybrid,2023-08-21,1
EMP,Centro 4,In-person,2023-08-21,1
FOR,Centro 3,Online,2023-08-21,1
GER,Centro 2,In-person,2023-08-21,1
HAC,Centro 1,In-person,2023-08-21,1
HAC,Centro 2,In-person,2023-08-21,1
INF,Centro 5,Hybrid,2023-08-21,1
LOG,Centro 5,Hybrid,2023-08-21,1
PRI,Centro 5,In-person,2023-08-21,1
PRO,Centro 5,In-person,2023-08-21,1
PYT,Centro 3,Hybrid,2023-08-21,1
SCI,Centro 1,In-person,2023-08-21,1
SOC,Centro 5,Hybrid,2023-08-21,1
SST,Centro 4,In-person,2023-08-21,1
VND,Centro 2,In-person,2023-08-21,1
GER,Centro 2,In-person,2023-08-28,35
PRI,Centro 2,In-person,2023-08-28,34
LID,Centro 2,Hybrid,2023-08-28,33
EMP,Centro 3,In-person,2023-08-28,28
FOR,Centro 1,In-person,2023-08-28,25
HOT,Centro 1,Hybrid,2023-08-28,25
LOG,Centro 1,In-person,2023-08-28,24
GES,Centro 2,Online,2023-08-28,23
INF,Centro 2,Hybrid,2023-08-28,23
LID,Centro 1,In-person,2023-08-28,23
HCP,Centro 3,Hybrid,2023-08-28,22
CYB,Centro 4,In-person,2023-08-28,19
EXC,Centro 2,Online,2023-08-28,19
SEG,Centro 3,In-person,2023-08-28,19
CYB,Centro 1,Online,2023-08-28,18
CYB,Centro 4,Hybrid,2023-08-28,18
EMP,Centro 5,In-person,2023-08-28,18
MNT,Centro 3,In-person,2023-08-28,18
SST,Centro 3,Online,2023-08-28,18
TUR,Centro 1,Hybrid,2023-08-28,18
CYB,Centro 2,In-person,2023-08-28,17
HAC,Centro 4,Online,2023-08-28,17
HCP,Centro 1,In-person,2023-08-28,17
LOG,Centro 2,Hybrid,2023-08-28,17
SCI,Centro 4,In-person,2023-08-28,17
FOR,Centro 3,In-person,2023-08-28,16
GER,Centro 3,In-person,2023-08-28,16
LID,Centro 2,In-person,2023-08-28,16
MNT,Centro 5,In-person,2023-08-28,16
GES,Centro 2,Hybrid,2023-08-28,15
SST,Centro 1,Hybrid,2023-08-28,15
EXC,Centro 3,Online,2023-08-28,14
INF,Centro 1,Hybrid,2023-08-28,14
ING,Centro 4,Hybrid,2023-08-28,14
PBI,Centro 4,In-person,2023-08-28,14
PRO,Centro 5,Hybrid,2023-08-28,14
SST,Centro 5,In-person,2023-08-28,14
VND,Centro 2,Hybrid,2023-08-28,14
VND,Centro 4,Online,2023-08-28,14
HCP,Centro 3,In-person,2023-08-28,13
PYT,Centro 2,In-person,2023-08-28,13
SOC,Centro 4,Hybrid,2023-08-28,13
SOC,Centro 4,In-person,2023-08-28,13
SST,Centro 1,In-person,2023-08-28,13
TUR,Centro 1,In-person,2023-08-28,13
SEG,Centro 5,Hybrid,2023-08-28,12
CYB,Centro 5,Hybrid,2023-08-28,11
ING,Centro 3,In-person,2023-08-28,11
PRI,Centro 3,Hybrid,2023-08-28,11
VND,Centro 3,In-person,2023-08-28,11
PRI,Centro 1,In-person,2023-08-28,10
PRI,Centro 4,Hybrid,2023-08-28,10
PYT,Centro 2,Online,2023-08-28,10
CYB,Centro 2,Hybrid,2023-08-28,9
EMP,Centro 1,In-person,2023-08-28,9
EXC,Centro 2,Hybrid,2023-08-28,9
EXC,Centro 3,Hybrid,2023-08-28,9
HCP,Centro 5,In-person,2023-08-28,9
PRI,Centro 1,Hybrid,2023-08-28,9
SEG,Centro 4,Hybrid,2023-08-28,9
TUR,Centro 4,In-person,2023-08-28,9
HOT,Centro 1,In-person,2023-08-28,8
PYT,Centro 1,Hybrid,2023-08-28,8
SEG,Centro 1,Hybrid,2023-08-28,8
GES,Centro 3,Hybrid,2023-08-28,7
HAC,Centro 4,Hybrid,2023-08-28,7
HCP,Centro 1,Hybrid,2023-08-28,7
PRI,Centro 4,In-person,2023-08-28,7
GES,Centro 2,In-person,2023-08-28,6
GES,Centro 5,In-person,2023-08-28,6
HAC,Centro 3,In-person,2023-08-28,6
LOG,Centro 5,In-person,2023-08-28,6
PBI,Centro 1,Online,2023-08-28,6
PBI,Centro 2,Online,2023-08-28,6
SCI,Centro 3,In-person,2023-08-28,6
SCI,Centro 5,Hybrid,2023-08-28,6
SEG,Centro 5,Online,2023-08-28,6
ING,Centro 5,Online,2023-08-28,5
LID,Centro 4,In-person,2023-08-28,5
LOG,Centro 4,Hybrid,2023-08-28,5
MNT,Centro 2,In-person,2023-08-28,5
PRI,Centro 3,In-person,2023-08-28,5
SCI,Centro 2,Hybrid,2023-08-28,5
SST,Centro 4,In-person,2023-08-28,5
VND,Centro 5,In-person,2023-08-28,5
CYB,Centro 3,Hybrid,2023-08-28,4
FOR,Centro 5,Online,2023-08-28,4
GER,Centro 4,In-person,2023-08-28,4
HAC,Centro 4,In-person,2023-08-28,4
PBI,Centro 2,Hybrid,2023-08-28,4
PBI,Centro 3,In-person,2023-08-28,4
SOC,Centro 1,In-person,2023-08-28,4
SOC,Centro 2,In-person,2023-08-28,4
GES,Centro 5,Hybrid,2023-08-28,3
HCP,Centro 4,In-person,2023-08-28,3
INF,Centro 2,In-person,2023-08-28,3
LID,Centro 1,Hybrid,2023-08-28,3
SEG,Centro 4,In-person,2023-08-28,3
SST,Centro 2,Online,2023-08-28,3
SST,Centro 2,In-person,2023-08-28,3
CYB,Centro 3,Online,2023-08-28,2
CYB,Centro 4,Online,2023-08-28,2
HAC,Centro 5,In-person,2023-08-28,2
LOG,Centro 3,In-person,2023-08-28,2
MNT,Centro 1,In-person,2023-08-28,2
PBI,Centro 4,Hybrid,2023-08-28,2
VND,Centro 4,Hybrid,2023-08-28,2
CYB,Centro 2,Online,2023-08-28,1
EMP,Centro 2,In-person,2023-08-28,1
EXC,Centro 2,In-person,2023-08-28,1
HAC,Centro 2,Hybrid,2023-08-28,1
HOT,Centro 5,Hybrid,2023-08-28,1
HOT,Centro 5,In-person,2023-08-28,1
INF,Centro 3,Hybrid,2023-08-28,1
ING,Centro 4,Online,2023-08-28,1
LID,Centro 5,Online,2023-08-28,1
PBI,Centro 3,Online,2023-08-28,1
PBI,Centro 5,Online,2023-08-28,1
PYT,Centro 2,Hybrid,2023-08-28,1
PYT,Centro 3,Online,2023-08-28,1
PYT,Centro 3,Hybrid,2023-08-28,1
PYT,Centro 4,Hybrid,2023-08-28,1
SCI,Centro 2,In-person,2023-08-28,1
SEG,Centro 1,In-person,2023-08-28,1
SST,Centro 3,In-person,2023-08-28,1
VND,Centro 3,Online,2023-08-28,1
PRI,Centro 4,In-person,2023-09-04,60
PYT,Centro 4,Online,2023-09-04,49
ING,Centro 3,Online,2023-09-04,45
SCI,Centro 1,In-person,2023-09-04,42
LOG,Centro 1,In-person,2023-09-04,39
PRO,Centro 5,In-person,2023-09-04,33
PYT,Centro 2,Online,2023-09-04,31
CYB,Centro 5,Online,2023-09-04,28
CYB,Centro 4,Online,2023-09-04,27
PBI,Centro 4,Online,2023-09-04,27
SEG,Centro 1,Hybrid,2023-09-04,27
EXC,Centro 2,In-person,2023-09-04,26
CYB,Centro 2,Online,2023-09-04,24
HCP,Centro 5,In-person,2023-09-04,23
PBI,Centro 4,Hybrid,2023-09-04,22
GER,Centro 1,In-person,2023-09-04,21
SCI,Centro 2,In-person,2023-09-04,20
SST,Centro 5,In-person,2023-09-04,19
FOR,Centro 2,Hybrid,2023-09-04,18
HCP,Centro 1,In-person,2023-09-04,18
ING,Centro 2,Online,2023-09-04,17
SEG,Centro 1,In-person,2023-09-04,16
PRI,Centro 2,In-person,2023-09-04,15
VND,Centro 5,In-person,2023-09-04,15
EMP,Centro 1,In-person,2023-09-04,14
GER,Centro 2,Hybrid,2023-09-04,14
GER,Centro 3,Hybrid,2023-09-04,14
LID,Centro 1,Hybrid,2023-09-04,14
LID,Centro 2,In-person,2023-09-04,14
PBI,Centro 2,Hybrid,2023-09-04,14
SCI,Centro 5,Hybrid,2023-09-04,13
GER,Centro 5,Hybrid,2023-09-04,12
INF,Centro 4,In-person,2023-09-04,12
LOG,Centro 3,In-person,2023-09-04,12
SEG,Centro 3,In-person,2023-09-04,12
LID,Centro 5,Hybrid,2023-09-04,11
CYB,Centro 2,In-person,2023-09-04,10
CYB,Centro 1,Online,2023-09-04,9
GER,Centro 4,In-person,2023-09-04,9
GES,Centro 1,Hybrid,2023-09-04,9
MNT,Centro 4,In-person,2023-09-04,9
PBI,Centro 3,Hybrid,2023-09-04,9
SST,Centro 2,In-person,2023-09-04,9
VND,Centro 2,Online,2023-09-04,9
EMP,Centro 2,In-person,2023-09-04,8
EXC,Centro 5,Hybrid,2023-09-04,8
GER,Centro 2,In-person,2023-09-04,8
SEG,Centro 4,Hybrid,2023-09-04,8
TUR,Centro 3,In-person,2023-09-04,8
VND,Centro 4,Hybrid,2023-09-04,8
EXC,Centro 1,Hybrid,2023-09-04,7
GES,Centro 2,Hybrid,2023-09-04,7
GES,Centro 3,Hybrid,2023-09-04,7
HCP,Centro 2,In-person,2023-09-04,7
INF,Centro 4,Hybrid,2023-09-04,7
PBI,Centro 1,Online,2023-09-04,7
PRO,Centro 3,Online,2023-09-04,7
SCI,Centro 4,In-person,2023-09-04,7
VND,Centro 2,Hybrid,2023-09-04,7
CYB,Centro 4,In-person,2023-09-04,6
FOR,Centro 3,In-person,2023-09-04,6
GES,Centro 3,In-person,2023-09-04,6
HOT,Centro 1,In-person,2023-09-04,6
INF,Centro 2,In-person,2023-09-04,6
SST,Centro 1,Hybrid,2023-09-04,6
TUR,Centro 1,In-person,2023-09-04,6
GER,Centro 4,Hybrid,2023-09-04,5
SST,Centro 1,In-person,2023-09-04,5
HAC,Centro 4,Online,2023-09-04,4
HAC,Centro 5,In-person,2023-09-04,4
HCP,Centro 1,Hybrid,2023-09-04,4
ING,Centro 3,In-person,2023-09-04,4
LOG,Centro 2,In-person,2023-09-04,4
MNT,Centro 2,In-person,2023-09-04,4
PYT,Centro 3,Online,2023-09-04,4
PYT,Centro 3,Hybrid,2023-09-04,4
SOC,Centro 1,In-person,2023-09-04,4
CYB,Centro 3,In-person,2023-09-04,3
EXC,Centro 4,Hybrid,2023-09-04,3
GES,Centro 5,In-person,2023-09-04,3
HAC,Centro 1,Online,2023-09-04,3
HAC,Centro 3,In-person,2023-09-04,3
MNT,Centro 3,In-person,2023-09-04,3
PYT,Centro 2,Hybrid,2023-09-04,3
SEG,Centro 4,Online,2023-09-04,3
VND,Centro 1,In-person,2023-09-04,3
VND,Centro 4,Online,2023-09-04,3
GES,Centro 2,Online,2023-09-04,2
HAC,Centro 2,Hybrid,2023-09-04,2
LID,Centro 4,In-person,2023-09-04,2
VND,Centro 4,In-person,2023-09-04,2
VND,Centro 5,Online,2023-09-04,2
CYB,Centro 3,Hybrid,2023-09-04,1
CYB,Centro 5,In-person,2023-09-04,1
EMP,Centro 5,In-person,2023-09-04,1
FOR,Centro 3,Online,2023-09-04,1
HAC,Centro 2,In-person,2023-09-04,1
HCP,Centro 3,In-person,2023-09-04,1
HOT,Centro 4,In-person,2023-09-04,1
HOT,Centro 5,In-person,2023-09-04,1
INF,Centro 3,In-person,2023-09-04,1
LID,Centro 2,Hybrid,2023-09-04,1
MNT,Centro 5,In-person,2023-09-04,1
PBI,Centro 5,Online,2023-09-04,1
PBI,Centro 5,Hybrid,2023-09-04,1
PYT,Centro 4,Hybrid,2023-09-04,1
SCI,Centro 4,Hybrid,2023-09-04,1
SOC,Centro 5,Hybrid,2023-09-04,1
SOC,Centro 5,In-person,2023-09-04,1
CYB,Centro 4,Online,2023-09-11,63
CYB,Centro 3,Hybrid,2023-09-11,37
SEG,Centro 1,In-person,2023-09-11,36
ING,Centro 4,Online,2023-09-11,35
MNT,Centro 5,In-person,2023-09-11,33
EXC,Centro 2,Hybrid,2023-09-11,32
SEG,Centro 5,Online,2023-09-11,32
HAC,Centro 4,Hybrid,2023-09-11,30
SST,Centro 4,Online,2023-09-11,29
PBI,Centro 2,Hybrid,2023-09-11,28
PYT,Centro 4,Hybrid,2023-09-11,24
SCI,Centro 5,In-person,2023-09-11,24
PYT,Centro 2,Online,2023-09-11,23
TUR,Centro 1,In-person,2023-09-11,23
HCP,Centro 3,In-person,2023-09-11,21
HOT,Centro 2,In-person,2023-09-11,21
VND,Centro 2,Online,2023-09-11,20
SOC,Centro 1,In-person,2023-09-11,19
EMP,Centro 5,In-person,2023-09-11,18
HCP,Centro 4,In-person,2023-09-11,17
PRI,Centro 1,In-person,2023-09-11,17
PYT,Centro 2,In-person,2023-09-11,17
TUR,Centro 2,In-person,2023-09-11,17
TUR,Centro 5,In-person,2023-09-11,17
HAC,Centro 3,In-person,2023-09-11,16
PYT,Centro 4,Online,2023-09-11,16
SEG,Centro 4,Online,2023-09-11,16
SOC,Centro 5,Hybrid,2023-09-11,16
LOG,Centro 3,In-person,2023-09-11,15
VND,Centro 2,Hybrid,2023-09-11,15
LID,Centro 4,Hybrid,2023-09-11,14
VND,Centro 4,Hybrid,2023-09-11,14
HOT,Centro 5,Hybrid,2023-09-11,13
CYB,Centro 4,In-person,2023-09-11,12
CYB,Centro 2,Online,2023-09-11,11
CYB,Centro 3,In-person,2023-09-11,11
CYB,Centro 4,Hybrid,2023-09-11,11
GER,Centro 5,In-person,2023-09-11,11
PRI,Centro 2,Hybrid,2023-09-11,11
GES,Centro 2,Hybrid,2023-09-11,10
INF,Centro 4,In-person,2023-09-11,10
PBI,Centro 4,In-person,2023-09-11,10
EMP,Centro 2,In-person,2023-09-11,9
GER,Centro 1,In-person,2023-09-11,9
HAC,Centro 2,Hybrid,2023-09-11,9
INF,Centro 3,In-person,2023-09-11,9
PBI,Centro 5,In-person,2023-09-11,9
GER,Centro 3,In-person,2023-09-11,8
LOG,Centro 3,Hybrid,2023-09-11,8
PRI,Centro 4,In-person,2023-09-11,8
SST,Centro 3,Hybrid,2023-09-11,8
EXC,Centro 4,Online,2023-09-11,7
GER,Centro 4,Hybrid,2023-09-11,7
HCP,Centro 2,In-person,2023-09-11,7
PRI,Centro 3,Hybrid,2023-09-11,7
SEG,Centro 3,In-person,2023-09-11,7
CYB,Centro 2,In-person,2023-09-11,6
GES,Centro 1,In-person,2023-09-11,6
ING,Centro 3,In-person,2023-09-11,6
PRI,Centro 4,Hybrid,2023-09-11,6
TUR,Centro 1,Hybrid,2023-09-11,6
TUR,Centro 3,Hybrid,2023-09-11,6
VND,Centro 1,Hybrid,2023-09-11,6
EMP,Centro 1,In-person,2023-09-11,5
SST,Centro 2,Online,2023-09-11,5
SST,Centro 4,Hybrid,2023-09-11,5
EXC,Centro 3,Hybrid,2023-09-11,4
EXC,Centro 4,Hybrid,2023-09-11,4
EXC,Centro 5,Hybrid,2023-09-11,4
FOR,Centro 3,In-person,2023-09-11,4
FOR,Centro 4,Hybrid,2023-09-11,4
HAC,Centro 5,In-person,2023-09-11,4
HOT,Centro 1,Hybrid,2023-09-11,4
HOT,Centro 3,In-person,2023-09-11,4
HOT,Centro 4,In-person,2023-09-11,4
INF,Centro 4,Hybrid,2023-09-11,4
INF,Centro 5,In-person,2023-09-11,4
LID,Centro 5,Hybrid,2023-09-11,4
MNT,Centro 3,In-person,2023-09-11,4
VND,Centro 3,In-person,2023-09-11,4
EXC,Centro 1,Hybrid,2023-09-11,3
GES,Centro 5,Hybrid,2023-09-11,3
HOT,Centro 1,In-person,2023-09-11,3
LID,Centro 5,Online,2023-09-11,3
LOG,Centro 5,In-person,2023-09-11,3
PBI,Centro 4,Hybrid,2023-09-11,3
PRO,Centro 5,In-person,2023-09-11,3
PYT,Centro 3,Online,2023-09-11,3
SEG,Centro 3,Hybrid,2023-09-11,3
SOC,Centro 2,In-person,2023-09-11,3
EXC,Centro 1,In-person,2023-09-11,2
EXC,Centro 2,In-person,2023-09-11,2
GES,Centro 2,Online,2023-09-11,2
GES,Centro 5,In-person,2023-09-11,2
INF,Centro 1,Hybrid,2023-09-11,2
INF,Centro 2,In-person,2023-09-11,2
LID,Centro 2,Hybrid,2023-09-11,2
VND,Centro 3,Hybrid,2023-09-11,2
CYB,Centro 1,Online,2023-09-11,1
CYB,Centro 2,Hybrid,2023-09-11,1
EXC,Centro 2,Online,2023-09-11,1
GES,Centro 2,In-person,2023-09-11,1
HAC,Centro 1,Online,2023-09-11,1
ING,Centro 2,Online,2023-09-11,1
ING,Centro 3,Online,2023-09-11,1
LID,Centro 4,In-person,2023-09-11,1
LOG,Centro 1,In-person,2023-09-11,1
SCI,Centro 5,Hybrid,2023-09-11,1
SEG,Centro 2,In-person,2023-09-11,1
SST,Centro 1,Hybrid,2023-09-11,1
SST,Centro 1,In-person,2023-09-11,1
SST,Centro 2,In-person,2023-09-11,1
TUR,Centro 4,In-person,2023-09-11,1
VND,Centro 4,In-person,2023-09-11,1
LOG,Centro 1,In-person,2023-09-18,40
EXC,Centro 4,Online,2023-09-18,30
VND,Centro 2,Online,2023-09-18,29
PRI,Centro 4,In-person,2023-09-18,28
INF,Centro 4,Hybrid,2023-09-18,25
LOG,Centro 5,In-person,2023-09-18,24
SST,Centro 5,In-person,2023-09-18,24
VND,Centro 1,Hybrid,2023-09-18,24
SCI,Centro 1,In-person,2023-09-18,23
SEG,Centro 3,Hybrid,2023-09-18,23
MNT,Centro 5,In-person,2023-09-18,22
CYB,Centro 2,Hybrid,2023-09-18,21
CYB,Centro 4,Hybrid,2023-09-18,21
PBI,Centro 2,Hybrid,2023-09-18,20
PRO,Centro 3,Online,2023-09-18,20
PYT,Centro 3,Online,2023-09-18,20
CYB,Centro 1,Online,2023-09-18,19
HAC,Centro 1,Hybrid,2023-09-18,19
CYB,Centro 2,Online,2023-09-18,18
HOT,Centro 1,Hybrid,2023-09-18,18
HOT,Centro 1,In-person,2023-09-18,17
PBI,Centro 1,Hybrid,2023-09-18,17
EXC,Centro 1,In-person,2023-09-18,16
INF,Centro 3,Hybrid,2023-09-18,16
VND,Centro 5,In-person,2023-09-18,16
EXC,Centro 5,Hybrid,2023-09-18,15
FOR,Centro 4,In-person,2023-09-18,15
PRI,Centro 2,In-person,2023-09-18,15
HAC,Centro 2,In-person,2023-09-18,14
INF,Centro 5,In-person,2023-09-18,13
SEG,Centro 3,In-person,2023-09-18,13
PRI,Centro 1,Hybrid,2023-09-18,12
SST,Centro 1,In-person,2023-09-18,12
CYB,Centro 4,Online,2023-09-18,11
GER,Centro 3,In-person,2023-09-18,11
HAC,Centro 4,Hybrid,2023-09-18,11
PBI,Centro 4,Online,2023-09-18,11
PRI,Centro 2,Hybrid,2023-09-18,11
PYT,Centro 2,Online,2023-09-18,11
SST,Centro 3,Hybrid,2023-09-18,11
TUR,Centro 4,In-person,2023-09-18,11
HOT,Centro 2,Hybrid,2023-09-18,10
SST,Centro 1,Hybrid,2023-09-18,10
EXC,Centro 3,Hybrid,2023-09-18,9
ING,Centro 3,In-person,2023-09-18,9
PYT,Centro 5,In-person,2023-09-18,9
EMP,Centro 1,In-person,2023-09-18,8
GER,Centro 4,In-person,2023-09-18,8
HAC,Centro 5,In-person,2023-09-18,8
GES,Centro 5,In-person,2023-09-18,7
LOG,Centro 2,In-person,2023-09-18,7
PBI,Centro 5,Online,2023-09-18,7
PYT,Centro 4,Online,2023-09-18,7
TUR,Centro 1,In-person,2023-09-18,7
HCP,Centro 3,In-person,2023-09-18,6
HOT,Centro 5,In-person,2023-09-18,6
INF,Centro 2,Hybrid,2023-09-18,6
CYB,Centro 3,Hybrid,2023-09-18,5
GER,Centro 3,Hybrid,2023-09-18,5
HCP,Centro 5,In-person,2023-09-18,5
INF,Centro 1,Hybrid,2023-09-18,5
INF,Centro 4,In-person,2023-09-18,5
PBI,Centro 3,Hybrid,2023-09-18,5
PBI,Centro 5,In-person,2023-09-18,5
PYT,Centro 2,In-person,2023-09-18,5
SEG,Centro 1,Online,2023-09-18,5
SOC,Centro 3,In-person,2023-09-18,5
INF,Centro 5,Hybrid,2023-09-18,4
LID,Centro 5,Online,2023-09-18,4
SCI,Centro 5,Hybrid,2023-09-18,4
CYB,Centro 4,In-person,2023-09-18,3
EMP,Centro 2,In-person,2023-09-18,3
EXC,Centro 5,In-person,2023-09-18,3
GES,Centro 2,Online,2023-09-18,3
ING,Centro 1,Hybrid,2023-09-18,3
PRO,Centro 5,Hybrid,2023-09-18,3
FOR,Centro 1,In-person,2023-09-18,2
GES,Centro 3,In-person,2023-09-18,2
GES,Centro 4,In-person,2023-09-18,2
GES,Centro 5,Hybrid,2023-09-18,2
INF,Centro 3,In-person,2023-09-18,2
MNT,Centro 4,In-person,2023-09-18,2
PYT,Centro 1,Online,2023-09-18,2
SCI,Centro 3,Hybrid,2023-09-18,2
SOC,Centro 4,In-person,2023-09-18,2
CYB,Centro 2,In-person,2023-09-18,1
CYB,Centro 3,Online,2023-09-18,1
FOR,Centro 3,Online,2023-09-18,1
GER,Centro 2,In-person,2023-09-18,1
GES,Centro 1,Hybrid,2023-09-18,1
HCP,Centro 1,Hybrid,2023-09-18,1
HOT,Centro 5,Hybrid,2023-09-18,1
LID,Centro 2,Hybrid,2023-09-18,1
LOG,Centro 5,Hybrid,2023-09-18,1
MNT,Centro 3,In-person,2023-09-18,1
PBI,Centro 2,Online,2023-09-18,1
PBI,Centro 2,In-person,2023-09-18,1
PBI,Centro 5,Hybrid,2023-09-18,1
PRI,Centro 3,In-person,2023-09-18,1
PRI,Centro 5,In-person,2023-09-18,1
PYT,Centro 4,Hybrid,2023-09-18,1
SCI,Centro 2,In-person,2023-09-18,1
SCI,Centro 5,In-person,2023-09-18,1
SEG,Centro 4,Online,2023-09-18,1
SST,Centro 3,In-person,2023-09-18,1
SST,Centro 4,In-person,2023-09-18,1
VND,Centro 3,Hybrid,2023-09-18,1
PYT,Centro 2,Online,2023-09-25,42
INF,Centro 4,In-person,2023-09-25,36
MNT,Centro 4,In-person,2023-09-25,35
CYB,Centro 4,In-person,2023-09-25,29
EXC,Centro 4,Hybrid,2023-09-25,25
PBI,Centro 4,Online,2023-09-25,24
MNT,Centro 1,In-person,2023-09-25,23
SST,Centro 4,Online,2023-09-25,23
EMP,Centro 1,In-person,2023-09-25,22
HOT,Centro 5,In-person,2023-09-25,21
SCI,Centro 3,Hybrid,2023-09-25,21
PRI,Centro 4,Hybrid,2023-09-25,20
HCP,Centro 3,In-person,2023-09-25,18
LID,Centro 1,Online,2023-09-25,18
EXC,Centro 5,Hybrid,2023-09-25,17
GER,Centro 3,In-person,2023-09-25,17
GES,Centro 2,In-person,2023-09-25,17
ING,Centro 4,Hybrid,2023-09-25,17
LOG,Centro 1,In-person,2023-09-25,17
LOG,Centro 3,Hybrid,2023-09-25,17
SEG,Centro 5,Online,2023-09-25,16
EXC,Centro 3,Hybrid,2023-09-25,15
PRI,Centro 5,In-person,2023-09-25,15
HOT,Centro 5,Hybrid,2023-09-25,14
EXC,Centro 2,Hybrid,2023-09-25,13
PBI,Centro 1,Online,2023-09-25,13
TUR,Centro 1,In-person,2023-09-25,13
GES,Centro 5,Hybrid,2023-09-25,12
INF,Centro 2,In-person,2023-09-25,12
SOC,Centro 2,In-person,2023-09-25,12
TUR,Centro 3,In-person,2023-09-25,12
EMP,Centro 5,In-person,2023-09-25,11
EXC,Centro 1,In-person,2023-09-25,11
GER,Centro 4,In-person,2023-09-25,11
CYB,Centro 4,Hybrid,2023-09-25,10
PBI,Centro 2,In-person,2023-09-25,10
SST,Centro 2,Online,2023-09-25,10
GES,Centro 1,In-person,2023-09-25,9
PRI,Centro 2,In-person,2023-09-25,9
PRI,Centro 4,In-person,2023-09-25,9
PRO,Centro 5,In-person,2023-09-25,9
SCI,Centro 1,In-person,2023-09-25,9
SEG,Centro 2,Hybrid,2023-09-25,9
SST,Centro 3,Hybrid,2023-09-25,9
VND,Centro 2,Online,2023-09-25,9
CYB,Centro 1,Hybrid,2023-09-25,8
CYB,Centro 2,Online,2023-09-25,8
FOR,Centro 3,Hybrid,2023-09-25,8
GER,Centro 3,Hybrid,2023-09-25,8
GES,Centro 1,Hybrid,2023-09-25,8
HCP,Centro 4,Hybrid,2023-09-25,8
INF,Centro 5,In-person,2023-09-25,8
EXC,Centro 1,Hybrid,2023-09-25,7
FOR,Centro 3,In-person,2023-09-25,7
ING,Centro 2,Online,2023-09-25,7
GER,Centro 4,Hybrid,2023-09-25,6
GES,Centro 4,In-person,2023-09-25,6
HAC,Centro 3,Hybrid,2023-09-25,6
HAC,Centro 3,In-person,2023-09-25,6
PYT,Centro 4,Hybrid,2023-09-25,6
SCI,Centro 4,In-person,2023-09-25,6
HCP,Centro 2,In-person,2023-09-25,5
INF,Centro 4,Hybrid,2023-09-25,5
PBI,Centro 3,Hybrid,2023-09-25,5
PRO,Centro 1,Online,2023-09-25,5
PRO,Centro 2,Hybrid,2023-09-25,5
SEG,Centro 3,In-person,2023-09-25,5
VND,Centro 2,Hybrid,2023-09-25,5
VND,Centro 5,In-person,2023-09-25,5
CYB,Centro 4,Online,2023-09-25,4
GER,Centro 5,Hybrid,2023-09-25,4
HCP,Centro 5,In-person,2023-09-25,4
INF,Centro 1,Hybrid,2023-09-25,4
ING,Centro 5,Online,2023-09-25,4
LOG,Centro 5,In-person,2023-09-25,4
SCI,Centro 5,In-person,2023-09-25,4
CYB,Centro 3,Hybrid,2023-09-25,3
EXC,Centro 2,In-person,2023-09-25,3
HAC,Centro 4,Hybrid,2023-09-25,3
HCP,Centro 2,Hybrid,2023-09-25,3
LID,Centro 1,Hybrid,2023-09-25,3
MNT,Centro 3,In-person,2023-09-25,3
SEG,Centro 2,In-person,2023-09-25,3
SEG,Centro 4,In-person,2023-09-25,3
VND,Centro 3,Hybrid,2023-09-25,3
CYB,Centro 2,Hybrid,2023-09-25,2
GES,Centro 2,Online,2023-09-25,2
HCP,Centro 1,In-person,2023-09-25,2
HOT,Centro 2,Hybrid,2023-09-25,2
INF,Centro 3,In-person,2023-09-25,2
LOG,Centro 2,In-person,2023-09-25,2
PBI,Centro 5,Online,2023-09-25,2
PYT,Centro 1,Online,2023-09-25,2
SST,Centro 2,In-person,2023-09-25,2
CYB,Centro 5,Online,2023-09-25,1
EXC,Centro 2,Online,2023-09-25,1
EXC,Centro 4,Online,2023-09-25,1
GER,Centro 1,In-person,2023-09-25,1
GES,Centro 2,Hybrid,2023-09-25,1
ING,Centro 4,Online,2023-09-25,1
LID,Centro 2,Online,2023-09-25,1
LID,Centro 2,In-person,2023-09-25,1
LOG,Centro 5,Hybrid,2023-09-25,1
MNT,Centro 5,In-person,2023-09-25,1
PBI,Centro 4,Hybrid,2023-09-25,1
SCI,Centro 2,In-person,2023-09-25,1
SST,Centro 1,Hybrid,2023-09-25,1
SST,Centro 1,In-person,2023-09-25,1
PBI,Centro 4,Online,2023-10-02,50
PBI,Centro 2,Online,2023-10-02,35
HOT,Centro 1,Hybrid,2023-10-02,32
EXC,Centro 4,Online,2023-10-02,31
EXC,Centro 5,Hybrid,2023-10-02,30
SEG,Centro 3,In-person,2023-10-02,30
PBI,Centro 5,Online,2023-10-02,29
EXC,Centro 5,Online,2023-10-02,26
PYT,Centro 4,Hybrid,2023-10-02,26
CYB,Centro 5,Online,2023-10-02,25
SCI,Centro 2,Hybrid,2023-10-02,25
INF,Centro 3,In-person,2023-10-02,24
INF,Centro 4,In-person,2023-10-02,24
SEG,Centro 2,Hybrid,2023-10-02,23
HOT,Centro 5,Hybrid,2023-10-02,22
LID,Centro 4,Online,2023-10-02,22
SST,Centro 1,In-person,2023-10-02,22
FOR,Centro 3,Hybrid,2023-10-02,21
HCP,Centro 3,In-person,2023-10-02,21
PYT,Centro 5,Online,2023-10-02,21
EXC,Centro 1,Online,2023-10-02,19
GES,Centro 2,Online,2023-10-02,19
ING,Centro 5,Online,2023-10-02,19
MNT,Centro 2,In-person,2023-10-02,19
SCI,Centro 5,In-person,2023-10-02,19
SST,Centro 2,Online,2023-10-02,19
PRO,Centro 2,In-person,2023-10-02,16
SEG,Centro 3,Hybrid,2023-10-02,16
SEG,Centro 5,Hybrid,2023-10-02,16
HAC,Centro 1,In-person,2023-10-02,15
TUR,Centro 3,Hybrid,2023-10-02,15
INF,Centro 3,Hybrid,2023-10-02,14
PRI,Centro 1,Hybrid,2023-10-02,14
TUR,Centro 4,In-person,2023-10-02,14
CYB,Centro 4,In-person,2023-10-02,13
INF,Centro 5,In-person,2023-10-02,13
SOC,Centro 2,Hybrid,2023-10-02,13
CYB,Centro 1,Hybrid,2023-10-02,12
CYB,Centro 3,Hybrid,2023-10-02,12
EMP,Centro 3,In-person,2023-10-02,12
HCP,Centro 1,Hybrid,2023-10-02,12
ING,Centro 5,Hybrid,2023-10-02,12
GES,Centro 2,Hybrid,2023-10-02,11
HOT,Centro 1,In-person,2023-10-02,11
HOT,Centro 2,Hybrid,2023-10-02,10
SOC,Centro 4,In-person,2023-10-02,10
VND,Centro 5,In-person,2023-10-02,10
SOC,Centro 4,Hybrid,2023-10-02,9
SCI,Centro 3,In-person,2023-10-02,8
VND,Centro 2,Hybrid,2023-10-02,8
GES,Centro 2,In-person,2023-10-02,7
ING,Centro 1,In-person,2023-10-02,7
ING,Centro 3,Hybrid,2023-10-02,7
VND,Centro 1,In-person,2023-10-02,7
EXC,Centro 2,In-person,2023-10-02,6
LID,Centro 2,In-person,2023-10-02,6
LOG,Centro 2,Hybrid,2023-10-02,6
LOG,Centro 2,In-person,2023-10-02,6
PYT,Centro 4,Online,2023-10-02,6
SST,Centro 3,Hybrid,2023-10-02,6
FOR,Centro 1,Online,2023-10-02,5
GER,Centro 1,In-person,2023-10-02,5
PRI,Centro 4,In-person,2023-10-02,5
MNT,Centro 5,In-person,2023-10-02,4
EMP,Centro 5,In-person,2023-10-02,3
GER,Centro 2,In-person,2023-10-02,3
GER,Centro 5,In-person,2023-10-02,3
INF,Centro 2,In-person,2023-10-02,3
INF,Centro 4,Hybrid,2023-10-02,3
ING,Centro 1,Hybrid,2023-10-02,3
ING,Centro 3,In-person,2023-10-02,3
LID,Centro 1,Online,2023-10-02,3
MNT,Centro 1,In-person,2023-10-02,3
PRI,Centro 3,Hybrid,2023-10-02,3
SOC,Centro 3,In-person,2023-10-02,3
CYB,Centro 1,Online,2023-10-02,2
CYB,Centro 4,Online,2023-10-02,2
FOR,Centro 2,Hybrid,2023-10-02,2
FOR,Centro 2,In-person,2023-10-02,2
FOR,Centro 4,In-person,2023-10-02,2
GER,Centro 3,Hybrid,2023-10-02,2
GES,Centro 3,Hybrid,2023-10-02,2
HAC,Centro 1,Online,2023-10-02,2
HCP,Centro 5,In-person,2023-10-02,2
ING,Centro 2,Online,2023-10-02,2
ING,Centro 2,Hybrid,2023-10-02,2
LID,Centro 1,Hybrid,2023-10-02,2
LOG,Centro 5,Hybrid,2023-10-02,2
MNT,Centro 4,In-person,2023-10-02,2
PRI,Centro 2,In-person,2023-10-02,2
PRO,Centro 3,Online,2023-10-02,2
SEG,Centro 4,In-person,2023-10-02,2
SST,Centro 3,In-person,2023-10-02,2
CYB,Centro 4,Hybrid,2023-10-02,1
EXC,Centro 1,Hybrid,2023-10-02,1
EXC,Centro 1,In-person,2023-10-02,1
EXC,Centro 3,Online,2023-10-02,1
EXC,Centro 5,In-person,2023-10-02,1
GER,Centro 4,In-person,2023-10-02,1
HAC,Centro 4,Hybrid,2023-10-02,1
HAC,Centro 5,In-person,2023-10-02,1
HCP,Centro 4,In-person,2023-10-02,1
HOT,Centro 5,In-person,2023-10-02,1
INF,Centro 2,Hybrid,2023-10-02,1
PRI,Centro 1,In-person,2023-10-02,1
PRO,Centro 5,In-person,2023-10-02,1
PYT,Centro 2,Online,2023-10-02,1
PYT,Centro 2,In-person,2023-10-02,1
SEG,Centro 1,Online,2023-10-02,1
SST,Centro 3,Online,2023-10-02,1
TUR,Centro 3,In-person,2023-10-02,1
VND,Centro 3,In-person,2023-10-02,1
MNT,Centro 5,In-person,2023-10-09,36
PBI,Centro 3,Hybrid,2023-10-09,31
INF,Centro 5,In-person,2023-10-09,30
VND,Centro 2,Online,2023-10-09,30
HAC,Centro 1,Online,2023-10-09,27
GER,Centro 5,In-person,2023-10-09,25
SCI,Centro 4,Hybrid,2023-10-09,25
LOG,Centro 2,In-person,2023-10-09,24
HCP,Centro 1,Hybrid,2023-10-09,23
ING,Centro 2,Hybrid,2023-10-09,22
LID,Centro 5,Online,2023-10-09,22
PBI,Centro 2,Online,2023-10-09,21
SEG,Centro 1,Online,2023-10-09,21
TUR,Centro 2,In-person,2023-10-09,21
VND,Centro 4,Hybrid,2023-10-09,20
PRI,Centro 3,In-person,2023-10-09,19
HCP,Centro 4,In-person,2023-10-09,18
HOT,Centro 1,In-person,2023-10-09,17
INF,Centro 3,Hybrid,2023-10-09,16
GER,Centro 4,Hybrid,2023-10-09,15
ING,Centro 5,Online,2023-10-09,15
SOC,Centro 4,Hybrid,2023-10-09,15
VND,Centro 1,In-person,2023-10-09,15
CYB,Centro 4,In-person,2023-10-09,14
EXC,Centro 4,In-person,2023-10-09,14
ING,Centro 1,Hybrid,2023-10-09,14
LOG,Centro 5,In-person,2023-10-09,14
MNT,Centro 3,In-person,2023-10-09,14
FOR,Centro 1,Online,2023-10-09,13
GER,Centro 3,In-person,2023-10-09,13
INF,Centro 4,In-person,2023-10-09,13
PRI,Centro 3,Hybrid,2023-10-09,13
CYB,Centro 4,Online,2023-10-09,12
HAC,Centro 1,Hybrid,2023-10-09,12
LID,Centro 1,Hybrid,2023-10-09,12
MNT,Centro 1,In-person,2023-10-09,12
PBI,Centro 1,Hybrid,2023-10-09,12
PBI,Centro 4,Online,2023-10-09,12
PRI,Centro 4,In-person,2023-10-09,12
SST,Centro 3,In-person,2023-10-09,12
GES,Centro 2,In-person,2023-10-09,11
PYT,Centro 1,Online,2023-10-09,11
SCI,Centro 5,In-person,2023-10-09,11
EMP,Centro 3,In-person,2023-10-09,10
EXC,Centro 1,Online,2023-10-09,10
GER,Centro 2,In-person,2023-10-09,10
HOT,Centro 1,Hybrid,2023-10-09,10
INF,Centro 1,Hybrid,2023-10-09,10
SEG,Centro 4,In-person,2023-10-09,10
SST,Centro 1,Hybrid,2023-10-09,10
SST,Centro 4,Hybrid,2023-10-09,10
EXC,Centro 3,Online,2023-10-09,9
EXC,Centro 4,Hybrid,2023-10-09,9
HOT,Centro 5,Hybrid,2023-10-09,9
INF,Centro 2,In-person,2023-10-09,9
ING,Centro 1,In-person,2023-10-09,9
VND,Centro 3,In-person,2023-10-09,9
EXC,Centro 1,Hybrid,2023-10-09,8
EXC,Centro 1,In-person,2023-10-09,8
EXC,Centro 5,In-person,2023-10-09,8
TUR,Centro 3,In-person,2023-10-09,8
ING,Centro 1,Online,2023-10-09,7
LID,Centro 4,In-person,2023-10-09,7
PBI,Centro 1,Online,2023-10-09,7
HAC,Centro 3,Hybrid,2023-10-09,6
SEG,Centro 3,Hybrid,2023-10-09,6
SOC,Centro 5,In-person,2023-10-09,6
TUR,Centro 2,Hybrid,2023-10-09,6
EMP,Centro 5,In-person,2023-10-09,5
EXC,Centro 4,Online,2023-10-09,5
HAC,Centro 2,In-person,2023-10-09,5
HCP,Centro 2,In-person,2023-10-09,5
LID,Centro 5,In-person,2023-10-09,5
FOR,Centro 2,In-person,2023-10-09,4
GER,Centro 3,Hybrid,2023-10-09,4
MNT,Centro 4,In-person,2023-10-09,4
PYT,Centro 5,Online,2023-10-09,4
SST,Centro 2,Online,2023-10-09,4
SST,Centro 3,Hybrid,2023-10-09,4
FOR,Centro 2,Hybrid,2023-10-09,3
HOT,Centro 5,In-person,2023-10-09,3
INF,Centro 3,In-person,2023-10-09,3
SCI,Centro 1,In-person,2023-10-09,3
SST,Centro 5,In-person,2023-10-09,3
CYB,Centro 5,Online,2023-10-09,2
EXC,Centro 3,Hybrid,2023-10-09,2
HCP,Centro 4,Hybrid,2023-10-09,2
LID,Centro 4,Hybrid,2023-10-09,2
LOG,Centro 1,In-person,2023-10-09,2
PRI,Centro 5,In-person,2023-10-09,2
PYT,Centro 2,Online,2023-10-09,2
PYT,Centro 4,Hybrid,2023-10-09,2
SOC,Centro 3,In-person,2023-10-09,2
EXC,Centro 2,Online,2023-10-09,1
FOR,Centro 4,Online,2023-10-09,1
GER,Centro 4,In-person,2023-10-09,1
HOT,Centro 4,In-person,2023-10-09,1
ING,Centro 4,Hybrid,2023-10-09,1
LID,Centro 2,Hybrid,2023-10-09,1
LID,Centro 2,In-person,2023-10-09,1
PRI,Centro 1,Hybrid,2023-10-09,1
PRO,Centro 1,Online,2023-10-09,1
PYT,Centro 5,In-person,2023-10-09,1
SCI,Centro 2,Hybrid,2023-10-09,1
SCI,Centro 3,In-person,2023-10-09,1
SEG,Centro 2,Hybrid,2023-10-09,1
SEG,Centro 5,Online,2023-10-09,1
TUR,Centro 4,In-person,2023-10-09,1
VND,Centro 5,In-person,2023-10-09,1
VND,Centro 2,Online,2023-10-16,37
PYT,Centro 1,Online,2023-10-16,36
EXC,Centro 1,Hybrid,2023-10-16,30
PBI,Centro 5,Hybrid,2023-10-16,29
EXC,Centro 3,Online,2023-10-16,27
SCI,Centro 2,Hybrid,2023-10-16,26
GER,Centro 1,In-person,2023-10-16,23
HAC,Centro 2,Hybrid,2023-10-16,23
VND,Centro 5,Online,2023-10-16,23
CYB,Centro 3,Hybrid,2023-10-16,22
EXC,Centro 4,In-person,2023-10-16,22
INF,Centro 3,Hybrid,2023-10-16,21
GES,Centro 1,Online,2023-10-16,20
EXC,Centro 5,Hybrid,2023-10-16,19
PBI,Centro 3,Hybrid,2023-10-16,19
SST,Centro 2,Online,2023-10-16,19
LOG,Centro 5,In-person,2023-10-16,18
EXC,Centro 5,Online,2023-10-16,17
HOT,Centro 5,In-person,2023-10-16,17
HCP,Centro 4,Hybrid,2023-10-16,16
PBI,Centro 5,In-person,2023-10-16,16
PYT,Centro 2,In-person,2023-10-16,16
SOC,Centro 3,Hybrid,2023-10-16,16
VND,Centro 4,Online,2023-10-16,16
EXC,Centro 2,Online,2023-10-16,15
EXC,Centro 4,Online,2023-10-16,15
LOG,Centro 2,In-person,2023-10-16,14
MNT,Centro 4,In-person,2023-10-16,14
MNT,Centro 5,In-person,2023-10-16,14
EMP,Centro 3,In-person,2023-10-16,13
PRI,Centro 2,In-person,2023-10-16,13
PRI,Centro 4,In-person,2023-10-16,13
EXC,Centro 5,In-person,2023-10-16,12
PRI,Centro 5,In-person,2023-10-16,12
SST,Centro 5,Hybrid,2023-10-16,12
TUR,Centro 2,Hybrid,2023-10-16,12
FOR,Centro 2,Hybrid,2023-10-16,11
GER,Centro 2,In-person,2023-10-16,11
PBI,Centro 4,Hybrid,2023-10-16,11
PYT,Centro 1,Hybrid,2023-10-16,11
PYT,Centro 4,Online,2023-10-16,11
PRO,Centro 2,Hybrid,2023-10-16,10
SEG,Centro 3,In-person,2023-10-16,10
ING,Centro 1,Online,2023-10-16,9
ING,Centro 3,Online,2023-10-16,9
ING,Centro 3,Hybrid,2023-10-16,9
PRO,Centro 2,In-person,2023-10-16,9
SCI,Centro 3,In-person,2023-10-16,9
HOT,Centro 1,In-person,2023-10-16,8
MNT,Centro 3,In-person,2023-10-16,8
SCI,Centro 2,In-person,2023-10-16,8
SEG,Centro 5,In-person,2023-10-16,8
SST,Centro 4,Online,2023-10-16,8
FOR,Centro 2,In-person,2023-10-16,7
MNT,Centro 1,In-person,2023-10-16,7
CYB,Centro 4,Online,2023-10-16,6
INF,Centro 2,In-person,2023-10-16,6
INF,Centro 5,In-person,2023-10-16,6
SOC,Centro 4,In-person,2023-10-16,6
SST,Centro 4,Hybrid,2023-10-16,6
EXC,Centro 3,Hybrid,2023-10-16,5
HOT,Centro 4,In-person,2023-10-16,5
PBI,Centro 5,Online,2023-10-16,5
SST,Centro 3,Online,2023-10-16,5
GER,Centro 4,Hybrid,2023-10-16,4
LOG,Centro 5,Hybrid,2023-10-16,4
PBI,Centro 3,In-person,2023-10-16,4
SEG,Centro 4,In-person,2023-10-16,4
VND,Centro 1,In-person,2023-10-16,4
EMP,Centro 5,In-person,2023-10-16,3
GES,Centro 4,In-person,2023-10-16,3
HAC,Centro 1,Online,2023-10-16,3
HOT,Centro 5,Hybrid,2023-10-16,3
ING,Centro 1,In-person,2023-10-16,3
SOC,Centro 2,Hybrid,2023-10-16,3
TUR,Centro 3,In-person,2023-10-16,3
EXC,Centro 1,Online,2023-10-16,2
HAC,Centro 4,Hybrid,2023-10-16,2
HCP,Centro 4,In-person,2023-10-16,2
LID,Centro 5,Hybrid,2023-10-16,2
PYT,Centro 2,Online,2023-10-16,2
PYT,Centro 5,Online,2023-10-16,2
PYT,Centro 5,In-person,2023-10-16,2
SCI,Centro 1,In-person,2023-10-16,2
SEG,Centro 5,Hybrid,2023-10-16,2
SOC,Centro 1,In-person,2023-10-16,2
SST,Centro 3,In-person,2023-10-16,2
VND,Centro 4,Hybrid,2023-10-16,2
CYB,Centro 4,Hybrid,2023-10-16,1
FOR,Centro 4,Hybrid,2023-10-16,1
GER,Centro 3,Hybrid,2023-10-16,1
GER,Centro 3,In-person,2023-10-16,1
GER,Centro 4,In-person,2023-10-16,1
GER,Centro 5,In-person,2023-10-16,1
GES,Centro 3,In-person,2023-10-16,1
GES,Centro 4,Hybrid,2023-10-16,1
HCP,Centro 3,In-person,2023-10-16,1
INF,Centro 2,Hybrid,2023-10-16,1
ING,Centro 4,Hybrid,2023-10-16,1
LID,Centro 1,Hybrid,2023-10-16,1
LID,Centro 2,In-person,2023-10-16,1
LID,Centro 4,Online,2023-10-16,1
PBI,Centro 1,Hybrid,2023-10-16,1
PBI,Centro 2,Online,2023-10-16,1
PBI,Centro 4,Online,2023-10-16,1
PRI,Centro 1,Hybrid,2023-10-16,1
PRO,Centro 1,Online,2023-10-16,1
SEG,Centro 2,Hybrid,2023-10-16,1
SST,Centro 1,Online,2023-10-16,1
SST,Centro 1,Hybrid,2023-10-16,1
SST,Centro 5,In-person,2023-10-16,1
TUR,Centro 4,In-person,2023-10-16,1
VND,Centro 3,In-person,2023-10-16,1
EXC,Centro 1,Online,2023-10-23,33
PRI,Centro 4,Hybrid,2023-10-23,29
PBI,Centro 2,Online,2023-10-23,27
HOT,Centro 5,In-person,2023-10-23,26
SST,Centro 2,Hybrid,2023-10-23,26
LOG,Centro 2,Hybrid,2023-10-23,22
PYT,Centro 2,Online,2023-10-23,22
SOC,Centro 3,In-person,2023-10-23,22
GER,Centro 3,In-person,2023-10-23,21
ING,Centro 1,In-person,2023-10-23,21
FOR,Centro 4,Online,2023-10-23,20
LOG,Centro 5,In-person,2023-10-23,20
PYT,Centro 4,Online,2023-10-23,20
EXC,Centro 4,Online,2023-10-23,19
GER,Centro 3,Hybrid,2023-10-23,19
GER,Centro 4,In-person,2023-10-23,19
GES,Centro 4,In-person,2023-10-23,19
SCI,Centro 2,Hybrid,2023-10-23,19
CYB,Centro 4,Hybrid,2023-10-23,18
LOG,Centro 4,In-person,2023-10-23,18
PRO,Centro 2,Online,2023-10-23,18
SEG,Centro 1,In-person,2023-10-23,17
VND,Centro 1,In-person,2023-10-23,17
INF,Centro 2,Hybrid,2023-10-23,16
INF,Centro 2,In-person,2023-10-23,16
CYB,Centro 5,In-person,2023-10-23,14
GER,Centro 4,Hybrid,2023-10-23,14
LID,Centro 1,Hybrid,2023-10-23,14
PBI,Centro 2,In-person,2023-10-23,14
PRI,Centro 1,Hybrid,2023-10-23,14
SEG,Centro 5,Online,2023-10-23,14
EXC,Centro 3,Hybrid,2023-10-23,13
FOR,Centro 1,In-person,2023-10-23,13
ING,Centro 5,Online,2023-10-23,13
EXC,Centro 2,Online,2023-10-23,12
HAC,Centro 5,In-person,2023-10-23,12
MNT,Centro 1,In-person,2023-10-23,12
SOC,Centro 4,Hybrid,2023-10-23,12
HAC,Centro 2,In-person,2023-10-23,11
PRI,Centro 3,In-person,2023-10-23,11
PRO,Centro 5,In-person,2023-10-23,11
PYT,Centro 3,Hybrid,2023-10-23,11
SOC,Centro 3,Hybrid,2023-10-23,11
EXC,Centro 3,Online,2023-10-23,10
HAC,Centro 3,Hybrid,2023-10-23,10
HOT,Centro 2,Hybrid,2023-10-23,10
PBI,Centro 4,Online,2023-10-23,10
VND,Centro 2,Online,2023-10-23,10
HCP,Centro 3,In-person,2023-10-23,9
ING,Centro 1,Online,2023-10-23,9
LOG,Centro 1,In-person,2023-10-23,9
MNT,Centro 5,In-person,2023-10-23,9
PBI,Centro 1,Online,2023-10-23,9
PBI,Centro 3,Hybrid,2023-10-23,9
PRI,Centro 2,In-person,2023-10-23,9
SST,Centro 3,Online,2023-10-23,9
LID,Centro 5,Hybrid,2023-10-23,8
SOC,Centro 5,In-person,2023-10-23,8
CYB,Centro 4,Online,2023-10-23,7
EXC,Centro 1,Hybrid,2023-10-23,7
PYT,Centro 5,In-person,2023-10-23,7
SOC,Centro 1,In-person,2023-10-23,7
LID,Centro 1,Online,2023-10-23,6
SCI,Centro 1,Hybrid,2023-10-23,6
TUR,Centro 2,In-person,2023-10-23,6
VND,Centro 2,Hybrid,2023-10-23,6
HOT,Centro 1,In-person,2023-10-23,5
LID,Centro 4,Hybrid,2023-10-23,5
PRI,Centro 4,In-person,2023-10-23,5
SST,Centro 3,Hybrid,2023-10-23,5
SST,Centro 4,Online,2023-10-23,5
CYB,Centro 3,Online,2023-10-23,4
GES,Centro 5,Hybrid,2023-10-23,4
INF,Centro 3,In-person,2023-10-23,4
LID,Centro 4,In-person,2023-10-23,4
MNT,Centro 3,In-person,2023-10-23,4
SEG,Centro 2,Hybrid,2023-10-23,4
VND,Centro 3,Hybrid,2023-10-23,4
EXC,Centro 5,Hybrid,2023-10-23,3
GER,Centro 5,Hybrid,2023-10-23,3
GES,Centro 2,In-person,2023-10-23,3
LID,Centro 4,Online,2023-10-23,3
LOG,Centro 2,In-person,2023-10-23,3
PBI,Centro 3,In-person,2023-10-23,3
PYT,Centro 1,Online,2023-10-23,3
SOC,Centro 4,In-person,2023-10-23,3
TUR,Centro 4,In-person,2023-10-23,3
CYB,Centro 2,Hybrid,2023-10-23,2
EMP,Centro 1,In-person,2023-10-23,2
EXC,Centro 4,Hybrid,2023-10-23,2
EXC,Centro 4,In-person,2023-10-23,2
FOR,Centro 4,Hybrid,2023-10-23,2
GER,Centro 5,In-person,2023-10-23,2
HOT,Centro 2,In-person,2023-10-23,2
ING,Centro 2,Hybrid,2023-10-23,2
LID,Centro 2,In-person,2023-10-23,2
PYT,Centro 4,In-person,2023-10-23,2
SEG,Centro 2,Online,2023-10-23,2
SEG,Centro 4,In-person,2023-10-23,2
VND,Centro 3,In-person,2023-10-23,2
CYB,Centro 4,In-person,2023-10-23,1
CYB,Centro 5,Online,2023-10-23,1
GER,Centro 2,In-person,2023-10-23,1
HAC,Centro 1,In-person,2023-10-23,1
HAC,Centro 4,Hybrid,2023-10-23,1
HCP,Centro 1,In-person,2023-10-23,1
HCP,Centro 2,Hybrid,2023-10-23,1
INF,Centro 5,In-person,2023-10-23,1
ING,Centro 2,Online,2023-10-23,1
PBI,Centro 1,Hybrid,2023-10-23,1
PBI,Centro 4,Hybrid,2023-10-23,1
PBI,Centro 4,In-person,2023-10-23,1
SCI,Centro 3,In-person,2023-10-23,1
SCI,Centro 4,In-person,2023-10-23,1
SEG,Centro 5,Hybrid,2023-10-23,1
SST,Centro 1,In-person,2023-10-23,1
SST,Centro 5,Online,2023-10-23,1
TUR,Centro 2,Hybrid,2023-10-23,1
TUR,Centro 3,In-person,2023-10-23,1
PBI,Centro 1,Online,2023-10-30,40
EXC,Centro 4,Hybrid,2023-10-30,36
PBI,Centro 2,Online,2023-10-30,36
PRI,Centro 4,In-person,2023-10-30,34
CYB,Centro 1,Online,2023-10-30,31
PRO,Centro 2,Hybrid,2023-10-30,31
INF,Centro 2,Hybrid,2023-10-30,30
PRI,Centro 5,In-person,2023-10-30,29
EXC,Centro 2,In-person,2023-10-30,28
PBI,Centro 5,Online,2023-10-30,28
MNT,Centro 3,In-person,2023-10-30,27
FOR,Centro 4,Online,2023-10-30,26
SEG,Centro 2,Hybrid,2023-10-30,25
EXC,Centro 1,Hybrid,2023-10-30,24
INF,Centro 5,In-person,2023-10-30,22
SEG,Centro 4,In-person,2023-10-30,22
LOG,Centro 5,Hybrid,2023-10-30,21
SST,Centro 3,Hybrid,2023-10-30,21
TUR,Centro 3,In-person,2023-10-30,21
LOG,Centro 2,Hybrid,2023-10-30,20
SCI,Centro 3,In-person,2023-10-30,20
PYT,Centro 4,Hybrid,2023-10-30,19
EXC,Centro 5,Hybrid,2023-10-30,18
FOR,Centro 4,Hybrid,2023-10-30,18
HAC,Centro 1,Online,2023-10-30,17
EMP,Centro 1,In-person,2023-10-30,16
EXC,Centro 5,Online,2023-10-30,16
GER,Centro 3,In-person,2023-10-30,16
LOG,Centro 1,In-person,2023-10-30,16
CYB,Centro 3,In-person,2023-10-30,14
HOT,Centro 3,In-person,2023-10-30,14
INF,Centro 3,Hybrid,2023-10-30,14
PBI,Centro 4,Hybrid,2023-10-30,14
HCP,Centro 2,Hybrid,2023-10-30,13
SEG,Centro 5,In-person,2023-10-30,13
FOR,Centro 1,Online,2023-10-30,12
SOC,Centro 4,In-person,2023-10-30,12
SST,Centro 1,In-person,2023-10-30,12
TUR,Centro 4,In-person,2023-10-30,12
PRI,Centro 1,In-person,2023-10-30,11
CYB,Centro 4,Online,2023-10-30,10
CYB,Centro 4,Hybrid,2023-10-30,10
CYB,Centro 5,In-person,2023-10-30,10
EXC,Centro 3,Online,2023-10-30,10
LOG,Centro 5,In-person,2023-10-30,10
SOC,Centro 1,In-person,2023-10-30,10
VND,Centro 5,In-person,2023-10-30,10
VND,Centro 4,Online,2023-10-30,9
CYB,Centro 3,Hybrid,2023-10-30,8
GER,Centro 3,Hybrid,2023-10-30,8
GES,Centro 2,Hybrid,2023-10-30,8
HCP,Centro 3,In-person,2023-10-30,8
ING,Centro 1,Online,2023-10-30,8
ING,Centro 2,Online,2023-10-30,8
LID,Centro 2,Hybrid,2023-10-30,8
PBI,Centro 2,In-person,2023-10-30,8
PBI,Centro 3,Hybrid,2023-10-30,8
GER,Centro 1,Hybrid,2023-10-30,6
GER,Centro 4,In-person,2023-10-30,6
HOT,Centro 1,In-person,2023-10-30,6
MNT,Centro 5,In-person,2023-10-30,6
PBI,Centro 4,Online,2023-10-30,6
EMP,Centro 3,In-person,2023-10-30,5
GER,Centro 4,Hybrid,2023-10-30,5
GES,Centro 2,In-person,2023-10-30,5
HCP,Centro 3,Hybrid,2023-10-30,5
HOT,Centro 5,In-person,2023-10-30,5
LID,Centro 1,Hybrid,2023-10-30,5
SEG,Centro 5,Hybrid,2023-10-30,5
VND,Centro 1,In-person,2023-10-30,5
VND,Centro 2,Hybrid,2023-10-30,5
VND,Centro 4,Hybrid,2023-10-30,5
PYT,Centro 1,Online,2023-10-30,4
SCI,Centro 2,In-person,2023-10-30,4
SST,Centro 3,Online,2023-10-30,4
SST,Centro 4,Hybrid,2023-10-30,4
ING,Centro 3,Online,2023-10-30,3
SEG,Centro 5,Online,2023-10-30,3
SST,Centro 5,Hybrid,2023-10-30,3
CYB,Centro 2,Hybrid,2023-10-30,2
GER,Centro 5,In-person,2023-10-30,2
GES,Centro 1,Online,2023-10-30,2
HAC,Centro 1,In-person,2023-10-30,2
PBI,Centro 1,Hybrid,2023-10-30,2
PRI,Centro 2,In-person,2023-10-30,2
PYT,Centro 5,Online,2023-10-30,2
SEG,Centro 4,Hybrid,2023-10-30,2
GES,Centro 3,In-person,2023-10-30,1
HOT,Centro 4,In-person,2023-10-30,1
LID,Centro 2,Online,2023-10-30,1
LID,Centro 4,In-person,2023-10-30,1
PBI,Centro 3,In-person,2023-10-30,1
PBI,Centro 4,In-person,2023-10-30,1
PRI,Centro 3,In-person,2023-10-30,1
SCI,Centro 5,In-person,2023-10-30,1
SOC,Centro 3,In-person,2023-10-30,1
SST,Centro 2,Online,2023-10-30,1
TUR,Centro 5,In-person,2023-10-30,1
VND,Centro 4,In-person,2023-10-30,1
VND,Centro 2,Hybrid,2023-11-06,28
LID,Centro 2,Online,2023-11-06,26
FOR,Centro 4,Hybrid,2023-11-06,25
LOG,Centro 5,In-person,2023-11-06,25
SCI,Centro 1,Hybrid,2023-11-06,24
SEG,Centro 5,Hybrid,2023-11-06,24
EXC,Centro 1,Online,2023-11-06,22
SOC,Centro 5,Hybrid,2023-11-06,22
ING,Centro 1,Hybrid,2023-11-06,21
LOG,Centro 5,Hybrid,2023-11-06,21
CYB,Centro 2,Hybrid,2023-11-06,20
VND,Centro 1,Online,2023-11-06,20
LID,Centro 2,In-person,2023-11-06,19
PBI,Centro 1,Online,2023-11-06,17
SCI,Centro 2,Hybrid,2023-11-06,17
SEG,Centro 5,In-person,2023-11-06,17
SST,Centro 3,In-person,2023-11-06,16
SOC,Centro 5,In-person,2023-11-06,15
FOR,Centro 3,Hybrid,2023-11-06,14
LID,Centro 5,In-person,2023-11-06,13
MNT,Centro 3,In-person,2023-11-06,13
PBI,Centro 1,Hybrid,2023-11-06,13
PBI,Centro 4,Hybrid,2023-11-06,13
PRI,Centro 4,In-person,2023-11-06,13
PRO,Centro 4,Hybrid,2023-11-06,13
PYT,Centro 3,Hybrid,2023-11-06,13
GES,Centro 2,In-person,2023-11-06,12
MNT,Centro 5,In-person,2023-11-06,12
PRO,Centro 2,Online,2023-11-06,12
VND,Centro 4,Hybrid,2023-11-06,12
HCP,Centro 4,Hybrid,2023-11-06,11
HOT,Centro 5,In-person,2023-11-06,11
ING,Centro 3,Hybrid,2023-11-06,11
PYT,Centro 1,Online,2023-11-06,11
SEG,Centro 3,Hybrid,2023-11-06,10
GER,Centro 3,Hybrid,2023-11-06,9
HAC,Centro 2,Hybrid,2023-11-06,9
ING,Centro 1,Online,2023-11-06,9
SCI,Centro 5,Hybrid,2023-11-06,9
VND,Centro 2,In-person,2023-11-06,9
CYB,Centro 1,Hybrid,2023-11-06,8
EXC,Centro 5,Hybrid,2023-11-06,8
FOR,Centro 1,In-person,2023-11-06,8
HOT,Centro 1,Hybrid,2023-11-06,8
ING,Centro 4,Hybrid,2023-11-06,8
PRI,Centro 1,In-person,2023-11-06,8
TUR,Centro 2,In-person,2023-11-06,8
VND,Centro 2,Online,2023-11-06,8
CYB,Centro 5,In-person,2023-11-06,7
EXC,Centro 5,In-person,2023-11-06,7
HAC,Centro 1,In-person,2023-11-06,7
LID,Centro 5,Hybrid,2023-11-06,7
PRO,Centro 3,Online,2023-11-06,7
PYT,Centro 2,Hybrid,2023-11-06,7
SEG,Centro 4,Hybrid,2023-11-06,7
GES,Centro 3,In-person,2023-11-06,6
LID,Centro 3,Online,2023-11-06,6
PBI,Centro 2,In-person,2023-11-06,6
GES,Centro 4,Hybrid,2023-11-06,5
GES,Centro 5,Hybrid,2023-11-06,5
HCP,Centro 1,Hybrid,2023-11-06,5
INF,Centro 5,In-person,2023-11-06,5
ING,Centro 4,Online,2023-11-06,5
LOG,Centro 1,In-person,2023-11-06,5
LOG,Centro 2,In-person,2023-11-06,5
TUR,Centro 5,In-person,2023-11-06,5
VND,Centro 4,Online,2023-11-06,5
ING,Centro 2,Online,2023-11-06,4
PBI,Centro 3,Hybrid,2023-11-06,4
SOC,Centro 3,In-person,2023-11-06,4
HAC,Centro 3,Hybrid,2023-11-06,3
HAC,Centro 5,In-person,2023-11-06,3
INF,Centro 2,In-person,2023-11-06,3
LID,Centro 4,Hybrid,2023-11-06,3
LOG,Centro 2,Hybrid,2023-11-06,3
SCI,Centro 2,In-person,2023-11-06,3
SEG,Centro 1,In-person,2023-11-06,3
CYB,Centro 2,Online,2023-11-06,2
EMP,Centro 3,In-person,2023-11-06,2
EXC,Centro 4,Online,2023-11-06,2
HOT,Centro 2,Hybrid,2023-11-06,2
LOG,Centro 4,In-person,2023-11-06,2
PRI,Centro 3,In-person,2023-11-06,2
PRI,Centro 4,Hybrid,2023-11-06,2
VND,Centro 4,In-person,2023-11-06,2
CYB,Centro 4,In-person,2023-11-06,1
EXC,Centro 1,Hybrid,2023-11-06,1
FOR,Centro 2,Hybrid,2023-11-06,1
GER,Centro 1,Hybrid,2023-11-06,1
GER,Centro 3,In-person,2023-11-06,1
GER,Centro 4,In-person,2023-11-06,1
HAC,Centro 1,Hybrid,2023-11-06,1
HOT,Centro 1,In-person,2023-11-06,1
INF,Centro 2,Hybrid,2023-11-06,1
ING,Centro 3,Online,2023-11-06,1
ING,Centro 3,In-person,2023-11-06,1
PBI,Centro 2,Online,2023-11-06,1
PBI,Centro 2,Hybrid,2023-11-06,1
PRO,Centro 2,Hybrid,2023-11-06,1
SEG,Centro 2,Online,2023-11-06,1
SEG,Centro 2,In-person,2023-11-06,1
SEG,Centro 3,In-person,2023-11-06,1
SST,Centro 1,In-person,2023-11-06,1
SST,Centro 2,Hybrid,2023-11-06,1
SST,Centro 5,In-person,2023-11-06,1
VND,Centro 1,In-person,2023-11-06,1
VND,Centro 3,Hybrid,2023-11-06,1
MNT,Centro 5,In-person,2023-11-13,41
SEG,Centro 5,In-person,2023-11-13,33
EXC,Centro 4,Online,2023-11-13,30
CYB,Centro 4,Online,2023-11-13,27
PBI,Centro 1,Online,2023-11-13,24
SST,Centro 2,Hybrid,2023-11-13,23
FOR,Centro 2,Hybrid,2023-11-13,21
CYB,Centro 1,Hybrid,2023-11-13,20
PRI,Centro 4,In-person,2023-11-13,20
SEG,Centro 5,Hybrid,2023-11-13,20
LID,Centro 1,Online,2023-11-13,19
PYT,Centro 4,Hybrid,2023-11-13,19
EMP,Centro 3,In-person,2023-11-13,18
GER,Centro 4,In-person,2023-11-13,18
GER,Centro 5,In-person,2023-11-13,18
EXC,Centro 3,Online,2023-11-13,16
ING,Centro 3,Online,2023-11-13,16
SCI,Centro 1,In-person,2023-11-13,16
CYB,Centro 1,Online,2023-11-13,15
CYB,Centro 2,Online,2023-11-13,15
PRO,Centro 4,Hybrid,2023-11-13,15
SST,Centro 5,Hybrid,2023-11-13,15
EXC,Centro 1,Hybrid,2023-11-13,14
GER,Centro 3,In-person,2023-11-13,14
INF,Centro 5,In-person,2023-11-13,14
HOT,Centro 5,In-person,2023-11-13,13
SCI,Centro 3,In-person,2023-11-13,13
TUR,Centro 4,In-person,2023-11-13,13
VND,Centro 2,Hybrid,2023-11-13,13
CYB,Centro 2,Hybrid,2023-11-13,12
HOT,Centro 4,In-person,2023-11-13,12
SEG,Centro 2,In-person,2023-11-13,12
HAC,Centro 5,In-person,2023-11-13,10
HCP,Centro 1,In-person,2023-11-13,10
PBI,Centro 3,In-person,2023-11-13,10
SEG,Centro 3,In-person,2023-11-13,10
VND,Centro 2,In-person,2023-11-13,10
PBI,Centro 2,Online,2023-11-13,9
PBI,Centro 3,Hybrid,2023-11-13,9
EXC,Centro 2,In-person,2023-11-13,8
PBI,Centro 4,Online,2023-11-13,8
PRI,Centro 2,Hybrid,2023-11-13,8
PRI,Centro 5,In-person,2023-11-13,8
SST,Centro 2,Online,2023-11-13,8
VND,Centro 3,Online,2023-11-13,8
GES,Centro 2,In-person,2023-11-13,7
PBI,Centro 1,Hybrid,2023-11-13,7
SOC,Centro 4,Hybrid,2023-11-13,7
TUR,Centro 5,In-person,2023-11-13,7
PRI,Centro 2,In-person,2023-11-13,6
CYB,Centro 4,Hybrid,2023-11-13,5
FOR,Centro 1,In-person,2023-11-13,5
ING,Centro 3,Hybrid,2023-11-13,5
MNT,Centro 2,In-person,2023-11-13,5
PRI,Centro 1,In-person,2023-11-13,5
PRO,Centro 3,In-person,2023-11-13,5
SCI,Centro 2,Hybrid,2023-11-13,5
CYB,Centro 5,In-person,2023-11-13,4
HOT,Centro 3,In-person,2023-11-13,4
ING,Centro 1,In-person,2023-11-13,4
LID,Centro 4,In-person,2023-11-13,4
LOG,Centro 4,In-person,2023-11-13,4
LOG,Centro 5,In-person,2023-11-13,4
PRO,Centro 2,Hybrid,2023-11-13,4
SCI,Centro 4,In-person,2023-11-13,4
SST,Centro 3,Hybrid,2023-11-13,4
TUR,Centro 1,Hybrid,2023-11-13,4
VND,Centro 4,Online,2023-11-13,4
VND,Centro 5,In-person,2023-11-13,4
EXC,Centro 5,Online,2023-11-13,3
GER,Centro 2,Hybrid,2023-11-13,3
LID,Centro 2,Hybrid,2023-11-13,3
PBI,Centro 2,In-person,2023-11-13,3
PYT,Centro 1,Online,2023-11-13,3
PYT,Centro 1,Hybrid,2023-11-13,3
SOC,Centro 2,In-person,2023-11-13,3
SST,Centro 3,In-person,2023-11-13,3
VND,Centro 1,Online,2023-11-13,3
FOR,Centro 4,Hybrid,2023-11-13,2
HAC,Centro 2,In-person,2023-11-13,2
HCP,Centro 4,In-person,2023-11-13,2
HOT,Centro 4,Hybrid,2023-11-13,2
INF,Centro 2,Hybrid,2023-11-13,2
PBI,Centro 5,In-person,2023-11-13,2
TUR,Centro 5,Hybrid,2023-11-13,2
EXC,Centro 1,Online,2023-11-13,1
FOR,Centro 3,Hybrid,2023-11-13,1
GER,Centro 4,Hybrid,2023-11-13,1
GES,Centro 5,Hybrid,2023-11-13,1
HAC,Centro 3,Hybrid,2023-11-13,1
HAC,Centro 4,In-person,2023-11-13,1
ING,Centro 4,Online,2023-11-13,1
LOG,Centro 2,Hybrid,2023-11-13,1
LOG,Centro 2,In-person,2023-11-13,1
LOG,Centro 5,Hybrid,2023-11-13,1
PYT,Centro 5,Online,2023-11-13,1
SEG,Centro 2,Online,2023-11-13,1
SST,Centro 5,In-person,2023-11-13,1
TUR,Centro 3,In-person,2023-11-13,1
VND,Centro 4,In-person,2023-11-13,1
EXC,Centro 5,Online,2023-11-20,54
SCI,Centro 2,In-person,2023-11-20,46
SOC,Centro 2,Hybrid,2023-11-20,28
MNT,Centro 2,In-person,2023-11-20,24
SEG,Centro 2,Online,2023-11-20,24
SCI,Centro 3,In-person,2023-11-20,23
HCP,Centro 2,In-person,2023-11-20,22
PRI,Centro 1,Hybrid,2023-11-20,20
PRI,Centro 3,In-person,2023-11-20,19
GER,Centro 5,Hybrid,2023-11-20,18
LID,Centro 3,Online,2023-11-20,18
EMP,Centro 1,In-person,2023-11-20,16
PBI,Centro 4,In-person,2023-11-20,16
SST,Centro 3,In-person,2023-11-20,16
GER,Centro 1,Hybrid,2023-11-20,15
SST,Centro 1,Hybrid,2023-11-20,15
LID,Centro 2,Hybrid,2023-11-20,14
INF,Centro 2,In-person,2023-11-20,13
PBI,Centro 1,Hybrid,2023-11-20,13
CYB,Centro 2,Hybrid,2023-11-20,12
EXC,Centro 5,In-person,2023-11-20,12
SCI,Centro 1,Hybrid,2023-11-20,12
VND,Centro 2,In-person,2023-11-20,12
CYB,Centro 1,Online,2023-11-20,11
EMP,Centro 3,In-person,2023-11-20,11
LOG,Centro 1,In-person,2023-11-20,11
MNT,Centro 4,In-person,2023-11-20,11
PBI,Centro 2,Online,2023-11-20,11
SEG,Centro 5,In-person,2023-11-20,11
PRO,Centro 2,Hybrid,2023-11-20,10
SEG,Centro 2,In-person,2023-11-20,10
GES,Centro 4,In-person,2023-11-20,9
HAC,Centro 3,Hybrid,2023-11-20,9
PYT,Centro 4,Hybrid,2023-11-20,9
SCI,Centro 5,Hybrid,2023-11-20,9
CYB,Centro 3,In-person,2023-11-20,8
GES,Centro 4,Hybrid,2023-11-20,8
ING,Centro 4,Online,2023-11-20,8
ING,Centro 5,Hybrid,2023-11-20,8
LID,Centro 1,In-person,2023-11-20,8
PRI,Centro 2,In-person,2023-11-20,8
HAC,Centro 4,Online,2023-11-20,7
HOT,Centro 1,Hybrid,2023-11-20,7
SOC,Centro 2,In-person,2023-11-20,7
SOC,Centro 3,In-person,2023-11-20,7
CYB,Centro 3,Online,2023-11-20,6
CYB,Centro 4,Hybrid,2023-11-20,6
EXC,Centro 3,Hybrid,2023-11-20,6
GES,Centro 5,Hybrid,2023-11-20,6
MNT,Centro 5,In-person,2023-11-20,6
PRO,Centro 4,Hybrid,2023-11-20,6
VND,Centro 3,Online,2023-11-20,6
GER,Centro 3,In-person,2023-11-20,5
HCP,Centro 5,In-person,2023-11-20,5
INF,Centro 1,Hybrid,2023-11-20,5
INF,Centro 4,In-person,2023-11-20,5
ING,Centro 3,Online,2023-11-20,5
PYT,Centro 2,Online,2023-11-20,5
TUR,Centro 5,Hybrid,2023-11-20,5
GER,Centro 4,In-person,2023-11-20,4
INF,Centro 1,In-person,2023-11-20,4
INF,Centro 5,In-person,2023-11-20,4
LID,Centro 4,In-person,2023-11-20,4
LOG,Centro 5,Hybrid,2023-11-20,4
SOC,Centro 4,Hybrid,2023-11-20,4
CYB,Centro 2,Online,2023-11-20,3
HOT,Centro 5,In-person,2023-11-20,3
PRI,Centro 1,In-person,2023-11-20,3
SEG,Centro 1,In-person,2023-11-20,3
SEG,Centro 4,Hybrid,2023-11-20,3
EXC,Centro 1,Hybrid,2023-11-20,2
FOR,Centro 3,Hybrid,2023-11-20,2
GER,Centro 2,In-person,2023-11-20,2
LID,Centro 1,Hybrid,2023-11-20,2
LID,Centro 2,In-person,2023-11-20,2
PRI,Centro 4,In-person,2023-11-20,2
SCI,Centro 2,Hybrid,2023-11-20,2
EXC,Centro 1,Online,2023-11-20,1
LID,Centro 5,Online,2023-11-20,1
LOG,Centro 4,In-person,2023-11-20,1
PBI,Centro 3,Online,2023-11-20,1
PBI,Centro 4,Online,2023-11-20,1
PYT,Centro 1,Hybrid,2023-11-20,1
SOC,Centro 5,Hybrid,2023-11-20,1
SST,Centro 1,Online,2023-11-20,1
VND,Centro 4,In-person,2023-11-20,1
CYB,Centro 4,Hybrid,2023-11-27,37
SCI,Centro 5,Hybrid,2023-11-27,34
LOG,Centro 2,In-person,2023-11-27,32
ING,Centro 4,Online,2023-11-27,31
SEG,Centro 5,In-person,2023-11-27,30
SCI,Centro 1,Hybrid,2023-11-27,28
EXC,Centro 2,Online,2023-11-27,27
PBI,Centro 4,Hybrid,2023-11-27,26
SEG,Centro 4,Hybrid,2023-11-27,26
CYB,Centro 2,Online,2023-11-27,25
ING,Centro 2,Online,2023-11-27,24
PBI,Centro 5,Online,2023-11-27,24
CYB,Centro 3,Hybrid,2023-11-27,23
HAC,Centro 4,In-person,2023-11-27,23
INF,Centro 2,In-person,2023-11-27,23
VND,Centro 4,Online,2023-11-27,23
GES,Centro 5,In-person,2023-11-27,22
CYB,Centro 4,Online,2023-11-27,21
HAC,Centro 4,Online,2023-11-27,20
VND,Centro 2,Hybrid,2023-11-27,20
FOR,Centro 1,In-person,2023-11-27,19
LID,Centro 2,In-person,2023-11-27,18
SCI,Centro 2,Hybrid,2023-11-27,18
SCI,Centro 4,In-person,2023-11-27,18
TUR,Centro 3,In-person,2023-11-27,17
ING,Centro 1,In-person,2023-11-27,16
SST,Centro 1,Online,2023-11-27,16
HOT,Centro 2,In-person,2023-11-27,14
GER,Centro 1,Hybrid,2023-11-27,13
HAC,Centro 5,Hybrid,2023-11-27,13
LOG,Centro 1,In-person,2023-11-27,13
PYT,Centro 5,Online,2023-11-27,13
HCP,Centro 2,In-person,2023-11-27,12
PBI,Centro 3,Hybrid,2023-11-27,11
VND,Centro 4,In-person,2023-11-27,11
CYB,Centro 5,In-person,2023-11-27,10
HCP,Centro 1,In-person,2023-11-27,10
HOT,Centro 5,In-person,2023-11-27,10
INF,Centro 4,In-person,2023-11-27,10
PBI,Centro 5,In-person,2023-11-27,10
PRI,Centro 3,In-person,2023-11-27,10
CYB,Centro 4,In-person,2023-11-27,9
ING,Centro 3,Hybrid,2023-11-27,9
LOG,Centro 4,In-person,2023-11-27,9
MNT,Centro 2,In-person,2023-11-27,9
PBI,Centro 4,Online,2023-11-27,9
PYT,Centro 1,Online,2023-11-27,9
VND,Centro 3,Hybrid,2023-11-27,9
GER,Centro 5,In-person,2023-11-27,8
EXC,Centro 5,In-person,2023-11-27,7
GES,Centro 3,Online,2023-11-27,7
LID,Centro 5,Online,2023-11-27,7
PYT,Centro 1,Hybrid,2023-11-27,7
EMP,Centro 2,In-person,2023-11-27,6
GES,Centro 2,Hybrid,2023-11-27,6
PRO,Centro 1,Online,2023-11-27,6
TUR,Centro 4,In-person,2023-11-27,6
HAC,Centro 1,In-person,2023-11-27,5
INF,Centro 2,Hybrid,2023-11-27,5
SEG,Centro 3,In-person,2023-11-27,5
CYB,Centro 1,Online,2023-11-27,4
EXC,Centro 4,Hybrid,2023-11-27,4
PBI,Centro 2,Online,2023-11-27,4
PYT,Centro 4,In-person,2023-11-27,4
SOC,Centro 2,In-person,2023-11-27,4
CYB,Centro 5,Hybrid,2023-11-27,3
HCP,Centro 5,Hybrid,2023-11-27,3
LOG,Centro 2,Hybrid,2023-11-27,3
EXC,Centro 5,Online,2023-11-27,2
LOG,Centro 3,In-person,2023-11-27,2
LOG,Centro 5,In-person,2023-11-27,2
MNT,Centro 3,In-person,2023-11-27,2
MNT,Centro 4,In-person,2023-11-27,2
PYT,Centro 2,Online,2023-11-27,2
SOC,Centro 5,Hybrid,2023-11-27,2
VND,Centro 1,Online,2023-11-27,2
FOR,Centro 2,Hybrid,2023-11-27,1
FOR,Centro 3,In-person,2023-11-27,1
GER,Centro 2,In-person,2023-11-27,1
HCP,Centro 1,Hybrid,2023-11-27,1
LID,Centro 1,Hybrid,2023-11-27,1
LID,Centro 1,In-person,2023-11-27,1
LID,Centro 4,In-person,2023-11-27,1
MNT,Centro 5,In-person,2023-11-27,1
PRO,Centro 2,Hybrid,2023-11-27,1
PRO,Centro 4,Hybrid,2023-11-27,1
PRO,Centro 5,In-person,2023-11-27,1
SCI,Centro 3,In-person,2023-11-27,1
SEG,Centro 2,Hybrid,2023-11-27,1
SST,Centro 5,In-person,2023-11-27,1
TUR,Centro 2,In-person,2023-11-27,1
HCP,Centro 4,In-person,2023-12-04,31
CYB,Centro 4,Online,2023-12-04,29
HAC,Centro 1,In-person,2023-12-04,27
MNT,Centro 4,In-person,2023-12-04,26
VND,Centro 2,In-person,2023-12-04,25
GER,Centro 3,In-person,2023-12-04,24
PBI,Centro 5,Online,2023-12-04,24
SST,Centro 1,In-person,2023-12-04,23
INF,Centro 1,In-person,2023-12-04,21
LID,Centro 4,Hybrid,2023-12-04,21
GER,Centro 5,In-person,2023-12-04,20
ING,Centro 3,Online,2023-12-04,20
SCI,Centro 2,Hybrid,2023-12-04,20
SCI,Centro 5,In-person,2023-12-04,20
CYB,Centro 1,Online,2023-12-04,19
HCP,Centro 3,Hybrid,2023-12-04,19
PRI,Centro 1,Hybrid,2023-12-04,19
SEG,Centro 2,Hybrid,2023-12-04,19
SST,Centro 3,In-person,2023-12-04,19
SST,Centro 5,Online,2023-12-04,19
CYB,Centro 2,Hybrid,2023-12-04,18
SOC,Centro 3,In-person,2023-12-04,18
LID,Centro 5,Online,2023-12-04,17
SST,Centro 5,In-person,2023-12-04,17
GER,Centro 1,Hybrid,2023-12-04,16
CYB,Centro 2,Online,2023-12-04,15
HOT,Centro 5,In-person,2023-12-04,15
TUR,Centro 2,In-person,2023-12-04,15
LOG,Centro 5,In-person,2023-12-04,14
PBI,Centro 2,Hybrid,2023-12-04,14
TUR,Centro 1,Hybrid,2023-12-04,14
FOR,Centro 3,Hybrid,2023-12-04,13
LID,Centro 1,In-person,2023-12-04,13
PRO,Centro 2,Hybrid,2023-12-04,13
HAC,Centro 3,Hybrid,2023-12-04,12
SCI,Centro 3,In-person,2023-12-04,11
VND,Centro 4,In-person,2023-12-04,11
HCP,Centro 1,Hybrid,2023-12-04,10
INF,Centro 3,In-person,2023-12-04,10
PRO,Centro 2,Online,2023-12-04,10
ING,Centro 3,Hybrid,2023-12-04,9
PBI,Centro 4,Hybrid,2023-12-04,9
SEG,Centro 4,Hybrid,2023-12-04,9
SEG,Centro 5,In-person,2023-12-04,9
SOC,Centro 4,Hybrid,2023-12-04,9
VND,Centro 3,Online,2023-12-04,9
HAC,Centro 5,Hybrid,2023-12-04,8
HCP,Centro 5,In-person,2023-12-04,8
ING,Centro 2,Online,2023-12-04,8
CYB,Centro 1,Hybrid,2023-12-04,7
FOR,Centro 2,Online,2023-12-04,7
LOG,Centro 3,Hybrid,2023-12-04,7
PRO,Centro 3,In-person,2023-12-04,7
PYT,Centro 2,Online,2023-12-04,7
SEG,Centro 1,In-person,2023-12-04,7
FOR,Centro 4,Hybrid,2023-12-04,6
HAC,Centro 2,Hybrid,2023-12-04,6
MNT,Centro 2,In-person,2023-12-04,6
PRI,Centro 5,In-person,2023-12-04,6
LOG,Centro 4,In-person,2023-12-04,5
PBI,Centro 1,Hybrid,2023-12-04,5
PBI,Centro 2,Online,2023-12-04,5
PRO,Centro 4,Hybrid,2023-12-04,5
SEG,Centro 5,Hybrid,2023-12-04,5
GER,Centro 5,Hybrid,2023-12-04,4
HAC,Centro 1,Hybrid,2023-12-04,4
ING,Centro 1,Hybrid,2023-12-04,4
PBI,Centro 3,Hybrid,2023-12-04,4
PBI,Centro 4,In-person,2023-12-04,4
PRI,Centro 4,In-person,2023-12-04,4
SEG,Centro 1,Online,2023-12-04,4
SEG,Centro 2,In-person,2023-12-04,4
VND,Centro 4,Online,2023-12-04,4
EXC,Centro 4,Online,2023-12-04,3
GES,Centro 4,In-person,2023-12-04,3
CYB,Centro 4,Hybrid,2023-12-04,2
EMP,Centro 2,In-person,2023-12-04,2
EXC,Centro 2,Online,2023-12-04,2
GER,Centro 2,In-person,2023-12-04,2
GES,Centro 4,Hybrid,2023-12-04,2
HAC,Centro 4,In-person,2023-12-04,2
INF,Centro 3,Hybrid,2023-12-04,2
ING,Centro 1,In-person,2023-12-04,2
LID,Centro 1,Hybrid,2023-12-04,2
PRI,Centro 3,In-person,2023-12-04,2
SOC,Centro 5,In-person,2023-12-04,2
SST,Centro 4,In-person,2023-12-04,2
TUR,Centro 3,In-person,2023-12-04,2
TUR,Centro 5,Hybrid,2023-12-04,2
VND,Centro 3,Hybrid,2023-12-04,2
CYB,Centro 3,Hybrid,2023-12-04,1
CYB,Centro 4,In-person,2023-12-04,1
CYB,Centro 5,Hybrid,2023-12-04,1
EXC,Centro 4,Hybrid,2023-12-04,1
FOR,Centro 3,In-person,2023-12-04,1
HOT,Centro 1,Hybrid,2023-12-04,1
LID,Centro 1,Online,2023-12-04,1
LOG,Centro 2,In-person,2023-12-04,1
PBI,Centro 1,In-person,2023-12-04,1
PBI,Centro 2,In-person,2023-12-04,1
PYT,Centro 1,Hybrid,2023-12-04,1
PYT,Centro 4,Hybrid,2023-12-04,1
PYT,Centro 4,In-person,2023-12-04,1
FOR,Centro 2,Online,2023-12-11,47
PYT,Centro 4,Online,2023-12-11,30
SEG,Centro 1,Online,2023-12-11,29
HOT,Centro 4,Hybrid,2023-12-11,25
INF,Centro 3,In-person,2023-12-11,25
HAC,Centro 2,Hybrid,2023-12-11,24
CYB,Centro 1,In-person,2023-12-11,23
CYB,Centro 4,Online,2023-12-11,23
EXC,Centro 5,Online,2023-12-11,23
GES,Centro 3,Online,2023-12-11,22
GES,Centro 4,In-person,2023-12-11,22
PRO,Centro 4,Hybrid,2023-12-11,22
ING,Centro 4,Online,2023-12-11,21
SCI,Centro 2,Hybrid,2023-12-11,21
GES,Centro 5,In-person,2023-12-11,20
CYB,Centro 2,Online,2023-12-11,19
PBI,Centro 3,Online,2023-12-11,18
HAC,Centro 4,In-person,2023-12-11,16
PBI,Centro 4,Online,2023-12-11,16
TUR,Centro 1,Hybrid,2023-12-11,16
EXC,Centro 1,Hybrid,2023-12-11,15
SCI,Centro 4,In-person,2023-12-11,15
SCI,Centro 5,Hybrid,2023-12-11,15
VND,Centro 4,Online,2023-12-11,15
FOR,Centro 5,Hybrid,2023-12-11,14
SEG,Centro 2,In-person,2023-12-11,14
SST,Centro 2,Hybrid,2023-12-11,13
CYB,Centro 3,Online,2023-12-11,12
FOR,Centro 3,Hybrid,2023-12-11,12
LOG,Centro 2,Hybrid,2023-12-11,12
VND,Centro 1,Online,2023-12-11,12
CYB,Centro 4,Hybrid,2023-12-11,11
HCP,Centro 2,In-person,2023-12-11,11
LOG,Centro 3,Hybrid,2023-12-11,11
HOT,Centro 1,Hybrid,2023-12-11,10
TUR,Centro 5,Hybrid,2023-12-11,10
VND,Centro 2,In-person,2023-12-11,10
GER,Centro 2,In-person,2023-12-11,9
HOT,Centro 1,In-person,2023-12-11,9
ING,Centro 2,Online,2023-12-11,9
LID,Centro 3,In-person,2023-12-11,9
MNT,Centro 2,In-person,2023-12-11,9
LOG,Centro 3,In-person,2023-12-11,8
LOG,Centro 5,In-person,2023-12-11,8
PBI,Centro 4,In-person,2023-12-11,8
PRO,Centro 2,Hybrid,2023-12-11,8
PRO,Centro 5,In-person,2023-12-11,8
SEG,Centro 1,In-person,2023-12-11,8
SST,Centro 1,Hybrid,2023-12-11,8
HCP,Centro 1,In-person,2023-12-11,7
PBI,Centro 1,Online,2023-12-11,7
CYB,Centro 2,Hybrid,2023-12-11,6
CYB,Centro 4,In-person,2023-12-11,6
EMP,Centro 2,In-person,2023-12-11,6
MNT,Centro 1,In-person,2023-12-11,6
PBI,Centro 1,Hybrid,2023-12-11,6
PBI,Centro 5,In-person,2023-12-11,6
VND,Centro 1,In-person,2023-12-11,6
INF,Centro 4,In-person,2023-12-11,5
PBI,Centro 2,Hybrid,2023-12-11,5
SOC,Centro 2,In-person,2023-12-11,5
GES,Centro 2,Hybrid,2023-12-11,4
GES,Centro 2,In-person,2023-12-11,4
ING,Centro 2,In-person,2023-12-11,4
SST,Centro 1,In-person,2023-12-11,4
EXC,Centro 1,In-person,2023-12-11,3
FOR,Centro 1,In-person,2023-12-11,3
PRI,Centro 4,In-person,2023-12-11,3
PRO,Centro 4,In-person,2023-12-11,3
SEG,Centro 3,Hybrid,2023-12-11,3
TUR,Centro 2,In-person,2023-12-11,3
EXC,Centro 2,Online,2023-12-11,2
FOR,Centro 3,In-person,2023-12-11,2
FOR,Centro 5,Online,2023-12-11,2
ING,Centro 1,In-person,2023-12-11,2
LID,Centro 1,Hybrid,2023-12-11,2
LID,Centro 4,In-person,2023-12-11,2
MNT,Centro 4,In-person,2023-12-11,2
MNT,Centro 5,In-person,2023-12-11,2
PBI,Centro 2,Online,2023-12-11,2
PRI,Centro 1,In-person,2023-12-11,2
PRI,Centro 5,In-person,2023-12-11,2
PYT,Centro 4,In-person,2023-12-11,2
SEG,Centro 5,In-person,2023-12-11,2
SOC,Centro 4,Hybrid,2023-12-11,2
CYB,Centro 1,Hybrid,2023-12-11,1
GER,Centro 2,Hybrid,2023-12-11,1
GER,Centro 4,In-person,2023-12-11,1
LOG,Centro 1,Hybrid,2023-12-11,1
PBI,Centro 2,In-person,2023-12-11,1
PBI,Centro 4,Hybrid,2023-12-11,1
PBI,Centro 5,Online,2023-12-11,1
PRO,Centro 2,Online,2023-12-11,1
PRO,Centro 3,Hybrid,2023-12-11,1
PRO,Centro 3,In-person,2023-12-11,1
PYT,Centro 2,Online,2023-12-11,1
PYT,Centro 2,Hybrid,2023-12-11,1
SCI,Centro 3,In-person,2023-12-11,1
SEG,Centro 4,Hybrid,2023-12-11,1
SST,Centro 1,Online,2023-12-11,1
SST,Centro 3,In-person,2023-12-11,1
VND,Centro 3,Hybrid,2023-12-11,1
ING,Centro 2,Online,2023-12-18,46
SST,Centro 3,In-person,2023-12-18,41
LOG,Centro 2,In-person,2023-12-18,40
CYB,Centro 1,Online,2023-12-18,32
PRO,Centro 4,Online,2023-12-18,30
PBI,Centro 1,Online,2023-12-18,24
CYB,Centro 4,Hybrid,2023-12-18,23
PBI,Centro 1,Hybrid,2023-12-18,22
PRI,Centro 2,Hybrid,2023-12-18,19
SST,Centro 4,In-person,2023-12-18,19
GER,Centro 2,In-person,2023-12-18,18
LID,Centro 1,Hybrid,2023-12-18,18
PRI,Centro 1,In-person,2023-12-18,17
SEG,Centro 5,In-person,2023-12-18,17
GER,Centro 5,Hybrid,2023-12-18,15
LOG,Centro 4,In-person,2023-12-18,15
INF,Centro 2,In-person,2023-12-18,14
PRO,Centro 1,Online,2023-12-18,14
HCP,Centro 3,In-person,2023-12-18,13
ING,Centro 2,In-person,2023-12-18,13
LID,Centro 4,In-person,2023-12-18,13
VND,Centro 2,Online,2023-12-18,13
FOR,Centro 3,In-person,2023-12-18,12
PRO,Centro 3,Online,2023-12-18,12
CYB,Centro 5,In-person,2023-12-18,11
PBI,Centro 3,Hybrid,2023-12-18,11
PRI,Centro 3,In-person,2023-12-18,11
HAC,Centro 5,In-person,2023-12-18,10
LOG,Centro 3,In-person,2023-12-18,10
SEG,Centro 1,Online,2023-12-18,10
TUR,Centro 2,In-person,2023-12-18,10
CYB,Centro 1,Hybrid,2023-12-18,9
HAC,Centro 5,Hybrid,2023-12-18,9
PRI,Centro 5,In-person,2023-12-18,9
SEG,Centro 3,Hybrid,2023-12-18,9
LID,Centro 2,Hybrid,2023-12-18,8
MNT,Centro 3,In-person,2023-12-18,8
PBI,Centro 3,Online,2023-12-18,8
SEG,Centro 1,In-person,2023-12-18,8
EXC,Centro 5,Online,2023-12-18,7
GER,Centro 1,Hybrid,2023-12-18,7
PBI,Centro 4,Hybrid,2023-12-18,7
PYT,Centro 2,Online,2023-12-18,7
VND,Centro 1,In-person,2023-12-18,7
EXC,Centro 3,Hybrid,2023-12-18,6
EXC,Centro 4,Online,2023-12-18,6
EXC,Centro 5,In-person,2023-12-18,6
HOT,Centro 2,In-person,2023-12-18,6
SCI,Centro 1,In-person,2023-12-18,6
SCI,Centro 2,Hybrid,2023-12-18,6
SST,Centro 5,In-person,2023-12-18,6
VND,Centro 4,In-person,2023-12-18,6
EXC,Centro 5,Hybrid,2023-12-18,5
GES,Centro 5,In-person,2023-12-18,5
PRO,Centro 5,In-person,2023-12-18,5
SCI,Centro 5,In-person,2023-12-18,5
SEG,Centro 2,In-person,2023-12-18,5
CYB,Centro 1,In-person,2023-12-18,4
FOR,Centro 4,Hybrid,2023-12-18,4
PRO,Centro 4,Hybrid,2023-12-18,4
SCI,Centro 4,In-person,2023-12-18,4
TUR,Centro 3,In-person,2023-12-18,4
CYB,Centro 3,Hybrid,2023-12-18,3
HAC,Centro 1,Hybrid,2023-12-18,3
LOG,Centro 5,In-person,2023-12-18,3
PRO,Centro 2,Hybrid,2023-12-18,3
CYB,Centro 4,In-person,2023-12-18,2
FOR,Centro 1,In-person,2023-12-18,2
GES,Centro 2,Hybrid,2023-12-18,2
LOG,Centro 2,Hybrid,2023-12-18,2
MNT,Centro 4,In-person,2023-12-18,2
PBI,Centro 2,Hybrid,2023-12-18,2
PYT,Centro 5,Online,2023-12-18,2
VND,Centro 4,Online,2023-12-18,2
CYB,Centro 4,Online,2023-12-18,1
CYB,Centro 5,Hybrid,2023-12-18,1
EMP,Centro 2,In-person,2023-12-18,1
EXC,Centro 1,Hybrid,2023-12-18,1
EXC,Centro 2,Hybrid,2023-12-18,1
GER,Centro 2,Hybrid,2023-12-18,1
HAC,Centro 3,Online,2023-12-18,1
HCP,Centro 4,In-person,2023-12-18,1
HOT,Centro 1,In-person,2023-12-18,1
HOT,Centro 5,In-person,2023-12-18,1
ING,Centro 4,Online,2023-12-18,1
LID,Centro 4,Hybrid,2023-12-18,1
LOG,Centro 3,Hybrid,2023-12-18,1
MNT,Centro 1,In-person,2023-12-18,1
PBI,Centro 5,Online,2023-12-18,1
PBI,Centro 5,In-person,2023-12-18,1
PRO,Centro 2,Online,2023-12-18,1
PRO,Centro 3,Hybrid,2023-12-18,1
SCI,Centro 3,In-person,2023-12-18,1
SEG,Centro 2,Hybrid,2023-12-18,1
SOC,Centro 1,Hybrid,2023-12-18,1
SST,Centro 1,Online,2023-12-18,1
SST,Centro 2,In-person,2023-12-18,1
SST,Centro 5,Hybrid,2023-12-18,1
TUR,Centro 1,Hybrid,2023-12-18,1
PRI,Centro 1,In-person,2023-12-25,45
SST,Centro 5,Online,2023-12-25,35
PBI,Centro 3,Online,2023-12-25,31
INF,Centro 3,Hybrid,2023-12-25,27
EXC,Centro 4,Online,2023-12-25,26
MNT,Centro 4,In-person,2023-12-25,24
PBI,Centro 2,In-person,2023-12-25,24
SEG,Centro 1,Online,2023-12-25,24
SCI,Centro 4,In-person,2023-12-25,23
INF,Centro 3,In-person,2023-12-25,22
PYT,Centro 1,Online,2023-12-25,22
PRO,Centro 2,Online,2023-12-25,21
EXC,Centro 5,Online,2023-12-25,20
PRO,Centro 4,Hybrid,2023-12-25,20
SEG,Centro 1,In-person,2023-12-25,20
HAC,Centro 5,Hybrid,2023-12-25,19
HCP,Centro 5,Hybrid,2023-12-25,18
CYB,Centro 1,Online,2023-12-25,17
PRO,Centro 2,Hybrid,2023-12-25,17
PYT,Centro 4,In-person,2023-12-25,17
HAC,Centro 1,Hybrid,2023-12-25,16
LOG,Centro 5,In-person,2023-12-25,16
EMP,Centro 2,In-person,2023-12-25,15
ING,Centro 3,In-person,2023-12-25,15
LID,Centro 4,In-person,2023-12-25,15
SST,Centro 5,Hybrid,2023-12-25,15
GES,Centro 5,In-person,2023-12-25,14
HOT,Centro 1,In-person,2023-12-25,14
ING,Centro 4,Online,2023-12-25,14
SEG,Centro 4,Hybrid,2023-12-25,14
HOT,Centro 5,In-person,2023-12-25,13
EXC,Centro 2,Online,2023-12-25,12
MNT,Centro 1,In-person,2023-12-25,12
PBI,Centro 4,Online,2023-12-25,12
CYB,Centro 1,Hybrid,2023-12-25,11
CYB,Centro 4,Online,2023-12-25,11
MNT,Centro 2,In-person,2023-12-25,11
PYT,Centro 2,Online,2023-12-25,11
PRO,Centro 4,Online,2023-12-25,10
SST,Centro 5,In-person,2023-12-25,10
VND,Centro 1,In-person,2023-12-25,10
GER,Centro 2,In-person,2023-12-25,9
LID,Centro 2,In-person,2023-12-25,9
SST,Centro 1,Online,2023-12-25,9
CYB,Centro 4,In-person,2023-12-25,8
EXC,Centro 1,In-person,2023-12-25,8
GES,Centro 1,Hybrid,2023-12-25,8
GES,Centro 4,In-person,2023-12-25,8
LOG,Centro 4,In-person,2023-12-25,8
SOC,Centro 3,Hybrid,2023-12-25,8
VND,Centro 4,Online,2023-12-25,8
PBI,Centro 2,Hybrid,2023-12-25,7
SCI,Centro 2,In-person,2023-12-25,7
SST,Centro 3,In-person,2023-12-25,7
HCP,Centro 1,In-person,2023-12-25,6
HCP,Centro 2,In-person,2023-12-25,6
SEG,Centro 2,In-person,2023-12-25,6
SST,Centro 4,In-person,2023-12-25,6
GER,Centro 3,In-person,2023-12-25,5
LID,Centro 3,In-person,2023-12-25,5
MNT,Centro 3,In-person,2023-12-25,5
PYT,Centro 5,Online,2023-12-25,5
TUR,Centro 1,Hybrid,2023-12-25,5
TUR,Centro 2,Hybrid,2023-12-25,5
TUR,Centro 3,Hybrid,2023-12-25,5
EMP,Centro 1,In-person,2023-12-25,4
GER,Centro 5,In-person,2023-12-25,4
HCP,Centro 3,In-person,2023-12-25,4
PRO,Centro 3,Hybrid,2023-12-25,4
PRO,Centro 3,In-person,2023-12-25,4
PYT,Centro 1,Hybrid,2023-12-25,4
CYB,Centro 4,Hybrid,2023-12-25,3
EXC,Centro 5,Hybrid,2023-12-25,3
PBI,Centro 5,Online,2023-12-25,3
SST,Centro 2,Hybrid,2023-12-25,3
GES,Centro 2,In-person,2023-12-25,2
LOG,Centro 2,In-person,2023-12-25,2
LOG,Centro 3,Hybrid,2023-12-25,2
PBI,Centro 1,Hybrid,2023-12-25,2
PBI,Centro 4,Hybrid,2023-12-25,2
PRO,Centro 3,Online,2023-12-25,2
SEG,Centro 2,Hybrid,2023-12-25,2
SOC,Centro 1,Hybrid,2023-12-25,2
CYB,Centro 1,In-person,2023-12-25,1
CYB,Centro 2,Online,2023-12-25,1
CYB,Centro 5,Hybrid,2023-12-25,1
GER,Centro 2,Hybrid,2023-12-25,1
GER,Centro 4,In-person,2023-12-25,1
ING,Centro 2,In-person,2023-12-25,1
LID,Centro 4,Hybrid,2023-12-25,1
LOG,Centro 1,Hybrid,2023-12-25,1
PRI,Centro 2,Hybrid,2023-12-25,1
PRO,Centro 1,Online,2023-12-25,1
PYT,Centro 1,In-person,2023-12-25,1
SCI,Centro 1,In-person,2023-12-25,1
SCI,Centro 2,Hybrid,2023-12-25,1
SEG,Centro 1,Hybrid,2023-12-25,1
SEG,Centro 3,Hybrid,2023-12-25,1
TUR,Centro 2,In-person,2023-12-25,1
SEG,Centro 2,In-person,2024-01-01,43
LOG,Centro 2,In-person,2024-01-01,42
PRO,Centro 3,In-person,2024-01-01,40
CYB,Centro 2,Online,2024-01-01,36
PRI,Centro 4,In-person,2024-01-01,32
FOR,Centro 5,Online,2024-01-01,27
GES,Centro 1,Online,2024-01-01,27
CYB,Centro 4,Hybrid,2024-01-01,25
MNT,Centro 1,In-person,2024-01-01,22
PRO,Centro 4,Online,2024-01-01,22
TUR,Centro 2,Hybrid,2024-01-01,21
EMP,Centro 3,In-person,2024-01-01,19
FOR,Centro 4,Hybrid,2024-01-01,19
PRO,Centro 1,Online,2024-01-01,19
PRO,Centro 3,Hybrid,2024-01-01,17
SCI,Centro 1,Hybrid,2024-01-01,16
PBI,Centro 1,Online,2024-01-01,15
SOC,Centro 2,Hybrid,2024-01-01,15
GES,Centro 3,Online,2024-01-01,14
SST,Centro 1,Online,2024-01-01,14
PRI,Centro 1,In-person,2024-01-01,13
PYT,Centro 2,In-person,2024-01-01,13
SOC,Centro 3,Hybrid,2024-01-01,13
EXC,Centro 4,Hybrid,2024-01-01,12
LID,Centro 2,In-person,2024-01-01,12
SST,Centro 5,Hybrid,2024-01-01,12
INF,Centro 3,In-person,2024-01-01,11
VND,Centro 2,Online,2024-01-01,11
CYB,Centro 1,Hybrid,2024-01-01,10
HAC,Centro 2,Hybrid,2024-01-01,10
LID,Centro 2,Hybrid,2024-01-01,10
SCI,Centro 2,Hybrid,2024-01-01,10
EXC,Centro 3,Hybrid,2024-01-01,9
LOG,Centro 4,In-person,2024-01-01,9
PRO,Centro 2,Online,2024-01-01,9
SEG,Centro 3,In-person,2024-01-01,9
HCP,Centro 1,In-person,2024-01-01,8
PBI,Centro 2,Hybrid,2024-01-01,8
PRI,Centro 3,Hybrid,2024-01-01,8
GER,Centro 1,Hybrid,2024-01-01,7
CYB,Centro 4,Online,2024-01-01,6
HOT,Centro 1,In-person,2024-01-01,6
LID,Centro 4,Online,2024-01-01,6
EXC,Centro 5,In-person,2024-01-01,5
GER,Centro 3,In-person,2024-01-01,5
GER,Centro 4,In-person,2024-01-01,5
HCP,Centro 5,In-person,2024-01-01,5
PBI,Centro 4,Hybrid,2024-01-01,5
EXC,Centro 2,Online,2024-01-01,4
HAC,Centro 2,In-person,2024-01-01,4
LID,Centro 4,In-person,2024-01-01,4
LOG,Centro 2,Hybrid,2024-01-01,4
PBI,Centro 1,In-person,2024-01-01,4
PRI,Centro 4,Hybrid,2024-01-01,4
PYT,Centro 2,Online,2024-01-01,4
TUR,Centro 3,In-person,2024-01-01,4
GES,Centro 2,Hybrid,2024-01-01,3
GES,Centro 2,In-person,2024-01-01,3
HCP,Centro 2,In-person,2024-01-01,3
HCP,Centro 3,In-person,2024-01-01,3
ING,Centro 2,Online,2024-01-01,3
LOG,Centro 3,Hybrid,2024-01-01,3
PBI,Centro 4,Online,2024-01-01,3
PRI,Centro 2,In-person,2024-01-01,3
SST,Centro 2,In-person,2024-01-01,3
TUR,Centro 1,Hybrid,2024-01-01,3
TUR,Centro 2,In-person,2024-01-01,3
VND,Centro 2,In-person,2024-01-01,3
CYB,Centro 1,In-person,2024-01-01,2
FOR,Centro 1,In-person,2024-01-01,2
GES,Centro 1,Hybrid,2024-01-01,2
INF,Centro 3,Hybrid,2024-01-01,2
MNT,Centro 3,In-person,2024-01-01,2
PRI,Centro 5,Hybrid,2024-01-01,2
SEG,Centro 1,Online,2024-01-01,2
SOC,Centro 5,In-person,2024-01-01,2
VND,Centro 1,In-person,2024-01-01,2
CYB,Centro 3,Online,2024-01-01,1
EMP,Centro 1,In-person,2024-01-01,1
EMP,Centro 5,In-person,2024-01-01,1
EXC,Centro 5,Online,2024-01-01,1
LOG,Centro 5,In-person,2024-01-01,1
PBI,Centro 1,Hybrid,2024-01-01,1
PBI,Centro 3,In-person,2024-01-01,1
PRI,Centro 3,In-person,2024-01-01,1
PRO,Centro 4,Hybrid,2024-01-01,1
SOC,Centro 3,In-person,2024-01-01,1
MNT,Centro 1,In-person,2024-01-08,74
PRI,Centro 1,In-person,2024-01-08,52
CYB,Centro 4,Online,2024-01-08,45
EXC,Centro 4,Online,2024-01-08,32
EMP,Centro 1,In-person,2024-01-08,28
TUR,Centro 3,Hybrid,2024-01-08,24
CYB,Centro 3,Online,2024-01-08,23
PYT,Centro 2,Online,2024-01-08,23
PBI,Centro 2,Online,2024-01-08,20
LID,Centro 2,Hybrid,2024-01-08,19
SEG,Centro 1,Online,2024-01-08,19
GER,Centro 5,In-person,2024-01-08,18
SEG,Centro 2,In-person,2024-01-08,18
GER,Centro 2,Hybrid,2024-01-08,16
PRI,Centro 2,In-person,2024-01-08,16
HCP,Centro 1,In-person,2024-01-08,15
LOG,Centro 1,In-person,2024-01-08,15
LOG,Centro 2,Hybrid,2024-01-08,15
PBI,Centro 1,Online,2024-01-08,15
EXC,Centro 5,Online,2024-01-08,14
GER,Centro 3,In-person,2024-01-08,14
GER,Centro 4,In-person,2024-01-08,14
LOG,Centro 5,In-person,2024-01-08,14
PRI,Centro 3,Hybrid,2024-01-08,14
SST,Centro 4,In-person,2024-01-08,14
GES,Centro 2,Hybrid,2024-01-08,13
SST,Centro 1,Online,2024-01-08,13
VND,Centro 2,Online,2024-01-08,13
INF,Centro 2,In-person,2024-01-08,12
LID,Centro 4,Online,2024-01-08,12
PBI,Centro 5,Online,2024-01-08,12
SOC,Centro 4,Hybrid,2024-01-08,12
SST,Centro 2,In-person,2024-01-08,12
SEG,Centro 4,Hybrid,2024-01-08,11
HOT,Centro 3,In-person,2024-01-08,10
LOG,Centro 3,In-person,2024-01-08,10
CYB,Centro 4,In-person,2024-01-08,9
PRO,Centro 4,In-person,2024-01-08,9
SEG,Centro 3,In-person,2024-01-08,9
EXC,Centro 1,In-person,2024-01-08,8
HAC,Centro 2,Hybrid,2024-01-08,8
INF,Centro 3,Hybrid,2024-01-08,8
PRI,Centro 3,In-person,2024-01-08,8
PYT,Centro 3,Online,2024-01-08,8
VND,Centro 1,Hybrid,2024-01-08,8
CYB,Centro 2,Online,2024-01-08,7
PBI,Centro 1,Hybrid,2024-01-08,7
FOR,Centro 5,Online,2024-01-08,6
FOR,Centro 5,Hybrid,2024-01-08,6
GES,Centro 1,Online,2024-01-08,6
INF,Centro 3,In-person,2024-01-08,6
VND,Centro 4,In-person,2024-01-08,6
EXC,Centro 4,Hybrid,2024-01-08,5
HCP,Centro 4,In-person,2024-01-08,5
ING,Centro 3,Hybrid,2024-01-08,5
LID,Centro 2,In-person,2024-01-08,5
LOG,Centro 3,Hybrid,2024-01-08,5
PBI,Centro 4,Online,2024-01-08,5
SCI,Centro 1,In-person,2024-01-08,5
SST,Centro 2,Online,2024-01-08,5
CYB,Centro 4,Hybrid,2024-01-08,4
EXC,Centro 5,Hybrid,2024-01-08,4
ING,Centro 3,In-person,2024-01-08,4
PBI,Centro 3,Online,2024-01-08,4
PRI,Centro 4,In-person,2024-01-08,4
SEG,Centro 2,Hybrid,2024-01-08,4
CYB,Centro 3,In-person,2024-01-08,3
EXC,Centro 5,In-person,2024-01-08,3
GER,Centro 1,Hybrid,2024-01-08,3
MNT,Centro 2,In-person,2024-01-08,3
SCI,Centro 3,In-person,2024-01-08,3
SCI,Centro 5,In-person,2024-01-08,3
EMP,Centro 3,In-person,2024-01-08,2
GES,Centro 1,Hybrid,2024-01-08,2
INF,Centro 1,In-person,2024-01-08,2
PBI,Centro 4,Hybrid,2024-01-08,2
SCI,Centro 5,Hybrid,2024-01-08,2
SST,Centro 1,In-person,2024-01-08,2
TUR,Centro 5,In-person,2024-01-08,2
HAC,Centro 3,Online,2024-01-08,1
HAC,Centro 4,In-person,2024-01-08,1
HAC,Centro 5,In-person,2024-01-08,1
LOG,Centro 1,Hybrid,2024-01-08,1
LOG,Centro 2,In-person,2024-01-08,1
MNT,Centro 3,In-person,2024-01-08,1
PRO,Centro 4,Hybrid,2024-01-08,1
SEG,Centro 1,Hybrid,2024-01-08,1
SEG,Centro 3,Hybrid,2024-01-08,1
SOC,Centro 1,Hybrid,2024-01-08,1
SST,Centro 3,Online,2024-01-08,1
TUR,Centro 3,In-person,2024-01-08,1
PBI,Centro 1,Online,2024-01-15,38
CYB,Centro 3,Hybrid,2024-01-15,31
MNT,Centro 1,In-person,2024-01-15,30
GER,Centro 3,In-person,2024-01-15,27
VND,Centro 4,In-person,2024-01-15,27
TUR,Centro 5,Hybrid,2024-01-15,24
CYB,Centro 3,Online,2024-01-15,23
LOG,Centro 3,In-person,2024-01-15,22
PRI,Centro 3,In-person,2024-01-15,22
PRI,Centro 4,Hybrid,2024-01-15,22
CYB,Centro 1,Hybrid,2024-01-15,21
FOR,Centro 5,Online,2024-01-15,21
HAC,Centro 1,In-person,2024-01-15,21
ING,Centro 5,In-person,2024-01-15,21
MNT,Centro 5,In-person,2024-01-15,21
PRI,Centro 1,In-person,2024-01-15,21
CYB,Centro 4,Hybrid,2024-01-15,20
SEG,Centro 3,Hybrid,2024-01-15,20
HAC,Centro 3,In-person,2024-01-15,19
CYB,Centro 1,Online,2024-01-15,18
SCI,Centro 1,Hybrid,2024-01-15,18
HAC,Centro 3,Online,2024-01-15,17
PYT,Centro 2,Online,2024-01-15,16
VND,Centro 1,Online,2024-01-15,16
EMP,Centro 1,In-person,2024-01-15,15
LID,Centro 1,In-person,2024-01-15,15
INF,Centro 3,Hybrid,2024-01-15,14
SST,Centro 2,In-person,2024-01-15,14
EXC,Centro 3,Hybrid,2024-01-15,13
SEG,Centro 2,In-person,2024-01-15,13
MNT,Centro 4,In-person,2024-01-15,12
PRO,Centro 3,In-person,2024-01-15,12
SEG,Centro 3,In-person,2024-01-15,12
VND,Centro 1,In-person,2024-01-15,12
GER,Centro 4,In-person,2024-01-15,11
GES,Centro 2,In-person,2024-01-15,11
HCP,Centro 4,In-person,2024-01-15,11
EMP,Centro 5,In-person,2024-01-15,10
SCI,Centro 2,Hybrid,2024-01-15,10
VND,Centro 1,Hybrid,2024-01-15,10
EXC,Centro 5,Hybrid,2024-01-15,9
LOG,Centro 1,In-person,2024-01-15,9
VND,Centro 2,In-person,2024-01-15,9
EMP,Centro 4,In-person,2024-01-15,8
HOT,Centro 1,In-person,2024-01-15,8
INF,Centro 3,In-person,2024-01-15,8
MNT,Centro 3,In-person,2024-01-15,8
PYT,Centro 3,Online,2024-01-15,8
SCI,Centro 1,In-person,2024-01-15,8
GES,Centro 1,Hybrid,2024-01-15,7
LOG,Centro 2,Hybrid,2024-01-15,7
PBI,Centro 4,Online,2024-01-15,7
GES,Centro 2,Online,2024-01-15,6
GES,Centro 3,Online,2024-01-15,6
INF,Centro 4,In-person,2024-01-15,6
PRI,Centro 4,In-person,2024-01-15,6
PYT,Centro 2,Hybrid,2024-01-15,6
PRI,Centro 5,Hybrid,2024-01-15,5
SEG,Centro 4,In-person,2024-01-15,5
SEG,Centro 5,In-person,2024-01-15,5
SST,Centro 4,In-person,2024-01-15,5
EXC,Centro 2,Online,2024-01-15,4
EXC,Centro 2,Hybrid,2024-01-15,4
LID,Centro 3,In-person,2024-01-15,4
LOG,Centro 4,In-person,2024-01-15,4
PBI,Centro 1,Hybrid,2024-01-15,4
PRO,Centro 2,In-person,2024-01-15,4
PRO,Centro 4,In-person,2024-01-15,4
TUR,Centro 3,In-person,2024-01-15,4
CYB,Centro 2,Hybrid,2024-01-15,3
LID,Centro 2,In-person,2024-01-15,3
LOG,Centro 1,Hybrid,2024-01-15,3
PBI,Centro 2,Online,2024-01-15,3
PRI,Centro 2,Hybrid,2024-01-15,3
EXC,Centro 5,Online,2024-01-15,2
GER,Centro 2,In-person,2024-01-15,2
GER,Centro 5,In-person,2024-01-15,2
GES,Centro 5,In-person,2024-01-15,2
HAC,Centro 2,In-person,2024-01-15,2
INF,Centro 1,In-person,2024-01-15,2
ING,Centro 2,In-person,2024-01-15,2
LOG,Centro 5,In-person,2024-01-15,2
MNT,Centro 2,In-person,2024-01-15,2
PBI,Centro 3,Online,2024-01-15,2
PRI,Centro 1,Hybrid,2024-01-15,2
PYT,Centro 2,In-person,2024-01-15,2
SOC,Centro 1,Hybrid,2024-01-15,2
SST,Centro 1,Online,2024-01-15,2
SST,Centro 5,Online,2024-01-15,2
CYB,Centro 4,Online,2024-01-15,1
EXC,Centro 4,Hybrid,2024-01-15,1
GES,Centro 2,Hybrid,2024-01-15,1
HAC,Centro 4,In-person,2024-01-15,1
HCP,Centro 1,In-person,2024-01-15,1
PBI,Centro 2,Hybrid,2024-01-15,1
SCI,Centro 4,In-person,2024-01-15,1
SEG,Centro 1,In-person,2024-01-15,1
SOC,Centro 3,In-person,2024-01-15,1
SST,Centro 1,In-person,2024-01-22,37
CYB,Centro 1,In-person,2024-01-22,34
PRO,Centro 2,Online,2024-01-22,32
PBI,Centro 1,Hybrid,2024-01-22,30
SOC,Centro 1,Hybrid,2024-01-22,29
PRI,Centro 4,Hybrid,2024-01-22,28
LOG,Centro 1,Hybrid,2024-01-22,26
PRO,Centro 3,Online,2024-01-22,25
PRO,Centro 3,Hybrid,2024-01-22,24
PYT,Centro 2,Online,2024-01-22,24
GER,Centro 5,In-person,2024-01-22,22
SEG,Centro 3,Hybrid,2024-01-22,22
SST,Centro 3,In-person,2024-01-22,22
HAC,Centro 5,Online,2024-01-22,21
MNT,Centro 4,In-person,2024-01-22,21
CYB,Centro 5,Online,2024-01-22,20
PYT,Centro 1,In-person,2024-01-22,20
HAC,Centro 5,In-person,2024-01-22,18
GES,Centro 3,In-person,2024-01-22,17
VND,Centro 5,In-person,2024-01-22,17
GES,Centro 1,Hybrid,2024-01-22,16
VND,Centro 1,Hybrid,2024-01-22,15
CYB,Centro 4,Hybrid,2024-01-22,14
ING,Centro 3,Hybrid,2024-01-22,14
LID,Centro 2,Hybrid,2024-01-22,14
SCI,Centro 5,Hybrid,2024-01-22,14
SST,Centro 2,In-person,2024-01-22,14
FOR,Centro 4,Online,2024-01-22,13
SCI,Centro 4,In-person,2024-01-22,13
SEG,Centro 4,Hybrid,2024-01-22,13
EXC,Centro 3,Hybrid,2024-01-22,12
EXC,Centro 5,Online,2024-01-22,12
GES,Centro 5,In-person,2024-01-22,12
INF,Centro 1,In-person,2024-01-22,12
LOG,Centro 4,In-person,2024-01-22,12
VND,Centro 2,Online,2024-01-22,11
LOG,Centro 1,In-person,2024-01-22,10
PBI,Centro 2,Online,2024-01-22,10
ING,Centro 5,Online,2024-01-22,9
LID,Centro 5,Hybrid,2024-01-22,9
CYB,Centro 1,Online,2024-01-22,8
SCI,Centro 5,In-person,2024-01-22,8
HCP,Centro 1,In-person,2024-01-22,7
LID,Centro 1,In-person,2024-01-22,7
LID,Centro 2,In-person,2024-01-22,7
TUR,Centro 5,In-person,2024-01-22,7
CYB,Centro 2,Online,2024-01-22,6
GER,Centro 3,In-person,2024-01-22,6
GES,Centro 3,Hybrid,2024-01-22,6
PBI,Centro 4,Hybrid,2024-01-22,6
PRI,Centro 1,In-person,2024-01-22,6
PRO,Centro 4,In-person,2024-01-22,6
SCI,Centro 3,In-person,2024-01-22,6
SOC,Centro 1,In-person,2024-01-22,6
SOC,Centro 3,In-person,2024-01-22,6
INF,Centro 2,In-person,2024-01-22,5
INF,Centro 3,Hybrid,2024-01-22,5
INF,Centro 4,In-person,2024-01-22,5
LOG,Centro 4,Hybrid,2024-01-22,5
MNT,Centro 1,In-person,2024-01-22,5
PBI,Centro 5,In-person,2024-01-22,5
PRI,Centro 1,Hybrid,2024-01-22,5
PYT,Centro 4,In-person,2024-01-22,5
SEG,Centro 3,In-person,2024-01-22,5
EXC,Centro 5,In-person,2024-01-22,4
GER,Centro 2,In-person,2024-01-22,4
GER,Centro 3,Hybrid,2024-01-22,3
HAC,Centro 2,Hybrid,2024-01-22,3
INF,Centro 2,Hybrid,2024-01-22,3
INF,Centro 3,In-person,2024-01-22,3
LID,Centro 3,In-person,2024-01-22,3
LID,Centro 4,In-person,2024-01-22,3
LOG,Centro 5,In-person,2024-01-22,3
PBI,Centro 3,Online,2024-01-22,3
PRI,Centro 3,In-person,2024-01-22,3
PYT,Centro 1,Hybrid,2024-01-22,3
PYT,Centro 3,Online,2024-01-22,3
SCI,Centro 1,Hybrid,2024-01-22,3
TUR,Centro 2,Hybrid,2024-01-22,3
VND,Centro 4,In-person,2024-01-22,3
EXC,Centro 2,Hybrid,2024-01-22,2
HAC,Centro 3,In-person,2024-01-22,2
LOG,Centro 2,In-person,2024-01-22,2
MNT,Centro 5,In-person,2024-01-22,2
PBI,Centro 1,Online,2024-01-22,2
PYT,Centro 2,In-person,2024-01-22,2
SST,Centro 3,Hybrid,2024-01-22,2
TUR,Centro 2,In-person,2024-01-22,2
CYB,Centro 3,Online,2024-01-22,1
CYB,Centro 3,Hybrid,2024-01-22,1
FOR,Centro 4,Hybrid,2024-01-22,1
GER,Centro 4,Hybrid,2024-01-22,1
HCP,Centro 2,In-person,2024-01-22,1
LOG,Centro 2,Hybrid,2024-01-22,1
LOG,Centro 3,In-person,2024-01-22,1
PBI,Centro 1,In-person,2024-01-22,1
PBI,Centro 3,In-person,2024-01-22,1
PBI,Centro 4,Online,2024-01-22,1
PRI,Centro 3,Hybrid,2024-01-22,1
SEG,Centro 3,Online,2024-01-22,1
SST,Centro 3,Online,2024-01-22,1
MNT,Centro 3,In-person,2024-01-29,40
PBI,Centro 2,Online,2024-01-29,34
PBI,Centro 1,Online,2024-01-29,32
PRI,Centro 5,Hybrid,2024-01-29,29
EMP,Centro 1,In-person,2024-01-29,28
HCP,Centro 1,In-person,2024-01-29,26
SEG,Centro 4,Hybrid,2024-01-29,26
FOR,Centro 3,Online,2024-01-29,25
SST,Centro 4,In-person,2024-01-29,23
LOG,Centro 1,Hybrid,2024-01-29,22
LOG,Centro 4,Hybrid,2024-01-29,22
SEG,Centro 1,Online,2024-01-29,21
HCP,Centro 4,Hybrid,2024-01-29,20
PBI,Centro 5,Online,2024-01-29,20
PRI,Centro 4,In-person,2024-01-29,20
GER,Centro 5,In-person,2024-01-29,19
EXC,Centro 4,Online,2024-01-29,18
MNT,Centro 5,In-person,2024-01-29,18
FOR,Centro 3,Hybrid,2024-01-29,17
HAC,Centro 5,In-person,2024-01-29,17
PYT,Centro 2,Hybrid,2024-01-29,17
PRI,Centro 1,Hybrid,2024-01-29,16
PRO,Centro 1,Hybrid,2024-01-29,16
SOC,Centro 4,Hybrid,2024-01-29,16
EXC,Centro 5,In-person,2024-01-29,15
SCI,Centro 4,In-person,2024-01-29,15
SEG,Centro 2,Hybrid,2024-01-29,15
MNT,Centro 4,In-person,2024-01-29,14
EMP,Centro 4,In-person,2024-01-29,13
GES,Centro 1,In-person,2024-01-29,13
PBI,Centro 1,In-person,2024-01-29,12
PBI,Centro 2,Hybrid,2024-01-29,12
PRI,Centro 2,In-person,2024-01-29,12
CYB,Centro 1,Online,2024-01-29,11
LID,Centro 1,Hybrid,2024-01-29,11
PRO,Centro 3,Hybrid,2024-01-29,11
EMP,Centro 2,In-person,2024-01-29,10
EMP,Centro 5,In-person,2024-01-29,10
INF,Centro 3,In-person,2024-01-29,10
LOG,Centro 3,In-person,2024-01-29,10
PRI,Centro 1,In-person,2024-01-29,10
HAC,Centro 1,In-person,2024-01-29,9
HCP,Centro 2,In-person,2024-01-29,9
TUR,Centro 2,Hybrid,2024-01-29,9
CYB,Centro 2,Online,2024-01-29,8
CYB,Centro 2,Hybrid,2024-01-29,8
CYB,Centro 3,Hybrid,2024-01-29,8
FOR,Centro 1,Hybrid,2024-01-29,8
MNT,Centro 1,In-person,2024-01-29,8
PBI,Centro 5,In-person,2024-01-29,8
PRI,Centro 3,Hybrid,2024-01-29,8
SCI,Centro 1,In-person,2024-01-29,8
GES,Centro 1,Hybrid,2024-01-29,7
GES,Centro 2,In-person,2024-01-29,7
HAC,Centro 3,In-person,2024-01-29,7
PYT,Centro 3,Hybrid,2024-01-29,7
EXC,Centro 5,Online,2024-01-29,6
GER,Centro 3,In-person,2024-01-29,6
LID,Centro 2,Hybrid,2024-01-29,6
LOG,Centro 1,In-person,2024-01-29,6
MNT,Centro 2,In-person,2024-01-29,6
PBI,Centro 3,Online,2024-01-29,6
SCI,Centro 1,Hybrid,2024-01-29,6
SEG,Centro 2,In-person,2024-01-29,6
SEG,Centro 3,In-person,2024-01-29,6
PBI,Centro 4,Hybrid,2024-01-29,5
PRI,Centro 3,In-person,2024-01-29,5
PYT,Centro 2,Online,2024-01-29,5
SST,Centro 3,In-person,2024-01-29,5
VND,Centro 4,In-person,2024-01-29,5
CYB,Centro 4,Hybrid,2024-01-29,4
GES,Centro 4,In-person,2024-01-29,4
HOT,Centro 4,In-person,2024-01-29,4
PYT,Centro 1,Hybrid,2024-01-29,4
INF,Centro 4,In-person,2024-01-29,3
LOG,Centro 2,Hybrid,2024-01-29,3
PYT,Centro 2,In-person,2024-01-29,3
SOC,Centro 3,In-person,2024-01-29,3
INF,Centro 3,Hybrid,2024-01-29,2
LID,Centro 5,In-person,2024-01-29,2
LOG,Centro 4,In-person,2024-01-29,2
LOG,Centro 5,In-person,2024-01-29,2
PBI,Centro 4,Online,2024-01-29,2
PRO,Centro 3,Online,2024-01-29,2
SEG,Centro 3,Hybrid,2024-01-29,2
SST,Centro 3,Online,2024-01-29,2
SST,Centro 5,In-person,2024-01-29,2
TUR,Centro 5,Hybrid,2024-01-29,2
VND,Centro 1,In-person,2024-01-29,2
INF,Centro 2,In-person,2024-01-29,1
INF,Centro 5,In-person,2024-01-29,1
LID,Centro 4,In-person,2024-01-29,1
PRO,Centro 4,Hybrid,2024-01-29,1
PYT,Centro 1,In-person,2024-01-29,1
PYT,Centro 3,Online,2024-01-29,1
SEG,Centro 1,Hybrid,2024-01-29,1
SST,Centro 1,In-person,2024-01-29,1
SST,Centro 4,Hybrid,2024-01-29,1
TUR,Centro 3,In-person,2024-01-29,1
VND,Centro 1,Hybrid,2024-01-29,1
LOG,Centro 1,Hybrid,2024-02-05,45
PBI,Centro 2,Online,2024-02-05,35
PRI,Centro 3,In-person,2024-02-05,34
SST,Centro 4,In-person,2024-02-05,31
SST,Centro 2,Online,2024-02-05,30
PRO,Centro 5,Online,2024-02-05,28
EXC,Centro 2,Hybrid,2024-02-05,27
CYB,Centro 1,Online,2024-02-05,26
HCP,Centro 2,In-person,2024-02-05,23
VND,Centro 2,In-person,2024-02-05,22
GES,Centro 5,Hybrid,2024-02-05,21
PYT,Centro 3,Online,2024-02-05,20
SEG,Centro 3,Hybrid,2024-02-05,20
CYB,Centro 3,Hybrid,2024-02-05,19
GER,Centro 1,In-person,2024-02-05,19
LID,Centro 5,Hybrid,2024-02-05,19
LOG,Centro 4,In-person,2024-02-05,19
CYB,Centro 5,Online,2024-02-05,18
GER,Centro 3,In-person,2024-02-05,18
HCP,Centro 1,In-person,2024-02-05,18
ING,Centro 3,In-person,2024-02-05,18
EXC,Centro 2,Online,2024-02-05,17
GES,Centro 2,Online,2024-02-05,17
SEG,Centro 3,In-person,2024-02-05,17
LOG,Centro 1,In-person,2024-02-05,16
SST,Centro 2,In-person,2024-02-05,16
PRI,Centro 3,Hybrid,2024-02-05,15
EXC,Centro 4,Hybrid,2024-02-05,14
GES,Centro 3,Hybrid,2024-02-05,14
HAC,Centro 5,Hybrid,2024-02-05,14
PBI,Centro 5,Online,2024-02-05,14
PYT,Centro 3,In-person,2024-02-05,14
VND,Centro 1,Hybrid,2024-02-05,14
FOR,Centro 3,Hybrid,2024-02-05,13
PBI,Centro 4,Online,2024-02-05,13
PRI,Centro 1,Hybrid,2024-02-05,13
PYT,Centro 1,Hybrid,2024-02-05,13
SST,Centro 1,In-person,2024-02-05,13
SST,Centro 3,Hybrid,2024-02-05,13
GES,Centro 1,Online,2024-02-05,12
MNT,Centro 2,In-person,2024-02-05,12
SCI,Centro 2,Hybrid,2024-02-05,12
SCI,Centro 4,In-person,2024-02-05,12
HCP,Centro 3,In-person,2024-02-05,11
LOG,Centro 2,In-person,2024-02-05,11
MNT,Centro 4,In-person,2024-02-05,11
HOT,Centro 2,In-person,2024-02-05,10
ING,Centro 5,Online,2024-02-05,10
LOG,Centro 3,In-person,2024-02-05,10
PRI,Centro 5,Hybrid,2024-02-05,10
TUR,Centro 2,Hybrid,2024-02-05,10
CYB,Centro 1,Hybrid,2024-02-05,9
EXC,Centro 5,Online,2024-02-05,9
GER,Centro 1,Hybrid,2024-02-05,9
INF,Centro 3,In-person,2024-02-05,9
LID,Centro 2,Hybrid,2024-02-05,9
CYB,Centro 4,In-person,2024-02-05,8
GES,Centro 4,Hybrid,2024-02-05,8
INF,Centro 2,In-person,2024-02-05,8
LOG,Centro 3,Hybrid,2024-02-05,8
MNT,Centro 5,In-person,2024-02-05,8
PBI,Centro 3,Online,2024-02-05,8
SCI,Centro 1,In-person,2024-02-05,8
SCI,Centro 5,In-person,2024-02-05,8
SST,Centro 5,Hybrid,2024-02-05,8
TUR,Centro 2,In-person,2024-02-05,8
CYB,Centro 3,Online,2024-02-05,7
EMP,Centro 1,In-person,2024-02-05,7
EMP,Centro 3,In-person,2024-02-05,7
EMP,Centro 4,In-person,2024-02-05,7
EXC,Centro 1,Hybrid,2024-02-05,7
EXC,Centro 3,Hybrid,2024-02-05,7
EXC,Centro 5,In-person,2024-02-05,7
HAC,Centro 3,In-person,2024-02-05,7
SEG,Centro 2,Hybrid,2024-02-05,7
CYB,Centro 4,Hybrid,2024-02-05,6
ING,Centro 2,In-person,2024-02-05,6
PBI,Centro 1,Online,2024-02-05,6
PBI,Centro 3,In-person,2024-02-05,6
GER,Centro 5,In-person,2024-02-05,5
INF,Centro 5,In-person,2024-02-05,5
PBI,Centro 2,Hybrid,2024-02-05,5
PRI,Centro 4,Hybrid,2024-02-05,5
VND,Centro 4,Hybrid,2024-02-05,5
EXC,Centro 5,Hybrid,2024-02-05,4
FOR,Centro 2,Online,2024-02-05,4
HCP,Centro 1,Hybrid,2024-02-05,4
HOT,Centro 4,In-person,2024-02-05,4
MNT,Centro 3,In-person,2024-02-05,4
PRI,Centro 2,In-person,2024-02-05,4
PYT,Centro 2,Online,2024-02-05,4
CYB,Centro 3,In-person,2024-02-05,3
FOR,Centro 4,Online,2024-02-05,3
GER,Centro 4,Hybrid,2024-02-05,3
LID,Centro 4,Online,2024-02-05,3
PBI,Centro 5,In-person,2024-02-05,3
HOT,Centro 2,Hybrid,2024-02-05,2
INF,Centro 4,In-person,2024-02-05,2
ING,Centro 3,Hybrid,2024-02-05,2
LID,Centro 5,Online,2024-02-05,2
SCI,Centro 1,Hybrid,2024-02-05,2
CYB,Centro 2,Online,2024-02-05,1
CYB,Centro 2,Hybrid,2024-02-05,1
GER,Centro 4,In-person,2024-02-05,1
HAC,Centro 3,Online,2024-02-05,1
HAC,Centro 4,In-person,2024-02-05,1
HAC,Centro 5,In-person,2024-02-05,1
INF,Centro 2,Hybrid,2024-02-05,1
INF,Centro 3,Hybrid,2024-02-05,1
LOG,Centro 2,Hybrid,2024-02-05,1
LOG,Centro 4,Hybrid,2024-02-05,1
LOG,Centro 5,In-person,2024-02-05,1
MNT,Centro 1,In-person,2024-02-05,1
PBI,Centro 2,In-person,2024-02-05,1
PRI,Centro 1,In-person,2024-02-05,1
PYT,Centro 2,Hybrid,2024-02-05,1
SEG,Centro 2,In-person,2024-02-05,1
SST,Centro 1,Online,2024-02-05,1
SST,Centro 5,In-person,2024-02-05,1
TUR,Centro 5,In-person,2024-02-05,1
VND,Centro 2,Online,2024-02-05,1
VND,Centro 2,Hybrid,2024-02-05,1
PBI,Centro 2,Hybrid,2024-02-12,30
LOG,Centro 2,In-person,2024-02-12,29
EXC,Centro 4,Online,2024-02-12,27
CYB,Centro 1,Online,2024-02-12,26
FOR,Centro 2,Online,2024-02-12,26
LOG,Centro 4,In-person,2024-02-12,26
SST,Centro 3,Online,2024-02-12,26
GER,Centro 2,In-person,2024-02-12,25
PYT,Centro 1,Hybrid,2024-02-12,24
HCP,Centro 1,Hybrid,2024-02-12,21
LID,Centro 4,Hybrid,2024-02-12,19
PRI,Centro 3,In-person,2024-02-12,19
SEG,Centro 1,In-person,2024-02-12,19
HOT,Centro 2,Hybrid,2024-02-12,18
SST,Centro 1,In-person,2024-02-12,18
PRO,Centro 2,In-person,2024-02-12,17
SEG,Centro 4,Online,2024-02-12,17
SST,Centro 4,Hybrid,2024-02-12,17
GER,Centro 3,In-person,2024-02-12,15
HAC,Centro 4,In-person,2024-02-12,15
INF,Centro 5,In-person,2024-02-12,15
ING,Centro 2,Hybrid,2024-02-12,15
MNT,Centro 5,In-person,2024-02-12,15
CYB,Centro 1,Hybrid,2024-02-12,14
HOT,Centro 3,In-person,2024-02-12,14
MNT,Centro 2,In-person,2024-02-12,14
PRI,Centro 1,In-person,2024-02-12,14
PYT,Centro 2,Online,2024-02-12,14
SST,Centro 4,In-person,2024-02-12,14
EMP,Centro 4,In-person,2024-02-12,13
FOR,Centro 3,Hybrid,2024-02-12,13
HAC,Centro 3,In-person,2024-02-12,13
PYT,Centro 2,In-person,2024-02-12,13
SOC,Centro 1,In-person,2024-02-12,13
VND,Centro 1,Hybrid,2024-02-12,13
LID,Centro 5,In-person,2024-02-12,12
PRO,Centro 1,Online,2024-02-12,12
HCP,Centro 2,In-person,2024-02-12,11
MNT,Centro 4,In-person,2024-02-12,11
VND,Centro 2,In-person,2024-02-12,11
EXC,Centro 5,Hybrid,2024-02-12,10
LID,Centro 4,Online,2024-02-12,10
LOG,Centro 2,Hybrid,2024-02-12,10
PBI,Centro 3,In-person,2024-02-12,10
SST,Centro 4,Online,2024-02-12,10
FOR,Centro 5,In-person,2024-02-12,9
GER,Centro 4,Hybrid,2024-02-12,9
PBI,Centro 4,Online,2024-02-12,9
PRI,Centro 4,Hybrid,2024-02-12,9
CYB,Centro 3,In-person,2024-02-12,8
GES,Centro 4,Hybrid,2024-02-12,8
HAC,Centro 5,In-person,2024-02-12,8
HOT,Centro 5,Hybrid,2024-02-12,8
SOC,Centro 3,In-person,2024-02-12,8
CYB,Centro 4,In-person,2024-02-12,7
HOT,Centro 2,In-person,2024-02-12,6
PBI,Centro 2,Online,2024-02-12,6
PRO,Centro 4,Hybrid,2024-02-12,6
GER,Centro 1,In-person,2024-02-12,5
GES,Centro 1,In-person,2024-02-12,5
GES,Centro 3,In-person,2024-02-12,5
INF,Centro 3,Hybrid,2024-02-12,5
LOG,Centro 1,In-person,2024-02-12,5
PBI,Centro 3,Online,2024-02-12,5
PBI,Centro 5,Online,2024-02-12,5
PBI,Centro 5,In-person,2024-02-12,5
PYT,Centro 2,Hybrid,2024-02-12,5
SCI,Centro 4,In-person,2024-02-12,5
SST,Centro 5,Hybrid,2024-02-12,5
EXC,Centro 4,In-person,2024-02-12,4
EXC,Centro 5,Online,2024-02-12,4
LID,Centro 2,Hybrid,2024-02-12,4
LID,Centro 2,In-person,2024-02-12,4
SEG,Centro 5,In-person,2024-02-12,4
EXC,Centro 2,Hybrid,2024-02-12,3
GES,Centro 2,Online,2024-02-12,3
HAC,Centro 3,Hybrid,2024-02-12,3
HCP,Centro 5,In-person,2024-02-12,3
INF,Centro 2,In-person,2024-02-12,3
LOG,Centro 3,In-person,2024-02-12,3
SEG,Centro 3,In-person,2024-02-12,3
SOC,Centro 2,Hybrid,2024-02-12,3
SST,Centro 1,Online,2024-02-12,3
VND,Centro 2,Hybrid,2024-02-12,3
EMP,Centro 1,In-person,2024-02-12,2
EMP,Centro 5,In-person,2024-02-12,2
EXC,Centro 3,Hybrid,2024-02-12,2
FOR,Centro 4,Online,2024-02-12,2
GES,Centro 3,Hybrid,2024-02-12,2
HOT,Centro 4,In-person,2024-02-12,2
ING,Centro 5,Online,2024-02-12,2
PRO,Centro 2,Online,2024-02-12,2
SCI,Centro 1,In-person,2024-02-12,2
EXC,Centro 2,In-person,2024-02-12,1
GES,Centro 4,In-person,2024-02-12,1
INF,Centro 2,Hybrid,2024-02-12,1
LID,Centro 1,Hybrid,2024-02-12,1
LOG,Centro 4,Hybrid,2024-02-12,1
MNT,Centro 3,In-person,2024-02-12,1
PRI,Centro 1,Hybrid,2024-02-12,1
PRI,Centro 4,In-person,2024-02-12,1
PRI,Centro 5,In-person,2024-02-12,1
SCI,Centro 3,In-person,2024-02-12,1
SEG,Centro 1,Hybrid,2024-02-12,1
SEG,Centro 4,In-person,2024-02-12,1
TUR,Centro 3,In-person,2024-02-12,1
SCI,Centro 1,In-person,2024-02-19,37
HAC,Centro 5,Hybrid,2024-02-19,34
HAC,Centro 5,In-person,2024-02-19,31
LOG,Centro 4,Hybrid,2024-02-19,28
GER,Centro 1,In-person,2024-02-19,26
INF,Centro 5,In-person,2024-02-19,26
CYB,Centro 3,Online,2024-02-19,25
SEG,Centro 5,In-person,2024-02-19,25
INF,Centro 2,In-person,2024-02-19,24
PYT,Centro 2,Online,2024-02-19,24
SCI,Centro 1,Hybrid,2024-02-19,24
FOR,Centro 4,Hybrid,2024-02-19,22
SCI,Centro 3,In-person,2024-02-19,22
HAC,Centro 5,Online,2024-02-19,21
LID,Centro 2,Hybrid,2024-02-19,21
PBI,Centro 4,Online,2024-02-19,21
VND,Centro 1,Hybrid,2024-02-19,21
EMP,Centro 3,In-person,2024-02-19,20
EXC,Centro 5,Online,2024-02-19,20
GER,Centro 4,In-person,2024-02-19,20
HCP,Centro 2,In-person,2024-02-19,20
INF,Centro 3,In-person,2024-02-19,20
SEG,Centro 4,Hybrid,2024-02-19,20
EMP,Centro 4,In-person,2024-02-19,18
INF,Centro 1,Hybrid,2024-02-19,18
PRI,Centro 1,Hybrid,2024-02-19,18
SEG,Centro 1,Hybrid,2024-02-19,18
HAC,Centro 3,In-person,2024-02-19,17
CYB,Centro 3,Hybrid,2024-02-19,16
CYB,Centro 2,Online,2024-02-19,15
EXC,Centro 4,In-person,2024-02-19,15
LID,Centro 4,Online,2024-02-19,15
SCI,Centro 4,In-person,2024-02-19,15
CYB,Centro 2,In-person,2024-02-19,14
HOT,Centro 2,Hybrid,2024-02-19,14
PYT,Centro 1,Hybrid,2024-02-19,14
GES,Centro 2,In-person,2024-02-19,13
LOG,Centro 3,In-person,2024-02-19,13
PBI,Centro 2,Hybrid,2024-02-19,13
SCI,Centro 3,Hybrid,2024-02-19,13
FOR,Centro 1,Hybrid,2024-02-19,12
HOT,Centro 5,In-person,2024-02-19,12
ING,Centro 2,Hybrid,2024-02-19,12
PYT,Centro 3,In-person,2024-02-19,12
SST,Centro 5,Hybrid,2024-02-19,12
CYB,Centro 5,Online,2024-02-19,11
GER,Centro 1,Hybrid,2024-02-19,11
LOG,Centro 2,In-person,2024-02-19,11
HOT,Centro 3,In-person,2024-02-19,10
LOG,Centro 3,Hybrid,2024-02-19,10
PBI,Centro 3,Online,2024-02-19,10
LOG,Centro 2,Hybrid,2024-02-19,9
PRI,Centro 3,In-person,2024-02-19,9
PRO,Centro 2,Online,2024-02-19,9
SOC,Centro 3,In-person,2024-02-19,9
GES,Centro 5,Hybrid,2024-02-19,8
ING,Centro 5,Hybrid,2024-02-19,8
SST,Centro 3,Hybrid,2024-02-19,8
FOR,Centro 3,Hybrid,2024-02-19,7
GER,Centro 2,In-person,2024-02-19,7
GES,Centro 4,Hybrid,2024-02-19,7
INF,Centro 2,Hybrid,2024-02-19,7
LOG,Centro 4,In-person,2024-02-19,7
PYT,Centro 2,Hybrid,2024-02-19,7
SST,Centro 2,In-person,2024-02-19,7
ING,Centro 3,Hybrid,2024-02-19,6
LID,Centro 4,In-person,2024-02-19,6
PBI,Centro 1,Hybrid,2024-02-19,6
PRO,Centro 4,Online,2024-02-19,6
GER,Centro 5,In-person,2024-02-19,5
HOT,Centro 2,In-person,2024-02-19,5
PRO,Centro 1,Hybrid,2024-02-19,5
SST,Centro 1,Online,2024-02-19,5
SST,Centro 1,In-person,2024-02-19,5
EMP,Centro 1,In-person,2024-02-19,4
EMP,Centro 5,In-person,2024-02-19,4
EXC,Centro 2,Hybrid,2024-02-19,4
FOR,Centro 5,Online,2024-02-19,4
HOT,Centro 4,In-person,2024-02-19,4
MNT,Centro 1,In-person,2024-02-19,4
MNT,Centro 4,In-person,2024-02-19,4
PRI,Centro 2,In-person,2024-02-19,4
FOR,Centro 5,In-person,2024-02-19,3
HCP,Centro 1,In-person,2024-02-19,3
PRI,Centro 1,In-person,2024-02-19,3
PRI,Centro 5,Hybrid,2024-02-19,3
PRI,Centro 5,In-person,2024-02-19,3
SST,Centro 4,In-person,2024-02-19,3
TUR,Centro 2,In-person,2024-02-19,3
CYB,Centro 4,Online,2024-02-19,2
PBI,Centro 4,In-person,2024-02-19,2
PRO,Centro 3,Hybrid,2024-02-19,2
SEG,Centro 1,Online,2024-02-19,2
SEG,Centro 3,In-person,2024-02-19,2
SEG,Centro 4,Online,2024-02-19,2
VND,Centro 2,In-person,2024-02-19,2
EXC,Centro 2,Online,2024-02-19,1
GES,Centro 1,In-person,2024-02-19,1
HCP,Centro 3,In-person,2024-02-19,1
LID,Centro 4,Hybrid,2024-02-19,1
LOG,Centro 1,Hybrid,2024-02-19,1
MNT,Centro 3,In-person,2024-02-19,1
MNT,Centro 5,In-person,2024-02-19,1
PBI,Centro 4,Hybrid,2024-02-19,1
PRI,Centro 4,In-person,2024-02-19,1
PYT,Centro 2,In-person,2024-02-19,1
PYT,Centro 5,Hybrid,2024-02-19,1
SOC,Centro 1,Hybrid,2024-02-19,1
SOC,Centro 1,In-person,2024-02-19,1
VND,Centro 5,In-person,2024-02-19,1
PBI,Centro 4,Online,2024-02-26,50
LOG,Centro 3,In-person,2024-02-26,36
EXC,Centro 4,Online,2024-02-26,34
ING,Centro 5,Hybrid,2024-02-26,29
MNT,Centro 5,In-person,2024-02-26,28
SEG,Centro 4,In-person,2024-02-26,28
PBI,Centro 4,Hybrid,2024-02-26,27
SST,Centro 5,Hybrid,2024-02-26,26
EXC,Centro 5,Hybrid,2024-02-26,25
SEG,Centro 3,Online,2024-02-26,25
SST,Centro 3,Hybrid,2024-02-26,24
ING,Centro 2,Online,2024-02-26,23
MNT,Centro 2,In-person,2024-02-26,23
PRI,Centro 1,Hybrid,2024-02-26,23
EMP,Centro 2,In-person,2024-02-26,22
PYT,Centro 5,Hybrid,2024-02-26,22
FOR,Centro 4,In-person,2024-02-26,21
GES,Centro 1,In-person,2024-02-26,21
PYT,Centro 2,In-person,2024-02-26,21
EXC,Centro 2,In-person,2024-02-26,20
FOR,Centro 3,Hybrid,2024-02-26,20
GES,Centro 5,Online,2024-02-26,20
PRI,Centro 1,In-person,2024-02-26,19
FOR,Centro 5,Online,2024-02-26,18
GER,Centro 1,Hybrid,2024-02-26,18
PBI,Centro 2,In-person,2024-02-26,18
GER,Centro 2,In-person,2024-02-26,17
INF,Centro 3,In-person,2024-02-26,17
PRO,Centro 4,Online,2024-02-26,17
GER,Centro 4,Hybrid,2024-02-26,16
INF,Centro 3,Hybrid,2024-02-26,16
VND,Centro 4,Online,2024-02-26,16
SCI,Centro 1,In-person,2024-02-26,15
EMP,Centro 3,In-person,2024-02-26,14
EXC,Centro 4,In-person,2024-02-26,14
GER,Centro 1,In-person,2024-02-26,14
HOT,Centro 5,In-person,2024-02-26,14
MNT,Centro 1,In-person,2024-02-26,14
MNT,Centro 3,In-person,2024-02-26,14
PYT,Centro 3,In-person,2024-02-26,14
SCI,Centro 4,In-person,2024-02-26,14
HOT,Centro 2,In-person,2024-02-26,13
PBI,Centro 2,Online,2024-02-26,13
EMP,Centro 1,In-person,2024-02-26,12
HCP,Centro 5,Hybrid,2024-02-26,12
PRI,Centro 2,In-person,2024-02-26,12
VND,Centro 5,In-person,2024-02-26,12
CYB,Centro 3,In-person,2024-02-26,11
CYB,Centro 4,Hybrid,2024-02-26,11
EXC,Centro 3,Hybrid,2024-02-26,11
PRI,Centro 5,In-person,2024-02-26,11
HOT,Centro 4,In-person,2024-02-26,10
VND,Centro 5,Hybrid,2024-02-26,10
CYB,Centro 2,Online,2024-02-26,9
EMP,Centro 4,In-person,2024-02-26,9
EMP,Centro 5,In-person,2024-02-26,9
EXC,Centro 5,Online,2024-02-26,9
GER,Centro 3,In-person,2024-02-26,9
SEG,Centro 5,In-person,2024-02-26,9
GES,Centro 5,Hybrid,2024-02-26,8
HCP,Centro 2,In-person,2024-02-26,8
PBI,Centro 3,Hybrid,2024-02-26,8
PRI,Centro 4,Hybrid,2024-02-26,8
SST,Centro 2,In-person,2024-02-26,8
FOR,Centro 2,In-person,2024-02-26,7
GER,Centro 5,In-person,2024-02-26,7
HAC,Centro 3,In-person,2024-02-26,7
HOT,Centro 3,In-person,2024-02-26,7
INF,Centro 4,In-person,2024-02-26,7
PRO,Centro 5,Online,2024-02-26,7
SEG,Centro 1,Online,2024-02-26,7
SST,Centro 1,In-person,2024-02-26,7
EXC,Centro 2,Hybrid,2024-02-26,6
GES,Centro 3,Hybrid,2024-02-26,6
HCP,Centro 3,In-person,2024-02-26,6
TUR,Centro 5,In-person,2024-02-26,6
CYB,Centro 5,Online,2024-02-26,5
GES,Centro 1,Online,2024-02-26,5
HAC,Centro 3,Hybrid,2024-02-26,5
HAC,Centro 5,Online,2024-02-26,5
HAC,Centro 5,In-person,2024-02-26,5
LID,Centro 5,In-person,2024-02-26,5
MNT,Centro 4,In-person,2024-02-26,5
SEG,Centro 2,In-person,2024-02-26,4
SEG,Centro 4,Online,2024-02-26,4
SOC,Centro 1,In-person,2024-02-26,4
SST,Centro 4,In-person,2024-02-26,4
FOR,Centro 4,Online,2024-02-26,3
GES,Centro 4,In-person,2024-02-26,3
PBI,Centro 2,Hybrid,2024-02-26,3
PRI,Centro 5,Hybrid,2024-02-26,3
PRO,Centro 1,Online,2024-02-26,3
SCI,Centro 1,Hybrid,2024-02-26,3
SOC,Centro 2,In-person,2024-02-26,3
SST,Centro 4,Online,2024-02-26,3
VND,Centro 1,Hybrid,2024-02-26,3
CYB,Centro 1,Hybrid,2024-02-26,2
CYB,Centro 2,Hybrid,2024-02-26,2
CYB,Centro 3,Online,2024-02-26,2
EXC,Centro 5,In-person,2024-02-26,2
FOR,Centro 2,Online,2024-02-26,2
FOR,Centro 4,Hybrid,2024-02-26,2
INF,Centro 1,Hybrid,2024-02-26,2
LID,Centro 3,Online,2024-02-26,2
LID,Centro 4,Hybrid,2024-02-26,2
LOG,Centro 4,In-person,2024-02-26,2
SOC,Centro 3,In-person,2024-02-26,2
CYB,Centro 4,Online,2024-02-26,1
EXC,Centro 3,Online,2024-02-26,1
FOR,Centro 1,Hybrid,2024-02-26,1
GER,Centro 2,Hybrid,2024-02-26,1
GER,Centro 3,Hybrid,2024-02-26,1
HAC,Centro 1,In-person,2024-02-26,1
HCP,Centro 3,Hybrid,2024-02-26,1
HCP,Centro 5,In-person,2024-02-26,1
INF,Centro 2,Hybrid,2024-02-26,1
ING,Centro 3,Hybrid,2024-02-26,1
PBI,Centro 1,Hybrid,2024-02-26,1
PRO,Centro 2,Online,2024-02-26,1
PRO,Centro 4,Hybrid,2024-02-26,1
PYT,Centro 3,Online,2024-02-26,1
PYT,Centro 3,Hybrid,2024-02-26,1
SEG,Centro 1,Hybrid,2024-02-26,1
SEG,Centro 3,In-person,2024-02-26,1
SEG,Centro 4,Hybrid,2024-02-26,1
SOC,Centro 4,In-person,2024-02-26,1
ING,Centro 2,Online,2024-03-04,53
PBI,Centro 2,Online,2024-03-04,28
HCP,Centro 3,Hybrid,2024-03-04,25
ING,Centro 5,Online,2024-03-04,24
PBI,Centro 3,Online,2024-03-04,24
PYT,Centro 5,Hybrid,2024-03-04,24
SST,Centro 4,Online,2024-03-04,24
SST,Centro 5,Hybrid,2024-03-04,24
PRI,Centro 4,Hybrid,2024-03-04,23
PYT,Centro 3,In-person,2024-03-04,23
CYB,Centro 1,In-person,2024-03-04,22
SST,Centro 1,In-person,2024-03-04,22
SOC,Centro 5,In-person,2024-03-04,21
GER,Centro 3,Hybrid,2024-03-04,20
SST,Centro 2,In-person,2024-03-04,20
LOG,Centro 1,Hybrid,2024-03-04,19
GES,Centro 5,Hybrid,2024-03-04,18
INF,Centro 2,In-person,2024-03-04,18
MNT,Centro 2,In-person,2024-03-04,18
SCI,Centro 1,In-person,2024-03-04,18
MNT,Centro 4,In-person,2024-03-04,17
PRI,Centro 5,In-person,2024-03-04,17
SOC,Centro 4,In-person,2024-03-04,17
INF,Centro 5,In-person,2024-03-04,16
PBI,Centro 4,Hybrid,2024-03-04,16
SEG,Centro 4,Online,2024-03-04,16
SST,Centro 4,In-person,2024-03-04,16
HAC,Centro 5,In-person,2024-03-04,15
SEG,Centro 2,In-person,2024-03-04,15
HAC,Centro 5,Online,2024-03-04,14
HCP,Centro 3,In-person,2024-03-04,14
SEG,Centro 1,In-person,2024-03-04,14
VND,Centro 5,Hybrid,2024-03-04,14
HAC,Centro 1,In-person,2024-03-04,13
LID,Centro 1,Hybrid,2024-03-04,13
SEG,Centro 4,In-person,2024-03-04,13
TUR,Centro 1,In-person,2024-03-04,13
CYB,Centro 3,Online,2024-03-04,12
CYB,Centro 5,In-person,2024-03-04,12
EXC,Centro 4,Online,2024-03-04,12
SST,Centro 2,Hybrid,2024-03-04,12
HOT,Centro 2,In-person,2024-03-04,11
HOT,Centro 4,In-person,2024-03-04,11
PRI,Centro 3,In-person,2024-03-04,11
HOT,Centro 3,In-person,2024-03-04,10
TUR,Centro 5,In-person,2024-03-04,10
EMP,Centro 4,In-person,2024-03-04,9
FOR,Centro 5,In-person,2024-03-04,9
INF,Centro 3,Hybrid,2024-03-04,9
PRI,Centro 1,Hybrid,2024-03-04,9
PRI,Centro 3,Hybrid,2024-03-04,9
PYT,Centro 2,Online,2024-03-04,9
VND,Centro 5,In-person,2024-03-04,9
CYB,Centro 2,In-person,2024-03-04,8
CYB,Centro 5,Online,2024-03-04,8
EXC,Centro 2,Hybrid,2024-03-04,8
INF,Centro 3,In-person,2024-03-04,8
PRO,Centro 4,Hybrid,2024-03-04,8
SEG,Centro 5,In-person,2024-03-04,8
CYB,Centro 2,Online,2024-03-04,7
GER,Centro 4,Hybrid,2024-03-04,7
ING,Centro 3,Hybrid,2024-03-04,7
PBI,Centro 2,In-person,2024-03-04,7
PBI,Centro 4,In-person,2024-03-04,7
PRI,Centro 5,Hybrid,2024-03-04,7
VND,Centro 1,Hybrid,2024-03-04,7
GER,Centro 1,In-person,2024-03-04,6
ING,Centro 3,Online,2024-03-04,6
LID,Centro 5,In-person,2024-03-04,6
PYT,Centro 2,Hybrid,2024-03-04,6
SOC,Centro 1,In-person,2024-03-04,6
GES,Centro 5,In-person,2024-03-04,5
HOT,Centro 5,In-person,2024-03-04,5
PRI,Centro 1,In-person,2024-03-04,5
SCI,Centro 3,In-person,2024-03-04,5
CYB,Centro 1,Hybrid,2024-03-04,4
EXC,Centro 3,Hybrid,2024-03-04,4
EXC,Centro 5,Hybrid,2024-03-04,4
FOR,Centro 4,In-person,2024-03-04,4
GES,Centro 2,In-person,2024-03-04,4
HCP,Centro 4,Hybrid,2024-03-04,4
INF,Centro 4,In-person,2024-03-04,4
PRO,Centro 4,Online,2024-03-04,4
PYT,Centro 2,In-person,2024-03-04,4
SCI,Centro 3,Hybrid,2024-03-04,4
EMP,Centro 5,In-person,2024-03-04,3
GER,Centro 2,In-person,2024-03-04,3
GES,Centro 4,In-person,2024-03-04,3
LOG,Centro 1,In-person,2024-03-04,3
PRI,Centro 2,Hybrid,2024-03-04,3
PRI,Centro 2,In-person,2024-03-04,3
EMP,Centro 3,In-person,2024-03-04,2
HAC,Centro 5,Hybrid,2024-03-04,2
LOG,Centro 2,Hybrid,2024-03-04,2
LOG,Centro 4,In-person,2024-03-04,2
MNT,Centro 5,In-person,2024-03-04,2
PRO,Centro 3,Hybrid,2024-03-04,2
SST,Centro 3,Hybrid,2024-03-04,2
CYB,Centro 3,Hybrid,2024-03-04,1
CYB,Centro 3,In-person,2024-03-04,1
EXC,Centro 3,Online,2024-03-04,1
FOR,Centro 3,Hybrid,2024-03-04,1
FOR,Centro 4,Online,2024-03-04,1
HCP,Centro 5,In-person,2024-03-04,1
INF,Centro 2,Hybrid,2024-03-04,1
LOG,Centro 2,In-person,2024-03-04,1
LOG,Centro 3,Hybrid,2024-03-04,1
MNT,Centro 1,In-person,2024-03-04,1
VND,Centro 4,Hybrid,2024-03-04,1
CYB,Centro 2,Hybrid,2024-03-11,38
MNT,Centro 1,In-person,2024-03-11,38
EMP,Centro 3,In-person,2024-03-11,36
GES,Centro 1,Online,2024-03-11,36
TUR,Centro 2,In-person,2024-03-11,35
GES,Centro 5,In-person,2024-03-11,29
PRI,Centro 5,In-person,2024-03-11,28
EMP,Centro 4,In-person,2024-03-11,27
SEG,Centro 4,In-person,2024-03-11,25
CYB,Centro 1,Hybrid,2024-03-11,24
HOT,Centro 2,In-person,2024-03-11,23
PYT,Centro 3,Online,2024-03-11,23
CYB,Centro 4,Online,2024-03-11,22
EXC,Centro 1,Hybrid,2024-03-11,22
ING,Centro 5,Online,2024-03-11,18
SEG,Centro 4,Online,2024-03-11,18
PYT,Centro 5,Online,2024-03-11,17
CYB,Centro 5,Online,2024-03-11,16
LOG,Centro 1,In-person,2024-03-11,16
LOG,Centro 4,In-person,2024-03-11,16
SST,Centro 1,In-person,2024-03-11,16
CYB,Centro 4,Hybrid,2024-03-11,15
EXC,Centro 3,Online,2024-03-11,15
INF,Centro 4,In-person,2024-03-11,15
LOG,Centro 5,In-person,2024-03-11,15
SST,Centro 1,Online,2024-03-11,15
PRI,Centro 3,In-person,2024-03-11,13
SEG,Centro 1,In-person,2024-03-11,13
EXC,Centro 5,In-person,2024-03-11,12
FOR,Centro 4,In-person,2024-03-11,12
MNT,Centro 5,In-person,2024-03-11,12
PRI,Centro 5,Hybrid,2024-03-11,12
PYT,Centro 2,Online,2024-03-11,12
SCI,Centro 2,In-person,2024-03-11,12
SOC,Centro 1,In-person,2024-03-11,12
SST,Centro 2,In-person,2024-03-11,12
EXC,Centro 4,Online,2024-03-11,11
HAC,Centro 2,Online,2024-03-11,11
INF,Centro 2,Hybrid,2024-03-11,11
PRI,Centro 3,Hybrid,2024-03-11,10
PYT,Centro 3,In-person,2024-03-11,10
PYT,Centro 4,Online,2024-03-11,10
LID,Centro 5,Online,2024-03-11,9
VND,Centro 2,Online,2024-03-11,9
ING,Centro 2,Online,2024-03-11,8
GER,Centro 1,In-person,2024-03-11,7
LID,Centro 3,Online,2024-03-11,7
SEG,Centro 3,Hybrid,2024-03-11,7
SST,Centro 2,Hybrid,2024-03-11,7
VND,Centro 4,In-person,2024-03-11,7
CYB,Centro 3,In-person,2024-03-11,6
EMP,Centro 1,In-person,2024-03-11,6
FOR,Centro 2,In-person,2024-03-11,6
HAC,Centro 5,Hybrid,2024-03-11,6
HOT,Centro 4,In-person,2024-03-11,6
HOT,Centro 5,Hybrid,2024-03-11,6
PRI,Centro 1,In-person,2024-03-11,6
TUR,Centro 4,In-person,2024-03-11,6
EXC,Centro 4,Hybrid,2024-03-11,5
EXC,Centro 5,Hybrid,2024-03-11,5
FOR,Centro 5,Online,2024-03-11,5
GER,Centro 2,In-person,2024-03-11,5
HCP,Centro 4,Hybrid,2024-03-11,5
HOT,Centro 3,In-person,2024-03-11,5
HOT,Centro 5,In-person,2024-03-11,5
LOG,Centro 1,Hybrid,2024-03-11,5
MNT,Centro 2,In-person,2024-03-11,5
PRO,Centro 1,Online,2024-03-11,5
PYT,Centro 2,In-person,2024-03-11,5
SEG,Centro 1,Hybrid,2024-03-11,5
CYB,Centro 2,Online,2024-03-11,4
CYB,Centro 3,Hybrid,2024-03-11,4
FOR,Centro 4,Online,2024-03-11,4
GER,Centro 4,Hybrid,2024-03-11,4
HAC,Centro 5,Online,2024-03-11,4
SEG,Centro 3,Online,2024-03-11,4
VND,Centro 5,Hybrid,2024-03-11,4
EXC,Centro 4,In-person,2024-03-11,3
GER,Centro 2,Hybrid,2024-03-11,3
HCP,Centro 3,In-person,2024-03-11,3
HCP,Centro 5,Hybrid,2024-03-11,3
ING,Centro 1,Online,2024-03-11,3
ING,Centro 4,Online,2024-03-11,3
SCI,Centro 4,In-person,2024-03-11,3
VND,Centro 4,Online,2024-03-11,3
CYB,Centro 3,Online,2024-03-11,2
CYB,Centro 4,In-person,2024-03-11,2
EXC,Centro 2,In-person,2024-03-11,2
FOR,Centro 4,Hybrid,2024-03-11,2
GER,Centro 3,Hybrid,2024-03-11,2
GES,Centro 5,Hybrid,2024-03-11,2
HCP,Centro 1,In-person,2024-03-11,2
INF,Centro 5,In-person,2024-03-11,2
ING,Centro 2,Hybrid,2024-03-11,2
ING,Centro 5,Hybrid,2024-03-11,2
PRI,Centro 2,In-person,2024-03-11,2
PRO,Centro 5,Hybrid,2024-03-11,2
SEG,Centro 4,Hybrid,2024-03-11,2
SOC,Centro 5,In-person,2024-03-11,2
SST,Centro 2,Online,2024-03-11,2
SST,Centro 4,In-person,2024-03-11,2
GER,Centro 5,In-person,2024-03-11,1
HAC,Centro 1,In-person,2024-03-11,1
HAC,Centro 3,In-person,2024-03-11,1
HCP,Centro 3,Hybrid,2024-03-11,1
INF,Centro 3,Hybrid,2024-03-11,1
LID,Centro 1,Hybrid,2024-03-11,1
LOG,Centro 2,In-person,2024-03-11,1
LOG,Centro 3,Hybrid,2024-03-11,1
MNT,Centro 3,In-person,2024-03-11,1
PBI,Centro 4,Hybrid,2024-03-11,1
PRI,Centro 4,In-person,2024-03-11,1
PRO,Centro 4,Hybrid,2024-03-11,1
PYT,Centro 2,Hybrid,2024-03-11,1
PYT,Centro 3,Hybrid,2024-03-11,1
PYT,Centro 5,Hybrid,2024-03-11,1
SEG,Centro 3,In-person,2024-03-11,1
SEG,Centro 5,In-person,2024-03-11,1
SOC,Centro 2,In-person,2024-03-11,1
SST,Centro 3,Hybrid,2024-03-11,1
PBI,Centro 2,Online,2024-03-18,57
INF,Centro 5,In-person,2024-03-18,41
PBI,Centro 4,In-person,2024-03-18,40
SCI,Centro 3,In-person,2024-03-18,30
CYB,Centro 2,Hybrid,2024-03-18,25
HCP,Centro 5,In-person,2024-03-18,25
PYT,Centro 3,In-person,2024-03-18,24
EMP,Centro 4,In-person,2024-03-18,23
EXC,Centro 4,Online,2024-03-18,23
CYB,Centro 3,Online,2024-03-18,22
INF,Centro 2,Hybrid,2024-03-18,21
PBI,Centro 3,Hybrid,2024-03-18,20
PRO,Centro 4,Hybrid,2024-03-18,20
VND,Centro 3,Hybrid,2024-03-18,20
LID,Centro 3,Online,2024-03-18,19
CYB,Centro 5,Online,2024-03-18,18
HAC,Centro 1,In-person,2024-03-18,18
PRI,Centro 1,In-person,2024-03-18,18
PRI,Centro 4,Hybrid,2024-03-18,18
PRI,Centro 4,In-person,2024-03-18,18
PYT,Centro 3,Online,2024-03-18,18
PYT,Centro 3,Hybrid,2024-03-18,18
EXC,Centro 5,Hybrid,2024-03-18,17
HOT,Centro 5,In-person,2024-03-18,16
INF,Centro 3,Hybrid,2024-03-18,16
HCP,Centro 3,Hybrid,2024-03-18,15
LID,Centro 5,Online,2024-03-18,14
LOG,Centro 5,In-person,2024-03-18,14
SEG,Centro 4,In-person,2024-03-18,14
FOR,Centro 2,Hybrid,2024-03-18,13
HAC,Centro 5,Online,2024-03-18,13
MNT,Centro 4,In-person,2024-03-18,13
TUR,Centro 2,In-person,2024-03-18,13
INF,Centro 4,In-person,2024-03-18,12
PRO,Centro 4,In-person,2024-03-18,12
SEG,Centro 1,Hybrid,2024-03-18,12
GES,Centro 5,Online,2024-03-18,11
INF,Centro 2,In-person,2024-03-18,11
MNT,Centro 3,In-person,2024-03-18,11
SOC,Centro 5,In-person,2024-03-18,11
LID,Centro 1,Hybrid,2024-03-18,10
PRO,Centro 5,Hybrid,2024-03-18,10
VND,Centro 2,Online,2024-03-18,10
GES,Centro 4,In-person,2024-03-18,9
PRI,Centro 3,In-person,2024-03-18,9
SST,Centro 2,In-person,2024-03-18,9
TUR,Centro 1,Hybrid,2024-03-18,9
EMP,Centro 3,In-person,2024-03-18,8
MNT,Centro 2,In-person,2024-03-18,8
CYB,Centro 2,Online,2024-03-18,7
CYB,Centro 5,Hybrid,2024-03-18,7
EXC,Centro 4,In-person,2024-03-18,7
GER,Centro 1,In-person,2024-03-18,7
HCP,Centro 5,Hybrid,2024-03-18,7
LID,Centro 2,Hybrid,2024-03-18,7
PBI,Centro 1,Online,2024-03-18,7
SEG,Centro 1,In-person,2024-03-18,7
SOC,Centro 5,Hybrid,2024-03-18,7
TUR,Centro 5,In-person,2024-03-18,7
ING,Centro 2,Hybrid,2024-03-18,6
LOG,Centro 1,Hybrid,2024-03-18,6
MNT,Centro 1,In-person,2024-03-18,6
PRO,Centro 4,Online,2024-03-18,6
PYT,Centro 4,Online,2024-03-18,6
SOC,Centro 2,In-person,2024-03-18,5
FOR,Centro 3,Online,2024-03-18,4
GER,Centro 2,Hybrid,2024-03-18,4
HOT,Centro 1,Hybrid,2024-03-18,4
HOT,Centro 5,Hybrid,2024-03-18,4
PBI,Centro 2,In-person,2024-03-18,4
PBI,Centro 4,Online,2024-03-18,4
SST,Centro 1,Online,2024-03-18,4
CYB,Centro 3,In-person,2024-03-18,3
EMP,Centro 5,In-person,2024-03-18,3
EXC,Centro 4,Hybrid,2024-03-18,3
GES,Centro 2,In-person,2024-03-18,3
HAC,Centro 5,Hybrid,2024-03-18,3
ING,Centro 5,Hybrid,2024-03-18,3
LOG,Centro 4,Hybrid,2024-03-18,3
PRI,Centro 1,Hybrid,2024-03-18,3
PRI,Centro 2,In-person,2024-03-18,3
PYT,Centro 2,Online,2024-03-18,3
PYT,Centro 2,Hybrid,2024-03-18,3
TUR,Centro 4,Hybrid,2024-03-18,3
CYB,Centro 1,Hybrid,2024-03-18,2
CYB,Centro 2,In-person,2024-03-18,2
GER,Centro 3,Hybrid,2024-03-18,2
HOT,Centro 4,Hybrid,2024-03-18,2
INF,Centro 1,In-person,2024-03-18,2
ING,Centro 5,Online,2024-03-18,2
LOG,Centro 1,In-person,2024-03-18,2
PRI,Centro 2,Hybrid,2024-03-18,2
PRI,Centro 5,In-person,2024-03-18,2
SCI,Centro 1,In-person,2024-03-18,2
CYB,Centro 4,Hybrid,2024-03-18,1
EXC,Centro 1,Hybrid,2024-03-18,1
FOR,Centro 3,Hybrid,2024-03-18,1
GES,Centro 1,Hybrid,2024-03-18,1
GES,Centro 4,Online,2024-03-18,1
HAC,Centro 2,Online,2024-03-18,1
HAC,Centro 5,In-person,2024-03-18,1
ING,Centro 3,In-person,2024-03-18,1
LOG,Centro 2,Hybrid,2024-03-18,1
MNT,Centro 5,In-person,2024-03-18,1
PBI,Centro 5,In-person,2024-03-18,1
PRO,Centro 2,Online,2024-03-18,1
PRO,Centro 5,In-person,2024-03-18,1
PYT,Centro 4,In-person,2024-03-18,1
PYT,Centro 5,Hybrid,2024-03-18,1
SCI,Centro 1,Hybrid,2024-03-18,1
SCI,Centro 2,In-person,2024-03-18,1
SST,Centro 3,In-person,2024-03-18,1
VND,Centro 4,Online,2024-03-18,1
PYT,Centro 2,Online,2024-03-25,38
SEG,Centro 1,Hybrid,2024-03-25,34
CYB,Centro 4,In-person,2024-03-25,29
HAC,Centro 5,Online,2024-03-25,27
LOG,Centro 3,Hybrid,2024-03-25,27
CYB,Centro 1,Online,2024-03-25,25
LOG,Centro 5,In-person,2024-03-25,25
PRI,Centro 2,In-person,2024-03-25,25
PRO,Centro 4,Hybrid,2024-03-25,25
VND,Centro 2,Online,2024-03-25,25
SOC,Centro 5,Hybrid,2024-03-25,24
PBI,Centro 5,Online,2024-03-25,23
PYT,Centro 2,Hybrid,2024-03-25,23
SOC,Centro 3,In-person,2024-03-25,22
CYB,Centro 4,Online,2024-03-25,21
CYB,Centro 3,Online,2024-03-25,20
FOR,Centro 5,Online,2024-03-25,20
LID,Centro 3,Online,2024-03-25,20
SCI,Centro 4,Hybrid,2024-03-25,20
SEG,Centro 3,In-person,2024-03-25,20
PYT,Centro 5,In-person,2024-03-25,19
GER,Centro 4,In-person,2024-03-25,18
HCP,Centro 4,Hybrid,2024-03-25,18
PBI,Centro 5,In-person,2024-03-25,18
PYT,Centro 1,Online,2024-03-25,18
HAC,Centro 5,In-person,2024-03-25,17
FOR,Centro 2,In-person,2024-03-25,16
MNT,Centro 1,In-person,2024-03-25,16
EXC,Centro 4,Hybrid,2024-03-25,15
SEG,Centro 5,In-person,2024-03-25,15
SST,Centro 5,In-person,2024-03-25,15
EXC,Centro 1,Hybrid,2024-03-25,14
INF,Centro 3,Hybrid,2024-03-25,14
PBI,Centro 1,Online,2024-03-25,14
PBI,Centro 4,Hybrid,2024-03-25,14
CYB,Centro 1,Hybrid,2024-03-25,13
HCP,Centro 5,In-person,2024-03-25,13
ING,Centro 3,Hybrid,2024-03-25,13
MNT,Centro 4,In-person,2024-03-25,13
PRO,Centro 4,Online,2024-03-25,13
VND,Centro 2,In-person,2024-03-25,13
EMP,Centro 5,In-person,2024-03-25,12
ING,Centro 2,Hybrid,2024-03-25,12
GES,Centro 3,Hybrid,2024-03-25,11
INF,Centro 4,In-person,2024-03-25,11
LOG,Centro 1,In-person,2024-03-25,11
GES,Centro 2,Hybrid,2024-03-25,10
PRO,Centro 5,Hybrid,2024-03-25,10
VND,Centro 4,Hybrid,2024-03-25,10
CYB,Centro 4,Hybrid,2024-03-25,9
EXC,Centro 2,In-person,2024-03-25,9
EXC,Centro 5,Hybrid,2024-03-25,9
HOT,Centro 2,Hybrid,2024-03-25,9
SST,Centro 4,Hybrid,2024-03-25,9
MNT,Centro 2,In-person,2024-03-25,8
PBI,Centro 2,Online,2024-03-25,8
PBI,Centro 2,In-person,2024-03-25,8
PYT,Centro 5,Online,2024-03-25,8
SCI,Centro 3,In-person,2024-03-25,8
SOC,Centro 1,In-person,2024-03-25,8
TUR,Centro 4,In-person,2024-03-25,8
CYB,Centro 3,In-person,2024-03-25,7
EXC,Centro 5,In-person,2024-03-25,7
HCP,Centro 5,Hybrid,2024-03-25,7
ING,Centro 1,In-person,2024-03-25,7
ING,Centro 2,Online,2024-03-25,7
LID,Centro 1,Hybrid,2024-03-25,7
LOG,Centro 2,Hybrid,2024-03-25,7
EXC,Centro 4,Online,2024-03-25,6
FOR,Centro 1,Hybrid,2024-03-25,6
GER,Centro 2,In-person,2024-03-25,6
PBI,Centro 4,In-person,2024-03-25,6
VND,Centro 2,Hybrid,2024-03-25,6
CYB,Centro 2,In-person,2024-03-25,5
CYB,Centro 5,In-person,2024-03-25,5
LOG,Centro 1,Hybrid,2024-03-25,5
PRI,Centro 1,In-person,2024-03-25,5
FOR,Centro 5,In-person,2024-03-25,4
HCP,Centro 4,In-person,2024-03-25,4
HOT,Centro 1,In-person,2024-03-25,4
INF,Centro 2,In-person,2024-03-25,4
LID,Centro 2,Hybrid,2024-03-25,4
MNT,Centro 3,In-person,2024-03-25,4
PYT,Centro 2,In-person,2024-03-25,4
PYT,Centro 4,Online,2024-03-25,4
SEG,Centro 1,In-person,2024-03-25,4
SEG,Centro 4,Online,2024-03-25,4
SST,Centro 4,In-person,2024-03-25,4
VND,Centro 4,Online,2024-03-25,4
EMP,Centro 3,In-person,2024-03-25,3
EXC,Centro 2,Online,2024-03-25,3
HCP,Centro 3,In-person,2024-03-25,3
PRI,Centro 4,In-person,2024-03-25,3
PYT,Centro 5,Hybrid,2024-03-25,3
SEG,Centro 5,Online,2024-03-25,3
EMP,Centro 1,In-person,2024-03-25,2
FOR,Centro 3,Hybrid,2024-03-25,2
FOR,Centro 4,Online,2024-03-25,2
GES,Centro 1,Online,2024-03-25,2
GES,Centro 4,In-person,2024-03-25,2
HAC,Centro 1,In-person,2024-03-25,2
HAC,Centro 2,Online,2024-03-25,2
ING,Centro 5,Online,2024-03-25,2
PRI,Centro 1,Hybrid,2024-03-25,2
PYT,Centro 3,In-person,2024-03-25,2
SCI,Centro 4,In-person,2024-03-25,2
SOC,Centro 5,In-person,2024-03-25,2
SST,Centro 1,Hybrid,2024-03-25,2
VND,Centro 3,Hybrid,2024-03-25,2
CYB,Centro 2,Online,2024-03-25,1
EMP,Centro 4,In-person,2024-03-25,1
GER,Centro 1,Hybrid,2024-03-25,1
GER,Centro 3,Hybrid,2024-03-25,1
HCP,Centro 1,In-person,2024-03-25,1
HOT,Centro 4,Hybrid,2024-03-25,1
LOG,Centro 2,In-person,2024-03-25,1
LOG,Centro 4,Hybrid,2024-03-25,1
MNT,Centro 5,In-person,2024-03-25,1
PRI,Centro 5,In-person,2024-03-25,1
PRO,Centro 2,Online,2024-03-25,1
PRO,Centro 4,In-person,2024-03-25,1
SEG,Centro 4,In-person,2024-03-25,1
SST,Centro 1,Online,2024-03-25,1
SST,Centro 2,Online,2024-03-25,1
SST,Centro 2,In-person,2024-03-25,1
TUR,Centro 2,In-person,2024-03-25,1
TUR,Centro 5,Hybrid,2024-03-25,1
VND,Centro 1,In-person,2024-03-25,1
HAC,Centro 3,Hybrid,2024-04-01,44
MNT,Centro 5,In-person,2024-04-01,39
PYT,Centro 2,Hybrid,2024-04-01,28
CYB,Centro 3,Online,2024-04-01,27
CYB,Centro 5,Online,2024-04-01,25
MNT,Centro 1,In-person,2024-04-01,25
GER,Centro 2,Hybrid,2024-04-01,24
PRI,Centro 2,Hybrid,2024-04-01,23
PRO,Centro 4,Hybrid,2024-04-01,23
FOR,Centro 4,Online,2024-04-01,22
PRI,Centro 4,In-person,2024-04-01,22
PYT,Centro 2,Online,2024-04-01,22
SST,Centro 1,Online,2024-04-01,22
HOT,Centro 4,Hybrid,2024-04-01,21
LOG,Centro 1,Hybrid,2024-04-01,21
SCI,Centro 5,Hybrid,2024-04-01,21
LID,Centro 2,Hybrid,2024-04-01,20
SST,Centro 4,In-person,2024-04-01,20
INF,Centro 4,In-person,2024-04-01,19
LOG,Centro 2,Hybrid,2024-04-01,18
CYB,Centro 1,Hybrid,2024-04-01,17
PRI,Centro 5,In-person,2024-04-01,17
VND,Centro 2,Hybrid,2024-04-01,17
CYB,Centro 4,Hybrid,2024-04-01,16
LID,Centro 3,Online,2024-04-01,16
SCI,Centro 2,Hybrid,2024-04-01,16
EMP,Centro 4,In-person,2024-04-01,15
HAC,Centro 1,In-person,2024-04-01,15
ING,Centro 5,Online,2024-04-01,15
TUR,Centro 4,Hybrid,2024-04-01,15
FOR,Centro 1,Hybrid,2024-04-01,14
GER,Centro 2,In-person,2024-04-01,14
PYT,Centro 4,Online,2024-04-01,14
SCI,Centro 1,Hybrid,2024-04-01,14
FOR,Centro 4,In-person,2024-04-01,13
INF,Centro 2,Hybrid,2024-04-01,13
INF,Centro 3,Hybrid,2024-04-01,13
GER,Centro 1,In-person,2024-04-01,12
PRO,Centro 5,In-person,2024-04-01,12
TUR,Centro 4,In-person,2024-04-01,12
EMP,Centro 1,In-person,2024-04-01,11
HOT,Centro 1,In-person,2024-04-01,11
ING,Centro 3,Hybrid,2024-04-01,11
SOC,Centro 3,Hybrid,2024-04-01,11
CYB,Centro 2,Hybrid,2024-04-01,10
EXC,Centro 3,Online,2024-04-01,10
HAC,Centro 3,In-person,2024-04-01,10
ING,Centro 1,In-person,2024-04-01,10
PBI,Centro 2,Hybrid,2024-04-01,10
PBI,Centro 4,In-person,2024-04-01,10
EXC,Centro 4,Online,2024-04-01,9
GER,Centro 3,In-person,2024-04-01,9
ING,Centro 4,Online,2024-04-01,9
PYT,Centro 2,In-person,2024-04-01,9
SEG,Centro 2,In-person,2024-04-01,9
SEG,Centro 3,In-person,2024-04-01,9
EMP,Centro 3,In-person,2024-04-01,8
HAC,Centro 2,In-person,2024-04-01,8
HOT,Centro 2,Hybrid,2024-04-01,8
ING,Centro 3,Online,2024-04-01,8
SEG,Centro 4,Online,2024-04-01,8
TUR,Centro 5,In-person,2024-04-01,8
GES,Centro 2,Hybrid,2024-04-01,7
SST,Centro 1,In-person,2024-04-01,7
FOR,Centro 5,Online,2024-04-01,6
HAC,Centro 5,Hybrid,2024-04-01,6
ING,Centro 3,In-person,2024-04-01,6
PRO,Centro 4,In-person,2024-04-01,6
SEG,Centro 4,In-person,2024-04-01,6
SOC,Centro 5,Hybrid,2024-04-01,6
GER,Centro 4,In-person,2024-04-01,5
HCP,Centro 4,Hybrid,2024-04-01,5
INF,Centro 5,In-person,2024-04-01,5
LID,Centro 4,In-person,2024-04-01,5
LOG,Centro 5,In-person,2024-04-01,5
PBI,Centro 4,Hybrid,2024-04-01,5
PYT,Centro 5,Hybrid,2024-04-01,5
TUR,Centro 5,Hybrid,2024-04-01,5
GER,Centro 1,Hybrid,2024-04-01,4
LOG,Centro 1,In-person,2024-04-01,4
PBI,Centro 4,Online,2024-04-01,4
TUR,Centro 1,In-person,2024-04-01,4
EXC,Centro 5,In-person,2024-04-01,3
FOR,Centro 2,In-person,2024-04-01,3
FOR,Centro 5,In-person,2024-04-01,3
HCP,Centro 5,In-person,2024-04-01,3
MNT,Centro 4,In-person,2024-04-01,3
PRI,Centro 1,Hybrid,2024-04-01,3
PYT,Centro 3,In-person,2024-04-01,3
SEG,Centro 3,Hybrid,2024-04-01,3
EXC,Centro 5,Hybrid,2024-04-01,2
HCP,Centro 3,Hybrid,2024-04-01,2
HOT,Centro 5,Hybrid,2024-04-01,2
ING,Centro 2,Hybrid,2024-04-01,2
PBI,Centro 1,In-person,2024-04-01,2
PBI,Centro 2,In-person,2024-04-01,2
PYT,Centro 3,Hybrid,2024-04-01,2
SCI,Centro 4,Hybrid,2024-04-01,2
SST,Centro 3,In-person,2024-04-01,2
CYB,Centro 2,In-person,2024-04-01,1
CYB,Centro 3,In-person,2024-04-01,1
EMP,Centro 5,In-person,2024-04-01,1
EXC,Centro 1,Hybrid,2024-04-01,1
EXC,Centro 2,In-person,2024-04-01,1
EXC,Centro 3,Hybrid,2024-04-01,1
FOR,Centro 3,In-person,2024-04-01,1
GES,Centro 5,Online,2024-04-01,1
HOT,Centro 1,Hybrid,2024-04-01,1
INF,Centro 5,Hybrid,2024-04-01,1
LID,Centro 1,Hybrid,2024-04-01,1
PBI,Centro 2,Online,2024-04-01,1
PRI,Centro 2,In-person,2024-04-01,1
PRO,Centro 5,Hybrid,2024-04-01,1
SEG,Centro 1,Hybrid,2024-04-01,1
SST,Centro 1,Hybrid,2024-04-01,1
TUR,Centro 3,In-person,2024-04-01,1
VND,Centro 2,In-person,2024-04-01,1
VND,Centro 4,Online,2024-04-01,1
LOG,Centro 1,Hybrid,2024-04-08,52
GER,Centro 1,Hybrid,2024-04-08,36
VND,Centro 4,Online,2024-04-08,35
ING,Centro 5,Online,2024-04-08,33
EXC,Centro 4,Online,2024-04-08,31
LID,Centro 3,Online,2024-04-08,30
GES,Centro 4,Online,2024-04-08,25
PYT,Centro 5,Hybrid,2024-04-08,25
MNT,Centro 1,In-person,2024-04-08,24
SCI,Centro 2,Hybrid,2024-04-08,21
SST,Centro 5,In-person,2024-04-08,21
TUR,Centro 4,Hybrid,2024-04-08,20
CYB,Centro 2,In-person,2024-04-08,19
LID,Centro 2,Hybrid,2024-04-08,19
LID,Centro 4,In-person,2024-04-08,19
PRI,Centro 1,In-person,2024-04-08,19
SEG,Centro 4,Online,2024-04-08,19
ING,Centro 2,Hybrid,2024-04-08,18
PRO,Centro 3,Online,2024-04-08,18
TUR,Centro 3,In-person,2024-04-08,18
CYB,Centro 3,Hybrid,2024-04-08,17
EMP,Centro 4,In-person,2024-04-08,17
PBI,Centro 3,In-person,2024-04-08,17
PBI,Centro 5,Online,2024-04-08,17
SCI,Centro 4,In-person,2024-04-08,17
SOC,Centro 5,Hybrid,2024-04-08,17
FOR,Centro 2,Hybrid,2024-04-08,16
HAC,Centro 2,Online,2024-04-08,16
HAC,Centro 3,Hybrid,2024-04-08,16
PBI,Centro 4,Online,2024-04-08,16
GER,Centro 4,In-person,2024-04-08,15
HAC,Centro 3,In-person,2024-04-08,15
HOT,Centro 4,In-person,2024-04-08,15
PRI,Centro 2,In-person,2024-04-08,15
PYT,Centro 1,In-person,2024-04-08,15
CYB,Centro 4,Hybrid,2024-04-08,14
ING,Centro 2,Online,2024-04-08,14
PBI,Centro 2,Online,2024-04-08,14
GES,Centro 4,In-person,2024-04-08,13
SEG,Centro 1,Hybrid,2024-04-08,13
EXC,Centro 3,Online,2024-04-08,12
GER,Centro 2,In-person,2024-04-08,12
HAC,Centro 4,In-person,2024-04-08,12
HOT,Centro 5,In-person,2024-04-08,12
SEG,Centro 4,Hybrid,2024-04-08,12
FOR,Centro 4,Online,2024-04-08,11
GES,Centro 2,In-person,2024-04-08,11
PBI,Centro 3,Online,2024-04-08,11
VND,Centro 5,In-person,2024-04-08,11
ING,Centro 3,Online,2024-04-08,10
SCI,Centro 4,Hybrid,2024-04-08,10
SOC,Centro 3,In-person,2024-04-08,10
EXC,Centro 1,Hybrid,2024-04-08,9
HAC,Centro 5,In-person,2024-04-08,9
HCP,Centro 4,In-person,2024-04-08,9
CYB,Centro 4,Online,2024-04-08,8
FOR,Centro 1,Hybrid,2024-04-08,8
HCP,Centro 2,In-person,2024-04-08,8
LID,Centro 5,Hybrid,2024-04-08,8
PBI,Centro 2,In-person,2024-04-08,8
PBI,Centro 4,In-person,2024-04-08,8
CYB,Centro 1,Hybrid,2024-04-08,7
CYB,Centro 2,Hybrid,2024-04-08,7
CYB,Centro 3,In-person,2024-04-08,7
EXC,Centro 5,Hybrid,2024-04-08,7
HAC,Centro 5,Hybrid,2024-04-08,7
LOG,Centro 2,Hybrid,2024-04-08,7
LOG,Centro 4,Hybrid,2024-04-08,7
TUR,Centro 4,In-person,2024-04-08,7
GER,Centro 5,In-person,2024-04-08,6
GES,Centro 2,Hybrid,2024-04-08,6
HOT,Centro 1,In-person,2024-04-08,6
INF,Centro 1,In-person,2024-04-08,6
INF,Centro 5,In-person,2024-04-08,6
ING,Centro 5,Hybrid,2024-04-08,6
SEG,Centro 2,In-person,2024-04-08,6
VND,Centro 4,Hybrid,2024-04-08,6
FOR,Centro 5,In-person,2024-04-08,5
LID,Centro 2,Online,2024-04-08,5
LOG,Centro 5,In-person,2024-04-08,5
PRI,Centro 5,In-person,2024-04-08,5
PRO,Centro 4,Hybrid,2024-04-08,5
SEG,Centro 3,In-person,2024-04-08,5
CYB,Centro 2,Online,2024-04-08,4
EXC,Centro 3,Hybrid,2024-04-08,4
GER,Centro 1,In-person,2024-04-08,4
INF,Centro 4,In-person,2024-04-08,4
LOG,Centro 2,In-person,2024-04-08,4
PBI,Centro 1,Online,2024-04-08,4
HAC,Centro 1,In-person,2024-04-08,3
INF,Centro 2,Hybrid,2024-04-08,3
MNT,Centro 4,In-person,2024-04-08,3
MNT,Centro 5,In-person,2024-04-08,3
PRI,Centro 4,In-person,2024-04-08,3
PRO,Centro 4,Online,2024-04-08,3
PYT,Centro 4,In-person,2024-04-08,3
SEG,Centro 3,Hybrid,2024-04-08,3
SEG,Centro 4,In-person,2024-04-08,3
SEG,Centro 5,Online,2024-04-08,3
SOC,Centro 5,In-person,2024-04-08,3
SST,Centro 3,Hybrid,2024-04-08,3
VND,Centro 1,In-person,2024-04-08,3
VND,Centro 2,Hybrid,2024-04-08,3
VND,Centro 2,In-person,2024-04-08,3
CYB,Centro 1,Online,2024-04-08,2
FOR,Centro 2,In-person,2024-04-08,2
FOR,Centro 4,In-person,2024-04-08,2
GER,Centro 5,Hybrid,2024-04-08,2
HCP,Centro 1,In-person,2024-04-08,2
MNT,Centro 2,In-person,2024-04-08,2
PYT,Centro 2,Hybrid,2024-04-08,2
SST,Centro 1,Hybrid,2024-04-08,2
SST,Centro 3,In-person,2024-04-08,2
CYB,Centro 4,In-person,2024-04-08,1
EMP,Centro 3,In-person,2024-04-08,1
EXC,Centro 2,In-person,2024-04-08,1
FOR,Centro 2,Online,2024-04-08,1
FOR,Centro 5,Online,2024-04-08,1
GER,Centro 3,In-person,2024-04-08,1
LID,Centro 5,In-person,2024-04-08,1
LOG,Centro 3,Hybrid,2024-04-08,1
LOG,Centro 5,Hybrid,2024-04-08,1
PBI,Centro 5,Hybrid,2024-04-08,1
PRI,Centro 2,Hybrid,2024-04-08,1
PRO,Centro 3,Hybrid,2024-04-08,1
PYT,Centro 3,Hybrid,2024-04-08,1
PYT,Centro 3,In-person,2024-04-08,1
SCI,Centro 5,Hybrid,2024-04-08,1
SEG,Centro 5,In-person,2024-04-08,1
TUR,Centro 5,Hybrid,2024-04-08,1
TUR,Centro 5,In-person,2024-04-08,1
ING,Centro 3,Online,2024-04-15,46
PBI,Centro 4,Online,2024-04-15,45
FOR,Centro 4,Hybrid,2024-04-15,30
GES,Centro 5,Online,2024-04-15,30
GER,Centro 2,In-person,2024-04-15,29
LOG,Centro 3,Hybrid,2024-04-15,29
EMP,Centro 3,In-person,2024-04-15,27
HAC,Centro 2,Online,2024-04-15,27
CYB,Centro 2,Hybrid,2024-04-15,26
GER,Centro 1,Hybrid,2024-04-15,25
EXC,Centro 4,Hybrid,2024-04-15,24
FOR,Centro 5,Online,2024-04-15,24
GER,Centro 5,In-person,2024-04-15,24
SCI,Centro 4,In-person,2024-04-15,24
EMP,Centro 1,In-person,2024-04-15,23
EXC,Centro 4,In-person,2024-04-15,23
VND,Centro 2,Hybrid,2024-04-15,23
INF,Centro 2,Hybrid,2024-04-15,22
SST,Centro 1,Online,2024-04-15,22
CYB,Centro 2,Online,2024-04-15,21
SOC,Centro 2,Hybrid,2024-04-15,21
LID,Centro 2,Hybrid,2024-04-15,20
SEG,Centro 1,In-person,2024-04-15,20
LOG,Centro 4,Hybrid,2024-04-15,17
MNT,Centro 4,In-person,2024-04-15,17
PRI,Centro 1,Hybrid,2024-04-15,17
PYT,Centro 4,Hybrid,2024-04-15,17
SEG,Centro 4,Hybrid,2024-04-15,17
CYB,Centro 1,Hybrid,2024-04-15,16
FOR,Centro 3,Hybrid,2024-04-15,16
HAC,Centro 1,In-person,2024-04-15,16
HAC,Centro 3,In-person,2024-04-15,16
ING,Centro 3,In-person,2024-04-15,16
LID,Centro 3,Hybrid,2024-04-15,16
MNT,Centro 1,In-person,2024-04-15,16
PBI,Centro 2,Online,2024-04-15,16
TUR,Centro 4,In-person,2024-04-15,16
HOT,Centro 1,Hybrid,2024-04-15,15
PYT,Centro 4,In-person,2024-04-15,15
SOC,Centro 3,Hybrid,2024-04-15,15
SEG,Centro 3,In-person,2024-04-15,14
LOG,Centro 1,In-person,2024-04-15,13
PYT,Centro 2,Hybrid,2024-04-15,13
FOR,Centro 3,In-person,2024-04-15,12
INF,Centro 3,Hybrid,2024-04-15,12
SEG,Centro 3,Hybrid,2024-04-15,12
SST,Centro 1,Hybrid,2024-04-15,12
VND,Centro 1,In-person,2024-04-15,12
FOR,Centro 1,Hybrid,2024-04-15,11
HCP,Centro 5,Hybrid,2024-04-15,11
CYB,Centro 4,Hybrid,2024-04-15,10
EXC,Centro 2,Online,2024-04-15,10
ING,Centro 3,Hybrid,2024-04-15,10
PBI,Centro 3,In-person,2024-04-15,10
SOC,Centro 1,Hybrid,2024-04-15,10
TUR,Centro 5,Hybrid,2024-04-15,10
CYB,Centro 3,In-person,2024-04-15,9
HOT,Centro 2,In-person,2024-04-15,9
CYB,Centro 2,In-person,2024-04-15,8
HCP,Centro 2,In-person,2024-04-15,8
LID,Centro 5,In-person,2024-04-15,8
PYT,Centro 3,In-person,2024-04-15,8
SST,Centro 5,In-person,2024-04-15,8
VND,Centro 4,Online,2024-04-15,8
EMP,Centro 2,In-person,2024-04-15,7
EXC,Centro 2,In-person,2024-04-15,7
EXC,Centro 3,Online,2024-04-15,7
HOT,Centro 1,In-person,2024-04-15,7
PYT,Centro 2,In-person,2024-04-15,7
SST,Centro 3,In-person,2024-04-15,7
LOG,Centro 2,Hybrid,2024-04-15,6
LOG,Centro 2,In-person,2024-04-15,6
PRI,Centro 3,Hybrid,2024-04-15,6
PYT,Centro 4,Online,2024-04-15,6
SEG,Centro 4,In-person,2024-04-15,6
EXC,Centro 5,Hybrid,2024-04-15,5
GER,Centro 3,Hybrid,2024-04-15,5
HCP,Centro 4,Hybrid,2024-04-15,5
PRI,Centro 2,Hybrid,2024-04-15,5
TUR,Centro 1,In-person,2024-04-15,5
VND,Centro 3,In-person,2024-04-15,5
CYB,Centro 4,In-person,2024-04-15,4
EMP,Centro 5,In-person,2024-04-15,4
LID,Centro 5,Hybrid,2024-04-15,4
PYT,Centro 5,In-person,2024-04-15,4
SCI,Centro 4,Hybrid,2024-04-15,4
SCI,Centro 5,Hybrid,2024-04-15,4
SST,Centro 1,In-person,2024-04-15,4
SST,Centro 2,In-person,2024-04-15,4
CYB,Centro 4,Online,2024-04-15,3
EMP,Centro 4,In-person,2024-04-15,3
HAC,Centro 5,In-person,2024-04-15,3
PBI,Centro 4,In-person,2024-04-15,3
PRI,Centro 5,In-person,2024-04-15,3
CYB,Centro 5,In-person,2024-04-15,2
EXC,Centro 4,Online,2024-04-15,2
FOR,Centro 4,In-person,2024-04-15,2
GES,Centro 4,In-person,2024-04-15,2
HOT,Centro 3,In-person,2024-04-15,2
INF,Centro 1,In-person,2024-04-15,2
INF,Centro 4,In-person,2024-04-15,2
ING,Centro 2,Hybrid,2024-04-15,2
ING,Centro 4,Online,2024-04-15,2
LOG,Centro 1,Hybrid,2024-04-15,2
LOG,Centro 5,Hybrid,2024-04-15,2
MNT,Centro 2,In-person,2024-04-15,2
MNT,Centro 5,In-person,2024-04-15,2
PRO,Centro 2,Online,2024-04-15,2
VND,Centro 2,Online,2024-04-15,2
VND,Centro 2,In-person,2024-04-15,2
CYB,Centro 5,Hybrid,2024-04-15,1
GES,Centro 3,Hybrid,2024-04-15,1
HCP,Centro 3,In-person,2024-04-15,1
HCP,Centro 4,In-person,2024-04-15,1
HCP,Centro 5,In-person,2024-04-15,1
LOG,Centro 4,In-person,2024-04-15,1
PBI,Centro 1,Hybrid,2024-04-15,1
PRI,Centro 1,In-person,2024-04-15,1
PRI,Centro 2,In-person,2024-04-15,1
PYT,Centro 1,In-person,2024-04-15,1
PYT,Centro 3,Hybrid,2024-04-15,1
PYT,Centro 5,Hybrid,2024-04-15,1
SEG,Centro 1,Hybrid,2024-04-15,1
SOC,Centro 3,In-person,2024-04-15,1
SST,Centro 5,Online,2024-04-15,1
VND,Centro 4,Hybrid,2024-04-15,1
PBI,Centro 2,Online,2024-04-22,58
EXC,Centro 5,Hybrid,2024-04-22,48
EXC,Centro 2,Online,2024-04-22,44
PYT,Centro 2,Online,2024-04-22,43
PBI,Centro 1,Online,2024-04-22,42
PRI,Centro 3,In-person,2024-04-22,38
SST,Centro 1,In-person,2024-04-22,34
FOR,Centro 3,Hybrid,2024-04-22,32
MNT,Centro 3,In-person,2024-04-22,31
SEG,Centro 3,Hybrid,2024-04-22,30
GER,Centro 1,Hybrid,2024-04-22,29
PRI,Centro 1,In-person,2024-04-22,28
VND,Centro 3,Hybrid,2024-04-22,27
CYB,Centro 1,Hybrid,2024-04-22,24
SEG,Centro 1,Online,2024-04-22,24
PRI,Centro 2,Hybrid,2024-04-22,23
CYB,Centro 4,Hybrid,2024-04-22,21
CYB,Centro 5,Online,2024-04-22,20
EXC,Centro 4,Online,2024-04-22,20
FOR,Centro 4,In-person,2024-04-22,20
ING,Centro 5,Hybrid,2024-04-22,20
SEG,Centro 4,In-person,2024-04-22,19
SST,Centro 3,Hybrid,2024-04-22,18
MNT,Centro 2,In-person,2024-04-22,17
SOC,Centro 1,Hybrid,2024-04-22,17
GES,Centro 1,Hybrid,2024-04-22,16
ING,Centro 2,Online,2024-04-22,16
SOC,Centro 3,Hybrid,2024-04-22,16
HAC,Centro 5,Online,2024-04-22,15
LID,Centro 2,Hybrid,2024-04-22,15
LID,Centro 2,In-person,2024-04-22,15
PBI,Centro 4,In-person,2024-04-22,15
PRO,Centro 2,Hybrid,2024-04-22,15
FOR,Centro 2,Hybrid,2024-04-22,14
HAC,Centro 1,Hybrid,2024-04-22,14
LOG,Centro 1,In-person,2024-04-22,14
SOC,Centro 2,In-person,2024-04-22,14
VND,Centro 3,In-person,2024-04-22,14
CYB,Centro 2,Hybrid,2024-04-22,13
ING,Centro 3,Online,2024-04-22,13
PRI,Centro 3,Hybrid,2024-04-22,13
SEG,Centro 2,Hybrid,2024-04-22,13
LOG,Centro 3,Hybrid,2024-04-22,12
PBI,Centro 4,Online,2024-04-22,12
SCI,Centro 4,In-person,2024-04-22,12
EXC,Centro 3,Hybrid,2024-04-22,11
PBI,Centro 5,Online,2024-04-22,11
SEG,Centro 1,In-person,2024-04-22,11
TUR,Centro 1,Hybrid,2024-04-22,11
VND,Centro 1,In-person,2024-04-22,11
VND,Centro 2,In-person,2024-04-22,11
CYB,Centro 2,In-person,2024-04-22,10
EMP,Centro 1,In-person,2024-04-22,10
INF,Centro 4,In-person,2024-04-22,10
ING,Centro 4,Online,2024-04-22,10
VND,Centro 5,In-person,2024-04-22,10
CYB,Centro 3,In-person,2024-04-22,9
FOR,Centro 1,Online,2024-04-22,9
GES,Centro 3,Hybrid,2024-04-22,9
HCP,Centro 3,Hybrid,2024-04-22,9
INF,Centro 5,In-person,2024-04-22,9
MNT,Centro 5,In-person,2024-04-22,9
VND,Centro 5,Online,2024-04-22,9
GER,Centro 3,In-person,2024-04-22,8
HAC,Centro 3,In-person,2024-04-22,8
INF,Centro 2,In-person,2024-04-22,8
SST,Centro 4,Hybrid,2024-04-22,8
VND,Centro 2,Online,2024-04-22,8
GES,Centro 5,Online,2024-04-22,7
PRI,Centro 5,In-person,2024-04-22,7
PRO,Centro 4,Hybrid,2024-04-22,7
SEG,Centro 3,In-person,2024-04-22,7
CYB,Centro 2,Online,2024-04-22,6
CYB,Centro 5,Hybrid,2024-04-22,6
FOR,Centro 2,In-person,2024-04-22,6
HAC,Centro 2,In-person,2024-04-22,6
HOT,Centro 1,Hybrid,2024-04-22,6
HOT,Centro 3,In-person,2024-04-22,6
ING,Centro 1,In-person,2024-04-22,6
PRI,Centro 4,Hybrid,2024-04-22,6
PYT,Centro 1,In-person,2024-04-22,6
SEG,Centro 5,Online,2024-04-22,6
CYB,Centro 4,In-person,2024-04-22,5
EXC,Centro 5,In-person,2024-04-22,5
HAC,Centro 5,Hybrid,2024-04-22,5
HCP,Centro 2,In-person,2024-04-22,5
TUR,Centro 4,In-person,2024-04-22,5
CYB,Centro 5,In-person,2024-04-22,4
EMP,Centro 4,In-person,2024-04-22,4
GER,Centro 5,In-person,2024-04-22,4
HCP,Centro 4,In-person,2024-04-22,4
HOT,Centro 1,In-person,2024-04-22,4
LOG,Centro 2,Hybrid,2024-04-22,4
MNT,Centro 1,In-person,2024-04-22,4
TUR,Centro 4,Hybrid,2024-04-22,4
FOR,Centro 2,Online,2024-04-22,3
HOT,Centro 2,Hybrid,2024-04-22,3
LOG,Centro 5,In-person,2024-04-22,3
PBI,Centro 1,Hybrid,2024-04-22,3
SST,Centro 5,In-person,2024-04-22,3
EXC,Centro 1,Hybrid,2024-04-22,2
INF,Centro 5,Hybrid,2024-04-22,2
LID,Centro 2,Online,2024-04-22,2
LID,Centro 3,Online,2024-04-22,2
PBI,Centro 3,Online,2024-04-22,2
PRO,Centro 3,Online,2024-04-22,2
PYT,Centro 2,In-person,2024-04-22,2
SOC,Centro 2,Hybrid,2024-04-22,2
SST,Centro 3,Online,2024-04-22,2
SST,Centro 4,In-person,2024-04-22,2
TUR,Centro 5,Hybrid,2024-04-22,2
CYB,Centro 3,Hybrid,2024-04-22,1
FOR,Centro 4,Hybrid,2024-04-22,1
GER,Centro 4,In-person,2024-04-22,1
HAC,Centro 3,Hybrid,2024-04-22,1
HCP,Centro 4,Hybrid,2024-04-22,1
HCP,Centro 5,In-person,2024-04-22,1
HOT,Centro 4,Hybrid,2024-04-22,1
HOT,Centro 5,In-person,2024-04-22,1
LID,Centro 5,In-person,2024-04-22,1
LOG,Centro 5,Hybrid,2024-04-22,1
PRO,Centro 5,Online,2024-04-22,1
PRO,Centro 5,Hybrid,2024-04-22,1
PYT,Centro 3,Hybrid,2024-04-22,1
SOC,Centro 3,In-person,2024-04-22,1
SST,Centro 1,Online,2024-04-22,1
SST,Centro 3,In-person,2024-04-22,1
TUR,Centro 3,In-person,2024-04-22,1
VND,Centro 4,Hybrid,2024-04-22,1
PBI,Centro 1,Online,2024-04-29,55
VND,Centro 4,Online,2024-04-29,55
EXC,Centro 3,Online,2024-04-29,43
EXC,Centro 2,Hybrid,2024-04-29,39
PBI,Centro 4,Online,2024-04-29,36
PYT,Centro 2,Online,2024-04-29,36
CYB,Centro 2,Hybrid,2024-04-29,35
ING,Centro 3,Hybrid,2024-04-29,35
EXC,Centro 5,Hybrid,2024-04-29,27
INF,Centro 5,Hybrid,2024-04-29,26
LOG,Centro 5,Hybrid,2024-04-29,26
HAC,Centro 1,In-person,2024-04-29,25
HAC,Centro 3,Hybrid,2024-04-29,24
MNT,Centro 5,In-person,2024-04-29,24
PRI,Centro 3,In-person,2024-04-29,24
GER,Centro 3,In-person,2024-04-29,23
CYB,Centro 5,Online,2024-04-29,21
PBI,Centro 1,Hybrid,2024-04-29,21
VND,Centro 2,Hybrid,2024-04-29,21
CYB,Centro 2,Online,2024-04-29,20
ING,Centro 2,Hybrid,2024-04-29,20
MNT,Centro 1,In-person,2024-04-29,20
PRO,Centro 5,Hybrid,2024-04-29,20
HCP,Centro 4,Hybrid,2024-04-29,19
LOG,Centro 2,Hybrid,2024-04-29,19
SOC,Centro 3,In-person,2024-04-29,19
SEG,Centro 3,Hybrid,2024-04-29,18
INF,Centro 5,In-person,2024-04-29,17
SEG,Centro 5,Online,2024-04-29,17
SST,Centro 2,In-person,2024-04-29,17
EXC,Centro 4,In-person,2024-04-29,16
SOC,Centro 4,In-person,2024-04-29,16
HAC,Centro 4,In-person,2024-04-29,15
HOT,Centro 4,Hybrid,2024-04-29,15
LOG,Centro 3,Hybrid,2024-04-29,15
MNT,Centro 3,In-person,2024-04-29,15
PRI,Centro 2,In-person,2024-04-29,15
SST,Centro 1,Online,2024-04-29,15
CYB,Centro 4,Online,2024-04-29,14
CYB,Centro 4,Hybrid,2024-04-29,14
FOR,Centro 1,Online,2024-04-29,14
GES,Centro 2,In-person,2024-04-29,14
PBI,Centro 2,Hybrid,2024-04-29,14
PYT,Centro 2,In-person,2024-04-29,14
EXC,Centro 2,Online,2024-04-29,13
GER,Centro 2,In-person,2024-04-29,13
LOG,Centro 5,In-person,2024-04-29,13
PBI,Centro 4,In-person,2024-04-29,13
PRI,Centro 1,Hybrid,2024-04-29,13
PRO,Centro 1,Online,2024-04-29,13
SST,Centro 1,In-person,2024-04-29,13
VND,Centro 2,In-person,2024-04-29,13
EMP,Centro 3,In-person,2024-04-29,12
LID,Centro 2,Hybrid,2024-04-29,12
PRI,Centro 1,In-person,2024-04-29,12
PYT,Centro 4,In-person,2024-04-29,12
SEG,Centro 4,In-person,2024-04-29,12
VND,Centro 1,In-person,2024-04-29,12
HOT,Centro 2,In-person,2024-04-29,11
CYB,Centro 1,Online,2024-04-29,10
EXC,Centro 4,Online,2024-04-29,10
ING,Centro 1,In-person,2024-04-29,10
ING,Centro 3,Online,2024-04-29,10
LOG,Centro 3,In-person,2024-04-29,10
PRI,Centro 2,Hybrid,2024-04-29,10
PYT,Centro 1,Online,2024-04-29,10
TUR,Centro 4,In-person,2024-04-29,10
FOR,Centro 5,Online,2024-04-29,9
FOR,Centro 5,In-person,2024-04-29,9
HCP,Centro 3,Hybrid,2024-04-29,9
HOT,Centro 3,In-person,2024-04-29,9
MNT,Centro 4,In-person,2024-04-29,9
CYB,Centro 1,Hybrid,2024-04-29,8
EMP,Centro 1,In-person,2024-04-29,8
EXC,Centro 1,Hybrid,2024-04-29,8
EXC,Centro 3,Hybrid,2024-04-29,8
FOR,Centro 4,Hybrid,2024-04-29,8
GES,Centro 4,In-person,2024-04-29,8
PRI,Centro 3,Hybrid,2024-04-29,8
SEG,Centro 1,Hybrid,2024-04-29,8
SEG,Centro 3,In-person,2024-04-29,8
SST,Centro 3,Online,2024-04-29,8
HAC,Centro 5,Hybrid,2024-04-29,7
INF,Centro 4,In-person,2024-04-29,7
MNT,Centro 2,In-person,2024-04-29,7
PYT,Centro 4,Hybrid,2024-04-29,7
GER,Centro 4,In-person,2024-04-29,6
SCI,Centro 4,In-person,2024-04-29,6
EXC,Centro 4,Hybrid,2024-04-29,5
ING,Centro 2,In-person,2024-04-29,5
TUR,Centro 3,In-person,2024-04-29,5
VND,Centro 5,Online,2024-04-29,5
VND,Centro 5,Hybrid,2024-04-29,5
INF,Centro 1,In-person,2024-04-29,4
LID,Centro 2,Online,2024-04-29,4
SCI,Centro 1,Hybrid,2024-04-29,4
SCI,Centro 2,Hybrid,2024-04-29,4
SOC,Centro 2,In-person,2024-04-29,4
SST,Centro 2,Hybrid,2024-04-29,4
GER,Centro 3,Hybrid,2024-04-29,3
GER,Centro 4,Hybrid,2024-04-29,3
HAC,Centro 2,In-person,2024-04-29,3
LID,Centro 4,In-person,2024-04-29,3
LID,Centro 5,In-person,2024-04-29,3
PBI,Centro 1,In-person,2024-04-29,3
PBI,Centro 2,In-person,2024-04-29,3
PRO,Centro 3,Online,2024-04-29,3
SCI,Centro 4,Hybrid,2024-04-29,3
SEG,Centro 5,In-person,2024-04-29,3
SST,Centro 4,In-person,2024-04-29,3
CYB,Centro 3,Hybrid,2024-04-29,2
EMP,Centro 4,In-person,2024-04-29,2
FOR,Centro 4,In-person,2024-04-29,2
GES,Centro 1,Hybrid,2024-04-29,2
HCP,Centro 1,Hybrid,2024-04-29,2
HOT,Centro 2,Hybrid,2024-04-29,2
LID,Centro 2,In-person,2024-04-29,2
LID,Centro 3,Online,2024-04-29,2
PBI,Centro 5,Online,2024-04-29,2
PYT,Centro 3,Hybrid,2024-04-29,2
SST,Centro 3,Hybrid,2024-04-29,2
TUR,Centro 4,Hybrid,2024-04-29,2
CYB,Centro 4,In-person,2024-04-29,1
FOR,Centro 3,Hybrid,2024-04-29,1
FOR,Centro 3,In-person,2024-04-29,1
GES,Centro 1,Online,2024-04-29,1
HAC,Centro 3,In-person,2024-04-29,1
HAC,Centro 5,In-person,2024-04-29,1
HCP,Centro 2,In-person,2024-04-29,1
HCP,Centro 3,In-person,2024-04-29,1
HCP,Centro 5,In-person,2024-04-29,1
INF,Centro 1,Hybrid,2024-04-29,1
INF,Centro 2,In-person,2024-04-29,1
INF,Centro 3,Hybrid,2024-04-29,1
LOG,Centro 4,In-person,2024-04-29,1
PRI,Centro 5,In-person,2024-04-29,1
PYT,Centro 4,Online,2024-04-29,1
SEG,Centro 1,In-person,2024-04-29,1
SOC,Centro 1,Hybrid,2024-04-29,1
SST,Centro 3,In-person,2024-04-29,1
SST,Centro 5,In-person,2024-04-29,1
TUR,Centro 1,In-person,2024-04-29,1
SEG,Centro 3,In-person,2024-05-06,39
EXC,Centro 1,Hybrid,2024-05-06,38
MNT,Centro 1,In-person,2024-05-06,36
SST,Centro 2,Hybrid,2024-05-06,30
PRO,Centro 3,Hybrid,2024-05-06,29
CYB,Centro 3,In-person,2024-05-06,28
LID,Centro 5,In-person,2024-05-06,28
SCI,Centro 1,In-person,2024-05-06,28
EXC,Centro 4,Online,2024-05-06,24
LOG,Centro 3,Hybrid,2024-05-06,23
PRI,Centro 1,Hybrid,2024-05-06,23
VND,Centro 5,Online,2024-05-06,22
GER,Centro 4,In-person,2024-05-06,21
PBI,Centro 1,Online,2024-05-06,21
GER,Centro 5,In-person,2024-05-06,20
HAC,Centro 2,In-person,2024-05-06,20
MNT,Centro 3,In-person,2024-05-06,19
MNT,Centro 5,In-person,2024-05-06,19
PRO,Centro 1,Online,2024-05-06,19
LID,Centro 2,Hybrid,2024-05-06,18
PBI,Centro 5,Online,2024-05-06,18
SCI,Centro 4,Hybrid,2024-05-06,18
SOC,Centro 3,In-person,2024-05-06,17
EMP,Centro 5,In-person,2024-05-06,16
LOG,Centro 5,In-person,2024-05-06,16
PYT,Centro 4,Online,2024-05-06,16
PBI,Centro 4,Online,2024-05-06,15
PRI,Centro 3,Hybrid,2024-05-06,15
PYT,Centro 1,Hybrid,2024-05-06,15
SEG,Centro 3,Hybrid,2024-05-06,15
EMP,Centro 1,In-person,2024-05-06,14
MNT,Centro 4,In-person,2024-05-06,14
PYT,Centro 2,Online,2024-05-06,14
SOC,Centro 2,In-person,2024-05-06,14
CYB,Centro 5,Online,2024-05-06,13
LOG,Centro 5,Hybrid,2024-05-06,13
SST,Centro 4,In-person,2024-05-06,13
TUR,Centro 1,In-person,2024-05-06,13
FOR,Centro 5,Hybrid,2024-05-06,12
INF,Centro 4,In-person,2024-05-06,12
ING,Centro 1,Online,2024-05-06,12
LID,Centro 5,Hybrid,2024-05-06,12
EMP,Centro 4,In-person,2024-05-06,11
GER,Centro 3,Hybrid,2024-05-06,11
LID,Centro 2,Online,2024-05-06,11
PRI,Centro 4,In-person,2024-05-06,11
SST,Centro 3,In-person,2024-05-06,11
EXC,Centro 2,Hybrid,2024-05-06,10
ING,Centro 1,Hybrid,2024-05-06,10
SEG,Centro 5,Online,2024-05-06,10
SST,Centro 3,Hybrid,2024-05-06,10
PBI,Centro 3,Online,2024-05-06,9
PRO,Centro 4,Online,2024-05-06,9
CYB,Centro 2,In-person,2024-05-06,8
FOR,Centro 4,Online,2024-05-06,8
GES,Centro 2,Hybrid,2024-05-06,8
ING,Centro 5,Online,2024-05-06,8
PRI,Centro 3,In-person,2024-05-06,8
PRO,Centro 2,Hybrid,2024-05-06,8
VND,Centro 1,In-person,2024-05-06,8
EXC,Centro 2,Online,2024-05-06,7
HAC,Centro 1,In-person,2024-05-06,7
INF,Centro 2,In-person,2024-05-06,7
PBI,Centro 2,Hybrid,2024-05-06,7
VND,Centro 2,Hybrid,2024-05-06,7
HAC,Centro 5,Online,2024-05-06,6
HCP,Centro 4,In-person,2024-05-06,6
INF,Centro 5,Hybrid,2024-05-06,6
SEG,Centro 4,Hybrid,2024-05-06,6
SEG,Centro 4,In-person,2024-05-06,6
SST,Centro 4,Online,2024-05-06,6
SST,Centro 5,In-person,2024-05-06,6
VND,Centro 4,In-person,2024-05-06,6
CYB,Centro 2,Hybrid,2024-05-06,5
HOT,Centro 5,In-person,2024-05-06,5
LOG,Centro 1,In-person,2024-05-06,5
PBI,Centro 1,In-person,2024-05-06,5
PYT,Centro 5,Hybrid,2024-05-06,5
SEG,Centro 1,Online,2024-05-06,5
SST,Centro 4,Hybrid,2024-05-06,5
FOR,Centro 1,Online,2024-05-06,4
HCP,Centro 5,Hybrid,2024-05-06,4
HOT,Centro 4,Hybrid,2024-05-06,4
PRI,Centro 2,In-person,2024-05-06,4
VND,Centro 5,In-person,2024-05-06,4
CYB,Centro 4,Hybrid,2024-05-06,3
FOR,Centro 3,Hybrid,2024-05-06,3
HAC,Centro 5,Hybrid,2024-05-06,3
PBI,Centro 2,Online,2024-05-06,3
PRO,Centro 2,Online,2024-05-06,3
PYT,Centro 1,In-person,2024-05-06,3
SEG,Centro 1,In-person,2024-05-06,3
SOC,Centro 3,Hybrid,2024-05-06,3
CYB,Centro 1,Online,2024-05-06,2
GER,Centro 5,Hybrid,2024-05-06,2
GES,Centro 1,Online,2024-05-06,2
ING,Centro 1,In-person,2024-05-06,2
LOG,Centro 4,In-person,2024-05-06,2
PRI,Centro 1,In-person,2024-05-06,2
PRI,Centro 2,Hybrid,2024-05-06,2
PRO,Centro 1,Hybrid,2024-05-06,2
SOC,Centro 1,Hybrid,2024-05-06,2
SST,Centro 1,In-person,2024-05-06,2
VND,Centro 2,Online,2024-05-06,2
CYB,Centro 3,Hybrid,2024-05-06,1
EXC,Centro 3,Online,2024-05-06,1
EXC,Centro 4,In-person,2024-05-06,1
FOR,Centro 2,Hybrid,2024-05-06,1
FOR,Centro 3,In-person,2024-05-06,1
GER,Centro 2,In-person,2024-05-06,1
GES,Centro 4,In-person,2024-05-06,1
HAC,Centro 3,In-person,2024-05-06,1
HCP,Centro 5,In-person,2024-05-06,1
INF,Centro 1,In-person,2024-05-06,1
LID,Centro 3,In-person,2024-05-06,1
LOG,Centro 2,In-person,2024-05-06,1
LOG,Centro 3,In-person,2024-05-06,1
PRO,Centro 4,Hybrid,2024-05-06,1
PRO,Centro 5,In-person,2024-05-06,1
PYT,Centro 1,Online,2024-05-06,1
PYT,Centro 2,Hybrid,2024-05-06,1
PYT,Centro 4,In-person,2024-05-06,1
SEG,Centro 1,Hybrid,2024-05-06,1
SST,Centro 2,In-person,2024-05-06,1
SST,Centro 5,Online,2024-05-06,1
TUR,Centro 2,Hybrid,2024-05-06,1
TUR,Centro 4,Hybrid,2024-05-06,1
TUR,Centro 4,In-person,2024-05-06,1
PRI,Centro 1,Hybrid,2024-05-13,33
EXC,Centro 1,Online,2024-05-13,29
GES,Centro 3,Online,2024-05-13,28
PRI,Centro 1,In-person,2024-05-13,25
LOG,Centro 5,Hybrid,2024-05-13,24
PRO,Centro 2,Online,2024-05-13,24
LID,Centro 2,Hybrid,2024-05-13,23
GES,Centro 4,Online,2024-05-13,22
HCP,Centro 3,In-person,2024-05-13,21
ING,Centro 1,Online,2024-05-13,19
SST,Centro 3,In-person,2024-05-13,19
PBI,Centro 2,In-person,2024-05-13,18
PRO,Centro 3,Hybrid,2024-05-13,18
SCI,Centro 3,Hybrid,2024-05-13,18
SST,Centro 3,Online,2024-05-13,18
CYB,Centro 4,Hybrid,2024-05-13,17
CYB,Centro 5,Online,2024-05-13,17
SST,Centro 4,In-person,2024-05-13,17
CYB,Centro 4,Online,2024-05-13,16
HAC,Centro 2,In-person,2024-05-13,16
HCP,Centro 2,In-person,2024-05-13,16
FOR,Centro 1,Hybrid,2024-05-13,15
HAC,Centro 5,Hybrid,2024-05-13,15
SCI,Centro 4,Hybrid,2024-05-13,15
SEG,Centro 5,In-person,2024-05-13,15
MNT,Centro 4,In-person,2024-05-13,14
SEG,Centro 3,Hybrid,2024-05-13,14
EMP,Centro 1,In-person,2024-05-13,13
FOR,Centro 4,Hybrid,2024-05-13,13
HCP,Centro 5,Hybrid,2024-05-13,13
INF,Centro 2,Hybrid,2024-05-13,13
LID,Centro 2,Online,2024-05-13,13
MNT,Centro 1,In-person,2024-05-13,13
SST,Centro 2,In-person,2024-05-13,13
CYB,Centro 2,In-person,2024-05-13,12
GER,Centro 5,Hybrid,2024-05-13,12
HOT,Centro 1,In-person,2024-05-13,12
INF,Centro 1,In-person,2024-05-13,12
LOG,Centro 2,In-person,2024-05-13,12
PBI,Centro 1,Online,2024-05-13,12
FOR,Centro 3,In-person,2024-05-13,11
GER,Centro 4,In-person,2024-05-13,11
HAC,Centro 1,Hybrid,2024-05-13,11
MNT,Centro 5,In-person,2024-05-13,11
SOC,Centro 4,In-person,2024-05-13,11
SOC,Centro 5,Hybrid,2024-05-13,11
LID,Centro 4,Hybrid,2024-05-13,10
SEG,Centro 4,In-person,2024-05-13,10
EMP,Centro 5,In-person,2024-05-13,9
FOR,Centro 2,Online,2024-05-13,9
LID,Centro 1,In-person,2024-05-13,9
PRO,Centro 1,Hybrid,2024-05-13,9
SST,Centro 1,In-person,2024-05-13,9
SST,Centro 5,In-person,2024-05-13,9
ING,Centro 1,Hybrid,2024-05-13,8
LOG,Centro 1,In-person,2024-05-13,8
LOG,Centro 4,In-person,2024-05-13,8
MNT,Centro 2,In-person,2024-05-13,8
ING,Centro 4,Hybrid,2024-05-13,7
PBI,Centro 3,In-person,2024-05-13,7
PBI,Centro 5,Online,2024-05-13,7
SOC,Centro 1,Hybrid,2024-05-13,7
EXC,Centro 2,Online,2024-05-13,6
FOR,Centro 1,In-person,2024-05-13,6
GES,Centro 2,Hybrid,2024-05-13,6
INF,Centro 2,In-person,2024-05-13,6
LOG,Centro 3,In-person,2024-05-13,6
PBI,Centro 1,In-person,2024-05-13,6
PRO,Centro 2,In-person,2024-05-13,6
PRO,Centro 5,Hybrid,2024-05-13,6
SST,Centro 1,Hybrid,2024-05-13,6
CYB,Centro 3,Online,2024-05-13,5
PBI,Centro 2,Hybrid,2024-05-13,5
PRI,Centro 2,Hybrid,2024-05-13,5
PRI,Centro 2,In-person,2024-05-13,5
EMP,Centro 3,In-person,2024-05-13,4
GER,Centro 3,In-person,2024-05-13,4
ING,Centro 5,Online,2024-05-13,4
LID,Centro 2,In-person,2024-05-13,4
PRO,Centro 2,Hybrid,2024-05-13,4
SCI,Centro 1,In-person,2024-05-13,4
SST,Centro 3,Hybrid,2024-05-13,4
TUR,Centro 3,In-person,2024-05-13,4
GES,Centro 5,Hybrid,2024-05-13,3
INF,Centro 3,In-person,2024-05-13,3
PYT,Centro 1,In-person,2024-05-13,3
PYT,Centro 4,Online,2024-05-13,3
SEG,Centro 2,Hybrid,2024-05-13,3
TUR,Centro 4,In-person,2024-05-13,3
EXC,Centro 2,Hybrid,2024-05-13,2
LID,Centro 3,Online,2024-05-13,2
LID,Centro 4,In-person,2024-05-13,2
LOG,Centro 1,Hybrid,2024-05-13,2
PRI,Centro 3,Hybrid,2024-05-13,2
PYT,Centro 4,In-person,2024-05-13,2
SCI,Centro 1,Hybrid,2024-05-13,2
SCI,Centro 2,Hybrid,2024-05-13,2
SST,Centro 1,Online,2024-05-13,2
VND,Centro 5,In-person,2024-05-13,2
CYB,Centro 2,Online,2024-05-13,1
EXC,Centro 3,Online,2024-05-13,1
EXC,Centro 4,Hybrid,2024-05-13,1
FOR,Centro 3,Hybrid,2024-05-13,1
GER,Centro 4,Hybrid,2024-05-13,1
GES,Centro 4,In-person,2024-05-13,1
HAC,Centro 4,In-person,2024-05-13,1
INF,Centro 4,In-person,2024-05-13,1
INF,Centro 5,Hybrid,2024-05-13,1
LID,Centro 5,In-person,2024-05-13,1
LOG,Centro 5,In-person,2024-05-13,1
PBI,Centro 4,Online,2024-05-13,1
PBI,Centro 4,In-person,2024-05-13,1
PRO,Centro 5,Online,2024-05-13,1
PYT,Centro 2,Hybrid,2024-05-13,1
PYT,Centro 2,In-person,2024-05-13,1
PYT,Centro 3,Hybrid,2024-05-13,1
SOC,Centro 3,In-person,2024-05-13,1
TUR,Centro 2,Hybrid,2024-05-13,1
PBI,Centro 2,Hybrid,2024-05-20,48
FOR,Centro 2,Online,2024-05-20,39
MNT,Centro 2,In-person,2024-05-20,37
MNT,Centro 1,In-person,2024-05-20,34
MNT,Centro 4,In-person,2024-05-20,30
PRO,Centro 5,Online,2024-05-20,30
GES,Centro 1,Hybrid,2024-05-20,27
GES,Centro 1,Online,2024-05-20,26
HAC,Centro 2,In-person,2024-05-20,24
PBI,Centro 3,Online,2024-05-20,24
TUR,Centro 3,In-person,2024-05-20,24
PRO,Centro 4,In-person,2024-05-20,23
EXC,Centro 1,Online,2024-05-20,22
LID,Centro 3,In-person,2024-05-20,22
PYT,Centro 2,Hybrid,2024-05-20,22
ING,Centro 4,Hybrid,2024-05-20,21
VND,Centro 1,In-person,2024-05-20,21
EXC,Centro 3,Online,2024-05-20,20
SEG,Centro 2,In-person,2024-05-20,20
GER,Centro 1,In-person,2024-05-20,19
HCP,Centro 5,In-person,2024-05-20,19
SEG,Centro 3,Hybrid,2024-05-20,19
PYT,Centro 3,Hybrid,2024-05-20,18
SCI,Centro 2,Hybrid,2024-05-20,18
EMP,Centro 5,In-person,2024-05-20,17
PYT,Centro 4,In-person,2024-05-20,17
EXC,Centro 4,Hybrid,2024-05-20,16
PBI,Centro 1,Online,2024-05-20,16
PBI,Centro 3,Hybrid,2024-05-20,16
SST,Centro 2,In-person,2024-05-20,16
TUR,Centro 2,Hybrid,2024-05-20,16
GER,Centro 5,Hybrid,2024-05-20,15
HOT,Centro 4,Hybrid,2024-05-20,15
LID,Centro 2,In-person,2024-05-20,15
VND,Centro 2,In-person,2024-05-20,15
EXC,Centro 1,Hybrid,2024-05-20,14
FOR,Centro 5,Hybrid,2024-05-20,14
GES,Centro 4,In-person,2024-05-20,14
LOG,Centro 5,Hybrid,2024-05-20,13
PBI,Centro 5,Online,2024-05-20,13
PRI,Centro 2,Hybrid,2024-05-20,13
SST,Centro 1,Online,2024-05-20,13
INF,Centro 4,In-person,2024-05-20,12
LOG,Centro 4,In-person,2024-05-20,12
EXC,Centro 3,In-person,2024-05-20,11
FOR,Centro 5,Online,2024-05-20,11
LOG,Centro 2,In-person,2024-05-20,11
INF,Centro 3,Hybrid,2024-05-20,10
PRO,Centro 4,Online,2024-05-20,10
SEG,Centro 5,Online,2024-05-20,10
FOR,Centro 3,Hybrid,2024-05-20,9
HCP,Centro 5,Hybrid,2024-05-20,9
ING,Centro 2,In-person,2024-05-20,9
LID,Centro 1,In-person,2024-05-20,9
PRI,Centro 3,In-person,2024-05-20,9
SCI,Centro 3,In-person,2024-05-20,9
CYB,Centro 2,Online,2024-05-20,8
SCI,Centro 4,In-person,2024-05-20,8
SEG,Centro 4,Hybrid,2024-05-20,8
TUR,Centro 1,In-person,2024-05-20,8
TUR,Centro 5,In-person,2024-05-20,8
HAC,Centro 1,Hybrid,2024-05-20,7
HOT,Centro 2,Hybrid,2024-05-20,7
LID,Centro 1,Online,2024-05-20,7
LID,Centro 4,In-person,2024-05-20,7
SST,Centro 4,In-person,2024-05-20,7
VND,Centro 2,Hybrid,2024-05-20,7
CYB,Centro 5,Hybrid,2024-05-20,6
FOR,Centro 1,Online,2024-05-20,6
GES,Centro 4,Online,2024-05-20,6
LID,Centro 5,In-person,2024-05-20,6
PRI,Centro 4,In-person,2024-05-20,6
PRO,Centro 1,Hybrid,2024-05-20,6
SST,Centro 5,In-person,2024-05-20,6
GER,Centro 5,In-person,2024-05-20,5
ING,Centro 3,Online,2024-05-20,5
MNT,Centro 3,In-person,2024-05-20,5
SEG,Centro 2,Hybrid,2024-05-20,5
SEG,Centro 5,In-person,2024-05-20,5
FOR,Centro 3,In-person,2024-05-20,4
LID,Centro 2,Online,2024-05-20,4
SOC,Centro 3,In-person,2024-05-20,4
EMP,Centro 1,In-person,2024-05-20,3
FOR,Centro 4,Online,2024-05-20,3
GES,Centro 2,In-person,2024-05-20,3
HOT,Centro 1,In-person,2024-05-20,3
HOT,Centro 2,In-person,2024-05-20,3
INF,Centro 2,Hybrid,2024-05-20,3
PBI,Centro 3,In-person,2024-05-20,3
PRI,Centro 2,In-person,2024-05-20,3
SEG,Centro 3,In-person,2024-05-20,3
GER,Centro 3,Hybrid,2024-05-20,2
GES,Centro 5,Hybrid,2024-05-20,2
INF,Centro 2,In-person,2024-05-20,2
ING,Centro 1,In-person,2024-05-20,2
ING,Centro 3,Hybrid,2024-05-20,2
PRO,Centro 3,Hybrid,2024-05-20,2
SEG,Centro 1,In-person,2024-05-20,2
SOC,Centro 3,Hybrid,2024-05-20,2
SST,Centro 3,In-person,2024-05-20,2
VND,Centro 5,Hybrid,2024-05-20,2
CYB,Centro 3,Online,2024-05-20,1
CYB,Centro 3,In-person,2024-05-20,1
EMP,Centro 3,In-person,2024-05-20,1
EXC,Centro 2,Hybrid,2024-05-20,1
FOR,Centro 4,Hybrid,2024-05-20,1
GER,Centro 3,In-person,2024-05-20,1
GES,Centro 2,Hybrid,2024-05-20,1
HCP,Centro 2,In-person,2024-05-20,1
HCP,Centro 3,In-person,2024-05-20,1
LOG,Centro 3,In-person,2024-05-20,1
PBI,Centro 1,Hybrid,2024-05-20,1
PRI,Centro 1,Hybrid,2024-05-20,1
PYT,Centro 4,Online,2024-05-20,1
SCI,Centro 5,In-person,2024-05-20,1
SST,Centro 3,Hybrid,2024-05-20,1
SST,Centro 5,Online,2024-05-20,1
HAC,Centro 5,In-person,2024-05-27,34
PBI,Centro 5,Online,2024-05-27,33
LID,Centro 2,Online,2024-05-27,27
PBI,Centro 2,Online,2024-05-27,27
PRO,Centro 5,Hybrid,2024-05-27,26
PBI,Centro 1,Online,2024-05-27,25
INF,Centro 3,In-person,2024-05-27,24
PYT,Centro 1,Online,2024-05-27,24
PRO,Centro 5,Online,2024-05-27,21
LID,Centro 1,Online,2024-05-27,20
TUR,Centro 2,In-person,2024-05-27,20
SCI,Centro 5,In-person,2024-05-27,19
CYB,Centro 1,Hybrid,2024-05-27,18
HAC,Centro 2,In-person,2024-05-27,18
LOG,Centro 3,Hybrid,2024-05-27,18
EMP,Centro 4,In-person,2024-05-27,16
EXC,Centro 5,In-person,2024-05-27,16
GER,Centro 5,Hybrid,2024-05-27,16
INF,Centro 2,Hybrid,2024-05-27,16
ING,Centro 4,Hybrid,2024-05-27,16
PBI,Centro 5,Hybrid,2024-05-27,16
SST,Centro 2,Hybrid,2024-05-27,16
GES,Centro 5,Hybrid,2024-05-27,15
LOG,Centro 2,Hybrid,2024-05-27,15
SST,Centro 3,Hybrid,2024-05-27,15
VND,Centro 5,Hybrid,2024-05-27,14
EXC,Centro 3,Hybrid,2024-05-27,13
EXC,Centro 4,Hybrid,2024-05-27,13
MNT,Centro 5,In-person,2024-05-27,13
PBI,Centro 2,Hybrid,2024-05-27,13
SCI,Centro 1,Hybrid,2024-05-27,12
SST,Centro 5,In-person,2024-05-27,12
HAC,Centro 1,Hybrid,2024-05-27,11
PRI,Centro 1,In-person,2024-05-27,11
SST,Centro 3,In-person,2024-05-27,11
TUR,Centro 3,In-person,2024-05-27,11
SEG,Centro 2,In-person,2024-05-27,10
CYB,Centro 2,In-person,2024-05-27,9
INF,Centro 5,Hybrid,2024-05-27,9
LID,Centro 5,Hybrid,2024-05-27,9
VND,Centro 4,In-person,2024-05-27,9
GER,Centro 4,In-person,2024-05-27,8
PYT,Centro 4,Hybrid,2024-05-27,8
SOC,Centro 4,In-person,2024-05-27,8
CYB,Centro 4,In-person,2024-05-27,7
HCP,Centro 5,In-person,2024-05-27,7
SEG,Centro 3,Hybrid,2024-05-27,7
EXC,Centro 2,Hybrid,2024-05-27,6
FOR,Centro 4,Hybrid,2024-05-27,6
GER,Centro 1,In-person,2024-05-27,6
HAC,Centro 1,In-person,2024-05-27,6
HOT,Centro 1,In-person,2024-05-27,6
ING,Centro 3,Online,2024-05-27,6
MNT,Centro 4,In-person,2024-05-27,6
EXC,Centro 4,Online,2024-05-27,5
GER,Centro 4,Hybrid,2024-05-27,5
HCP,Centro 4,In-person,2024-05-27,5
LOG,Centro 5,Hybrid,2024-05-27,5
PBI,Centro 4,Online,2024-05-27,5
PYT,Centro 1,Hybrid,2024-05-27,5
CYB,Centro 4,Hybrid,2024-05-27,4
LID,Centro 4,In-person,2024-05-27,4
LOG,Centro 5,In-person,2024-05-27,4
MNT,Centro 1,In-person,2024-05-27,4
SCI,Centro 2,Hybrid,2024-05-27,4
SOC,Centro 3,In-person,2024-05-27,4
PBI,Centro 3,Hybrid,2024-05-27,3
SCI,Centro 1,In-person,2024-05-27,3
SEG,Centro 4,Hybrid,2024-05-27,3
CYB,Centro 3,In-person,2024-05-27,2
EMP,Centro 1,In-person,2024-05-27,2
EMP,Centro 2,In-person,2024-05-27,2
EXC,Centro 2,Online,2024-05-27,2
FOR,Centro 1,Hybrid,2024-05-27,2
PRI,Centro 2,In-person,2024-05-27,2
PRI,Centro 3,In-person,2024-05-27,2
PYT,Centro 1,In-person,2024-05-27,2
PYT,Centro 2,Online,2024-05-27,2
SST,Centro 1,Online,2024-05-27,2
EMP,Centro 3,In-person,2024-05-27,1
EMP,Centro 5,In-person,2024-05-27,1
FOR,Centro 2,Online,2024-05-27,1
FOR,Centro 3,Hybrid,2024-05-27,1
GES,Centro 1,Online,2024-05-27,1
GES,Centro 2,Hybrid,2024-05-27,1
HOT,Centro 5,In-person,2024-05-27,1
LID,Centro 2,In-person,2024-05-27,1
PBI,Centro 1,Hybrid,2024-05-27,1
PBI,Centro 4,In-person,2024-05-27,1
PRI,Centro 1,Hybrid,2024-05-27,1
PRI,Centro 2,Hybrid,2024-05-27,1
PRO,Centro 3,Hybrid,2024-05-27,1
SEG,Centro 4,In-person,2024-05-27,1
LOG,Centro 4,In-person,2024-06-03,32
EXC,Centro 3,Online,2024-06-03,31
PRO,Centro 3,Hybrid,2024-06-03,28
CYB,Centro 1,Hybrid,2024-06-03,27
HOT,Centro 1,In-person,2024-06-03,27
HAC,Centro 3,Online,2024-06-03,26
GES,Centro 4,Hybrid,2024-06-03,20
SEG,Centro 1,Hybrid,2024-06-03,20
CYB,Centro 2,Online,2024-06-03,19
CYB,Centro 3,Online,2024-06-03,19
TUR,Centro 4,In-person,2024-06-03,18
EMP,Centro 1,In-person,2024-06-03,17
PRI,Centro 2,Hybrid,2024-06-03,17
HCP,Centro 5,In-person,2024-06-03,16
INF,Centro 3,In-person,2024-06-03,16
PRO,Centro 3,In-person,2024-06-03,16
SST,Centro 1,Hybrid,2024-06-03,16
EXC,Centro 3,Hybrid,2024-06-03,15
SST,Centro 5,In-person,2024-06-03,15
INF,Centro 1,In-person,2024-06-03,14
PRI,Centro 3,In-person,2024-06-03,14
PYT,Centro 2,Online,2024-06-03,13
MNT,Centro 2,In-person,2024-06-03,12
MNT,Centro 5,In-person,2024-06-03,12
PRI,Centro 1,In-person,2024-06-03,12
EXC,Centro 2,Hybrid,2024-06-03,11
PBI,Centro 3,Hybrid,2024-06-03,11
PBI,Centro 5,Online,2024-06-03,11
SST,Centro 2,Hybrid,2024-06-03,11
SST,Centro 4,In-person,2024-06-03,10
GER,Centro 4,Hybrid,2024-06-03,9
SCI,Centro 1,In-person,2024-06-03,9
TUR,Centro 4,Hybrid,2024-06-03,9
CYB,Centro 2,Hybrid,2024-06-03,8
LOG,Centro 3,In-person,2024-06-03,8
MNT,Centro 3,In-person,2024-06-03,8
SCI,Centro 3,In-person,2024-06-03,8
FOR,Centro 1,Hybrid,2024-06-03,7
CYB,Centro 2,In-person,2024-06-03,6
ING,Centro 2,In-person,2024-06-03,6
EXC,Centro 1,Hybrid,2024-06-03,5
FOR,Centro 1,Online,2024-06-03,5
FOR,Centro 3,Hybrid,2024-06-03,5
FOR,Centro 4,Online,2024-06-03,5
PRO,Centro 2,In-person,2024-06-03,5
SST,Centro 2,In-person,2024-06-03,5
TUR,Centro 3,In-person,2024-06-03,5
FOR,Centro 3,In-person,2024-06-03,4
GER,Centro 4,In-person,2024-06-03,4
INF,Centro 3,Hybrid,2024-06-03,4
VND,Centro 4,In-person,2024-06-03,4
GER,Centro 5,In-person,2024-06-03,3
MNT,Centro 1,In-person,2024-06-03,3
PBI,Centro 3,In-person,2024-06-03,3
SST,Centro 5,Online,2024-06-03,3
EMP,Centro 3,In-person,2024-06-03,2
EMP,Centro 5,In-person,2024-06-03,2
EXC,Centro 3,In-person,2024-06-03,2
GER,Centro 5,Hybrid,2024-06-03,2
HAC,Centro 1,Hybrid,2024-06-03,2
HCP,Centro 2,In-person,2024-06-03,2
HCP,Centro 5,Hybrid,2024-06-03,2
LID,Centro 2,Hybrid,2024-06-03,2
LID,Centro 4,Hybrid,2024-06-03,2
LOG,Centro 2,Hybrid,2024-06-03,2
PBI,Centro 3,Online,2024-06-03,2
SCI,Centro 1,Hybrid,2024-06-03,2
SCI,Centro 3,Hybrid,2024-06-03,2
SEG,Centro 1,In-person,2024-06-03,2
TUR,Centro 2,Hybrid,2024-06-03,2
VND,Centro 2,Online,2024-06-03,2
EXC,Centro 2,Online,2024-06-03,1
FOR,Centro 2,Online,2024-06-03,1
FOR,Centro 5,Online,2024-06-03,1
HAC,Centro 5,In-person,2024-06-03,1
HCP,Centro 1,Hybrid,2024-06-03,1
INF,Centro 1,Hybrid,2024-06-03,1
LID,Centro 5,Hybrid,2024-06-03,1
LOG,Centro 5,In-person,2024-06-03,1
PRO,Centro 5,Hybrid,2024-06-03,1
SCI,Centro 5,In-person,2024-06-03,1
SEG,Centro 3,Hybrid,2024-06-03,1
VND,Centro 5,Hybrid,2024-06-03,1
LOG,Centro 1,In-person,2024-06-10,35
CYB,Centro 4,In-person,2024-06-10,31
CYB,Centro 2,Online,2024-06-10,27
FOR,Centro 3,Hybrid,2024-06-10,25
ING,Centro 2,Online,2024-06-10,22
MNT,Centro 5,In-person,2024-06-10,22
VND,Centro 1,In-person,2024-06-10,19
PRI,Centro 3,In-person,2024-06-10,18
CYB,Centro 2,Hybrid,2024-06-10,17
EXC,Centro 2,Online,2024-06-10,17
LOG,Centro 4,Hybrid,2024-06-10,17
SST,Centro 4,Online,2024-06-10,17
INF,Centro 2,Hybrid,2024-06-10,16
EMP,Centro 5,In-person,2024-06-10,15
EXC,Centro 4,Online,2024-06-10,15
LID,Centro 4,Hybrid,2024-06-10,15
LID,Centro 5,Hybrid,2024-06-10,15
PBI,Centro 3,Hybrid,2024-06-10,15
SST,Centro 3,In-person,2024-06-10,15
SST,Centro 5,In-person,2024-06-10,15
TUR,Centro 5,In-person,2024-06-10,15
LOG,Centro 3,In-person,2024-06-10,14
HOT,Centro 1,In-person,2024-06-10,12
HOT,Centro 3,In-person,2024-06-10,12
SOC,Centro 5,Hybrid,2024-06-10,12
PYT,Centro 1,Hybrid,2024-06-10,11
GES,Centro 2,Hybrid,2024-06-10,10
HCP,Centro 4,Hybrid,2024-06-10,10
LOG,Centro 2,Hybrid,2024-06-10,10
SOC,Centro 3,In-person,2024-06-10,10
VND,Centro 5,In-person,2024-06-10,10
HOT,Centro 4,Hybrid,2024-06-10,9
EMP,Centro 2,In-person,2024-06-10,8
GER,Centro 1,In-person,2024-06-10,8
GER,Centro 4,Hybrid,2024-06-10,8
ING,Centro 2,In-person,2024-06-10,8
EXC,Centro 3,In-person,2024-06-10,7
EXC,Centro 4,Hybrid,2024-06-10,7
GER,Centro 2,Hybrid,2024-06-10,7
HAC,Centro 5,In-person,2024-06-10,7
HOT,Centro 5,In-person,2024-06-10,7
ING,Centro 3,Online,2024-06-10,7
SEG,Centro 3,Hybrid,2024-06-10,7
CYB,Centro 4,Hybrid,2024-06-10,6
EXC,Centro 1,Online,2024-06-10,6
PBI,Centro 1,Hybrid,2024-06-10,6
SCI,Centro 1,In-person,2024-06-10,6
EMP,Centro 1,In-person,2024-06-10,5
LOG,Centro 2,In-person,2024-06-10,5
EMP,Centro 3,In-person,2024-06-10,4
EXC,Centro 3,Online,2024-06-10,4
GER,Centro 2,In-person,2024-06-10,4
HCP,Centro 5,In-person,2024-06-10,4
INF,Centro 4,In-person,2024-06-10,4
PRO,Centro 2,In-person,2024-06-10,4
PRO,Centro 5,Online,2024-06-10,4
TUR,Centro 3,In-person,2024-06-10,4
CYB,Centro 5,Online,2024-06-10,3
FOR,Centro 1,Hybrid,2024-06-10,3
HOT,Centro 2,In-person,2024-06-10,3
INF,Centro 3,In-person,2024-06-10,3
PYT,Centro 1,Online,2024-06-10,3
SST,Centro 2,Hybrid,2024-06-10,3
VND,Centro 3,Online,2024-06-10,3
FOR,Centro 2,In-person,2024-06-10,2
FOR,Centro 3,In-person,2024-06-10,2
GER,Centro 5,Hybrid,2024-06-10,2
GER,Centro 5,In-person,2024-06-10,2
ING,Centro 4,Online,2024-06-10,2
LID,Centro 3,Hybrid,2024-06-10,2
MNT,Centro 1,In-person,2024-06-10,2
PRI,Centro 2,Hybrid,2024-06-10,2
PRI,Centro 5,In-person,2024-06-10,2
SCI,Centro 3,Hybrid,2024-06-10,2
SEG,Centro 1,In-person,2024-06-10,2
SEG,Centro 3,In-person,2024-06-10,2
CYB,Centro 3,In-person,2024-06-10,1
EXC,Centro 1,Hybrid,2024-06-10,1
GER,Centro 4,In-person,2024-06-10,1
GES,Centro 3,Online,2024-06-10,1
GES,Centro 4,In-person,2024-06-10,1
HCP,Centro 3,In-person,2024-06-10,1
ING,Centro 4,Hybrid,2024-06-10,1
LOG,Centro 1,Hybrid,2024-06-10,1
LOG,Centro 4,In-person,2024-06-10,1
PBI,Centro 3,In-person,2024-06-10,1
PRI,Centro 2,In-person,2024-06-10,1
SCI,Centro 5,In-person,2024-06-10,1
SST,Centro 3,Hybrid,2024-06-10,1
VND,Centro 2,Online,2024-06-17,33
LID,Centro 4,Hybrid,2024-06-17,27
VND,Centro 3,Online,2024-06-17,27
CYB,Centro 4,Hybrid,2024-06-17,25
PBI,Centro 3,Hybrid,2024-06-17,25
LID,Centro 3,Hybrid,2024-06-17,23
INF,Centro 5,In-person,2024-06-17,22
PBI,Centro 4,Online,2024-06-17,22
VND,Centro 2,Hybrid,2024-06-17,22
EMP,Centro 1,In-person,2024-06-17,20
FOR,Centro 1,Online,2024-06-17,19
HCP,Centro 1,Hybrid,2024-06-17,19
INF,Centro 3,Hybrid,2024-06-17,19
PYT,Centro 4,Hybrid,2024-06-17,19
HOT,Centro 5,In-person,2024-06-17,18
LOG,Centro 1,Hybrid,2024-06-17,18
TUR,Centro 1,In-person,2024-06-17,18
CYB,Centro 3,In-person,2024-06-17,17
SST,Centro 2,In-person,2024-06-17,17
HAC,Centro 5,In-person,2024-06-17,16
FOR,Centro 5,Online,2024-06-17,15
GER,Centro 1,In-person,2024-06-17,15
LOG,Centro 3,In-person,2024-06-17,15
EXC,Centro 4,Hybrid,2024-06-17,14
SEG,Centro 5,Hybrid,2024-06-17,14
FOR,Centro 1,In-person,2024-06-17,13
EXC,Centro 1,Hybrid,2024-06-17,12
MNT,Centro 2,In-person,2024-06-17,12
SST,Centro 2,Online,2024-06-17,12
CYB,Centro 1,In-person,2024-06-17,11
TUR,Centro 3,Hybrid,2024-06-17,11
HOT,Centro 3,In-person,2024-06-17,10
VND,Centro 1,In-person,2024-06-17,10
ING,Centro 2,In-person,2024-06-17,9
SCI,Centro 1,In-person,2024-06-17,9
SEG,Centro 1,Online,2024-06-17,8
SST,Centro 5,In-person,2024-06-17,8
GER,Centro 2,In-person,2024-06-17,7
ING,Centro 1,Online,2024-06-17,7
PRI,Centro 1,In-person,2024-06-17,7
EXC,Centro 5,In-person,2024-06-17,6
LOG,Centro 1,In-person,2024-06-17,6
PRI,Centro 3,In-person,2024-06-17,6
SOC,Centro 3,In-person,2024-06-17,6
SST,Centro 4,Online,2024-06-17,6
CYB,Centro 2,Online,2024-06-17,5
GES,Centro 4,In-person,2024-06-17,5
HAC,Centro 3,Online,2024-06-17,5
ING,Centro 3,Online,2024-06-17,5
SCI,Centro 4,In-person,2024-06-17,5
EXC,Centro 3,Online,2024-06-17,4
ING,Centro 4,Online,2024-06-17,4
ING,Centro 4,Hybrid,2024-06-17,4
LID,Centro 5,Online,2024-06-17,4
LOG,Centro 2,Hybrid,2024-06-17,4
LOG,Centro 5,Hybrid,2024-06-17,4
CYB,Centro 5,Online,2024-06-17,3
GES,Centro 4,Hybrid,2024-06-17,3
MNT,Centro 1,In-person,2024-06-17,3
SEG,Centro 3,Hybrid,2024-06-17,3
FOR,Centro 1,Hybrid,2024-06-17,2
GES,Centro 3,Online,2024-06-17,2
HOT,Centro 1,In-person,2024-06-17,2
HOT,Centro 2,Hybrid,2024-06-17,2
ING,Centro 2,Online,2024-06-17,2
MNT,Centro 3,In-person,2024-06-17,2
MNT,Centro 5,In-person,2024-06-17,2
PBI,Centro 3,In-person,2024-06-17,2
SEG,Centro 1,In-person,2024-06-17,2
SST,Centro 3,In-person,2024-06-17,2
TUR,Centro 4,In-person,2024-06-17,2
VND,Centro 3,In-person,2024-06-17,2
INF,Centro 1,Hybrid,2024-06-17,1
ING,Centro 1,In-person,2024-06-17,1
LOG,Centro 5,In-person,2024-06-17,1
PBI,Centro 1,In-person,2024-06-17,1
SOC,Centro 4,Hybrid,2024-06-17,1
HOT,Centro 2,In-person,2024-06-24,43
SST,Centro 1,In-person,2024-06-24,30
LOG,Centro 5,In-person,2024-06-24,29
VND,Centro 3,Online,2024-06-24,28
PBI,Centro 4,Online,2024-06-24,27
CYB,Centro 4,Hybrid,2024-06-24,26
LID,Centro 1,Online,2024-06-24,26
TUR,Centro 4,In-person,2024-06-24,26
HOT,Centro 3,Hybrid,2024-06-24,23
INF,Centro 5,In-person,2024-06-24,23
PRO,Centro 2,Online,2024-06-24,23
FOR,Centro 1,Hybrid,2024-06-24,22
CYB,Centro 5,Online,2024-06-24,21
EXC,Centro 5,Online,2024-06-24,21
SEG,Centro 1,In-person,2024-06-24,19
EMP,Centro 1,In-person,2024-06-24,18
EXC,Centro 3,Online,2024-06-24,17
HAC,Centro 4,Hybrid,2024-06-24,16
SST,Centro 2,Online,2024-06-24,16
SEG,Centro 5,Hybrid,2024-06-24,15
GER,Centro 2,In-person,2024-06-24,14
INF,Centro 3,In-person,2024-06-24,13
PYT,Centro 1,Online,2024-06-24,13
SCI,Centro 1,In-person,2024-06-24,13
FOR,Centro 2,In-person,2024-06-24,12
HOT,Centro 5,Hybrid,2024-06-24,12
HOT,Centro 5,In-person,2024-06-24,12
PBI,Centro 1,Hybrid,2024-06-24,12
SST,Centro 5,Hybrid,2024-06-24,12
VND,Centro 2,In-person,2024-06-24,12
HCP,Centro 1,In-person,2024-06-24,11
TUR,Centro 4,Hybrid,2024-06-24,11
EXC,Centro 1,Hybrid,2024-06-24,10
GER,Centro 5,Hybrid,2024-06-24,10
SST,Centro 5,In-person,2024-06-24,10
EXC,Centro 3,Hybrid,2024-06-24,9
LOG,Centro 3,In-person,2024-06-24,9
CYB,Centro 1,Hybrid,2024-06-24,8
SST,Centro 4,Online,2024-06-24,8
CYB,Centro 2,Hybrid,2024-06-24,7
EXC,Centro 4,Online,2024-06-24,7
MNT,Centro 1,In-person,2024-06-24,7
LOG,Centro 1,Hybrid,2024-06-24,6
LOG,Centro 2,Hybrid,2024-06-24,6
VND,Centro 1,In-person,2024-06-24,6
EXC,Centro 4,Hybrid,2024-06-24,5
HAC,Centro 3,Hybrid,2024-06-24,5
PYT,Centro 1,Hybrid,2024-06-24,5
ING,Centro 2,In-person,2024-06-24,4
HAC,Centro 5,Hybrid,2024-06-24,3
HOT,Centro 4,In-person,2024-06-24,3
MNT,Centro 2,In-person,2024-06-24,3
PRI,Centro 1,In-person,2024-06-24,3
PRI,Centro 5,In-person,2024-06-24,3
SCI,Centro 2,Hybrid,2024-06-24,3
CYB,Centro 4,Online,2024-06-24,2
CYB,Centro 4,In-person,2024-06-24,2
GES,Centro 4,In-person,2024-06-24,2
HAC,Centro 2,In-person,2024-06-24,2
INF,Centro 2,Hybrid,2024-06-24,2
ING,Centro 1,In-person,2024-06-24,2
LID,Centro 5,Online,2024-06-24,2
MNT,Centro 3,In-person,2024-06-24,2
PRI,Centro 3,In-person,2024-06-24,2
SST,Centro 2,Hybrid,2024-06-24,2
SST,Centro 3,In-person,2024-06-24,2
FOR,Centro 5,Online,2024-06-24,1
GER,Centro 5,In-person,2024-06-24,1
GES,Centro 4,Hybrid,2024-06-24,1
HAC,Centro 1,Hybrid,2024-06-24,1
INF,Centro 3,Hybrid,2024-06-24,1
ING,Centro 3,Online,2024-06-24,1
ING,Centro 4,Online,2024-06-24,1
ING,Centro 4,Hybrid,2024-06-24,1
LOG,Centro 4,In-person,2024-06-24,1
LOG,Centro 5,Hybrid,2024-06-24,1
PRO,Centro 4,Online,2024-06-24,1
SEG,Centro 2,In-person,2024-06-24,1
SST,Centro 5,In-person,2024-07-01,35
HCP,Centro 5,Hybrid,2024-07-01,32
GER,Centro 2,In-person,2024-07-01,25
SOC,Centro 4,Hybrid,2024-07-01,25
VND,Centro 3,In-person,2024-07-01,24
PBI,Centro 5,Online,2024-07-01,23
GER,Centro 1,In-person,2024-07-01,21
INF,Centro 3,In-person,2024-07-01,21
ING,Centro 1,Online,2024-07-01,20
EXC,Centro 4,Hybrid,2024-07-01,19
VND,Centro 2,Online,2024-07-01,17
GER,Centro 2,Hybrid,2024-07-01,16
ING,Centro 4,Online,2024-07-01,16
PRI,Centro 3,In-person,2024-07-01,15
HOT,Centro 2,In-person,2024-07-01,14
SOC,Centro 3,Hybrid,2024-07-01,14
MNT,Centro 1,In-person,2024-07-01,13
PRO,Centro 2,Hybrid,2024-07-01,13
LOG,Centro 2,Hybrid,2024-07-01,12
LOG,Centro 3,Hybrid,2024-07-01,12
PRI,Centro 1,In-person,2024-07-01,12
SST,Centro 1,In-person,2024-07-01,12
GES,Centro 2,Hybrid,2024-07-01,11
HAC,Centro 1,Hybrid,2024-07-01,11
SCI,Centro 1,In-person,2024-07-01,11
CYB,Centro 3,Online,2024-07-01,10
ING,Centro 3,Online,2024-07-01,10
EXC,Centro 3,Online,2024-07-01,9
GER,Centro 4,In-person,2024-07-01,9
HAC,Centro 2,In-person,2024-07-01,9
LOG,Centro 4,In-person,2024-07-01,9
PBI,Centro 3,In-person,2024-07-01,9
PRI,Centro 5,Hybrid,2024-07-01,9
SEG,Centro 1,Online,2024-07-01,9
SOC,Centro 1,Hybrid,2024-07-01,9
GER,Centro 5,In-person,2024-07-01,8
HOT,Centro 4,In-person,2024-07-01,8
LOG,Centro 5,In-person,2024-07-01,8
PRI,Centro 2,In-person,2024-07-01,8
SCI,Centro 4,In-person,2024-07-01,8
VND,Centro 4,Hybrid,2024-07-01,8
EXC,Centro 1,Hybrid,2024-07-01,7
HOT,Centro 5,In-person,2024-07-01,7
TUR,Centro 1,In-person,2024-07-01,7
PYT,Centro 1,Hybrid,2024-07-01,6
SCI,Centro 3,In-person,2024-07-01,6
INF,Centro 1,Hybrid,2024-07-01,5
PRO,Centro 2,Online,2024-07-01,5
SEG,Centro 1,Hybrid,2024-07-01,5
PYT,Centro 1,Online,2024-07-01,4
TUR,Centro 4,In-person,2024-07-01,4
FOR,Centro 5,In-person,2024-07-01,3
GER,Centro 3,In-person,2024-07-01,3
HAC,Centro 1,Online,2024-07-01,3
LOG,Centro 3,In-person,2024-07-01,3
SEG,Centro 1,In-person,2024-07-01,3
CYB,Centro 1,In-person,2024-07-01,2
EXC,Centro 3,In-person,2024-07-01,2
PRO,Centro 1,In-person,2024-07-01,2
SST,Centro 2,Hybrid,2024-07-01,2
CYB,Centro 4,Hybrid,2024-07-01,1
EMP,Centro 3,In-person,2024-07-01,1
FOR,Centro 1,In-person,2024-07-01,1
FOR,Centro 3,Hybrid,2024-07-01,1
HAC,Centro 5,Online,2024-07-01,1
HOT,Centro 3,Hybrid,2024-07-01,1
HOT,Centro 3,In-person,2024-07-01,1
INF,Centro 4,In-person,2024-07-01,1
PRO,Centro 4,Online,2024-07-01,1
VND,Centro 1,Hybrid,2024-07-01,1
VND,Centro 1,In-person,2024-07-08,30
HAC,Centro 5,Online,2024-07-08,27
HCP,Centro 1,In-person,2024-07-08,27
VND,Centro 1,Hybrid,2024-07-08,27
GES,Centro 2,Hybrid,2024-07-08,22
HOT,Centro 2,Hybrid,2024-07-08,21
EXC,Centro 4,Online,2024-07-08,19
ING,Centro 3,Online,2024-07-08,19
PYT,Centro 1,In-person,2024-07-08,19
PRI,Centro 3,In-person,2024-07-08,18
EXC,Centro 3,In-person,2024-07-08,17
LOG,Centro 5,In-person,2024-07-08,16
PRI,Centro 4,In-person,2024-07-08,16
PYT,Centro 2,Online,2024-07-08,16
TUR,Centro 3,Hybrid,2024-07-08,16
GES,Centro 2,In-person,2024-07-08,14
PYT,Centro 3,In-person,2024-07-08,14
FOR,Centro 5,Online,2024-07-08,13
HOT,Centro 5,In-person,2024-07-08,12
CYB,Centro 4,Hybrid,2024-07-08,11
FOR,Centro 3,Online,2024-07-08,11
GER,Centro 3,Hybrid,2024-07-08,11
ING,Centro 4,Online,2024-07-08,11
MNT,Centro 1,In-person,2024-07-08,11
PRO,Centro 2,Online,2024-07-08,11
TUR,Centro 2,In-person,2024-07-08,11
GES,Centro 1,Online,2024-07-08,10
ING,Centro 5,Online,2024-07-08,10
MNT,Centro 3,In-person,2024-07-08,10
HCP,Centro 4,Hybrid,2024-07-08,9
INF,Centro 2,In-person,2024-07-08,9
PRO,Centro 4,Hybrid,2024-07-08,9
SST,Centro 1,Online,2024-07-08,9
MNT,Centro 4,In-person,2024-07-08,8
PBI,Centro 3,Hybrid,2024-07-08,8
PRO,Centro 4,In-person,2024-07-08,8
VND,Centro 4,Hybrid,2024-07-08,8
GER,Centro 5,In-person,2024-07-08,7
HAC,Centro 1,Hybrid,2024-07-08,7
SCI,Centro 1,Hybrid,2024-07-08,7
SEG,Centro 5,In-person,2024-07-08,7
CYB,Centro 2,Hybrid,2024-07-08,6
EMP,Centro 3,In-person,2024-07-08,6
EMP,Centro 4,In-person,2024-07-08,6
HAC,Centro 2,In-person,2024-07-08,6
LID,Centro 4,Online,2024-07-08,6
PYT,Centro 4,In-person,2024-07-08,6
HOT,Centro 2,In-person,2024-07-08,5
LID,Centro 1,Online,2024-07-08,5
LID,Centro 1,In-person,2024-07-08,5
SST,Centro 3,In-person,2024-07-08,5
TUR,Centro 5,In-person,2024-07-08,5
GER,Centro 4,In-person,2024-07-08,4
INF,Centro 3,Hybrid,2024-07-08,4
ING,Centro 2,Online,2024-07-08,4
PRI,Centro 2,In-person,2024-07-08,4
SEG,Centro 1,Hybrid,2024-07-08,4
TUR,Centro 4,In-person,2024-07-08,4
EMP,Centro 5,In-person,2024-07-08,3
EXC,Centro 4,Hybrid,2024-07-08,3
INF,Centro 4,Hybrid,2024-07-08,3
PBI,Centro 1,In-person,2024-07-08,3
PRI,Centro 1,In-person,2024-07-08,3
PRI,Centro 5,In-person,2024-07-08,3
SEG,Centro 1,In-person,2024-07-08,2
CYB,Centro 2,In-person,2024-07-08,1
EXC,Centro 3,Online,2024-07-08,1
FOR,Centro 1,Hybrid,2024-07-08,1
FOR,Centro 2,Online,2024-07-08,1
FOR,Centro 3,Hybrid,2024-07-08,1
GER,Centro 1,In-person,2024-07-08,1
GER,Centro 2,In-person,2024-07-08,1
HCP,Centro 5,Hybrid,2024-07-08,1
INF,Centro 1,Hybrid,2024-07-08,1
INF,Centro 5,In-person,2024-07-08,1
LID,Centro 2,Online,2024-07-08,1
LOG,Centro 3,Hybrid,2024-07-08,1
PBI,Centro 1,Online,2024-07-08,1
PBI,Centro 4,Hybrid,2024-07-08,1
PRO,Centro 1,In-person,2024-07-08,1
SST,Centro 5,In-person,2024-07-08,1
TUR,Centro 1,In-person,2024-07-08,1
PRO,Centro 4,Online,2024-07-15,29
CYB,Centro 4,Online,2024-07-15,24
GER,Centro 5,In-person,2024-07-15,23
PYT,Centro 3,Hybrid,2024-07-15,23
ING,Centro 4,Online,2024-07-15,22
LOG,Centro 3,Hybrid,2024-07-15,22
SEG,Centro 1,Online,2024-07-15,21
SST,Centro 1,Online,2024-07-15,21
PYT,Centro 1,Hybrid,2024-07-15,20
ING,Centro 3,Online,2024-07-15,18
EMP,Centro 4,In-person,2024-07-15,17
PYT,Centro 1,Online,2024-07-15,16
SEG,Centro 1,In-person,2024-07-15,15
PRI,Centro 5,In-person,2024-07-15,14
FOR,Centro 5,Online,2024-07-15,13
HOT,Centro 5,In-person,2024-07-15,13
GER,Centro 2,Hybrid,2024-07-15,12
INF,Centro 1,In-person,2024-07-15,12
SCI,Centro 3,In-person,2024-07-15,10
HCP,Centro 1,In-person,2024-07-15,9
MNT,Centro 3,In-person,2024-07-15,9
PBI,Centro 2,In-person,2024-07-15,9
MNT,Centro 1,In-person,2024-07-15,8
PRO,Centro 2,Online,2024-07-15,8
SST,Centro 3,In-person,2024-07-15,8
GER,Centro 1,In-person,2024-07-15,7
INF,Centro 3,In-person,2024-07-15,7
SOC,Centro 3,Hybrid,2024-07-15,7
SEG,Centro 4,Hybrid,2024-07-15,6
VND,Centro 1,Online,2024-07-15,6
VND,Centro 4,Hybrid,2024-07-15,6
CYB,Centro 1,In-person,2024-07-15,5
FOR,Centro 1,Hybrid,2024-07-15,5
FOR,Centro 3,Hybrid,2024-07-15,4
PBI,Centro 4,Hybrid,2024-07-15,4
SEG,Centro 3,In-person,2024-07-15,4
SOC,Centro 4,Hybrid,2024-07-15,4
EXC,Centro 4,Hybrid,2024-07-15,3
HAC,Centro 3,In-person,2024-07-15,3
INF,Centro 4,In-person,2024-07-15,3
SCI,Centro 2,Hybrid,2024-07-15,3
TUR,Centro 4,In-person,2024-07-15,3
CYB,Centro 2,In-person,2024-07-15,2
CYB,Centro 4,Hybrid,2024-07-15,2
FOR,Centro 5,In-person,2024-07-15,2
GER,Centro 3,In-person,2024-07-15,2
GES,Centro 4,Hybrid,2024-07-15,2
LID,Centro 2,Online,2024-07-15,2
LOG,Centro 5,Hybrid,2024-07-15,2
LOG,Centro 5,In-person,2024-07-15,2
PRO,Centro 2,Hybrid,2024-07-15,2
VND,Centro 1,In-person,2024-07-15,2
EMP,Centro 5,In-person,2024-07-15,1
HAC,Centro 5,Online,2024-07-15,1
HAC,Centro 5,In-person,2024-07-15,1
HOT,Centro 3,Hybrid,2024-07-15,1
LOG,Centro 4,In-person,2024-07-15,1
PBI,Centro 3,Online,2024-07-15,1
PRO,Centro 1,In-person,2024-07-15,1
PYT,Centro 1,In-person,2024-07-15,1
LOG,Centro 2,In-person,2024-07-22,39
PRO,Centro 2,Online,2024-07-22,24
SEG,Centro 1,Hybrid,2024-07-22,22
SEG,Centro 1,In-person,2024-07-22,22
HCP,Centro 1,In-person,2024-07-22,20
ING,Centro 3,Online,2024-07-22,20
SEG,Centro 1,Online,2024-07-22,20
GER,Centro 4,In-person,2024-07-22,19
HAC,Centro 1,Hybrid,2024-07-22,19
FOR,Centro 5,Online,2024-07-22,18
CYB,Centro 4,Online,2024-07-22,16
LOG,Centro 5,In-person,2024-07-22,16
PRI,Centro 1,In-person,2024-07-22,16
PRI,Centro 5,Hybrid,2024-07-22,16
FOR,Centro 3,Hybrid,2024-07-22,15
PBI,Centro 2,In-person,2024-07-22,15
CYB,Centro 4,Hybrid,2024-07-22,14
INF,Centro 1,Hybrid,2024-07-22,14
PBI,Centro 1,In-person,2024-07-22,14
HAC,Centro 5,In-person,2024-07-22,13
PRO,Centro 4,Hybrid,2024-07-22,13
TUR,Centro 5,In-person,2024-07-22,13
CYB,Centro 2,In-person,2024-07-22,12
GES,Centro 5,Hybrid,2024-07-22,12
INF,Centro 4,Hybrid,2024-07-22,12
INF,Centro 5,In-person,2024-07-22,12
ING,Centro 4,Online,2024-07-22,12
PRI,Centro 4,In-person,2024-07-22,12
PRO,Centro 2,In-person,2024-07-22,12
PRO,Centro 5,Hybrid,2024-07-22,12
EMP,Centro 3,In-person,2024-07-22,11
EXC,Centro 5,Hybrid,2024-07-22,11
GER,Centro 2,Hybrid,2024-07-22,11
HAC,Centro 5,Online,2024-07-22,11
HOT,Centro 4,In-person,2024-07-22,11
ING,Centro 1,In-person,2024-07-22,11
PBI,Centro 1,Online,2024-07-22,11
PRI,Centro 3,In-person,2024-07-22,11
SCI,Centro 1,Hybrid,2024-07-22,11
HOT,Centro 5,Hybrid,2024-07-22,10
PRI,Centro 5,In-person,2024-07-22,10
SEG,Centro 5,In-person,2024-07-22,10
MNT,Centro 5,In-person,2024-07-22,9
PBI,Centro 3,Online,2024-07-22,9
SCI,Centro 3,In-person,2024-07-22,9
HAC,Centro 3,Hybrid,2024-07-22,8
LID,Centro 4,In-person,2024-07-22,8
HCP,Centro 3,In-person,2024-07-22,7
MNT,Centro 4,In-person,2024-07-22,7
SST,Centro 1,In-person,2024-07-22,7
VND,Centro 3,Hybrid,2024-07-22,7
INF,Centro 2,Hybrid,2024-07-22,6
SEG,Centro 3,In-person,2024-07-22,6
HAC,Centro 1,Online,2024-07-22,5
HOT,Centro 1,Hybrid,2024-07-22,5
HOT,Centro 2,In-person,2024-07-22,5
INF,Centro 4,In-person,2024-07-22,5
LID,Centro 4,Online,2024-07-22,5
PBI,Centro 3,In-person,2024-07-22,5
PYT,Centro 2,Hybrid,2024-07-22,5
PYT,Centro 4,Hybrid,2024-07-22,5
SEG,Centro 5,Hybrid,2024-07-22,5
LOG,Centro 4,Hybrid,2024-07-22,4
PBI,Centro 3,Hybrid,2024-07-22,4
PRO,Centro 2,Hybrid,2024-07-22,4
PYT,Centro 1,Online,2024-07-22,4
SEG,Centro 2,In-person,2024-07-22,4
VND,Centro 2,Hybrid,2024-07-22,4
EXC,Centro 5,Online,2024-07-22,3
FOR,Centro 3,Online,2024-07-22,3
HAC,Centro 3,In-person,2024-07-22,3
PRO,Centro 4,In-person,2024-07-22,3
SOC,Centro 1,Hybrid,2024-07-22,3
SOC,Centro 3,Hybrid,2024-07-22,3
EXC,Centro 4,Online,2024-07-22,2
FOR,Centro 2,In-person,2024-07-22,2
GER,Centro 3,Hybrid,2024-07-22,2
GES,Centro 4,In-person,2024-07-22,2
INF,Centro 2,In-person,2024-07-22,2
MNT,Centro 1,In-person,2024-07-22,2
VND,Centro 1,Hybrid,2024-07-22,2
VND,Centro 4,Hybrid,2024-07-22,2
CYB,Centro 4,In-person,2024-07-22,1
EXC,Centro 1,Online,2024-07-22,1
GER,Centro 5,In-person,2024-07-22,1
HAC,Centro 4,Hybrid,2024-07-22,1
HOT,Centro 2,Hybrid,2024-07-22,1
HOT,Centro 3,Hybrid,2024-07-22,1
LID,Centro 2,Online,2024-07-22,1
LID,Centro 5,In-person,2024-07-22,1
LOG,Centro 1,Hybrid,2024-07-22,1
LOG,Centro 3,Hybrid,2024-07-22,1
PBI,Centro 4,Online,2024-07-22,1
PRO,Centro 1,Hybrid,2024-07-22,1
PYT,Centro 1,In-person,2024-07-22,1
PYT,Centro 5,In-person,2024-07-22,1
SCI,Centro 1,In-person,2024-07-22,1
SOC,Centro 4,In-person,2024-07-22,1
SST,Centro 2,In-person,2024-07-22,1
SST,Centro 5,Hybrid,2024-07-22,1
SST,Centro 5,In-person,2024-07-22,1
VND,Centro 2,Online,2024-07-22,1
LID,Centro 4,Online,2024-07-29,37
CYB,Centro 2,Online,2024-07-29,30
PRO,Centro 4,In-person,2024-07-29,27
MNT,Centro 4,In-person,2024-07-29,25
VND,Centro 4,Online,2024-07-29,24
SEG,Centro 5,Hybrid,2024-07-29,23
HAC,Centro 1,Online,2024-07-29,22
PRI,Centro 5,Hybrid,2024-07-29,22
GES,Centro 4,Hybrid,2024-07-29,20
LID,Centro 2,In-person,2024-07-29,20
SCI,Centro 2,Hybrid,2024-07-29,20
HCP,Centro 1,In-person,2024-07-29,19
GER,Centro 5,In-person,2024-07-29,18
GER,Centro 3,In-person,2024-07-29,17
SST,Centro 1,In-person,2024-07-29,17
SST,Centro 4,In-person,2024-07-29,17
FOR,Centro 2,In-person,2024-07-29,16
INF,Centro 4,Hybrid,2024-07-29,16
INF,Centro 5,In-person,2024-07-29,16
PRO,Centro 2,Online,2024-07-29,16
INF,Centro 3,Hybrid,2024-07-29,15
PBI,Centro 4,Hybrid,2024-07-29,15
CYB,Centro 5,Online,2024-07-29,14
PBI,Centro 2,Hybrid,2024-07-29,14
PYT,Centro 2,Online,2024-07-29,14
SEG,Centro 1,In-person,2024-07-29,14
SST,Centro 1,Hybrid,2024-07-29,14
FOR,Centro 3,Hybrid,2024-07-29,13
INF,Centro 5,Hybrid,2024-07-29,13
ING,Centro 4,Online,2024-07-29,13
CYB,Centro 4,Hybrid,2024-07-29,12
CYB,Centro 4,In-person,2024-07-29,12
HOT,Centro 1,Hybrid,2024-07-29,12
SEG,Centro 1,Online,2024-07-29,12
GER,Centro 2,In-person,2024-07-29,11
HOT,Centro 1,In-person,2024-07-29,11
INF,Centro 2,In-person,2024-07-29,11
INF,Centro 3,In-person,2024-07-29,11
MNT,Centro 2,In-person,2024-07-29,11
PRI,Centro 1,In-person,2024-07-29,11
PRO,Centro 1,Online,2024-07-29,11
PYT,Centro 1,Online,2024-07-29,11
CYB,Centro 3,Hybrid,2024-07-29,10
INF,Centro 4,In-person,2024-07-29,10
GES,Centro 1,Online,2024-07-29,9
SEG,Centro 2,In-person,2024-07-29,9
EMP,Centro 3,In-person,2024-07-29,8
GES,Centro 2,Hybrid,2024-07-29,8
HCP,Centro 5,Hybrid,2024-07-29,8
PBI,Centro 4,In-person,2024-07-29,8
PRO,Centro 1,Hybrid,2024-07-29,8
MNT,Centro 1,In-person,2024-07-29,7
PRI,Centro 5,In-person,2024-07-29,7
PRO,Centro 2,Hybrid,2024-07-29,7
SCI,Centro 1,Hybrid,2024-07-29,7
SOC,Centro 4,In-person,2024-07-29,7
FOR,Centro 5,In-person,2024-07-29,6
HCP,Centro 3,In-person,2024-07-29,6
ING,Centro 5,Hybrid,2024-07-29,6
GER,Centro 4,Hybrid,2024-07-29,5
HAC,Centro 5,Online,2024-07-29,5
LOG,Centro 2,In-person,2024-07-29,5
SCI,Centro 3,In-person,2024-07-29,5
SST,Centro 5,Hybrid,2024-07-29,5
VND,Centro 2,In-person,2024-07-29,5
CYB,Centro 2,Hybrid,2024-07-29,4
PRO,Centro 2,In-person,2024-07-29,4
SEG,Centro 5,In-person,2024-07-29,4
FOR,Centro 3,In-person,2024-07-29,3
HAC,Centro 1,Hybrid,2024-07-29,3
HAC,Centro 5,In-person,2024-07-29,3
LID,Centro 5,Hybrid,2024-07-29,3
PBI,Centro 3,Online,2024-07-29,3
PRO,Centro 4,Hybrid,2024-07-29,3
SCI,Centro 1,In-person,2024-07-29,3
SST,Centro 3,In-person,2024-07-29,3
TUR,Centro 5,In-person,2024-07-29,3
HAC,Centro 4,Hybrid,2024-07-29,2
HCP,Centro 3,Hybrid,2024-07-29,2
PBI,Centro 1,Online,2024-07-29,2
PRI,Centro 3,Hybrid,2024-07-29,2
SOC,Centro 1,Hybrid,2024-07-29,2
SOC,Centro 1,In-person,2024-07-29,2
CYB,Centro 2,In-person,2024-07-29,1
EMP,Centro 5,In-person,2024-07-29,1
GER,Centro 1,In-person,2024-07-29,1
GER,Centro 3,Hybrid,2024-07-29,1
HAC,Centro 3,In-person,2024-07-29,1
HCP,Centro 4,Hybrid,2024-07-29,1
ING,Centro 5,Online,2024-07-29,1
LOG,Centro 1,Hybrid,2024-07-29,1
LOG,Centro 4,In-person,2024-07-29,1
LOG,Centro 5,In-person,2024-07-29,1
PBI,Centro 1,In-person,2024-07-29,1
PBI,Centro 5,Hybrid,2024-07-29,1
PRI,Centro 1,Hybrid,2024-07-29,1
PYT,Centro 1,Hybrid,2024-07-29,1
PYT,Centro 1,In-person,2024-07-29,1
SEG,Centro 4,Hybrid,2024-07-29,1
SST,Centro 5,In-person,2024-07-29,1
TUR,Centro 3,In-person,2024-07-29,1
VND,Centro 2,Online,2024-07-29,1
VND,Centro 5,Hybrid,2024-07-29,1
EXC,Centro 5,Online,2024-08-05,38
EXC,Centro 1,Online,2024-08-05,32
SCI,Centro 2,Hybrid,2024-08-05,32
SEG,Centro 1,In-person,2024-08-05,30
LOG,Centro 5,In-person,2024-08-05,28
CYB,Centro 1,Online,2024-08-05,25
HOT,Centro 3,In-person,2024-08-05,25
MNT,Centro 1,In-person,2024-08-05,25
TUR,Centro 2,Hybrid,2024-08-05,25
GER,Centro 3,Hybrid,2024-08-05,24
GER,Centro 5,In-person,2024-08-05,23
PYT,Centro 2,Hybrid,2024-08-05,23
LID,Centro 5,Hybrid,2024-08-05,22
CYB,Centro 2,In-person,2024-08-05,21
FOR,Centro 5,Online,2024-08-05,21
GER,Centro 2,Hybrid,2024-08-05,20
HCP,Centro 3,Hybrid,2024-08-05,20
INF,Centro 2,In-person,2024-08-05,20
INF,Centro 3,In-person,2024-08-05,20
EXC,Centro 4,Online,2024-08-05,18
EXC,Centro 3,Online,2024-08-05,17
SEG,Centro 1,Hybrid,2024-08-05,17
GER,Centro 4,In-person,2024-08-05,16
MNT,Centro 4,In-person,2024-08-05,16
INF,Centro 2,Hybrid,2024-08-05,15
MNT,Centro 3,In-person,2024-08-05,15
PBI,Centro 4,Hybrid,2024-08-05,15
PYT,Centro 4,In-person,2024-08-05,15
PRI,Centro 1,Hybrid,2024-08-05,14
SCI,Centro 1,In-person,2024-08-05,14
HOT,Centro 5,In-person,2024-08-05,13
PYT,Centro 4,Hybrid,2024-08-05,13
HAC,Centro 4,In-person,2024-08-05,12
HAC,Centro 5,Online,2024-08-05,12
PRI,Centro 3,In-person,2024-08-05,12
SEG,Centro 4,Hybrid,2024-08-05,12
VND,Centro 2,In-person,2024-08-05,12
SOC,Centro 4,In-person,2024-08-05,11
FOR,Centro 4,In-person,2024-08-05,10
LID,Centro 1,In-person,2024-08-05,10
PBI,Centro 4,Online,2024-08-05,10
SEG,Centro 4,In-person,2024-08-05,10
HAC,Centro 3,Hybrid,2024-08-05,9
MNT,Centro 5,In-person,2024-08-05,9
PRI,Centro 4,In-person,2024-08-05,9
HAC,Centro 3,In-person,2024-08-05,8
INF,Centro 1,In-person,2024-08-05,8
TUR,Centro 2,In-person,2024-08-05,8
EXC,Centro 5,Hybrid,2024-08-05,7
GER,Centro 3,In-person,2024-08-05,7
ING,Centro 5,Online,2024-08-05,7
PBI,Centro 1,Hybrid,2024-08-05,7
SCI,Centro 3,In-person,2024-08-05,7
SEG,Centro 2,In-person,2024-08-05,7
VND,Centro 1,Hybrid,2024-08-05,7
VND,Centro 5,Hybrid,2024-08-05,7
EMP,Centro 2,In-person,2024-08-05,6
LID,Centro 2,Hybrid,2024-08-05,6
PYT,Centro 2,Online,2024-08-05,6
SOC,Centro 1,Hybrid,2024-08-05,6
VND,Centro 3,Hybrid,2024-08-05,6
HCP,Centro 5,Hybrid,2024-08-05,5
INF,Centro 5,Hybrid,2024-08-05,4
PBI,Centro 1,Online,2024-08-05,4
PRI,Centro 3,Hybrid,2024-08-05,4
PRO,Centro 1,Hybrid,2024-08-05,4
PRO,Centro 5,Hybrid,2024-08-05,4
VND,Centro 2,Hybrid,2024-08-05,4
GER,Centro 1,In-person,2024-08-05,3
HCP,Centro 5,In-person,2024-08-05,3
HOT,Centro 1,In-person,2024-08-05,3
LID,Centro 5,In-person,2024-08-05,3
PBI,Centro 2,Hybrid,2024-08-05,3
PYT,Centro 3,Hybrid,2024-08-05,3
SST,Centro 5,Hybrid,2024-08-05,3
SST,Centro 5,In-person,2024-08-05,3
TUR,Centro 1,In-person,2024-08-05,3
CYB,Centro 4,In-person,2024-08-05,2
FOR,Centro 2,Hybrid,2024-08-05,2
HCP,Centro 2,In-person,2024-08-05,2
HCP,Centro 4,Hybrid,2024-08-05,2
HOT,Centro 4,In-person,2024-08-05,2
INF,Centro 4,Hybrid,2024-08-05,2
ING,Centro 2,Online,2024-08-05,2
LID,Centro 2,Online,2024-08-05,2
LID,Centro 4,Online,2024-08-05,2
PBI,Centro 3,Online,2024-08-05,2
PRI,Centro 5,Hybrid,2024-08-05,2
PYT,Centro 1,In-person,2024-08-05,2
PYT,Centro 3,In-person,2024-08-05,2
PYT,Centro 5,In-person,2024-08-05,2
SEG,Centro 5,In-person,2024-08-05,2
EMP,Centro 5,In-person,2024-08-05,1
EXC,Centro 2,Online,2024-08-05,1
EXC,Centro 2,Hybrid,2024-08-05,1
GES,Centro 4,Online,2024-08-05,1
HOT,Centro 2,Hybrid,2024-08-05,1
INF,Centro 3,Hybrid,2024-08-05,1
INF,Centro 4,In-person,2024-08-05,1
LID,Centro 4,In-person,2024-08-05,1
LOG,Centro 4,In-person,2024-08-05,1
MNT,Centro 2,In-person,2024-08-05,1
PYT,Centro 1,Online,2024-08-05,1
SST,Centro 1,In-person,2024-08-05,1
TUR,Centro 3,In-person,2024-08-05,1
TUR,Centro 4,In-person,2024-08-05,1
PBI,Centro 3,Online,2024-08-12,43
PRI,Centro 1,In-person,2024-08-12,34
MNT,Centro 1,In-person,2024-08-12,31
CYB,Centro 2,Online,2024-08-12,28
SCI,Centro 2,Hybrid,2024-08-12,25
SST,Centro 2,In-person,2024-08-12,25
INF,Centro 3,Hybrid,2024-08-12,24
GER,Centro 5,In-person,2024-08-12,23
HCP,Centro 5,Hybrid,2024-08-12,21
PBI,Centro 1,Hybrid,2024-08-12,21
VND,Centro 4,Online,2024-08-12,21
FOR,Centro 1,Online,2024-08-12,20
FOR,Centro 5,Hybrid,2024-08-12,20
PBI,Centro 2,In-person,2024-08-12,20
SEG,Centro 4,In-person,2024-08-12,20
TUR,Centro 3,In-person,2024-08-12,20
GES,Centro 5,Hybrid,2024-08-12,19
INF,Centro 5,In-person,2024-08-12,19
MNT,Centro 2,In-person,2024-08-12,19
PBI,Centro 4,In-person,2024-08-12,18
TUR,Centro 1,In-person,2024-08-12,18
HCP,Centro 3,In-person,2024-08-12,17
PRI,Centro 3,Hybrid,2024-08-12,17
TUR,Centro 1,Hybrid,2024-08-12,17
TUR,Centro 4,In-person,2024-08-12,17
VND,Centro 5,Hybrid,2024-08-12,17
GES,Centro 4,In-person,2024-08-12,16
SST,Centro 3,In-person,2024-08-12,16
CYB,Centro 3,Hybrid,2024-08-12,15
ING,Centro 5,Hybrid,2024-08-12,14
LID,Centro 4,Online,2024-08-12,14
PRO,Centro 5,In-person,2024-08-12,14
PYT,Centro 1,Online,2024-08-12,14
TUR,Centro 2,In-person,2024-08-12,14
VND,Centro 3,Hybrid,2024-08-12,14
PBI,Centro 4,Online,2024-08-12,13
VND,Centro 2,Hybrid,2024-08-12,13
GER,Centro 2,Hybrid,2024-08-12,12
GER,Centro 2,In-person,2024-08-12,12
HCP,Centro 1,In-person,2024-08-12,12
HCP,Centro 2,Hybrid,2024-08-12,12
PYT,Centro 1,In-person,2024-08-12,12
SST,Centro 1,Hybrid,2024-08-12,12
CYB,Centro 1,Online,2024-08-12,11
PBI,Centro 1,In-person,2024-08-12,11
PBI,Centro 4,Hybrid,2024-08-12,11
EMP,Centro 1,In-person,2024-08-12,10
GER,Centro 1,In-person,2024-08-12,10
HAC,Centro 5,Online,2024-08-12,10
INF,Centro 1,In-person,2024-08-12,10
CYB,Centro 4,Online,2024-08-12,9
CYB,Centro 4,In-person,2024-08-12,9
EMP,Centro 3,In-person,2024-08-12,9
HAC,Centro 4,Hybrid,2024-08-12,9
HCP,Centro 2,In-person,2024-08-12,9
EXC,Centro 5,Online,2024-08-12,8
HAC,Centro 1,Online,2024-08-12,8
HAC,Centro 2,In-person,2024-08-12,8
SOC,Centro 1,In-person,2024-08-12,8
GES,Centro 4,Online,2024-08-12,7
LID,Centro 5,Hybrid,2024-08-12,7
PRO,Centro 5,Hybrid,2024-08-12,7
EMP,Centro 4,In-person,2024-08-12,6
HCP,Centro 3,Hybrid,2024-08-12,6
HCP,Centro 4,In-person,2024-08-12,6
LOG,Centro 1,Hybrid,2024-08-12,6
CYB,Centro 2,In-person,2024-08-12,5
CYB,Centro 5,Online,2024-08-12,5
EXC,Centro 5,In-person,2024-08-12,5
GER,Centro 4,In-person,2024-08-12,5
LOG,Centro 5,Hybrid,2024-08-12,5
LOG,Centro 5,In-person,2024-08-12,5
PRO,Centro 4,In-person,2024-08-12,5
PYT,Centro 1,Hybrid,2024-08-12,5
SEG,Centro 5,In-person,2024-08-12,5
CYB,Centro 4,Hybrid,2024-08-12,4
GER,Centro 3,Hybrid,2024-08-12,4
GES,Centro 4,Hybrid,2024-08-12,4
ING,Centro 2,Online,2024-08-12,4
LID,Centro 3,In-person,2024-08-12,4
MNT,Centro 3,In-person,2024-08-12,4
PBI,Centro 2,Online,2024-08-12,4
PRI,Centro 1,Hybrid,2024-08-12,4
SEG,Centro 1,In-person,2024-08-12,4
SST,Centro 5,Hybrid,2024-08-12,4
INF,Centro 4,In-person,2024-08-12,3
MNT,Centro 4,In-person,2024-08-12,3
PBI,Centro 3,Hybrid,2024-08-12,3
TUR,Centro 5,In-person,2024-08-12,3
EXC,Centro 2,In-person,2024-08-12,2
HAC,Centro 3,In-person,2024-08-12,2
LID,Centro 1,In-person,2024-08-12,2
PBI,Centro 1,Online,2024-08-12,2
PRI,Centro 5,In-person,2024-08-12,2
PYT,Centro 3,In-person,2024-08-12,2
SEG,Centro 1,Online,2024-08-12,2
SST,Centro 1,In-person,2024-08-12,2
SST,Centro 5,In-person,2024-08-12,2
CYB,Centro 3,Online,2024-08-12,1
EMP,Centro 2,In-person,2024-08-12,1
FOR,Centro 5,Online,2024-08-12,1
GER,Centro 1,Hybrid,2024-08-12,1
GER,Centro 3,In-person,2024-08-12,1
HOT,Centro 1,In-person,2024-08-12,1
HOT,Centro 2,Hybrid,2024-08-12,1
HOT,Centro 3,In-person,2024-08-12,1
INF,Centro 5,Hybrid,2024-08-12,1
ING,Centro 3,Hybrid,2024-08-12,1
LID,Centro 2,In-person,2024-08-12,1
LOG,Centro 3,Hybrid,2024-08-12,1
PRI,Centro 4,Hybrid,2024-08-12,1
PRI,Centro 4,In-person,2024-08-12,1
PYT,Centro 2,Hybrid,2024-08-12,1
PYT,Centro 3,Hybrid,2024-08-12,1
PYT,Centro 5,In-person,2024-08-12,1
SCI,Centro 3,Hybrid,2024-08-12,1
SCI,Centro 3,In-person,2024-08-12,1
SCI,Centro 4,In-person,2024-08-12,1
SST,Centro 1,Online,2024-08-12,1
VND,Centro 4,Hybrid,2024-08-12,1
EXC,Centro 4,Online,2024-08-19,36
CYB,Centro 4,Online,2024-08-19,33
GER,Centro 4,In-person,2024-08-19,32
HCP,Centro 5,In-person,2024-08-19,31
PBI,Centro 3,Online,2024-08-19,30
EMP,Centro 3,In-person,2024-08-19,29
GES,Centro 5,Hybrid,2024-08-19,27
INF,Centro 2,In-person,2024-08-19,27
SST,Centro 5,Online,2024-08-19,26
TUR,Centro 2,In-person,2024-08-19,25
LID,Centro 2,Online,2024-08-19,24
SEG,Centro 4,In-person,2024-08-19,23
PYT,Centro 3,Hybrid,2024-08-19,22
HCP,Centro 3,Hybrid,2024-08-19,21
TUR,Centro 1,In-person,2024-08-19,21
VND,Centro 4,Hybrid,2024-08-19,21
VND,Centro 1,Online,2024-08-19,19
HCP,Centro 1,In-person,2024-08-19,18
INF,Centro 3,Hybrid,2024-08-19,17
PBI,Centro 1,Online,2024-08-19,17
PRO,Centro 4,Hybrid,2024-08-19,17
SEG,Centro 1,Hybrid,2024-08-19,17
FOR,Centro 3,In-person,2024-08-19,15
LID,Centro 5,Online,2024-08-19,15
GES,Centro 4,Online,2024-08-19,14
HAC,Centro 2,In-person,2024-08-19,13
PYT,Centro 1,Online,2024-08-19,13
SOC,Centro 4,In-person,2024-08-19,13
HCP,Centro 5,Hybrid,2024-08-19,12
LOG,Centro 1,Hybrid,2024-08-19,12
PRI,Centro 4,In-person,2024-08-19,12
SEG,Centro 3,Online,2024-08-19,12
SEG,Centro 5,Hybrid,2024-08-19,12
VND,Centro 2,In-person,2024-08-19,12
SCI,Centro 4,In-person,2024-08-19,11
VND,Centro 1,Hybrid,2024-08-19,11
MNT,Centro 2,In-person,2024-08-19,10
HAC,Centro 3,In-person,2024-08-19,9
INF,Centro 3,In-person,2024-08-19,9
PBI,Centro 4,Online,2024-08-19,9
SOC,Centro 1,In-person,2024-08-19,9
CYB,Centro 2,In-person,2024-08-19,8
CYB,Centro 4,Hybrid,2024-08-19,8
PYT,Centro 3,In-person,2024-08-19,8
ING,Centro 5,Online,2024-08-19,7
PRI,Centro 1,Hybrid,2024-08-19,7
SST,Centro 5,In-person,2024-08-19,7
CYB,Centro 3,Hybrid,2024-08-19,6
HOT,Centro 5,In-person,2024-08-19,6
LID,Centro 4,In-person,2024-08-19,6
MNT,Centro 1,In-person,2024-08-19,6
PRI,Centro 5,Hybrid,2024-08-19,6
PYT,Centro 1,Hybrid,2024-08-19,6
SEG,Centro 2,In-person,2024-08-19,6
EXC,Centro 5,Online,2024-08-19,5
ING,Centro 4,Online,2024-08-19,5
PRI,Centro 5,In-person,2024-08-19,5
CYB,Centro 4,In-person,2024-08-19,4
GER,Centro 1,In-person,2024-08-19,4
LID,Centro 5,In-person,2024-08-19,4
LOG,Centro 4,In-person,2024-08-19,4
SCI,Centro 3,In-person,2024-08-19,4
SEG,Centro 4,Online,2024-08-19,4
TUR,Centro 3,Hybrid,2024-08-19,4
FOR,Centro 5,In-person,2024-08-19,3
GER,Centro 5,In-person,2024-08-19,3
HAC,Centro 1,Hybrid,2024-08-19,3
HOT,Centro 3,In-person,2024-08-19,3
INF,Centro 4,In-person,2024-08-19,3
MNT,Centro 3,In-person,2024-08-19,3
PBI,Centro 1,Hybrid,2024-08-19,3
TUR,Centro 3,In-person,2024-08-19,3
EMP,Centro 1,In-person,2024-08-19,2
GER,Centro 2,Hybrid,2024-08-19,2
LID,Centro 2,In-person,2024-08-19,2
LOG,Centro 5,In-person,2024-08-19,2
PRI,Centro 3,Hybrid,2024-08-19,2
SCI,Centro 1,In-person,2024-08-19,2
SEG,Centro 1,In-person,2024-08-19,2
CYB,Centro 3,Online,2024-08-19,1
EXC,Centro 1,Online,2024-08-19,1
EXC,Centro 2,Online,2024-08-19,1
EXC,Centro 2,In-person,2024-08-19,1
FOR,Centro 5,Online,2024-08-19,1
GER,Centro 3,Hybrid,2024-08-19,1
GER,Centro 5,Hybrid,2024-08-19,1
GES,Centro 4,Hybrid,2024-08-19,1
HAC,Centro 4,Hybrid,2024-08-19,1
HCP,Centro 3,In-person,2024-08-19,1
HOT,Centro 1,Hybrid,2024-08-19,1
HOT,Centro 5,Hybrid,2024-08-19,1
ING,Centro 5,Hybrid,2024-08-19,1
PBI,Centro 2,Hybrid,2024-08-19,1
PBI,Centro 3,Hybrid,2024-08-19,1
PRI,Centro 2,In-person,2024-08-19,1
PRO,Centro 1,Online,2024-08-19,1
PRO,Centro 2,Hybrid,2024-08-19,1
PYT,Centro 5,In-person,2024-08-19,1
SST,Centro 1,Online,2024-08-19,1
SST,Centro 1,In-person,2024-08-19,1
TUR,Centro 4,In-person,2024-08-19,1
ING,Centro 2,Online,2024-08-26,48
SST,Centro 1,Online,2024-08-26,35
PBI,Centro 4,Online,2024-08-26,34
EMP,Centro 1,In-person,2024-08-26,31
GER,Centro 5,In-person,2024-08-26,30
MNT,Centro 4,In-person,2024-08-26,30
SST,Centro 1,Hybrid,2024-08-26,29
HOT,Centro 2,Hybrid,2024-08-26,28
MNT,Centro 1,In-person,2024-08-26,28
SEG,Centro 1,In-person,2024-08-26,28
TUR,Centro 1,In-person,2024-08-26,26
HAC,Centro 1,Hybrid,2024-08-26,25
PYT,Centro 4,Hybrid,2024-08-26,25
SCI,Centro 2,Hybrid,2024-08-26,25
EXC,Centro 1,Online,2024-08-26,24
CYB,Centro 2,Hybrid,2024-08-26,23
EXC,Centro 4,Online,2024-08-26,22
PYT,Centro 2,Hybrid,2024-08-26,22
SEG,Centro 4,Online,2024-08-26,22
PBI,Centro 1,Online,2024-08-26,21
GER,Centro 5,Hybrid,2024-08-26,20
GES,Centro 4,Online,2024-08-26,20
PRI,Centro 1,In-person,2024-08-26,20
SEG,Centro 1,Hybrid,2024-08-26,20
SST,Centro 4,In-person,2024-08-26,20
CYB,Centro 4,Online,2024-08-26,19
MNT,Centro 3,In-person,2024-08-26,19
HOT,Centro 2,In-person,2024-08-26,18
CYB,Centro 3,Online,2024-08-26,17
LID,Centro 4,Online,2024-08-26,17
CYB,Centro 2,In-person,2024-08-26,16
HAC,Centro 4,Hybrid,2024-08-26,16
HAC,Centro 5,Hybrid,2024-08-26,15
HCP,Centro 5,Hybrid,2024-08-26,15
ING,Centro 3,Hybrid,2024-08-26,15
MNT,Centro 2,In-person,2024-08-26,15
PBI,Centro 4,In-person,2024-08-26,15
PRI,Centro 5,Hybrid,2024-08-26,15
PYT,Centro 2,Online,2024-08-26,15
CYB,Centro 3,Hybrid,2024-08-26,14
FOR,Centro 4,In-person,2024-08-26,14
SEG,Centro 5,In-person,2024-08-26,14
GER,Centro 2,Hybrid,2024-08-26,13
GER,Centro 3,In-person,2024-08-26,13
SST,Centro 5,In-person,2024-08-26,13
VND,Centro 1,Hybrid,2024-08-26,13
CYB,Centro 1,Hybrid,2024-08-26,12
HCP,Centro 1,In-person,2024-08-26,12
HCP,Centro 3,In-person,2024-08-26,12
HOT,Centro 1,In-person,2024-08-26,12
PBI,Centro 5,Hybrid,2024-08-26,12
SEG,Centro 5,Hybrid,2024-08-26,12
CYB,Centro 4,Hybrid,2024-08-26,11
PRI,Centro 4,In-person,2024-08-26,11
PBI,Centro 3,In-person,2024-08-26,10
PYT,Centro 5,In-person,2024-08-26,10
CYB,Centro 5,Hybrid,2024-08-26,9
EMP,Centro 3,In-person,2024-08-26,9
GER,Centro 1,Hybrid,2024-08-26,9
PYT,Centro 3,Online,2024-08-26,9
SCI,Centro 3,In-person,2024-08-26,9
SCI,Centro 5,Hybrid,2024-08-26,9
SEG,Centro 2,In-person,2024-08-26,9
EXC,Centro 2,In-person,2024-08-26,8
HAC,Centro 3,In-person,2024-08-26,8
HCP,Centro 3,Hybrid,2024-08-26,8
PRI,Centro 1,Hybrid,2024-08-26,8
SOC,Centro 4,In-person,2024-08-26,8
TUR,Centro 4,In-person,2024-08-26,8
GES,Centro 1,Online,2024-08-26,7
PRO,Centro 4,Hybrid,2024-08-26,7
TUR,Centro 2,In-person,2024-08-26,7
VND,Centro 4,Online,2024-08-26,7
CYB,Centro 5,Online,2024-08-26,6
FOR,Centro 2,In-person,2024-08-26,6
INF,Centro 3,Hybrid,2024-08-26,6
LID,Centro 2,Hybrid,2024-08-26,6
MNT,Centro 5,In-person,2024-08-26,6
FOR,Centro 1,Hybrid,2024-08-26,5
FOR,Centro 3,Hybrid,2024-08-26,5
GER,Centro 3,Hybrid,2024-08-26,5
LOG,Centro 2,In-person,2024-08-26,5
LOG,Centro 4,Hybrid,2024-08-26,5
SST,Centro 1,In-person,2024-08-26,5
FOR,Centro 4,Hybrid,2024-08-26,4
LOG,Centro 5,In-person,2024-08-26,4
PBI,Centro 3,Hybrid,2024-08-26,4
SCI,Centro 4,In-person,2024-08-26,4
SEG,Centro 4,Hybrid,2024-08-26,4
SST,Centro 5,Hybrid,2024-08-26,4
VND,Centro 1,Online,2024-08-26,4
HCP,Centro 4,In-person,2024-08-26,3
ING,Centro 3,Online,2024-08-26,3
LID,Centro 1,In-person,2024-08-26,3
LID,Centro 5,Hybrid,2024-08-26,3
PBI,Centro 1,In-person,2024-08-26,3
PRI,Centro 3,Hybrid,2024-08-26,3
PRO,Centro 1,Online,2024-08-26,3
PRO,Centro 4,In-person,2024-08-26,3
SST,Centro 2,In-person,2024-08-26,3
EXC,Centro 5,Online,2024-08-26,2
FOR,Centro 2,Online,2024-08-26,2
HAC,Centro 4,In-person,2024-08-26,2
HAC,Centro 5,In-person,2024-08-26,2
HCP,Centro 5,In-person,2024-08-26,2
HOT,Centro 1,Hybrid,2024-08-26,2
HOT,Centro 5,In-person,2024-08-26,2
LID,Centro 5,Online,2024-08-26,2
PRI,Centro 5,In-person,2024-08-26,2
PRO,Centro 2,Hybrid,2024-08-26,2
SOC,Centro 2,In-person,2024-08-26,2
TUR,Centro 5,In-person,2024-08-26,2
FOR,Centro 1,Online,2024-08-26,1
GER,Centro 4,In-person,2024-08-26,1
GES,Centro 4,In-person,2024-08-26,1
HAC,Centro 2,In-person,2024-08-26,1
HAC,Centro 5,Online,2024-08-26,1
INF,Centro 4,Hybrid,2024-08-26,1
ING,Centro 5,Hybrid,2024-08-26,1
LID,Centro 2,Online,2024-08-26,1
PBI,Centro 1,Hybrid,2024-08-26,1
PBI,Centro 4,Hybrid,2024-08-26,1
PRI,Centro 3,In-person,2024-08-26,1
PRI,Centro 4,Hybrid,2024-08-26,1
PRO,Centro 1,Hybrid,2024-08-26,1
SEG,Centro 1,Online,2024-08-26,1
SEG,Centro 4,In-person,2024-08-26,1
TUR,Centro 1,Hybrid,2024-08-26,1
TUR,Centro 3,In-person,2024-08-26,1
VND,Centro 5,Online,2024-08-26,1
HAC,Centro 3,In-person,2024-09-02,36
SOC,Centro 3,In-person,2024-09-02,34
CYB,Centro 3,Online,2024-09-02,32
HOT,Centro 1,In-person,2024-09-02,30
CYB,Centro 1,Hybrid,2024-09-02,29
PYT,Centro 3,Hybrid,2024-09-02,28
LID,Centro 5,Online,2024-09-02,27
PBI,Centro 2,Online,2024-09-02,27
SEG,Centro 5,In-person,2024-09-02,27
LID,Centro 2,Hybrid,2024-09-02,25
SOC,Centro 1,Hybrid,2024-09-02,25
VND,Centro 2,Hybrid,2024-09-02,25
GER,Centro 3,In-person,2024-09-02,24
HCP,Centro 4,In-person,2024-09-02,23
ING,Centro 4,Online,2024-09-02,23
LOG,Centro 2,Hybrid,2024-09-02,23
PRO,Centro 2,Hybrid,2024-09-02,23
CYB,Centro 4,Online,2024-09-02,21
EXC,Centro 4,Online,2024-09-02,21
PRI,Centro 1,In-person,2024-09-02,21
GER,Centro 3,Hybrid,2024-09-02,20
PBI,Centro 4,In-person,2024-09-02,20
SST,Centro 2,In-person,2024-09-02,20
EXC,Centro 2,In-person,2024-09-02,19
PRO,Centro 1,Online,2024-09-02,19
PYT,Centro 3,Online,2024-09-02,19
SST,Centro 3,Hybrid,2024-09-02,18
VND,Centro 5,Online,2024-09-02,18
LOG,Centro 3,Hybrid,2024-09-02,17
INF,Centro 4,In-person,2024-09-02,16
SEG,Centro 1,Hybrid,2024-09-02,16
SEG,Centro 4,In-person,2024-09-02,16
CYB,Centro 2,Hybrid,2024-09-02,15
CYB,Centro 5,Online,2024-09-02,15
HAC,Centro 5,In-person,2024-09-02,15
INF,Centro 5,In-person,2024-09-02,15
VND,Centro 3,Hybrid,2024-09-02,15
CYB,Centro 2,In-person,2024-09-02,14
GER,Centro 4,In-person,2024-09-02,14
GES,Centro 3,Hybrid,2024-09-02,14
INF,Centro 1,In-person,2024-09-02,14
EXC,Centro 3,Online,2024-09-02,13
PRO,Centro 4,Hybrid,2024-09-02,13
EMP,Centro 2,In-person,2024-09-02,12
GER,Centro 2,Hybrid,2024-09-02,12
PBI,Centro 2,Hybrid,2024-09-02,12
PBI,Centro 4,Hybrid,2024-09-02,12
SCI,Centro 3,Hybrid,2024-09-02,12
SEG,Centro 1,Online,2024-09-02,11
GER,Centro 5,In-person,2024-09-02,10
HAC,Centro 2,In-person,2024-09-02,10
HOT,Centro 3,Hybrid,2024-09-02,10
PRI,Centro 4,In-person,2024-09-02,10
PYT,Centro 5,In-person,2024-09-02,10
SEG,Centro 3,Online,2024-09-02,10
CYB,Centro 1,Online,2024-09-02,9
CYB,Centro 5,Hybrid,2024-09-02,9
EMP,Centro 1,In-person,2024-09-02,9
FOR,Centro 2,In-person,2024-09-02,9
GER,Centro 2,In-person,2024-09-02,9
LOG,Centro 2,In-person,2024-09-02,9
PYT,Centro 2,Hybrid,2024-09-02,9
PYT,Centro 4,Hybrid,2024-09-02,9
SEG,Centro 2,In-person,2024-09-02,9
SEG,Centro 4,Hybrid,2024-09-02,9
EMP,Centro 3,In-person,2024-09-02,8
FOR,Centro 2,Online,2024-09-02,8
HCP,Centro 5,In-person,2024-09-02,8
HOT,Centro 5,In-person,2024-09-02,8
LID,Centro 4,Hybrid,2024-09-02,8
MNT,Centro 1,In-person,2024-09-02,8
SOC,Centro 4,In-person,2024-09-02,8
SOC,Centro 5,In-person,2024-09-02,8
TUR,Centro 1,In-person,2024-09-02,8
HCP,Centro 3,In-person,2024-09-02,7
LID,Centro 4,Online,2024-09-02,7
LOG,Centro 4,In-person,2024-09-02,7
PYT,Centro 5,Hybrid,2024-09-02,7
SST,Centro 5,In-person,2024-09-02,7
FOR,Centro 4,Online,2024-09-02,6
INF,Centro 3,In-person,2024-09-02,6
ING,Centro 3,Hybrid,2024-09-02,6
LID,Centro 2,Online,2024-09-02,6
LID,Centro 5,Hybrid,2024-09-02,6
LID,Centro 5,In-person,2024-09-02,6
SCI,Centro 2,Hybrid,2024-09-02,6
CYB,Centro 3,Hybrid,2024-09-02,5
FOR,Centro 2,Hybrid,2024-09-02,5
FOR,Centro 3,Online,2024-09-02,5
GER,Centro 1,Hybrid,2024-09-02,5
GES,Centro 5,Hybrid,2024-09-02,5
HAC,Centro 1,Online,2024-09-02,5
LID,Centro 1,Online,2024-09-02,5
LOG,Centro 3,In-person,2024-09-02,5
PBI,Centro 4,Online,2024-09-02,5
SCI,Centro 1,Hybrid,2024-09-02,5
TUR,Centro 2,In-person,2024-09-02,5
EXC,Centro 1,Hybrid,2024-09-02,4
EXC,Centro 3,In-person,2024-09-02,4
FOR,Centro 1,Online,2024-09-02,4
GES,Centro 1,Hybrid,2024-09-02,4
HOT,Centro 2,Hybrid,2024-09-02,4
VND,Centro 5,In-person,2024-09-02,4
GER,Centro 5,Hybrid,2024-09-02,3
PRI,Centro 5,In-person,2024-09-02,3
SST,Centro 4,In-person,2024-09-02,3
CYB,Centro 1,In-person,2024-09-02,2
CYB,Centro 4,In-person,2024-09-02,2
EXC,Centro 2,Online,2024-09-02,2
EXC,Centro 2,Hybrid,2024-09-02,2
FOR,Centro 5,In-person,2024-09-02,2
GES,Centro 4,Online,2024-09-02,2
HAC,Centro 4,Hybrid,2024-09-02,2
HCP,Centro 2,Hybrid,2024-09-02,2
INF,Centro 4,Hybrid,2024-09-02,2
MNT,Centro 2,In-person,2024-09-02,2
PBI,Centro 3,Hybrid,2024-09-02,2
PRI,Centro 1,Hybrid,2024-09-02,2
PRO,Centro 4,In-person,2024-09-02,2
SEG,Centro 3,In-person,2024-09-02,2
SST,Centro 5,Online,2024-09-02,2
TUR,Centro 3,Hybrid,2024-09-02,2
CYB,Centro 4,Hybrid,2024-09-02,1
EXC,Centro 5,In-person,2024-09-02,1
FOR,Centro 4,Hybrid,2024-09-02,1
FOR,Centro 5,Online,2024-09-02,1
GER,Centro 1,In-person,2024-09-02,1
GES,Centro 4,Hybrid,2024-09-02,1
HAC,Centro 1,In-person,2024-09-02,1
HCP,Centro 2,In-person,2024-09-02,1
HCP,Centro 5,Hybrid,2024-09-02,1
MNT,Centro 5,In-person,2024-09-02,1
PRI,Centro 2,Hybrid,2024-09-02,1
PRI,Centro 2,In-person,2024-09-02,1
PRI,Centro 3,In-person,2024-09-02,1
PYT,Centro 1,Online,2024-09-02,1
PYT,Centro 1,Hybrid,2024-09-02,1
SCI,Centro 4,In-person,2024-09-02,1
SEG,Centro 1,In-person,2024-09-02,1
GER,Centro 5,In-person,2024-09-09,42
LID,Centro 2,Online,2024-09-09,42
GES,Centro 4,Online,2024-09-09,38
SST,Centro 5,Hybrid,2024-09-09,34
VND,Centro 2,Hybrid,2024-09-09,31
SEG,Centro 4,In-person,2024-09-09,30
EXC,Centro 2,In-person,2024-09-09,29
HOT,Centro 5,In-person,2024-09-09,29
MNT,Centro 5,In-person,2024-09-09,29
PBI,Centro 4,Online,2024-09-09,29
CYB,Centro 2,Hybrid,2024-09-09,28
CYB,Centro 1,Online,2024-09-09,27
EXC,Centro 2,Online,2024-09-09,27
ING,Centro 3,Hybrid,2024-09-09,27
CYB,Centro 4,Hybrid,2024-09-09,26
CYB,Centro 1,Hybrid,2024-09-09,24
FOR,Centro 4,Hybrid,2024-09-09,24
LID,Centro 4,Online,2024-09-09,24
SST,Centro 1,Hybrid,2024-09-09,24
GER,Centro 2,Hybrid,2024-09-09,23
HAC,Centro 5,Online,2024-09-09,23
LID,Centro 3,In-person,2024-09-09,23
SST,Centro 5,In-person,2024-09-09,23
VND,Centro 4,Online,2024-09-09,22
INF,Centro 1,Hybrid,2024-09-09,21
VND,Centro 5,In-person,2024-09-09,21
LOG,Centro 4,Hybrid,2024-09-09,20
PRI,Centro 1,In-person,2024-09-09,20
HAC,Centro 1,Online,2024-09-09,19
HAC,Centro 4,Hybrid,2024-09-09,19
LID,Centro 5,In-person,2024-09-09,19
PYT,Centro 3,Online,2024-09-09,19
SCI,Centro 2,Hybrid,2024-09-09,19
EXC,Centro 2,Hybrid,2024-09-09,18
VND,Centro 4,Hybrid,2024-09-09,18
EXC,Centro 1,Hybrid,2024-09-09,16
HCP,Centro 4,In-person,2024-09-09,16
INF,Centro 3,In-person,2024-09-09,16
PRI,Centro 4,In-person,2024-09-09,16
PRO,Centro 1,Hybrid,2024-09-09,16
VND,Centro 4,In-person,2024-09-09,16
MNT,Centro 2,In-person,2024-09-09,15
PBI,Centro 4,Hybrid,2024-09-09,15
PYT,Centro 2,Hybrid,2024-09-09,15
SOC,Centro 2,Hybrid,2024-09-09,15
TUR,Centro 5,In-person,2024-09-09,15
HCP,Centro 3,In-person,2024-09-09,14
LOG,Centro 2,In-person,2024-09-09,14
SEG,Centro 5,Hybrid,2024-09-09,14
SST,Centro 2,Online,2024-09-09,14
HCP,Centro 5,In-person,2024-09-09,13
MNT,Centro 1,In-person,2024-09-09,13
SST,Centro 2,In-person,2024-09-09,13
SST,Centro 4,In-person,2024-09-09,13
HAC,Centro 1,In-person,2024-09-09,12
HCP,Centro 3,Hybrid,2024-09-09,12
CYB,Centro 3,Hybrid,2024-09-09,11
SST,Centro 1,In-person,2024-09-09,11
FOR,Centro 2,Hybrid,2024-09-09,10
GER,Centro 4,Hybrid,2024-09-09,10
HAC,Centro 2,In-person,2024-09-09,10
ING,Centro 5,Online,2024-09-09,10
PYT,Centro 5,In-person,2024-09-09,10
SEG,Centro 2,In-person,2024-09-09,10
PYT,Centro 1,Hybrid,2024-09-09,9
PYT,Centro 4,Hybrid,2024-09-09,9
EXC,Centro 4,In-person,2024-09-09,8
PBI,Centro 1,Online,2024-09-09,8
PRI,Centro 4,Hybrid,2024-09-09,8
PRO,Centro 4,Hybrid,2024-09-09,8
SEG,Centro 3,Online,2024-09-09,8
TUR,Centro 5,Hybrid,2024-09-09,8
FOR,Centro 2,Online,2024-09-09,7
HAC,Centro 3,Hybrid,2024-09-09,7
HAC,Centro 4,In-person,2024-09-09,7
HCP,Centro 2,In-person,2024-09-09,7
PBI,Centro 5,Hybrid,2024-09-09,7
SEG,Centro 3,In-person,2024-09-09,7
SOC,Centro 2,In-person,2024-09-09,7
EMP,Centro 3,In-person,2024-09-09,6
EXC,Centro 3,Online,2024-09-09,6
FOR,Centro 3,Online,2024-09-09,6
HCP,Centro 5,Hybrid,2024-09-09,6
PRO,Centro 5,In-person,2024-09-09,6
EXC,Centro 3,In-person,2024-09-09,5
FOR,Centro 1,Online,2024-09-09,5
GER,Centro 2,In-person,2024-09-09,5
GES,Centro 4,In-person,2024-09-09,5
LID,Centro 4,In-person,2024-09-09,5
SCI,Centro 3,In-person,2024-09-09,5
FOR,Centro 5,Online,2024-09-09,4
GER,Centro 1,Hybrid,2024-09-09,4
HAC,Centro 3,In-person,2024-09-09,4
HOT,Centro 3,Hybrid,2024-09-09,4
LID,Centro 2,In-person,2024-09-09,4
LID,Centro 5,Online,2024-09-09,4
SEG,Centro 5,In-person,2024-09-09,4
SST,Centro 1,Online,2024-09-09,4
CYB,Centro 2,In-person,2024-09-09,3
GER,Centro 3,Hybrid,2024-09-09,3
GES,Centro 5,Hybrid,2024-09-09,3
INF,Centro 3,Hybrid,2024-09-09,3
PBI,Centro 4,In-person,2024-09-09,3
PRI,Centro 5,In-person,2024-09-09,3
SOC,Centro 4,In-person,2024-09-09,3
TUR,Centro 1,In-person,2024-09-09,3
CYB,Centro 4,Online,2024-09-09,2
CYB,Centro 5,Hybrid,2024-09-09,2
EMP,Centro 1,In-person,2024-09-09,2
EMP,Centro 2,In-person,2024-09-09,2
GER,Centro 5,Hybrid,2024-09-09,2
HOT,Centro 5,Hybrid,2024-09-09,2
LOG,Centro 3,Hybrid,2024-09-09,2
PYT,Centro 3,Hybrid,2024-09-09,2
SEG,Centro 5,Online,2024-09-09,2
VND,Centro 3,Hybrid,2024-09-09,2
CYB,Centro 5,Online,2024-09-09,1
EMP,Centro 4,In-person,2024-09-09,1
EXC,Centro 1,In-person,2024-09-09,1
GER,Centro 3,In-person,2024-09-09,1
GES,Centro 4,Hybrid,2024-09-09,1
GES,Centro 5,In-person,2024-09-09,1
HOT,Centro 2,In-person,2024-09-09,1
INF,Centro 1,In-person,2024-09-09,1
ING,Centro 2,Online,2024-09-09,1
ING,Centro 3,Online,2024-09-09,1
ING,Centro 4,Online,2024-09-09,1
LID,Centro 2,Hybrid,2024-09-09,1
LID,Centro 4,Hybrid,2024-09-09,1
LOG,Centro 2,Hybrid,2024-09-09,1
MNT,Centro 4,In-person,2024-09-09,1
PRI,Centro 5,Hybrid,2024-09-09,1
PYT,Centro 1,Online,2024-09-09,1
PYT,Centro 4,In-person,2024-09-09,1
SCI,Centro 5,Hybrid,2024-09-09,1
TUR,Centro 3,Hybrid,2024-09-09,1
VND,Centro 1,Online,2024-09-09,1
VND,Centro 5,Online,2024-09-09,1
CYB,Centro 5,Online,2024-09-16,78
TUR,Centro 2,In-person,2024-09-16,34
ING,Centro 3,Online,2024-09-16,32
EXC,Centro 2,Hybrid,2024-09-16,31
PRI,Centro 4,Hybrid,2024-09-16,31
GER,Centro 3,In-person,2024-09-16,29
LOG,Centro 5,Hybrid,2024-09-16,28
GER,Centro 2,In-person,2024-09-16,27
EMP,Centro 2,In-person,2024-09-16,26
EXC,Centro 2,Online,2024-09-16,26
EXC,Centro 3,Online,2024-09-16,26
GER,Centro 5,In-person,2024-09-16,26
PBI,Centro 2,Online,2024-09-16,26
PYT,Centro 2,Online,2024-09-16,26
VND,Centro 4,Hybrid,2024-09-16,26
PYT,Centro 3,Online,2024-09-16,25
EXC,Centro 4,Hybrid,2024-09-16,24
PYT,Centro 5,Hybrid,2024-09-16,24
PBI,Centro 1,In-person,2024-09-16,23
PBI,Centro 4,In-person,2024-09-16,22
PBI,Centro 5,Online,2024-09-16,21
SCI,Centro 2,Hybrid,2024-09-16,21
FOR,Centro 3,Hybrid,2024-09-16,20
MNT,Centro 5,In-person,2024-09-16,20
PYT,Centro 4,Online,2024-09-16,20
EMP,Centro 4,In-person,2024-09-16,19
ING,Centro 2,Hybrid,2024-09-16,19
PBI,Centro 4,Online,2024-09-16,19
SEG,Centro 3,In-person,2024-09-16,19
LOG,Centro 2,Hybrid,2024-09-16,18
CYB,Centro 1,In-person,2024-09-16,17
PBI,Centro 3,Hybrid,2024-09-16,17
SST,Centro 1,Online,2024-09-16,17
TUR,Centro 3,Hybrid,2024-09-16,17
CYB,Centro 1,Hybrid,2024-09-16,16
LID,Centro 4,Online,2024-09-16,16
PBI,Centro 3,Online,2024-09-16,16
PRI,Centro 1,Hybrid,2024-09-16,16
SCI,Centro 4,In-person,2024-09-16,16
HCP,Centro 5,In-person,2024-09-16,15
INF,Centro 3,In-person,2024-09-16,15
SOC,Centro 1,In-person,2024-09-16,15
HOT,Centro 3,In-person,2024-09-16,14
MNT,Centro 3,In-person,2024-09-16,14
SEG,Centro 1,Online,2024-09-16,14
HAC,Centro 1,In-person,2024-09-16,13
HOT,Centro 5,In-person,2024-09-16,13
LID,Centro 3,In-person,2024-09-16,13
MNT,Centro 2,In-person,2024-09-16,13
SEG,Centro 1,Hybrid,2024-09-16,13
CYB,Centro 5,Hybrid,2024-09-16,12
FOR,Centro 4,Hybrid,2024-09-16,12
LOG,Centro 4,In-person,2024-09-16,12
TUR,Centro 3,In-person,2024-09-16,12
HAC,Centro 3,Hybrid,2024-09-16,11
LID,Centro 4,Hybrid,2024-09-16,11
PRI,Centro 4,In-person,2024-09-16,11
TUR,Centro 5,In-person,2024-09-16,11
GES,Centro 5,Hybrid,2024-09-16,10
SCI,Centro 2,In-person,2024-09-16,10
SEG,Centro 5,In-person,2024-09-16,10
TUR,Centro 1,Hybrid,2024-09-16,10
VND,Centro 5,In-person,2024-09-16,10
EMP,Centro 1,In-person,2024-09-16,9
MNT,Centro 4,In-person,2024-09-16,9
SEG,Centro 4,In-person,2024-09-16,9
SST,Centro 2,In-person,2024-09-16,9
HOT,Centro 2,Hybrid,2024-09-16,8
INF,Centro 1,Hybrid,2024-09-16,8
SOC,Centro 3,In-person,2024-09-16,8
CYB,Centro 1,Online,2024-09-16,7
CYB,Centro 3,Online,2024-09-16,7
EXC,Centro 1,Online,2024-09-16,7
FOR,Centro 2,Hybrid,2024-09-16,7
GES,Centro 1,Hybrid,2024-09-16,7
SST,Centro 3,In-person,2024-09-16,7
SST,Centro 4,Online,2024-09-16,7
CYB,Centro 4,In-person,2024-09-16,6
ING,Centro 4,Hybrid,2024-09-16,6
PRI,Centro 3,In-person,2024-09-16,6
PYT,Centro 1,Online,2024-09-16,6
SST,Centro 5,In-person,2024-09-16,6
EXC,Centro 1,In-person,2024-09-16,5
LOG,Centro 3,In-person,2024-09-16,5
PRO,Centro 2,Hybrid,2024-09-16,5
HAC,Centro 5,In-person,2024-09-16,4
PRI,Centro 1,In-person,2024-09-16,4
PRO,Centro 1,Online,2024-09-16,4
VND,Centro 4,In-person,2024-09-16,4
VND,Centro 5,Hybrid,2024-09-16,4
CYB,Centro 4,Hybrid,2024-09-16,3
GER,Centro 2,Hybrid,2024-09-16,3
GER,Centro 3,Hybrid,2024-09-16,3
HCP,Centro 4,In-person,2024-09-16,3
LOG,Centro 3,Hybrid,2024-09-16,3
SCI,Centro 3,Hybrid,2024-09-16,3
VND,Centro 5,Online,2024-09-16,3
CYB,Centro 2,Online,2024-09-16,2
EXC,Centro 2,In-person,2024-09-16,2
HCP,Centro 5,Hybrid,2024-09-16,2
LOG,Centro 4,Hybrid,2024-09-16,2
PRO,Centro 3,Hybrid,2024-09-16,2
SCI,Centro 1,Hybrid,2024-09-16,2
SCI,Centro 1,In-person,2024-09-16,2
CYB,Centro 2,Hybrid,2024-09-16,1
FOR,Centro 1,Online,2024-09-16,1
FOR,Centro 5,In-person,2024-09-16,1
GER,Centro 5,Hybrid,2024-09-16,1
HAC,Centro 1,Hybrid,2024-09-16,1
HAC,Centro 3,In-person,2024-09-16,1
HAC,Centro 4,Hybrid,2024-09-16,1
HCP,Centro 3,In-person,2024-09-16,1
HOT,Centro 5,Hybrid,2024-09-16,1
INF,Centro 3,Hybrid,2024-09-16,1
INF,Centro 4,In-person,2024-09-16,1
INF,Centro 5,In-person,2024-09-16,1
LID,Centro 2,Online,2024-09-16,1
LOG,Centro 2,In-person,2024-09-16,1
PBI,Centro 4,Hybrid,2024-09-16,1
PRO,Centro 4,Hybrid,2024-09-16,1
PYT,Centro 2,Hybrid,2024-09-16,1
PYT,Centro 4,In-person,2024-09-16,1
SOC,Centro 4,In-person,2024-09-16,1
SST,Centro 1,In-person,2024-09-16,1
PBI,Centro 4,Online,2024-09-23,52
CYB,Centro 5,Online,2024-09-23,49
CYB,Centro 4,Online,2024-09-23,39
FOR,Centro 4,Online,2024-09-23,36
PYT,Centro 4,Online,2024-09-23,36
EMP,Centro 1,In-person,2024-09-23,29
HCP,Centro 2,Hybrid,2024-09-23,29
ING,Centro 5,Online,2024-09-23,29
PYT,Centro 2,Hybrid,2024-09-23,29
EXC,Centro 2,Online,2024-09-23,27
GES,Centro 2,Hybrid,2024-09-23,27
SCI,Centro 1,Hybrid,2024-09-23,27
PBI,Centro 1,Hybrid,2024-09-23,26
EXC,Centro 1,Hybrid,2024-09-23,25
HAC,Centro 3,In-person,2024-09-23,24
PRI,Centro 5,In-person,2024-09-23,24
SEG,Centro 5,Online,2024-09-23,24
HOT,Centro 4,Hybrid,2024-09-23,23
PYT,Centro 3,Hybrid,2024-09-23,23
CYB,Centro 4,In-person,2024-09-23,21
PRO,Centro 4,Online,2024-09-23,20
HCP,Centro 5,In-person,2024-09-23,19
SEG,Centro 1,In-person,2024-09-23,19
LID,Centro 4,Online,2024-09-23,18
PRO,Centro 5,In-person,2024-09-23,18
CYB,Centro 2,Hybrid,2024-09-23,17
GER,Centro 2,In-person,2024-09-23,17
GER,Centro 3,Hybrid,2024-09-23,17
HCP,Centro 2,In-person,2024-09-23,17
SST,Centro 3,In-person,2024-09-23,17
SST,Centro 4,In-person,2024-09-23,17
FOR,Centro 3,In-person,2024-09-23,16
PRI,Centro 4,In-person,2024-09-23,16
SOC,Centro 5,In-person,2024-09-23,16
GER,Centro 3,In-person,2024-09-23,15
GER,Centro 5,In-person,2024-09-23,15
HOT,Centro 4,In-person,2024-09-23,15
HOT,Centro 5,Hybrid,2024-09-23,15
PRO,Centro 4,Hybrid,2024-09-23,15
CYB,Centro 5,Hybrid,2024-09-23,14
FOR,Centro 2,In-person,2024-09-23,14
HOT,Centro 1,Hybrid,2024-09-23,14
LOG,Centro 5,Hybrid,2024-09-23,14
PBI,Centro 5,Online,2024-09-23,14
LOG,Centro 4,Hybrid,2024-09-23,13
PBI,Centro 1,Online,2024-09-23,13
PBI,Centro 2,Hybrid,2024-09-23,13
PRI,Centro 1,In-person,2024-09-23,13
PYT,Centro 5,Hybrid,2024-09-23,13
VND,Centro 4,Hybrid,2024-09-23,13
EXC,Centro 3,Online,2024-09-23,12
HCP,Centro 5,Hybrid,2024-09-23,12
SCI,Centro 1,In-person,2024-09-23,12
SEG,Centro 5,Hybrid,2024-09-23,12
SEG,Centro 5,In-person,2024-09-23,12
HAC,Centro 3,Hybrid,2024-09-23,11
MNT,Centro 2,In-person,2024-09-23,11
MNT,Centro 4,In-person,2024-09-23,11
SCI,Centro 2,Hybrid,2024-09-23,11
SST,Centro 3,Hybrid,2024-09-23,11
CYB,Centro 1,Hybrid,2024-09-23,10
EXC,Centro 5,Online,2024-09-23,10
HOT,Centro 3,In-person,2024-09-23,10
SOC,Centro 2,In-person,2024-09-23,10
SOC,Centro 3,In-person,2024-09-23,10
SST,Centro 1,Hybrid,2024-09-23,10
VND,Centro 2,Hybrid,2024-09-23,10
EXC,Centro 4,In-person,2024-09-23,9
PRI,Centro 3,In-person,2024-09-23,9
PRO,Centro 2,Hybrid,2024-09-23,9
HAC,Centro 5,Online,2024-09-23,8
HOT,Centro 2,Hybrid,2024-09-23,8
SST,Centro 5,In-person,2024-09-23,8
VND,Centro 5,Online,2024-09-23,8
CYB,Centro 3,Online,2024-09-23,7
ING,Centro 3,Online,2024-09-23,7
LOG,Centro 2,In-person,2024-09-23,7
MNT,Centro 3,In-person,2024-09-23,7
SCI,Centro 3,Hybrid,2024-09-23,7
SOC,Centro 4,In-person,2024-09-23,7
TUR,Centro 4,In-person,2024-09-23,7
VND,Centro 1,Hybrid,2024-09-23,7
VND,Centro 5,Hybrid,2024-09-23,7
EXC,Centro 1,In-person,2024-09-23,6
FOR,Centro 5,Hybrid,2024-09-23,6
LID,Centro 2,Hybrid,2024-09-23,6
PBI,Centro 4,Hybrid,2024-09-23,6
PYT,Centro 1,Online,2024-09-23,6
SCI,Centro 3,In-person,2024-09-23,6
CYB,Centro 3,Hybrid,2024-09-23,5
GES,Centro 4,Online,2024-09-23,5
HAC,Centro 1,Online,2024-09-23,5
HOT,Centro 3,Hybrid,2024-09-23,5
ING,Centro 2,Online,2024-09-23,5
LOG,Centro 4,In-person,2024-09-23,5
SST,Centro 1,In-person,2024-09-23,5
VND,Centro 4,Online,2024-09-23,5
GES,Centro 5,In-person,2024-09-23,4
HCP,Centro 3,In-person,2024-09-23,4
LID,Centro 5,In-person,2024-09-23,4
MNT,Centro 1,In-person,2024-09-23,4
SCI,Centro 5,Hybrid,2024-09-23,4
SEG,Centro 1,Hybrid,2024-09-23,4
TUR,Centro 5,Hybrid,2024-09-23,4
EMP,Centro 4,In-person,2024-09-23,3
GER,Centro 5,Hybrid,2024-09-23,3
HOT,Centro 2,In-person,2024-09-23,3
INF,Centro 1,In-person,2024-09-23,3
INF,Centro 3,In-person,2024-09-23,3
ING,Centro 3,Hybrid,2024-09-23,3
LID,Centro 2,Online,2024-09-23,3
LID,Centro 2,In-person,2024-09-23,3
CYB,Centro 1,Online,2024-09-23,2
EXC,Centro 3,In-person,2024-09-23,2
FOR,Centro 2,Hybrid,2024-09-23,2
HAC,Centro 5,In-person,2024-09-23,2
HCP,Centro 4,Hybrid,2024-09-23,2
INF,Centro 4,In-person,2024-09-23,2
LID,Centro 5,Online,2024-09-23,2
PBI,Centro 2,Online,2024-09-23,2
PBI,Centro 4,In-person,2024-09-23,2
PRI,Centro 4,Hybrid,2024-09-23,2
PRO,Centro 3,Hybrid,2024-09-23,2
PYT,Centro 5,In-person,2024-09-23,2
SCI,Centro 4,In-person,2024-09-23,2
SEG,Centro 2,In-person,2024-09-23,2
TUR,Centro 2,In-person,2024-09-23,2
VND,Centro 3,Hybrid,2024-09-23,2
VND,Centro 3,In-person,2024-09-23,2
CYB,Centro 1,In-person,2024-09-23,1
EXC,Centro 5,In-person,2024-09-23,1
FOR,Centro 1,In-person,2024-09-23,1
GER,Centro 1,In-person,2024-09-23,1
HAC,Centro 4,Hybrid,2024-09-23,1
HCP,Centro 3,Hybrid,2024-09-23,1
HOT,Centro 5,In-person,2024-09-23,1
INF,Centro 1,Hybrid,2024-09-23,1
LOG,Centro 2,Hybrid,2024-09-23,1
LOG,Centro 3,Hybrid,2024-09-23,1
MNT,Centro 5,In-person,2024-09-23,1
PBI,Centro 1,In-person,2024-09-23,1
PRI,Centro 2,In-person,2024-09-23,1
SEG,Centro 4,Hybrid,2024-09-23,1
SOC,Centro 1,Hybrid,2024-09-23,1
SST,Centro 1,Online,2024-09-23,1
SST,Centro 2,Hybrid,2024-09-23,1
SST,Centro 4,Hybrid,2024-09-23,1
TUR,Centro 1,Hybrid,2024-09-23,1
CYB,Centro 5,Online,2024-09-30,46
CYB,Centro 3,Online,2024-09-30,44
TUR,Centro 3,Hybrid,2024-09-30,41
LID,Centro 4,Hybrid,2024-09-30,37
LOG,Centro 5,In-person,2024-09-30,37
GER,Centro 2,In-person,2024-09-30,36
FOR,Centro 4,Hybrid,2024-09-30,34
FOR,Centro 5,Online,2024-09-30,34
PBI,Centro 3,Online,2024-09-30,34
SST,Centro 5,Online,2024-09-30,34
HCP,Centro 5,Hybrid,2024-09-30,33
HAC,Centro 1,Online,2024-09-30,30
HAC,Centro 5,Online,2024-09-30,29
MNT,Centro 2,In-person,2024-09-30,29
VND,Centro 5,In-person,2024-09-30,29
LOG,Centro 1,In-person,2024-09-30,28
LOG,Centro 5,Hybrid,2024-09-30,28
PYT,Centro 3,Online,2024-09-30,27
SEG,Centro 1,Online,2024-09-30,26
GER,Centro 3,In-person,2024-09-30,25
TUR,Centro 3,In-person,2024-09-30,25
SST,Centro 5,In-person,2024-09-30,24
LID,Centro 5,Online,2024-09-30,23
SCI,Centro 4,In-person,2024-09-30,23
INF,Centro 4,In-person,2024-09-30,22
FOR,Centro 2,In-person,2024-09-30,21
PRO,Centro 1,Online,2024-09-30,21
CYB,Centro 1,In-person,2024-09-30,19
EXC,Centro 4,Online,2024-09-30,19
MNT,Centro 1,In-person,2024-09-30,19
VND,Centro 4,In-person,2024-09-30,19
EXC,Centro 3,Online,2024-09-30,18
FOR,Centro 5,Hybrid,2024-09-30,18
GER,Centro 3,Hybrid,2024-09-30,18
HAC,Centro 4,Hybrid,2024-09-30,18
HAC,Centro 5,Hybrid,2024-09-30,18
INF,Centro 3,Hybrid,2024-09-30,18
ING,Centro 4,Hybrid,2024-09-30,18
MNT,Centro 4,In-person,2024-09-30,18
PBI,Centro 1,Hybrid,2024-09-30,18
PRI,Centro 2,In-person,2024-09-30,18
SCI,Centro 3,Hybrid,2024-09-30,17
PBI,Centro 5,Online,2024-09-30,16
PYT,Centro 2,In-person,2024-09-30,16
PYT,Centro 3,Hybrid,2024-09-30,16
CYB,Centro 4,Hybrid,2024-09-30,15
EXC,Centro 2,Hybrid,2024-09-30,15
PRI,Centro 1,Hybrid,2024-09-30,15
GER,Centro 5,Hybrid,2024-09-30,14
SEG,Centro 4,In-person,2024-09-30,14
CYB,Centro 4,Online,2024-09-30,13
PBI,Centro 4,Online,2024-09-30,13
SST,Centro 1,In-person,2024-09-30,13
INF,Centro 5,In-person,2024-09-30,12
LID,Centro 2,In-person,2024-09-30,12
SEG,Centro 1,Hybrid,2024-09-30,11
FOR,Centro 1,Online,2024-09-30,10
LID,Centro 2,Hybrid,2024-09-30,10
PYT,Centro 1,Online,2024-09-30,10
SST,Centro 3,Hybrid,2024-09-30,10
TUR,Centro 2,Hybrid,2024-09-30,10
VND,Centro 4,Hybrid,2024-09-30,10
VND,Centro 5,Hybrid,2024-09-30,10
GER,Centro 4,Hybrid,2024-09-30,9
HCP,Centro 5,In-person,2024-09-30,9
INF,Centro 1,In-person,2024-09-30,9
GES,Centro 3,Hybrid,2024-09-30,8
HCP,Centro 4,Hybrid,2024-09-30,8
ING,Centro 4,In-person,2024-09-30,8
GES,Centro 1,Hybrid,2024-09-30,7
PRO,Centro 4,Hybrid,2024-09-30,7
CYB,Centro 3,Hybrid,2024-09-30,6
CYB,Centro 5,Hybrid,2024-09-30,6
EMP,Centro 2,In-person,2024-09-30,6
EXC,Centro 3,Hybrid,2024-09-30,6
GES,Centro 1,Online,2024-09-30,6
PRI,Centro 2,Hybrid,2024-09-30,6
SEG,Centro 1,In-person,2024-09-30,6
SST,Centro 2,Online,2024-09-30,6
TUR,Centro 2,In-person,2024-09-30,6
CYB,Centro 1,Hybrid,2024-09-30,5
ING,Centro 1,Online,2024-09-30,5
PBI,Centro 2,Online,2024-09-30,5
PBI,Centro 4,In-person,2024-09-30,5
PRI,Centro 1,In-person,2024-09-30,5
PRI,Centro 4,In-person,2024-09-30,5
SST,Centro 2,In-person,2024-09-30,5
GER,Centro 5,In-person,2024-09-30,4
HOT,Centro 1,In-person,2024-09-30,4
HOT,Centro 4,Hybrid,2024-09-30,4
ING,Centro 5,Online,2024-09-30,4
LOG,Centro 2,In-person,2024-09-30,4
LOG,Centro 4,In-person,2024-09-30,4
PBI,Centro 4,Hybrid,2024-09-30,4
PRI,Centro 3,In-person,2024-09-30,4
PYT,Centro 4,Online,2024-09-30,4
SOC,Centro 1,In-person,2024-09-30,4
VND,Centro 4,Online,2024-09-30,4
CYB,Centro 2,Hybrid,2024-09-30,3
FOR,Centro 4,Online,2024-09-30,3
GER,Centro 1,Hybrid,2024-09-30,3
HCP,Centro 2,In-person,2024-09-30,3
ING,Centro 2,Online,2024-09-30,3
LID,Centro 1,Online,2024-09-30,3
LID,Centro 3,In-person,2024-09-30,3
PBI,Centro 1,In-person,2024-09-30,3
PRO,Centro 2,Hybrid,2024-09-30,3
PYT,Centro 4,In-person,2024-09-30,3
SEG,Centro 3,In-person,2024-09-30,3
SOC,Centro 5,In-person,2024-09-30,3
VND,Centro 1,In-person,2024-09-30,3
CYB,Centro 4,In-person,2024-09-30,2
EMP,Centro 1,In-person,2024-09-30,2
EXC,Centro 2,In-person,2024-09-30,2
GER,Centro 1,In-person,2024-09-30,2
HCP,Centro 4,In-person,2024-09-30,2
ING,Centro 3,Hybrid,2024-09-30,2
LOG,Centro 3,In-person,2024-09-30,2
MNT,Centro 5,In-person,2024-09-30,2
PBI,Centro 3,In-person,2024-09-30,2
PRO,Centro 5,In-person,2024-09-30,2
SCI,Centro 5,Hybrid,2024-09-30,2
SEG,Centro 2,In-person,2024-09-30,2
TUR,Centro 4,In-person,2024-09-30,2
TUR,Centro 5,Hybrid,2024-09-30,2
EMP,Centro 3,In-person,2024-09-30,1
EXC,Centro 2,Online,2024-09-30,1
FOR,Centro 2,Hybrid,2024-09-30,1
GER,Centro 2,Hybrid,2024-09-30,1
INF,Centro 3,In-person,2024-09-30,1
ING,Centro 4,Online,2024-09-30,1
MNT,Centro 3,In-person,2024-09-30,1
PBI,Centro 2,Hybrid,2024-09-30,1
PBI,Centro 2,In-person,2024-09-30,1
PRO,Centro 1,Hybrid,2024-09-30,1
SCI,Centro 1,Hybrid,2024-09-30,1
SEG,Centro 3,Hybrid,2024-09-30,1
SOC,Centro 4,In-person,2024-09-30,1
SST,Centro 1,Hybrid,2024-09-30,1
SST,Centro 2,Hybrid,2024-09-30,1
TUR,Centro 1,Hybrid,2024-09-30,1
PBI,Centro 3,Online,2024-10-07,62
SST,Centro 4,Hybrid,2024-10-07,38
INF,Centro 1,Hybrid,2024-10-07,31
EXC,Centro 1,Online,2024-10-07,30
MNT,Centro 5,In-person,2024-10-07,28
PBI,Centro 2,Online,2024-10-07,25
GER,Centro 2,Hybrid,2024-10-07,24
TUR,Centro 2,In-person,2024-10-07,24
LOG,Centro 1,In-person,2024-10-07,23
PYT,Centro 1,Online,2024-10-07,23
CYB,Centro 4,In-person,2024-10-07,22
SCI,Centro 5,Hybrid,2024-10-07,21
FOR,Centro 1,Online,2024-10-07,20
HCP,Centro 5,Hybrid,2024-10-07,20
ING,Centro 1,Online,2024-10-07,20
CYB,Centro 5,Online,2024-10-07,19
HAC,Centro 2,Online,2024-10-07,19
PBI,Centro 2,Hybrid,2024-10-07,19
PYT,Centro 5,Hybrid,2024-10-07,19
SEG,Centro 3,In-person,2024-10-07,19
PRI,Centro 5,In-person,2024-10-07,18
SEG,Centro 5,Hybrid,2024-10-07,18
FOR,Centro 4,Hybrid,2024-10-07,17
PRI,Centro 4,In-person,2024-10-07,17
SEG,Centro 2,In-person,2024-10-07,16
EXC,Centro 4,In-person,2024-10-07,15
LID,Centro 1,Online,2024-10-07,15
PYT,Centro 3,In-person,2024-10-07,15
CYB,Centro 5,Hybrid,2024-10-07,14
HAC,Centro 1,Online,2024-10-07,14
MNT,Centro 1,In-person,2024-10-07,14
CYB,Centro 1,Online,2024-10-07,13
HAC,Centro 3,In-person,2024-10-07,13
HCP,Centro 3,In-person,2024-10-07,13
HCP,Centro 4,In-person,2024-10-07,13
LOG,Centro 4,In-person,2024-10-07,13
TUR,Centro 3,Hybrid,2024-10-07,13
EMP,Centro 2,In-person,2024-10-07,12
EXC,Centro 2,Online,2024-10-07,12
FOR,Centro 1,Hybrid,2024-10-07,12
HCP,Centro 4,Hybrid,2024-10-07,12
ING,Centro 5,Online,2024-10-07,12
PRO,Centro 5,Online,2024-10-07,12
SCI,Centro 4,In-person,2024-10-07,12
TUR,Centro 4,In-person,2024-10-07,12
MNT,Centro 2,In-person,2024-10-07,11
SCI,Centro 1,Hybrid,2024-10-07,11
SST,Centro 3,Hybrid,2024-10-07,11
EXC,Centro 3,Hybrid,2024-10-07,10
MNT,Centro 3,In-person,2024-10-07,10
SEG,Centro 1,Hybrid,2024-10-07,10
SOC,Centro 4,In-person,2024-10-07,10
GER,Centro 2,In-person,2024-10-07,9
CYB,Centro 1,In-person,2024-10-07,8
EXC,Centro 3,Online,2024-10-07,8
FOR,Centro 2,Hybrid,2024-10-07,8
INF,Centro 1,In-person,2024-10-07,8
PBI,Centro 3,Hybrid,2024-10-07,8
PRI,Centro 3,In-person,2024-10-07,8
PYT,Centro 2,Online,2024-10-07,8
VND,Centro 2,Hybrid,2024-10-07,8
HOT,Centro 2,Hybrid,2024-10-07,7
LID,Centro 4,Hybrid,2024-10-07,7
PBI,Centro 4,In-person,2024-10-07,7
PYT,Centro 3,Online,2024-10-07,7
SOC,Centro 5,In-person,2024-10-07,7
CYB,Centro 3,Online,2024-10-07,6
ING,Centro 2,Hybrid,2024-10-07,6
SST,Centro 5,Hybrid,2024-10-07,6
CYB,Centro 4,Hybrid,2024-10-07,5
HAC,Centro 3,Hybrid,2024-10-07,5
LOG,Centro 3,In-person,2024-10-07,5
LOG,Centro 5,Hybrid,2024-10-07,5
PRO,Centro 3,Hybrid,2024-10-07,5
SST,Centro 2,Online,2024-10-07,5
CYB,Centro 1,Hybrid,2024-10-07,4
GER,Centro 1,Hybrid,2024-10-07,4
LOG,Centro 2,In-person,2024-10-07,4
PRO,Centro 1,Hybrid,2024-10-07,4
PYT,Centro 5,In-person,2024-10-07,4
EMP,Centro 4,In-person,2024-10-07,3
EXC,Centro 5,Online,2024-10-07,3
FOR,Centro 3,In-person,2024-10-07,3
GES,Centro 4,Online,2024-10-07,3
HOT,Centro 3,In-person,2024-10-07,3
ING,Centro 3,Online,2024-10-07,3
ING,Centro 4,In-person,2024-10-07,3
MNT,Centro 4,In-person,2024-10-07,3
PBI,Centro 1,Hybrid,2024-10-07,3
PRO,Centro 2,Hybrid,2024-10-07,3
SCI,Centro 3,In-person,2024-10-07,3
SOC,Centro 2,Hybrid,2024-10-07,3
SST,Centro 1,In-person,2024-10-07,3
SST,Centro 5,Online,2024-10-07,3
VND,Centro 3,Hybrid,2024-10-07,3
VND,Centro 4,Online,2024-10-07,3
EMP,Centro 1,In-person,2024-10-07,2
FOR,Centro 5,Online,2024-10-07,2
GES,Centro 5,Online,2024-10-07,2
LID,Centro 5,Hybrid,2024-10-07,2
PBI,Centro 2,In-person,2024-10-07,2
PYT,Centro 2,Hybrid,2024-10-07,2
PYT,Centro 4,Hybrid,2024-10-07,2
SOC,Centro 3,In-person,2024-10-07,2
VND,Centro 4,In-person,2024-10-07,2
VND,Centro 5,In-person,2024-10-07,2
EMP,Centro 5,In-person,2024-10-07,1
EXC,Centro 2,Hybrid,2024-10-07,1
GER,Centro 3,Hybrid,2024-10-07,1
GES,Centro 5,Hybrid,2024-10-07,1
HAC,Centro 2,In-person,2024-10-07,1
HAC,Centro 5,In-person,2024-10-07,1
INF,Centro 3,Hybrid,2024-10-07,1
LID,Centro 2,Hybrid,2024-10-07,1
LOG,Centro 5,In-person,2024-10-07,1
PBI,Centro 1,Online,2024-10-07,1
PBI,Centro 5,Online,2024-10-07,1
PRI,Centro 2,In-person,2024-10-07,1
PRO,Centro 5,In-person,2024-10-07,1
SEG,Centro 4,In-person,2024-10-07,1
SOC,Centro 1,Hybrid,2024-10-07,1
SST,Centro 2,In-person,2024-10-07,1
TUR,Centro 3,In-person,2024-10-07,1
VND,Centro 5,Hybrid,2024-10-07,1
CYB,Centro 1,Online,2024-10-14,48
GER,Centro 1,Hybrid,2024-10-14,36
MNT,Centro 5,In-person,2024-10-14,32
MNT,Centro 4,In-person,2024-10-14,27
SST,Centro 1,Hybrid,2024-10-14,27
HCP,Centro 5,In-person,2024-10-14,23
SST,Centro 1,In-person,2024-10-14,23
TUR,Centro 4,In-person,2024-10-14,23
GER,Centro 3,In-person,2024-10-14,22
GES,Centro 5,In-person,2024-10-14,21
PRI,Centro 4,In-person,2024-10-14,21
ING,Centro 2,Hybrid,2024-10-14,20
PRI,Centro 1,Hybrid,2024-10-14,20
PBI,Centro 1,Online,2024-10-14,19
INF,Centro 3,In-person,2024-10-14,18
HAC,Centro 5,In-person,2024-10-14,17
MNT,Centro 2,In-person,2024-10-14,17
VND,Centro 4,Online,2024-10-14,17
CYB,Centro 5,Hybrid,2024-10-14,16
SEG,Centro 2,Hybrid,2024-10-14,16
SST,Centro 4,Online,2024-10-14,16
HAC,Centro 1,In-person,2024-10-14,15
LID,Centro 2,Online,2024-10-14,15
PBI,Centro 3,Online,2024-10-14,15
PRO,Centro 1,Online,2024-10-14,15
HOT,Centro 1,In-person,2024-10-14,14
LID,Centro 4,Online,2024-10-14,14
MNT,Centro 3,In-person,2024-10-14,13
CYB,Centro 2,Hybrid,2024-10-14,12
EXC,Centro 1,Hybrid,2024-10-14,12
EXC,Centro 4,In-person,2024-10-14,12
GER,Centro 5,In-person,2024-10-14,12
PRO,Centro 2,Online,2024-10-14,12
PYT,Centro 4,Hybrid,2024-10-14,12
SOC,Centro 3,Hybrid,2024-10-14,12
GER,Centro 1,In-person,2024-10-14,11
HCP,Centro 2,In-person,2024-10-14,11
HCP,Centro 5,Hybrid,2024-10-14,11
LOG,Centro 2,Hybrid,2024-10-14,11
LOG,Centro 5,In-person,2024-10-14,11
PBI,Centro 2,Hybrid,2024-10-14,11
PBI,Centro 4,In-person,2024-10-14,11
SEG,Centro 1,In-person,2024-10-14,11
EXC,Centro 3,Online,2024-10-14,9
HOT,Centro 2,Hybrid,2024-10-14,9
LOG,Centro 1,In-person,2024-10-14,9
PRI,Centro 3,In-person,2024-10-14,9
SEG,Centro 4,Hybrid,2024-10-14,9
SOC,Centro 5,In-person,2024-10-14,9
SST,Centro 5,Hybrid,2024-10-14,9
CYB,Centro 3,In-person,2024-10-14,8
EMP,Centro 5,In-person,2024-10-14,8
HCP,Centro 4,Hybrid,2024-10-14,8
ING,Centro 5,In-person,2024-10-14,8
SEG,Centro 5,Hybrid,2024-10-14,8
TUR,Centro 2,Hybrid,2024-10-14,8
HOT,Centro 3,In-person,2024-10-14,7
PBI,Centro 3,Hybrid,2024-10-14,7
PYT,Centro 1,In-person,2024-10-14,7
VND,Centro 5,Online,2024-10-14,7
EXC,Centro 2,Hybrid,2024-10-14,6
EXC,Centro 5,In-person,2024-10-14,6
GER,Centro 3,Hybrid,2024-10-14,6
HAC,Centro 5,Hybrid,2024-10-14,6
ING,Centro 3,Online,2024-10-14,6
LID,Centro 1,Online,2024-10-14,6
LID,Centro 5,Online,2024-10-14,6
LOG,Centro 2,In-person,2024-10-14,6
PRI,Centro 2,Hybrid,2024-10-14,6
PYT,Centro 2,In-person,2024-10-14,6
CYB,Centro 4,In-person,2024-10-14,5
EXC,Centro 2,Online,2024-10-14,5
HAC,Centro 4,Hybrid,2024-10-14,5
HCP,Centro 4,In-person,2024-10-14,5
HOT,Centro 1,Hybrid,2024-10-14,5
INF,Centro 3,Hybrid,2024-10-14,5
LOG,Centro 5,Hybrid,2024-10-14,5
PRI,Centro 5,In-person,2024-10-14,5
PYT,Centro 1,Online,2024-10-14,5
PYT,Centro 2,Online,2024-10-14,5
TUR,Centro 3,Hybrid,2024-10-14,5
TUR,Centro 3,In-person,2024-10-14,5
VND,Centro 5,Hybrid,2024-10-14,5
GES,Centro 4,Online,2024-10-14,4
GES,Centro 4,Hybrid,2024-10-14,4
HCP,Centro 2,Hybrid,2024-10-14,4
SCI,Centro 1,Hybrid,2024-10-14,4
SCI,Centro 5,Hybrid,2024-10-14,4
SST,Centro 2,Online,2024-10-14,4
VND,Centro 1,Hybrid,2024-10-14,4
EMP,Centro 2,In-person,2024-10-14,3
GER,Centro 2,In-person,2024-10-14,3
LID,Centro 2,In-person,2024-10-14,3
MNT,Centro 1,In-person,2024-10-14,3
PBI,Centro 4,Online,2024-10-14,3
PRI,Centro 2,In-person,2024-10-14,3
PRO,Centro 5,In-person,2024-10-14,3
PYT,Centro 5,In-person,2024-10-14,3
SCI,Centro 3,Hybrid,2024-10-14,3
SST,Centro 4,Hybrid,2024-10-14,3
EMP,Centro 4,In-person,2024-10-14,2
EXC,Centro 1,Online,2024-10-14,2
EXC,Centro 2,In-person,2024-10-14,2
FOR,Centro 2,In-person,2024-10-14,2
FOR,Centro 3,In-person,2024-10-14,2
FOR,Centro 4,Online,2024-10-14,2
FOR,Centro 5,In-person,2024-10-14,2
ING,Centro 4,In-person,2024-10-14,2
LID,Centro 4,Hybrid,2024-10-14,2
PBI,Centro 5,In-person,2024-10-14,2
PYT,Centro 3,Online,2024-10-14,2
SEG,Centro 3,In-person,2024-10-14,2
SST,Centro 2,In-person,2024-10-14,2
TUR,Centro 5,Hybrid,2024-10-14,2
TUR,Centro 5,In-person,2024-10-14,2
CYB,Centro 2,In-person,2024-10-14,1
EMP,Centro 1,In-person,2024-10-14,1
FOR,Centro 1,In-person,2024-10-14,1
HAC,Centro 1,Hybrid,2024-10-14,1
HAC,Centro 3,In-person,2024-10-14,1
HOT,Centro 2,In-person,2024-10-14,1
INF,Centro 4,Hybrid,2024-10-14,1
INF,Centro 4,In-person,2024-10-14,1
INF,Centro 5,In-person,2024-10-14,1
ING,Centro 4,Hybrid,2024-10-14,1
LOG,Centro 1,Hybrid,2024-10-14,1
PBI,Centro 2,In-person,2024-10-14,1
PYT,Centro 2,Hybrid,2024-10-14,1
SEG,Centro 2,In-person,2024-10-14,1
SOC,Centro 4,In-person,2024-10-14,1
SST,Centro 3,In-person,2024-10-14,1
VND,Centro 5,In-person,2024-10-14,1
EXC,Centro 1,Online,2024-10-21,48
MNT,Centro 1,In-person,2024-10-21,34
ING,Centro 5,Online,2024-10-21,31
GES,Centro 4,Online,2024-10-21,28
PBI,Centro 5,Hybrid,2024-10-21,27
HAC,Centro 5,Online,2024-10-21,25
SST,Centro 3,In-person,2024-10-21,25
CYB,Centro 1,Online,2024-10-21,24
SEG,Centro 4,Hybrid,2024-10-21,24
LID,Centro 4,Online,2024-10-21,23
PRI,Centro 2,Hybrid,2024-10-21,23
PYT,Centro 4,Online,2024-10-21,22
SOC,Centro 4,In-person,2024-10-21,21
SST,Centro 5,Hybrid,2024-10-21,21
VND,Centro 5,In-person,2024-10-21,21
PYT,Centro 3,Online,2024-10-21,20
SOC,Centro 5,In-person,2024-10-21,20
CYB,Centro 2,Hybrid,2024-10-21,19
MNT,Centro 2,In-person,2024-10-21,19
PRO,Centro 5,In-person,2024-10-21,18
PYT,Centro 2,Online,2024-10-21,17
CYB,Centro 3,Online,2024-10-21,16
EMP,Centro 3,In-person,2024-10-21,16
HOT,Centro 1,In-person,2024-10-21,16
LOG,Centro 1,In-person,2024-10-21,16
LOG,Centro 3,In-person,2024-10-21,16
CYB,Centro 4,Online,2024-10-21,15
EMP,Centro 4,In-person,2024-10-21,15
HOT,Centro 3,In-person,2024-10-21,15
LID,Centro 2,In-person,2024-10-21,15
LID,Centro 3,In-person,2024-10-21,15
PYT,Centro 2,Hybrid,2024-10-21,15
SOC,Centro 2,Hybrid,2024-10-21,15
EXC,Centro 2,Online,2024-10-21,14
HCP,Centro 5,Hybrid,2024-10-21,14
INF,Centro 3,Hybrid,2024-10-21,14
PBI,Centro 2,Hybrid,2024-10-21,14
PBI,Centro 5,In-person,2024-10-21,14
PRI,Centro 3,Hybrid,2024-10-21,14
SST,Centro 5,In-person,2024-10-21,14
VND,Centro 5,Online,2024-10-21,14
GES,Centro 4,In-person,2024-10-21,13
TUR,Centro 2,In-person,2024-10-21,12
TUR,Centro 5,In-person,2024-10-21,12
INF,Centro 4,In-person,2024-10-21,11
PRO,Centro 2,Hybrid,2024-10-21,11
CYB,Centro 3,In-person,2024-10-21,10
EMP,Centro 2,In-person,2024-10-21,10
FOR,Centro 3,In-person,2024-10-21,10
LID,Centro 4,In-person,2024-10-21,10
LOG,Centro 2,Hybrid,2024-10-21,10
PBI,Centro 1,Hybrid,2024-10-21,10
PBI,Centro 4,Online,2024-10-21,10
HCP,Centro 5,In-person,2024-10-21,9
INF,Centro 3,In-person,2024-10-21,9
ING,Centro 1,Online,2024-10-21,9
SCI,Centro 1,Hybrid,2024-10-21,9
SST,Centro 1,Online,2024-10-21,9
SST,Centro 4,Hybrid,2024-10-21,9
FOR,Centro 4,Hybrid,2024-10-21,8
GER,Centro 3,In-person,2024-10-21,8
HCP,Centro 4,Hybrid,2024-10-21,8
INF,Centro 5,In-person,2024-10-21,8
MNT,Centro 5,In-person,2024-10-21,8
PBI,Centro 3,Online,2024-10-21,8
SST,Centro 3,Hybrid,2024-10-21,8
TUR,Centro 3,Hybrid,2024-10-21,8
CYB,Centro 5,Online,2024-10-21,7
ING,Centro 3,Hybrid,2024-10-21,7
LOG,Centro 1,Hybrid,2024-10-21,7
SEG,Centro 2,In-person,2024-10-21,7
SEG,Centro 5,In-person,2024-10-21,7
VND,Centro 3,In-person,2024-10-21,7
CYB,Centro 4,Hybrid,2024-10-21,6
EXC,Centro 1,In-person,2024-10-21,6
EXC,Centro 4,In-person,2024-10-21,6
GES,Centro 4,Hybrid,2024-10-21,6
HCP,Centro 3,In-person,2024-10-21,6
PRI,Centro 3,In-person,2024-10-21,6
SEG,Centro 1,In-person,2024-10-21,6
SEG,Centro 5,Hybrid,2024-10-21,6
SST,Centro 4,In-person,2024-10-21,6
CYB,Centro 1,Hybrid,2024-10-21,5
ING,Centro 4,Hybrid,2024-10-21,5
PYT,Centro 1,Online,2024-10-21,5
PYT,Centro 3,In-person,2024-10-21,5
SEG,Centro 1,Online,2024-10-21,5
TUR,Centro 4,In-person,2024-10-21,5
EXC,Centro 2,Hybrid,2024-10-21,4
FOR,Centro 1,In-person,2024-10-21,4
GES,Centro 5,In-person,2024-10-21,4
MNT,Centro 4,In-person,2024-10-21,4
TUR,Centro 3,In-person,2024-10-21,4
VND,Centro 1,Hybrid,2024-10-21,4
FOR,Centro 5,Online,2024-10-21,3
GER,Centro 1,Hybrid,2024-10-21,3
PRI,Centro 5,In-person,2024-10-21,3
SST,Centro 1,In-person,2024-10-21,3
VND,Centro 4,Online,2024-10-21,3
FOR,Centro 3,Hybrid,2024-10-21,2
GER,Centro 1,In-person,2024-10-21,2
GER,Centro 2,In-person,2024-10-21,2
HAC,Centro 5,In-person,2024-10-21,2
HCP,Centro 4,In-person,2024-10-21,2
ING,Centro 3,Online,2024-10-21,2
LOG,Centro 5,In-person,2024-10-21,2
PBI,Centro 1,In-person,2024-10-21,2
SCI,Centro 4,In-person,2024-10-21,2
SEG,Centro 4,In-person,2024-10-21,2
SST,Centro 2,In-person,2024-10-21,2
VND,Centro 2,Hybrid,2024-10-21,2
EXC,Centro 2,In-person,2024-10-21,1
EXC,Centro 3,Online,2024-10-21,1
EXC,Centro 3,Hybrid,2024-10-21,1
EXC,Centro 5,In-person,2024-10-21,1
FOR,Centro 1,Online,2024-10-21,1
HAC,Centro 1,Online,2024-10-21,1
HAC,Centro 2,In-person,2024-10-21,1
HAC,Centro 3,In-person,2024-10-21,1
HCP,Centro 3,Hybrid,2024-10-21,1
HOT,Centro 2,Hybrid,2024-10-21,1
LOG,Centro 5,Hybrid,2024-10-21,1
PBI,Centro 2,In-person,2024-10-21,1
PBI,Centro 3,Hybrid,2024-10-21,1
PRO,Centro 2,Online,2024-10-21,1
PRO,Centro 4,Online,2024-10-21,1
SEG,Centro 3,Hybrid,2024-10-21,1
SEG,Centro 5,Online,2024-10-21,1
SST,Centro 1,Hybrid,2024-10-21,1
TUR,Centro 5,Hybrid,2024-10-21,1
ING,Centro 4,Hybrid,2024-10-28,49
CYB,Centro 3,Online,2024-10-28,43
PBI,Centro 4,Online,2024-10-28,37
GES,Centro 4,Hybrid,2024-10-28,36
SST,Centro 3,In-person,2024-10-28,33
ING,Centro 1,Online,2024-10-28,29
ING,Centro 4,Online,2024-10-28,29
EMP,Centro 2,In-person,2024-10-28,28
CYB,Centro 1,Online,2024-10-28,23
HCP,Centro 1,In-person,2024-10-28,22
MNT,Centro 1,In-person,2024-10-28,21
PBI,Centro 2,In-person,2024-10-28,21
EXC,Centro 3,Online,2024-10-28,20
LID,Centro 5,Hybrid,2024-10-28,20
TUR,Centro 5,Hybrid,2024-10-28,20
SEG,Centro 4,In-person,2024-10-28,19
HAC,Centro 5,In-person,2024-10-28,18
GES,Centro 1,Online,2024-10-28,17
MNT,Centro 3,In-person,2024-10-28,17
PYT,Centro 1,In-person,2024-10-28,17
SCI,Centro 3,Hybrid,2024-10-28,16
GER,Centro 3,In-person,2024-10-28,15
LID,Centro 5,Online,2024-10-28,15
TUR,Centro 3,In-person,2024-10-28,15
VND,Centro 5,In-person,2024-10-28,15
EXC,Centro 5,In-person,2024-10-28,14
HCP,Centro 4,Hybrid,2024-10-28,14
SOC,Centro 3,Hybrid,2024-10-28,14
SST,Centro 1,Hybrid,2024-10-28,13
LID,Centro 2,In-person,2024-10-28,12
LOG,Centro 2,In-person,2024-10-28,12
SEG,Centro 1,In-person,2024-10-28,12
EMP,Centro 4,In-person,2024-10-28,11
SST,Centro 1,In-person,2024-10-28,11
SST,Centro 2,In-person,2024-10-28,11
VND,Centro 4,Online,2024-10-28,11
GES,Centro 4,In-person,2024-10-28,10
PBI,Centro 2,Online,2024-10-28,10
SEG,Centro 5,Hybrid,2024-10-28,10
SEG,Centro 5,In-person,2024-10-28,10
EMP,Centro 3,In-person,2024-10-28,9
EMP,Centro 5,In-person,2024-10-28,9
PRO,Centro 5,Online,2024-10-28,9
SST,Centro 4,Online,2024-10-28,9
VND,Centro 1,Hybrid,2024-10-28,9
VND,Centro 3,In-person,2024-10-28,9
CYB,Centro 4,Online,2024-10-28,8
GES,Centro 4,Online,2024-10-28,8
HAC,Centro 1,Online,2024-10-28,8
ING,Centro 3,Hybrid,2024-10-28,8
PRI,Centro 3,In-person,2024-10-28,8
SST,Centro 3,Hybrid,2024-10-28,8
TUR,Centro 4,In-person,2024-10-28,8
HAC,Centro 1,Hybrid,2024-10-28,7
LOG,Centro 5,Hybrid,2024-10-28,7
PBI,Centro 3,Hybrid,2024-10-28,7
PBI,Centro 5,In-person,2024-10-28,7
SEG,Centro 3,In-person,2024-10-28,7
TUR,Centro 3,Hybrid,2024-10-28,7
CYB,Centro 1,Hybrid,2024-10-28,6
CYB,Centro 3,In-person,2024-10-28,6
EXC,Centro 2,Hybrid,2024-10-28,6
EXC,Centro 4,In-person,2024-10-28,6
HOT,Centro 1,In-person,2024-10-28,6
INF,Centro 5,In-person,2024-10-28,6
LOG,Centro 1,In-person,2024-10-28,6
CYB,Centro 4,Hybrid,2024-10-28,5
INF,Centro 3,In-person,2024-10-28,5
PYT,Centro 1,Hybrid,2024-10-28,5
TUR,Centro 2,In-person,2024-10-28,5
HCP,Centro 5,In-person,2024-10-28,4
HOT,Centro 5,In-person,2024-10-28,4
LID,Centro 1,In-person,2024-10-28,4
MNT,Centro 4,In-person,2024-10-28,4
PBI,Centro 2,Hybrid,2024-10-28,4
PRI,Centro 2,In-person,2024-10-28,4
SOC,Centro 3,In-person,2024-10-28,4
TUR,Centro 5,In-person,2024-10-28,4
VND,Centro 3,Hybrid,2024-10-28,4
FOR,Centro 1,Online,2024-10-28,3
INF,Centro 3,Hybrid,2024-10-28,3
INF,Centro 4,In-person,2024-10-28,3
LID,Centro 4,In-person,2024-10-28,3
LOG,Centro 5,In-person,2024-10-28,3
MNT,Centro 5,In-person,2024-10-28,3
PRO,Centro 5,In-person,2024-10-28,3
PYT,Centro 4,Hybrid,2024-10-28,3
SST,Centro 4,In-person,2024-10-28,3
CYB,Centro 2,Hybrid,2024-10-28,2
CYB,Centro 4,In-person,2024-10-28,2
EXC,Centro 2,Online,2024-10-28,2
FOR,Centro 3,In-person,2024-10-28,2
GES,Centro 5,Online,2024-10-28,2
HAC,Centro 3,In-person,2024-10-28,2
HOT,Centro 2,Hybrid,2024-10-28,2
LOG,Centro 1,Hybrid,2024-10-28,2
LOG,Centro 3,Hybrid,2024-10-28,2
PBI,Centro 4,Hybrid,2024-10-28,2
PRO,Centro 4,Online,2024-10-28,2
PYT,Centro 2,Online,2024-10-28,2
PYT,Centro 2,Hybrid,2024-10-28,2
PYT,Centro 3,In-person,2024-10-28,2
SEG,Centro 1,Online,2024-10-28,2
SOC,Centro 4,In-person,2024-10-28,2
SOC,Centro 5,Hybrid,2024-10-28,2
SOC,Centro 5,In-person,2024-10-28,2
EXC,Centro 3,Hybrid,2024-10-28,1
FOR,Centro 2,In-person,2024-10-28,1
GES,Centro 2,Online,2024-10-28,1
HAC,Centro 2,In-person,2024-10-28,1
HCP,Centro 3,Hybrid,2024-10-28,1
HCP,Centro 3,In-person,2024-10-28,1
INF,Centro 4,Hybrid,2024-10-28,1
LOG,Centro 3,In-person,2024-10-28,1
PBI,Centro 4,In-person,2024-10-28,1
PRI,Centro 5,In-person,2024-10-28,1
PRO,Centro 4,In-person,2024-10-28,1
SCI,Centro 2,In-person,2024-10-28,1
SEG,Centro 2,Hybrid,2024-10-28,1
SEG,Centro 4,Hybrid,2024-10-28,1
HOT,Centro 1,In-person,2024-11-04,34
GER,Centro 1,Hybrid,2024-11-04,25
LID,Centro 3,In-person,2024-11-04,25
EXC,Centro 2,Online,2024-11-04,24
HAC,Centro 5,Hybrid,2024-11-04,23
SST,Centro 4,Hybrid,2024-11-04,23
SEG,Centro 2,In-person,2024-11-04,22
SCI,Centro 1,In-person,2024-11-04,21
HAC,Centro 2,In-person,2024-11-04,20
EMP,Centro 2,In-person,2024-11-04,19
ING,Centro 3,Hybrid,2024-11-04,19
PYT,Centro 3,Online,2024-11-04,19
SOC,Centro 4,Hybrid,2024-11-04,19
EMP,Centro 5,In-person,2024-11-04,18
SCI,Centro 2,In-person,2024-11-04,18
GER,Centro 3,In-person,2024-11-04,17
GES,Centro 3,Online,2024-11-04,17
SEG,Centro 3,In-person,2024-11-04,16
MNT,Centro 5,In-person,2024-11-04,15
PRO,Centro 2,Online,2024-11-04,15
CYB,Centro 4,Hybrid,2024-11-04,14
EXC,Centro 5,Hybrid,2024-11-04,14
FOR,Centro 1,In-person,2024-11-04,14
LID,Centro 4,In-person,2024-11-04,14
PRI,Centro 2,Hybrid,2024-11-04,14
VND,Centro 4,Online,2024-11-04,14
EXC,Centro 4,In-person,2024-11-04,13
HAC,Centro 2,Online,2024-11-04,13
VND,Centro 5,In-person,2024-11-04,13
EMP,Centro 3,In-person,2024-11-04,12
EXC,Centro 2,In-person,2024-11-04,12
HOT,Centro 5,In-person,2024-11-04,12
PBI,Centro 4,Hybrid,2024-11-04,12
PYT,Centro 3,In-person,2024-11-04,12
SST,Centro 5,In-person,2024-11-04,12
LOG,Centro 3,In-person,2024-11-04,11
PRI,Centro 5,In-person,2024-11-04,11
TUR,Centro 2,In-person,2024-11-04,11
FOR,Centro 4,Hybrid,2024-11-04,10
HCP,Centro 4,Hybrid,2024-11-04,10
PBI,Centro 1,In-person,2024-11-04,10
EXC,Centro 1,In-person,2024-11-04,9
SEG,Centro 5,Online,2024-11-04,9
EXC,Centro 1,Online,2024-11-04,8
FOR,Centro 3,Hybrid,2024-11-04,8
INF,Centro 5,In-person,2024-11-04,8
LID,Centro 1,In-person,2024-11-04,8
LOG,Centro 4,In-person,2024-11-04,8
PYT,Centro 2,In-person,2024-11-04,8
LID,Centro 4,Online,2024-11-04,7
MNT,Centro 1,In-person,2024-11-04,7
PBI,Centro 5,Hybrid,2024-11-04,7
PRI,Centro 3,Hybrid,2024-11-04,7
PRO,Centro 1,Hybrid,2024-11-04,7
SST,Centro 2,In-person,2024-11-04,7
EMP,Centro 4,In-person,2024-11-04,6
LID,Centro 1,Online,2024-11-04,6
LID,Centro 4,Hybrid,2024-11-04,6
LOG,Centro 2,In-person,2024-11-04,6
VND,Centro 3,In-person,2024-11-04,6
SST,Centro 1,Online,2024-11-04,5
EXC,Centro 2,Hybrid,2024-11-04,4
FOR,Centro 4,In-person,2024-11-04,4
GES,Centro 4,Online,2024-11-04,4
HCP,Centro 3,In-person,2024-11-04,4
MNT,Centro 3,In-person,2024-11-04,4
PBI,Centro 2,In-person,2024-11-04,4
PRO,Centro 1,Online,2024-11-04,4
SCI,Centro 1,Hybrid,2024-11-04,4
SCI,Centro 4,In-person,2024-11-04,4
GES,Centro 5,Online,2024-11-04,3
HOT,Centro 3,Hybrid,2024-11-04,3
MNT,Centro 4,In-person,2024-11-04,3
PRO,Centro 2,Hybrid,2024-11-04,3
SST,Centro 1,In-person,2024-11-04,3
TUR,Centro 5,Hybrid,2024-11-04,3
TUR,Centro 5,In-person,2024-11-04,3
CYB,Centro 1,Hybrid,2024-11-04,2
HAC,Centro 1,Hybrid,2024-11-04,2
HAC,Centro 3,In-person,2024-11-04,2
ING,Centro 4,Online,2024-11-04,2
LOG,Centro 1,In-person,2024-11-04,2
PBI,Centro 3,Online,2024-11-04,2
SEG,Centro 4,In-person,2024-11-04,2
SEG,Centro 5,In-person,2024-11-04,2
SST,Centro 4,In-person,2024-11-04,2
VND,Centro 1,In-person,2024-11-04,2
CYB,Centro 3,Online,2024-11-04,1
CYB,Centro 5,Online,2024-11-04,1
FOR,Centro 1,Online,2024-11-04,1
GER,Centro 5,Hybrid,2024-11-04,1
GES,Centro 4,Hybrid,2024-11-04,1
HOT,Centro 3,In-person,2024-11-04,1
INF,Centro 3,In-person,2024-11-04,1
INF,Centro 4,In-person,2024-11-04,1
ING,Centro 4,Hybrid,2024-11-04,1
PBI,Centro 4,In-person,2024-11-04,1
PRI,Centro 3,In-person,2024-11-04,1
PRO,Centro 4,Online,2024-11-04,1
SCI,Centro 3,Hybrid,2024-11-04,1
SEG,Centro 5,Hybrid,2024-11-04,1
SOC,Centro 5,In-person,2024-11-04,1
SST,Centro 4,Online,2024-11-04,1
VND,Centro 5,In-person,2024-11-11,41
HAC,Centro 2,Online,2024-11-11,26
GES,Centro 5,Online,2024-11-11,24
ING,Centro 1,Online,2024-11-11,24
PYT,Centro 4,Hybrid,2024-11-11,24
SST,Centro 4,In-person,2024-11-11,22
TUR,Centro 5,In-person,2024-11-11,22
SST,Centro 4,Online,2024-11-11,21
CYB,Centro 4,Hybrid,2024-11-11,20
SEG,Centro 5,In-person,2024-11-11,18
GER,Centro 3,In-person,2024-11-11,17
INF,Centro 3,In-person,2024-11-11,17
SEG,Centro 1,In-person,2024-11-11,17
GES,Centro 1,In-person,2024-11-11,16
ING,Centro 1,Hybrid,2024-11-11,16
PBI,Centro 2,In-person,2024-11-11,16
ING,Centro 3,Hybrid,2024-11-11,15
PYT,Centro 1,Hybrid,2024-11-11,15
SEG,Centro 3,In-person,2024-11-11,15
SST,Centro 5,In-person,2024-11-11,15
HAC,Centro 1,Hybrid,2024-11-11,14
PRI,Centro 5,In-person,2024-11-11,14
TUR,Centro 5,Hybrid,2024-11-11,14
HAC,Centro 4,Hybrid,2024-11-11,13
LID,Centro 4,Hybrid,2024-11-11,13
MNT,Centro 4,In-person,2024-11-11,13
PBI,Centro 1,Hybrid,2024-11-11,13
PRO,Centro 3,In-person,2024-11-11,13
SOC,Centro 2,Hybrid,2024-11-11,13
SST,Centro 1,Online,2024-11-11,13
CYB,Centro 3,In-person,2024-11-11,12
GER,Centro 4,In-person,2024-11-11,12
HOT,Centro 2,Hybrid,2024-11-11,12
PRO,Centro 1,Hybrid,2024-11-11,12
EXC,Centro 1,Hybrid,2024-11-11,11
PYT,Centro 5,Hybrid,2024-11-11,11
LOG,Centro 3,In-person,2024-11-11,10
PRI,Centro 4,Hybrid,2024-11-11,10
HCP,Centro 3,In-person,2024-11-11,9
LOG,Centro 1,Hybrid,2024-11-11,9
LOG,Centro 1,In-person,2024-11-11,9
PYT,Centro 2,Hybrid,2024-11-11,9
SEG,Centro 5,Hybrid,2024-11-11,9
GES,Centro 3,Online,2024-11-11,8
HAC,Centro 3,Hybrid,2024-11-11,8
ING,Centro 5,In-person,2024-11-11,8
SEG,Centro 4,Hybrid,2024-11-11,8
SOC,Centro 3,In-person,2024-11-11,8
SST,Centro 1,In-person,2024-11-11,8
EMP,Centro 4,In-person,2024-11-11,7
EXC,Centro 2,Online,2024-11-11,7
FOR,Centro 4,Hybrid,2024-11-11,7
INF,Centro 2,In-person,2024-11-11,7
PRI,Centro 1,Hybrid,2024-11-11,7
EMP,Centro 3,In-person,2024-11-11,6
EXC,Centro 3,In-person,2024-11-11,6
MNT,Centro 1,In-person,2024-11-11,6
PBI,Centro 3,Hybrid,2024-11-11,6
PRI,Centro 3,In-person,2024-11-11,6
PRO,Centro 2,Hybrid,2024-11-11,6
SEG,Centro 1,Online,2024-11-11,6
CYB,Centro 4,Online,2024-11-11,5
ING,Centro 4,Hybrid,2024-11-11,5
PBI,Centro 5,Hybrid,2024-11-11,5
CYB,Centro 2,In-person,2024-11-11,4
EXC,Centro 3,Online,2024-11-11,4
GER,Centro 5,Hybrid,2024-11-11,4
ING,Centro 2,Online,2024-11-11,4
LID,Centro 1,Online,2024-11-11,4
MNT,Centro 3,In-person,2024-11-11,4
VND,Centro 1,In-person,2024-11-11,4
EMP,Centro 5,In-person,2024-11-11,3
HCP,Centro 4,In-person,2024-11-11,3
ING,Centro 5,Online,2024-11-11,3
LID,Centro 4,In-person,2024-11-11,3
PBI,Centro 4,Online,2024-11-11,3
SEG,Centro 3,Hybrid,2024-11-11,3
EXC,Centro 3,Hybrid,2024-11-11,2
FOR,Centro 3,Hybrid,2024-11-11,2
GER,Centro 3,Hybrid,2024-11-11,2
HAC,Centro 1,In-person,2024-11-11,2
HAC,Centro 3,In-person,2024-11-11,2
LOG,Centro 4,In-person,2024-11-11,2
LOG,Centro 5,In-person,2024-11-11,2
PYT,Centro 2,In-person,2024-11-11,2
SCI,Centro 1,In-person,2024-11-11,2
CYB,Centro 2,Hybrid,2024-11-11,1
EXC,Centro 5,In-person,2024-11-11,1
FOR,Centro 1,Online,2024-11-11,1
GES,Centro 4,Hybrid,2024-11-11,1
INF,Centro 4,Hybrid,2024-11-11,1
INF,Centro 4,In-person,2024-11-11,1
ING,Centro 4,Online,2024-11-11,1
LID,Centro 5,Online,2024-11-11,1
MNT,Centro 5,In-person,2024-11-11,1
PBI,Centro 3,Online,2024-11-11,1
PRI,Centro 2,In-person,2024-11-11,1
PRO,Centro 4,Online,2024-11-11,1
SEG,Centro 2,Hybrid,2024-11-11,1
TUR,Centro 2,In-person,2024-11-11,1
VND,Centro 5,In-person,2024-11-18,33
LOG,Centro 3,Hybrid,2024-11-18,27
PBI,Centro 5,Online,2024-11-18,26
CYB,Centro 5,Hybrid,2024-11-18,25
VND,Centro 2,Hybrid,2024-11-18,24
EMP,Centro 3,In-person,2024-11-18,23
HAC,Centro 5,Online,2024-11-18,23
LOG,Centro 1,In-person,2024-11-18,23
HCP,Centro 3,In-person,2024-11-18,20
PRI,Centro 3,In-person,2024-11-18,20
CYB,Centro 4,Hybrid,2024-11-18,18
EXC,Centro 3,Online,2024-11-18,18
PRI,Centro 5,In-person,2024-11-18,18
CYB,Centro 3,Hybrid,2024-11-18,17
PBI,Centro 1,Online,2024-11-18,17
GER,Centro 5,Hybrid,2024-11-18,16
HOT,Centro 2,Hybrid,2024-11-18,16
LID,Centro 1,Online,2024-11-18,16
EXC,Centro 4,Online,2024-11-18,15
LOG,Centro 4,In-person,2024-11-18,15
HOT,Centro 3,Hybrid,2024-11-18,14
TUR,Centro 5,In-person,2024-11-18,14
HAC,Centro 1,Online,2024-11-18,13
HAC,Centro 1,In-person,2024-11-18,13
FOR,Centro 3,Hybrid,2024-11-18,12
HCP,Centro 3,Hybrid,2024-11-18,12
SCI,Centro 1,In-person,2024-11-18,12
SST,Centro 1,In-person,2024-11-18,12
PRI,Centro 1,In-person,2024-11-18,11
SST,Centro 5,Online,2024-11-18,11
VND,Centro 1,In-person,2024-11-18,11
FOR,Centro 5,In-person,2024-11-18,10
HCP,Centro 4,In-person,2024-11-18,8
SOC,Centro 3,In-person,2024-11-18,8
SST,Centro 5,In-person,2024-11-18,8
LOG,Centro 3,In-person,2024-11-18,7
MNT,Centro 1,In-person,2024-11-18,7
TUR,Centro 2,In-person,2024-11-18,7
CYB,Centro 3,Online,2024-11-18,6
EXC,Centro 1,Hybrid,2024-11-18,6
HOT,Centro 5,In-person,2024-11-18,6
LID,Centro 1,In-person,2024-11-18,6
PYT,Centro 4,Online,2024-11-18,6
PYT,Centro 5,Hybrid,2024-11-18,6
SCI,Centro 2,In-person,2024-11-18,6
CYB,Centro 2,In-person,2024-11-18,5
EXC,Centro 4,In-person,2024-11-18,5
SCI,Centro 3,Hybrid,2024-11-18,5
SST,Centro 5,Hybrid,2024-11-18,5
CYB,Centro 1,Hybrid,2024-11-18,4
FOR,Centro 3,In-person,2024-11-18,4
INF,Centro 4,In-person,2024-11-18,4
LID,Centro 4,Hybrid,2024-11-18,4
PBI,Centro 3,Online,2024-11-18,4
PYT,Centro 2,Online,2024-11-18,4
SEG,Centro 1,Online,2024-11-18,4
GER,Centro 1,In-person,2024-11-18,3
GER,Centro 3,In-person,2024-11-18,3
HAC,Centro 3,In-person,2024-11-18,3
MNT,Centro 4,In-person,2024-11-18,3
SST,Centro 3,In-person,2024-11-18,3
SST,Centro 4,Hybrid,2024-11-18,3
CYB,Centro 2,Hybrid,2024-11-18,2
EMP,Centro 2,In-person,2024-11-18,2
EXC,Centro 5,In-person,2024-11-18,2
HAC,Centro 5,Hybrid,2024-11-18,2
INF,Centro 3,In-person,2024-11-18,2
ING,Centro 4,In-person,2024-11-18,2
ING,Centro 5,In-person,2024-11-18,2
LID,Centro 4,In-person,2024-11-18,2
PRI,Centro 1,Hybrid,2024-11-18,2
PRI,Centro 2,In-person,2024-11-18,2
SEG,Centro 3,Hybrid,2024-11-18,2
VND,Centro 5,Online,2024-11-18,2
EXC,Centro 2,In-person,2024-11-18,1
EXC,Centro 5,Hybrid,2024-11-18,1
GER,Centro 2,In-person,2024-11-18,1
HAC,Centro 2,Online,2024-11-18,1
ING,Centro 4,Online,2024-11-18,1
ING,Centro 4,Hybrid,2024-11-18,1
LOG,Centro 1,Hybrid,2024-11-18,1
MNT,Centro 3,In-person,2024-11-18,1
PBI,Centro 4,Hybrid,2024-11-18,1
PRO,Centro 4,In-person,2024-11-18,1
SEG,Centro 1,In-person,2024-11-18,1
SEG,Centro 5,In-person,2024-11-18,1
SST,Centro 4,Online,2024-11-18,1
TUR,Centro 4,In-person,2024-11-18,1
TUR,Centro 2,In-person,2024-11-25,36
ING,Centro 2,Hybrid,2024-11-25,27
INF,Centro 4,In-person,2024-11-25,24
EMP,Centro 3,In-person,2024-11-25,23
LID,Centro 4,Hybrid,2024-11-25,22
PRI,Centro 1,Hybrid,2024-11-25,21
CYB,Centro 4,Online,2024-11-25,20
LID,Centro 3,Hybrid,2024-11-25,20
GER,Centro 2,In-person,2024-11-25,19
SST,Centro 4,Hybrid,2024-11-25,19
HCP,Centro 5,Hybrid,2024-11-25,18
ING,Centro 3,Hybrid,2024-11-25,18
SCI,Centro 3,Hybrid,2024-11-25,17
SST,Centro 5,Online,2024-11-25,17
HOT,Centro 1,Hybrid,2024-11-25,16
PBI,Centro 3,Online,2024-11-25,16
GES,Centro 2,Online,2024-11-25,15
LID,Centro 4,In-person,2024-11-25,15
PBI,Centro 2,Online,2024-11-25,15
SEG,Centro 1,In-person,2024-11-25,15
TUR,Centro 5,In-person,2024-11-25,15
PRO,Centro 4,In-person,2024-11-25,14
SEG,Centro 4,In-person,2024-11-25,14
VND,Centro 3,Online,2024-11-25,14
EXC,Centro 3,Hybrid,2024-11-25,13
LID,Centro 1,Online,2024-11-25,13
EXC,Centro 5,In-person,2024-11-25,12
EXC,Centro 1,Hybrid,2024-11-25,11
FOR,Centro 5,Hybrid,2024-11-25,11
HOT,Centro 5,In-person,2024-11-25,11
HOT,Centro 3,Hybrid,2024-11-25,10
MNT,Centro 3,In-person,2024-11-25,10
SST,Centro 5,In-person,2024-11-25,10
VND,Centro 5,In-person,2024-11-25,10
CYB,Centro 2,Hybrid,2024-11-25,9
LID,Centro 5,Online,2024-11-25,9
PBI,Centro 4,In-person,2024-11-25,9
PYT,Centro 2,In-person,2024-11-25,9
HCP,Centro 2,In-person,2024-11-25,8
ING,Centro 4,In-person,2024-11-25,8
LOG,Centro 2,In-person,2024-11-25,8
LOG,Centro 4,In-person,2024-11-25,8
PRI,Centro 1,In-person,2024-11-25,8
TUR,Centro 1,Hybrid,2024-11-25,8
HOT,Centro 2,In-person,2024-11-25,6
INF,Centro 2,In-person,2024-11-25,6
PRO,Centro 1,Hybrid,2024-11-25,6
SCI,Centro 5,In-person,2024-11-25,6
EMP,Centro 4,In-person,2024-11-25,5
GER,Centro 4,In-person,2024-11-25,5
HAC,Centro 1,In-person,2024-11-25,5
HAC,Centro 5,Hybrid,2024-11-25,5
MNT,Centro 5,In-person,2024-11-25,5
CYB,Centro 3,Online,2024-11-25,4
EMP,Centro 2,In-person,2024-11-25,4
EXC,Centro 1,In-person,2024-11-25,4
EXC,Centro 2,Online,2024-11-25,4
FOR,Centro 2,Online,2024-11-25,4
FOR,Centro 4,In-person,2024-11-25,4
GER,Centro 3,In-person,2024-11-25,4
HAC,Centro 4,In-person,2024-11-25,4
PBI,Centro 2,In-person,2024-11-25,4
SEG,Centro 1,Online,2024-11-25,4
VND,Centro 1,In-person,2024-11-25,4
EXC,Centro 1,Online,2024-11-25,3
EXC,Centro 2,In-person,2024-11-25,3
FOR,Centro 4,Online,2024-11-25,3
HCP,Centro 4,Hybrid,2024-11-25,3
LOG,Centro 1,Hybrid,2024-11-25,3
MNT,Centro 4,In-person,2024-11-25,3
PBI,Centro 4,Hybrid,2024-11-25,3
PYT,Centro 1,Hybrid,2024-11-25,3
EXC,Centro 5,Online,2024-11-25,2
FOR,Centro 2,Hybrid,2024-11-25,2
HAC,Centro 2,Online,2024-11-25,2
INF,Centro 3,In-person,2024-11-25,2
ING,Centro 1,Hybrid,2024-11-25,2
PBI,Centro 4,Online,2024-11-25,2
PRI,Centro 2,In-person,2024-11-25,2
SCI,Centro 3,In-person,2024-11-25,2
SEG,Centro 4,Hybrid,2024-11-25,2
SST,Centro 3,In-person,2024-11-25,2
SST,Centro 5,Hybrid,2024-11-25,2
CYB,Centro 1,Hybrid,2024-11-25,1
FOR,Centro 1,Online,2024-11-25,1
HCP,Centro 3,Hybrid,2024-11-25,1
LID,Centro 1,In-person,2024-11-25,1
PBI,Centro 1,In-person,2024-11-25,1
PBI,Centro 3,Hybrid,2024-11-25,1
PRI,Centro 5,In-person,2024-11-25,1
PYT,Centro 1,In-person,2024-11-25,1
SOC,Centro 3,In-person,2024-11-25,1
FOR,Centro 1,Online,2024-12-02,34
PYT,Centro 2,In-person,2024-12-02,30
PYT,Centro 2,Online,2024-12-02,28
SST,Centro 1,Online,2024-12-02,28
GER,Centro 3,Hybrid,2024-12-02,26
CYB,Centro 5,Online,2024-12-02,24
PBI,Centro 1,Online,2024-12-02,24
CYB,Centro 1,Hybrid,2024-12-02,23
SST,Centro 2,In-person,2024-12-02,23
ING,Centro 2,Online,2024-12-02,22
ING,Centro 4,Online,2024-12-02,21
CYB,Centro 4,Online,2024-12-02,18
INF,Centro 3,In-person,2024-12-02,18
VND,Centro 5,Online,2024-12-02,18
ING,Centro 4,In-person,2024-12-02,17
PBI,Centro 4,Hybrid,2024-12-02,17
SOC,Centro 5,Hybrid,2024-12-02,17
SOC,Centro 4,In-person,2024-12-02,16
SEG,Centro 1,In-person,2024-12-02,15
FOR,Centro 4,In-person,2024-12-02,14
TUR,Centro 5,In-person,2024-12-02,14
EXC,Centro 2,Hybrid,2024-12-02,13
GER,Centro 5,Hybrid,2024-12-02,13
INF,Centro 4,Hybrid,2024-12-02,13
SEG,Centro 1,Online,2024-12-02,13
PRO,Centro 4,Online,2024-12-02,12
PYT,Centro 2,Hybrid,2024-12-02,12
EXC,Centro 2,Online,2024-12-02,11
FOR,Centro 4,Hybrid,2024-12-02,11
HOT,Centro 3,Hybrid,2024-12-02,11
ING,Centro 2,Hybrid,2024-12-02,11
PYT,Centro 4,Online,2024-12-02,11
SCI,Centro 2,Hybrid,2024-12-02,11
GES,Centro 2,Online,2024-12-02,9
HAC,Centro 3,Hybrid,2024-12-02,9
HOT,Centro 2,Hybrid,2024-12-02,9
PRI,Centro 4,In-person,2024-12-02,9
PRO,Centro 5,Hybrid,2024-12-02,9
SCI,Centro 2,In-person,2024-12-02,9
SEG,Centro 2,In-person,2024-12-02,9
MNT,Centro 4,In-person,2024-12-02,8
SCI,Centro 1,In-person,2024-12-02,8
TUR,Centro 1,Hybrid,2024-12-02,8
TUR,Centro 1,In-person,2024-12-02,8
HCP,Centro 2,Hybrid,2024-12-02,7
PRO,Centro 1,Hybrid,2024-12-02,7
SEG,Centro 5,In-person,2024-12-02,7
EMP,Centro 5,In-person,2024-12-02,6
EXC,Centro 5,Hybrid,2024-12-02,6
FOR,Centro 5,In-person,2024-12-02,6
PRI,Centro 3,In-person,2024-12-02,6
PRO,Centro 3,In-person,2024-12-02,6
SOC,Centro 3,In-person,2024-12-02,6
FOR,Centro 5,Hybrid,2024-12-02,5
GER,Centro 3,In-person,2024-12-02,5
HCP,Centro 4,Hybrid,2024-12-02,5
HCP,Centro 4,In-person,2024-12-02,5
LID,Centro 4,Hybrid,2024-12-02,5
LOG,Centro 1,In-person,2024-12-02,5
SOC,Centro 4,Hybrid,2024-12-02,5
CYB,Centro 3,Hybrid,2024-12-02,4
EMP,Centro 3,In-person,2024-12-02,4
GER,Centro 2,In-person,2024-12-02,4
GES,Centro 1,In-person,2024-12-02,4
HCP,Centro 5,Hybrid,2024-12-02,4
INF,Centro 4,In-person,2024-12-02,4
LID,Centro 1,Online,2024-12-02,4
LID,Centro 3,Hybrid,2024-12-02,3
PBI,Centro 4,In-person,2024-12-02,3
PRI,Centro 3,Hybrid,2024-12-02,3
PYT,Centro 4,Hybrid,2024-12-02,3
CYB,Centro 3,Online,2024-12-02,2
HAC,Centro 1,Hybrid,2024-12-02,2
HCP,Centro 3,In-person,2024-12-02,2
ING,Centro 1,Hybrid,2024-12-02,2
LID,Centro 5,Hybrid,2024-12-02,2
EMP,Centro 1,In-person,2024-12-02,1
EMP,Centro 4,In-person,2024-12-02,1
EXC,Centro 4,In-person,2024-12-02,1
HAC,Centro 5,Online,2024-12-02,1
HOT,Centro 2,In-person,2024-12-02,1
HOT,Centro 4,Hybrid,2024-12-02,1
ING,Centro 5,Online,2024-12-02,1
ING,Centro 5,In-person,2024-12-02,1
LID,Centro 4,In-person,2024-12-02,1
LOG,Centro 4,In-person,2024-12-02,1
PBI,Centro 4,Online,2024-12-02,1
PRI,Centro 2,In-person,2024-12-02,1
SCI,Centro 3,Hybrid,2024-12-02,1
SEG,Centro 4,In-person,2024-12-02,1
SOC,Centro 1,In-person,2024-12-02,1
SST,Centro 5,Hybrid,2024-12-02,1
VND,Centro 4,In-person,2024-12-02,1
VND,Centro 5,Hybrid,2024-12-02,1
MNT,Centro 5,In-person,2024-12-09,49
EXC,Centro 2,Online,2024-12-09,44
SEG,Centro 1,In-person,2024-12-09,36
GES,Centro 2,Hybrid,2024-12-09,31
LID,Centro 2,Online,2024-12-09,27
SST,Centro 5,Online,2024-12-09,27
CYB,Centro 5,Online,2024-12-09,25
PBI,Centro 4,Online,2024-12-09,24
FOR,Centro 4,Online,2024-12-09,23
LID,Centro 3,Hybrid,2024-12-09,23
HCP,Centro 4,In-person,2024-12-09,21
PRI,Centro 2,In-person,2024-12-09,21
EXC,Centro 4,In-person,2024-12-09,17
HAC,Centro 4,In-person,2024-12-09,17
HOT,Centro 4,Hybrid,2024-12-09,17
VND,Centro 4,Hybrid,2024-12-09,17
EXC,Centro 2,Hybrid,2024-12-09,16
CYB,Centro 4,Hybrid,2024-12-09,15
PYT,Centro 5,Hybrid,2024-12-09,14
SST,Centro 1,In-person,2024-12-09,14
GER,Centro 1,In-person,2024-12-09,13
MNT,Centro 3,In-person,2024-12-09,13
PRI,Centro 4,In-person,2024-12-09,13
PRO,Centro 4,In-person,2024-12-09,13
SST,Centro 4,Hybrid,2024-12-09,13
CYB,Centro 4,Online,2024-12-09,12
FOR,Centro 2,Hybrid,2024-12-09,12
GES,Centro 2,Online,2024-12-09,12
PBI,Centro 4,In-person,2024-12-09,12
PRI,Centro 3,Hybrid,2024-12-09,12
SEG,Centro 3,In-person,2024-12-09,12
HAC,Centro 1,Hybrid,2024-12-09,11
GES,Centro 4,In-person,2024-12-09,10
HCP,Centro 2,Hybrid,2024-12-09,10
HCP,Centro 5,In-person,2024-12-09,10
INF,Centro 2,In-person,2024-12-09,10
LOG,Centro 3,In-person,2024-12-09,10
PBI,Centro 5,Hybrid,2024-12-09,10
TUR,Centro 4,In-person,2024-12-09,9
LID,Centro 1,Hybrid,2024-12-09,8
PBI,Centro 1,Hybrid,2024-12-09,8
PRI,Centro 2,Hybrid,2024-12-09,8
SEG,Centro 2,In-person,2024-12-09,8
VND,Centro 5,Online,2024-12-09,8
CYB,Centro 1,Online,2024-12-09,7
PYT,Centro 2,Hybrid,2024-12-09,7
HAC,Centro 2,In-person,2024-12-09,6
SOC,Centro 5,Hybrid,2024-12-09,6
EMP,Centro 5,In-person,2024-12-09,5
ING,Centro 2,In-person,2024-12-09,5
EXC,Centro 5,Hybrid,2024-12-09,4
HAC,Centro 5,In-person,2024-12-09,4
HOT,Centro 2,In-person,2024-12-09,4
VND,Centro 1,Hybrid,2024-12-09,4
VND,Centro 4,In-person,2024-12-09,4
EXC,Centro 1,Hybrid,2024-12-09,3
EXC,Centro 1,In-person,2024-12-09,3
HCP,Centro 4,Hybrid,2024-12-09,3
INF,Centro 1,In-person,2024-12-09,3
LOG,Centro 3,Hybrid,2024-12-09,3
MNT,Centro 1,In-person,2024-12-09,3
MNT,Centro 2,In-person,2024-12-09,3
PRI,Centro 4,Hybrid,2024-12-09,3
SCI,Centro 2,In-person,2024-12-09,3
SST,Centro 5,In-person,2024-12-09,3
TUR,Centro 1,Hybrid,2024-12-09,3
FOR,Centro 4,Hybrid,2024-12-09,2
HOT,Centro 5,In-person,2024-12-09,2
ING,Centro 1,Online,2024-12-09,2
ING,Centro 5,Online,2024-12-09,2
PBI,Centro 4,Hybrid,2024-12-09,2
SCI,Centro 1,In-person,2024-12-09,2
SCI,Centro 4,In-person,2024-12-09,2
TUR,Centro 2,In-person,2024-12-09,2
TUR,Centro 5,In-person,2024-12-09,2
FOR,Centro 1,Online,2024-12-09,1
FOR,Centro 5,In-person,2024-12-09,1
GER,Centro 3,Hybrid,2024-12-09,1
GER,Centro 4,In-person,2024-12-09,1
HAC,Centro 2,Hybrid,2024-12-09,1
HOT,Centro 1,Hybrid,2024-12-09,1
LID,Centro 2,Hybrid,2024-12-09,1
LID,Centro 4,Hybrid,2024-12-09,1
LOG,Centro 4,In-person,2024-12-09,1
PBI,Centro 3,Hybrid,2024-12-09,1
PYT,Centro 2,In-person,2024-12-09,1
PYT,Centro 4,Online,2024-12-09,1
VND,Centro 1,In-person,2024-12-09,1
TUR,Centro 5,In-person,2024-12-16,33
EXC,Centro 5,Hybrid,2024-12-16,28
PYT,Centro 4,Online,2024-12-16,28
PRO,Centro 4,In-person,2024-12-16,24
CYB,Centro 2,Online,2024-12-16,23
FOR,Centro 3,Online,2024-12-16,23
LID,Centro 4,In-person,2024-12-16,22
PRI,Centro 5,In-person,2024-12-16,22
SEG,Centro 4,Hybrid,2024-12-16,21
GER,Centro 3,In-person,2024-12-16,20
EXC,Centro 1,In-person,2024-12-16,19
EXC,Centro 3,Hybrid,2024-12-16,18
VND,Centro 3,Online,2024-12-16,17
EMP,Centro 1,In-person,2024-12-16,14
EMP,Centro 2,In-person,2024-12-16,14
SCI,Centro 5,In-person,2024-12-16,14
CYB,Centro 4,In-person,2024-12-16,13
LID,Centro 1,Online,2024-12-16,13
LOG,Centro 4,In-person,2024-12-16,13
PRO,Centro 1,Online,2024-12-16,13
HAC,Centro 4,In-person,2024-12-16,12
PBI,Centro 2,Online,2024-12-16,12
SST,Centro 5,In-person,2024-12-16,12
CYB,Centro 4,Hybrid,2024-12-16,10
HCP,Centro 1,Hybrid,2024-12-16,10
HOT,Centro 2,Hybrid,2024-12-16,10
ING,Centro 2,Online,2024-12-16,10
PRI,Centro 4,Hybrid,2024-12-16,10
PRO,Centro 1,Hybrid,2024-12-16,10
SEG,Centro 5,In-person,2024-12-16,10
ING,Centro 4,In-person,2024-12-16,9
PBI,Centro 4,Online,2024-12-16,9
SCI,Centro 2,In-person,2024-12-16,9
EXC,Centro 4,In-person,2024-12-16,8
HAC,Centro 2,In-person,2024-12-16,8
PRI,Centro 3,In-person,2024-12-16,8
CYB,Centro 2,In-person,2024-12-16,7
ING,Centro 4,Online,2024-12-16,7
LOG,Centro 1,Hybrid,2024-12-16,7
PYT,Centro 2,In-person,2024-12-16,7
EXC,Centro 1,Hybrid,2024-12-16,6
EXC,Centro 2,Hybrid,2024-12-16,6
GES,Centro 4,Hybrid,2024-12-16,6
CYB,Centro 5,Online,2024-12-16,5
EMP,Centro 3,In-person,2024-12-16,5
GER,Centro 4,In-person,2024-12-16,5
MNT,Centro 4,In-person,2024-12-16,5
PBI,Centro 1,Online,2024-12-16,5
EMP,Centro 4,In-person,2024-12-16,4
FOR,Centro 4,Hybrid,2024-12-16,4
HAC,Centro 1,In-person,2024-12-16,4
HAC,Centro 2,Hybrid,2024-12-16,4
INF,Centro 1,In-person,2024-12-16,4
PRI,Centro 4,In-person,2024-12-16,4
SST,Centro 1,In-person,2024-12-16,4
TUR,Centro 1,In-person,2024-12-16,4
TUR,Centro 2,In-person,2024-12-16,4
FOR,Centro 1,Online,2024-12-16,3
GES,Centro 2,Online,2024-12-16,3
HAC,Centro 2,Online,2024-12-16,3
HCP,Centro 3,In-person,2024-12-16,3
HOT,Centro 2,In-person,2024-12-16,3
LOG,Centro 3,In-person,2024-12-16,3
SCI,Centro 4,In-person,2024-12-16,3
SEG,Centro 2,Hybrid,2024-12-16,3
TUR,Centro 4,In-person,2024-12-16,3
VND,Centro 5,Hybrid,2024-12-16,3
CYB,Centro 2,Hybrid,2024-12-16,2
FOR,Centro 1,In-person,2024-12-16,2
HAC,Centro 1,Hybrid,2024-12-16,2
HAC,Centro 5,In-person,2024-12-16,2
HCP,Centro 4,In-person,2024-12-16,2
INF,Centro 2,In-person,2024-12-16,2
LID,Centro 5,Online,2024-12-16,2
MNT,Centro 5,In-person,2024-12-16,2
SOC,Centro 5,Hybrid,2024-12-16,2
VND,Centro 1,Online,2024-12-16,2
EXC,Centro 4,Hybrid,2024-12-16,1
FOR,Centro 2,Online,2024-12-16,1
FOR,Centro 2,Hybrid,2024-12-16,1
HAC,Centro 5,Online,2024-12-16,1
HOT,Centro 1,Hybrid,2024-12-16,1
HOT,Centro 1,In-person,2024-12-16,1
ING,Centro 1,Online,2024-12-16,1
MNT,Centro 3,In-person,2024-12-16,1
PBI,Centro 4,Hybrid,2024-12-16,1
PRI,Centro 2,In-person,2024-12-16,1
PRO,Centro 2,Hybrid,2024-12-16,1
PRO,Centro 3,Hybrid,2024-12-16,1
PYT,Centro 2,Hybrid,2024-12-16,1
PYT,Centro 5,Hybrid,2024-12-16,1
SCI,Centro 2,Hybrid,2024-12-16,1
SCI,Centro 3,Hybrid,2024-12-16,1
SST,Centro 1,Online,2024-12-16,1
VND,Centro 1,In-person,2024-12-16,1
PBI,Centro 4,Online,2024-12-23,31
INF,Centro 1,In-person,2024-12-23,29
PYT,Centro 4,Online,2024-12-23,29
CYB,Centro 4,Hybrid,2024-12-23,25
EMP,Centro 3,In-person,2024-12-23,25
CYB,Centro 2,Hybrid,2024-12-23,24
PRI,Centro 3,In-person,2024-12-23,24
TUR,Centro 2,In-person,2024-12-23,24
VND,Centro 5,Hybrid,2024-12-23,24
HAC,Centro 2,Hybrid,2024-12-23,23
LID,Centro 3,Hybrid,2024-12-23,23
SEG,Centro 3,Hybrid,2024-12-23,23
LOG,Centro 1,In-person,2024-12-23,22
PYT,Centro 2,In-person,2024-12-23,22
SOC,Centro 3,In-person,2024-12-23,22
GER,Centro 4,Hybrid,2024-12-23,21
LID,Centro 1,Online,2024-12-23,21
SEG,Centro 1,Hybrid,2024-12-23,21
EXC,Centro 4,Hybrid,2024-12-23,20
LOG,Centro 5,In-person,2024-12-23,20
CYB,Centro 1,Online,2024-12-23,19
SEG,Centro 2,Hybrid,2024-12-23,19
HCP,Centro 5,In-person,2024-12-23,18
LOG,Centro 3,Hybrid,2024-12-23,18
LID,Centro 5,Online,2024-12-23,17
FOR,Centro 1,Online,2024-12-23,16
PBI,Centro 4,Hybrid,2024-12-23,16
LID,Centro 5,Hybrid,2024-12-23,15
CYB,Centro 2,In-person,2024-12-23,13
LOG,Centro 3,In-person,2024-12-23,13
PYT,Centro 2,Hybrid,2024-12-23,12
PRO,Centro 1,Hybrid,2024-12-23,11
PBI,Centro 5,Hybrid,2024-12-23,10
PRI,Centro 3,Hybrid,2024-12-23,10
SCI,Centro 2,Hybrid,2024-12-23,10
SEG,Centro 4,Hybrid,2024-12-23,10
CYB,Centro 5,In-person,2024-12-23,9
GES,Centro 4,In-person,2024-12-23,9
HOT,Centro 3,Hybrid,2024-12-23,9
SOC,Centro 1,In-person,2024-12-23,9
GES,Centro 2,Online,2024-12-23,8
GES,Centro 3,In-person,2024-12-23,8
HAC,Centro 3,Hybrid,2024-12-23,8
HCP,Centro 2,In-person,2024-12-23,8
PRI,Centro 2,In-person,2024-12-23,8
EXC,Centro 1,In-person,2024-12-23,7
FOR,Centro 2,Online,2024-12-23,7
LID,Centro 3,In-person,2024-12-23,7
MNT,Centro 3,In-person,2024-12-23,7
PRI,Centro 1,In-person,2024-12-23,7
EXC,Centro 3,In-person,2024-12-23,6
FOR,Centro 4,In-person,2024-12-23,6
ING,Centro 5,Hybrid,2024-12-23,6
PYT,Centro 1,Hybrid,2024-12-23,6
EMP,Centro 2,In-person,2024-12-23,5
HAC,Centro 4,In-person,2024-12-23,5
HOT,Centro 2,In-person,2024-12-23,5
LID,Centro 2,Online,2024-12-23,5
PBI,Centro 1,Online,2024-12-23,5
SOC,Centro 2,In-person,2024-12-23,5
SST,Centro 2,Hybrid,2024-12-23,5
EXC,Centro 2,Online,2024-12-23,4
GER,Centro 5,Hybrid,2024-12-23,4
INF,Centro 3,In-person,2024-12-23,4
MNT,Centro 4,In-person,2024-12-23,4
PRI,Centro 4,In-person,2024-12-23,4
PRO,Centro 3,Online,2024-12-23,4
SST,Centro 1,In-person,2024-12-23,4
TUR,Centro 1,Hybrid,2024-12-23,4
VND,Centro 4,Online,2024-12-23,4
VND,Centro 4,Hybrid,2024-12-23,4
CYB,Centro 3,In-person,2024-12-23,3
GER,Centro 3,In-person,2024-12-23,3
ING,Centro 2,Hybrid,2024-12-23,3
LID,Centro 4,Hybrid,2024-12-23,3
MNT,Centro 1,In-person,2024-12-23,3
PRO,Centro 5,In-person,2024-12-23,3
SEG,Centro 5,In-person,2024-12-23,3
SST,Centro 5,In-person,2024-12-23,3
VND,Centro 3,Online,2024-12-23,3
FOR,Centro 2,Hybrid,2024-12-23,2
FOR,Centro 3,Online,2024-12-23,2
FOR,Centro 5,Hybrid,2024-12-23,2
HAC,Centro 5,In-person,2024-12-23,2
INF,Centro 2,Hybrid,2024-12-23,2
LID,Centro 4,In-person,2024-12-23,2
LOG,Centro 4,In-person,2024-12-23,2
PBI,Centro 1,Hybrid,2024-12-23,2
PRI,Centro 1,Hybrid,2024-12-23,2
PRI,Centro 2,Hybrid,2024-12-23,2
PYT,Centro 1,Online,2024-12-23,2
SCI,Centro 2,In-person,2024-12-23,2
SCI,Centro 5,In-person,2024-12-23,2
TUR,Centro 4,In-person,2024-12-23,2
CYB,Centro 1,Hybrid,2024-12-23,1
CYB,Centro 2,Online,2024-12-23,1
FOR,Centro 5,In-person,2024-12-23,1
GER,Centro 1,In-person,2024-12-23,1
HCP,Centro 4,In-person,2024-12-23,1
HOT,Centro 1,In-person,2024-12-23,1
HOT,Centro 5,In-person,2024-12-23,1
ING,Centro 4,In-person,2024-12-23,1
MNT,Centro 5,In-person,2024-12-23,1
PRO,Centro 3,Hybrid,2024-12-23,1
PRO,Centro 5,Hybrid,2024-12-23,1
SCI,Centro 4,In-person,2024-12-23,1
SST,Centro 4,Hybrid,2024-12-23,1
VND,Centro 1,In-person,2024-12-23,1
SCI,Centro 2,In-person,2024-12-30,43
HCP,Centro 3,In-person,2024-12-30,33
ING,Centro 4,Online,2024-12-30,32
GER,Centro 3,Hybrid,2024-12-30,29
GER,Centro 4,In-person,2024-12-30,27
PYT,Centro 5,Hybrid,2024-12-30,27
LID,Centro 2,Hybrid,2024-12-30,26
PBI,Centro 2,Online,2024-12-30,26
SST,Centro 1,Hybrid,2024-12-30,25
VND,Centro 1,Hybrid,2024-12-30,24
ING,Centro 2,Hybrid,2024-12-30,23
PBI,Centro 1,Hybrid,2024-12-30,23
PYT,Centro 4,Online,2024-12-30,22
HAC,Centro 2,In-person,2024-12-30,21
LOG,Centro 4,In-person,2024-12-30,20
HAC,Centro 1,Hybrid,2024-12-30,19
HAC,Centro 3,Online,2024-12-30,19
HCP,Centro 2,Hybrid,2024-12-30,19
SOC,Centro 3,In-person,2024-12-30,19
LOG,Centro 1,In-person,2024-12-30,18
EXC,Centro 1,In-person,2024-12-30,17
SCI,Centro 3,In-person,2024-12-30,17
TUR,Centro 5,In-person,2024-12-30,17
INF,Centro 2,In-person,2024-12-30,16
INF,Centro 3,Hybrid,2024-12-30,16
LID,Centro 4,Online,2024-12-30,16
ING,Centro 2,In-person,2024-12-30,15
PYT,Centro 2,Online,2024-12-30,15
LOG,Centro 2,Hybrid,2024-12-30,14
EXC,Centro 3,In-person,2024-12-30,13
FOR,Centro 2,Online,2024-12-30,13
LOG,Centro 3,In-person,2024-12-30,13
TUR,Centro 3,In-person,2024-12-30,13
EMP,Centro 4,In-person,2024-12-30,12
EXC,Centro 3,Hybrid,2024-12-30,12
HAC,Centro 1,In-person,2024-12-30,12
HOT,Centro 5,In-person,2024-12-30,12
PBI,Centro 4,Hybrid,2024-12-30,12
PRO,Centro 1,Hybrid,2024-12-30,12
MNT,Centro 3,In-person,2024-12-30,11
EMP,Centro 3,In-person,2024-12-30,10
ING,Centro 4,In-person,2024-12-30,10
VND,Centro 1,In-person,2024-12-30,10
CYB,Centro 3,In-person,2024-12-30,9
EMP,Centro 1,In-person,2024-12-30,9
SEG,Centro 5,In-person,2024-12-30,9
PBI,Centro 2,In-person,2024-12-30,8
PBI,Centro 5,Hybrid,2024-12-30,8
GER,Centro 5,Hybrid,2024-12-30,7
PRI,Centro 2,In-person,2024-12-30,7
SEG,Centro 2,In-person,2024-12-30,7
LOG,Centro 5,In-person,2024-12-30,6
SEG,Centro 3,In-person,2024-12-30,6
EXC,Centro 2,Hybrid,2024-12-30,5
INF,Centro 2,Hybrid,2024-12-30,5
LID,Centro 5,In-person,2024-12-30,5
MNT,Centro 5,In-person,2024-12-30,5
PRI,Centro 3,In-person,2024-12-30,5
SCI,Centro 2,Hybrid,2024-12-30,5
SEG,Centro 1,In-person,2024-12-30,5
VND,Centro 4,Hybrid,2024-12-30,5
GER,Centro 3,In-person,2024-12-30,4
GER,Centro 5,In-person,2024-12-30,4
HAC,Centro 4,In-person,2024-12-30,4
HOT,Centro 5,Hybrid,2024-12-30,4
LID,Centro 4,In-person,2024-12-30,4
LOG,Centro 2,In-person,2024-12-30,4
PRO,Centro 2,In-person,2024-12-30,4
SCI,Centro 5,In-person,2024-12-30,4
SST,Centro 1,In-person,2024-12-30,4
VND,Centro 2,In-person,2024-12-30,4
CYB,Centro 4,Hybrid,2024-12-30,3
CYB,Centro 4,In-person,2024-12-30,3
CYB,Centro 5,Online,2024-12-30,3
GES,Centro 1,Hybrid,2024-12-30,3
PBI,Centro 1,Online,2024-12-30,3
PBI,Centro 4,Online,2024-12-30,3
SOC,Centro 1,In-person,2024-12-30,3
CYB,Centro 1,Online,2024-12-30,2
CYB,Centro 2,Hybrid,2024-12-30,2
EMP,Centro 2,In-person,2024-12-30,2
EXC,Centro 4,Hybrid,2024-12-30,2
HCP,Centro 4,Hybrid,2024-12-30,2
LID,Centro 2,Online,2024-12-30,2
MNT,Centro 1,In-person,2024-12-30,2
PBI,Centro 4,In-person,2024-12-30,2
PRI,Centro 1,Hybrid,2024-12-30,2
CYB,Centro 1,Hybrid,2024-12-30,1
CYB,Centro 5,Hybrid,2024-12-30,1
EMP,Centro 5,In-person,2024-12-30,1
EXC,Centro 2,Online,2024-12-30,1
FOR,Centro 1,Hybrid,2024-12-30,1
FOR,Centro 2,Hybrid,2024-12-30,1
FOR,Centro 4,Online,2024-12-30,1
GES,Centro 2,Online,2024-12-30,1
GES,Centro 2,Hybrid,2024-12-30,1
GES,Centro 5,Hybrid,2024-12-30,1
HAC,Centro 5,Online,2024-12-30,1
HOT,Centro 4,In-person,2024-12-30,1
LID,Centro 1,Online,2024-12-30,1
LOG,Centro 3,Hybrid,2024-12-30,1
LOG,Centro 5,Hybrid,2024-12-30,1
PBI,Centro 3,Hybrid,2024-12-30,1
PRO,Centro 3,Hybrid,2024-12-30,1
PYT,Centro 1,In-person,2024-12-30,1
PYT,Centro 2,Hybrid,2024-12-30,1
SCI,Centro 4,In-person,2024-12-30,1
SST,Centro 5,Hybrid,2024-12-30,1
TUR,Centro 5,In-person,2025-01-06,34
VND,Centro 3,Hybrid,2025-01-06,33
PRI,Centro 2,Hybrid,2025-01-06,29
EXC,Centro 2,Hybrid,2025-01-06,28
LID,Centro 2,Hybrid,2025-01-06,28
GES,Centro 2,Hybrid,2025-01-06,26
GER,Centro 4,In-person,2025-01-06,24
EXC,Centro 4,Hybrid,2025-01-06,23
LID,Centro 5,Hybrid,2025-01-06,23
SST,Centro 5,Online,2025-01-06,23
SOC,Centro 3,In-person,2025-01-06,22
SST,Centro 2,Online,2025-01-06,22
EXC,Centro 1,In-person,2025-01-06,21
VND,Centro 4,Hybrid,2025-01-06,21
CYB,Centro 2,In-person,2025-01-06,20
LOG,Centro 2,In-person,2025-01-06,20
LOG,Centro 5,Hybrid,2025-01-06,20
PBI,Centro 4,Hybrid,2025-01-06,20
EXC,Centro 5,Online,2025-01-06,19
FOR,Centro 2,Hybrid,2025-01-06,19
LOG,Centro 1,In-person,2025-01-06,19
SEG,Centro 4,Hybrid,2025-01-06,19
PBI,Centro 2,Online,2025-01-06,18
SCI,Centro 4,In-person,2025-01-06,18
LID,Centro 4,Online,2025-01-06,17
SST,Centro 2,Hybrid,2025-01-06,17
EMP,Centro 2,In-person,2025-01-06,16
LOG,Centro 5,In-person,2025-01-06,16
EXC,Centro 1,Hybrid,2025-01-06,15
LOG,Centro 3,In-person,2025-01-06,15
HAC,Centro 5,In-person,2025-01-06,14
MNT,Centro 4,In-person,2025-01-06,14
SCI,Centro 5,In-person,2025-01-06,14
CYB,Centro 5,Online,2025-01-06,13
GES,Centro 5,Hybrid,2025-01-06,13
HAC,Centro 2,In-person,2025-01-06,13
PRI,Centro 3,In-person,2025-01-06,13
PYT,Centro 1,In-person,2025-01-06,13
SEG,Centro 4,In-person,2025-01-06,13
EXC,Centro 4,In-person,2025-01-06,12
HOT,Centro 1,In-person,2025-01-06,12
LID,Centro 1,In-person,2025-01-06,12
SST,Centro 3,In-person,2025-01-06,12
PRI,Centro 1,In-person,2025-01-06,11
CYB,Centro 4,Hybrid,2025-01-06,10
GES,Centro 4,Hybrid,2025-01-06,10
EMP,Centro 1,In-person,2025-01-06,9
FOR,Centro 1,Hybrid,2025-01-06,9
HCP,Centro 3,In-person,2025-01-06,9
ING,Centro 2,Online,2025-01-06,9
LID,Centro 1,Online,2025-01-06,9
MNT,Centro 1,In-person,2025-01-06,9
PBI,Centro 4,Online,2025-01-06,9
PYT,Centro 2,Online,2025-01-06,9
PYT,Centro 4,In-person,2025-01-06,9
SOC,Centro 5,Hybrid,2025-01-06,9
FOR,Centro 2,Online,2025-01-06,8
HOT,Centro 5,In-person,2025-01-06,8
EMP,Centro 5,In-person,2025-01-06,7
GER,Centro 5,Hybrid,2025-01-06,7
HCP,Centro 5,In-person,2025-01-06,7
HOT,Centro 5,Hybrid,2025-01-06,7
PYT,Centro 4,Online,2025-01-06,7
HCP,Centro 1,Hybrid,2025-01-06,6
LID,Centro 1,Hybrid,2025-01-06,6
SEG,Centro 5,In-person,2025-01-06,6
SST,Centro 1,Online,2025-01-06,6
SST,Centro 5,In-person,2025-01-06,6
VND,Centro 4,Online,2025-01-06,6
EMP,Centro 3,In-person,2025-01-06,5
HCP,Centro 2,Hybrid,2025-01-06,5
LID,Centro 3,Online,2025-01-06,5
PRI,Centro 4,In-person,2025-01-06,5
PYT,Centro 2,In-person,2025-01-06,5
SCI,Centro 1,In-person,2025-01-06,5
TUR,Centro 2,In-person,2025-01-06,5
TUR,Centro 4,Hybrid,2025-01-06,5
CYB,Centro 5,In-person,2025-01-06,4
PBI,Centro 5,In-person,2025-01-06,4
SEG,Centro 1,In-person,2025-01-06,4
SST,Centro 4,In-person,2025-01-06,4
EXC,Centro 5,In-person,2025-01-06,3
HCP,Centro 2,In-person,2025-01-06,3
ING,Centro 2,Hybrid,2025-01-06,3
PYT,Centro 5,Hybrid,2025-01-06,3
SEG,Centro 3,In-person,2025-01-06,3
SOC,Centro 5,In-person,2025-01-06,3
SST,Centro 1,Hybrid,2025-01-06,3
CYB,Centro 1,Online,2025-01-06,2
CYB,Centro 2,Hybrid,2025-01-06,2
FOR,Centro 2,In-person,2025-01-06,2
INF,Centro 3,In-person,2025-01-06,2
ING,Centro 4,In-person,2025-01-06,2
ING,Centro 5,Online,2025-01-06,2
LID,Centro 5,Online,2025-01-06,2
LOG,Centro 2,Hybrid,2025-01-06,2
MNT,Centro 3,In-person,2025-01-06,2
PBI,Centro 1,Online,2025-01-06,2
SCI,Centro 2,Hybrid,2025-01-06,2
SCI,Centro 2,In-person,2025-01-06,2
SCI,Centro 3,In-person,2025-01-06,2
SEG,Centro 1,Hybrid,2025-01-06,2
TUR,Centro 2,Hybrid,2025-01-06,2
VND,Centro 1,Online,2025-01-06,2
CYB,Centro 1,Hybrid,2025-01-06,1
CYB,Centro 4,Online,2025-01-06,1
EMP,Centro 4,In-person,2025-01-06,1
EXC,Centro 5,Hybrid,2025-01-06,1
FOR,Centro 5,Online,2025-01-06,1
GES,Centro 1,Hybrid,2025-01-06,1
MNT,Centro 5,In-person,2025-01-06,1
PRO,Centro 4,Online,2025-01-06,1
SCI,Centro 4,Hybrid,2025-01-06,1
SST,Centro 1,In-person,2025-01-06,1
TUR,Centro 1,In-person,2025-01-06,1
TUR,Centro 4,In-person,2025-01-06,1
FOR,Centro 3,Online,2025-01-13,41
EMP,Centro 1,In-person,2025-01-13,37
HOT,Centro 1,In-person,2025-01-13,29
SEG,Centro 4,Hybrid,2025-01-13,29
VND,Centro 4,Online,2025-01-13,29
PBI,Centro 5,In-person,2025-01-13,27
LID,Centro 5,Online,2025-01-13,25
SCI,Centro 4,Hybrid,2025-01-13,25
CYB,Centro 5,In-person,2025-01-13,24
SEG,Centro 3,Hybrid,2025-01-13,23
SOC,Centro 3,Hybrid,2025-01-13,23
GER,Centro 4,In-person,2025-01-13,22
HOT,Centro 2,In-person,2025-01-13,22
MNT,Centro 3,In-person,2025-01-13,22
GER,Centro 5,In-person,2025-01-13,21
PRO,Centro 4,Online,2025-01-13,20
SOC,Centro 2,Hybrid,2025-01-13,20
PBI,Centro 4,Online,2025-01-13,19
LOG,Centro 2,In-person,2025-01-13,18
EXC,Centro 4,Hybrid,2025-01-13,17
EXC,Centro 5,Online,2025-01-13,17
FOR,Centro 1,In-person,2025-01-13,17
ING,Centro 2,Online,2025-01-13,17
MNT,Centro 5,In-person,2025-01-13,17
PRI,Centro 3,In-person,2025-01-13,17
PRO,Centro 3,Online,2025-01-13,17
SST,Centro 5,Hybrid,2025-01-13,17
CYB,Centro 2,In-person,2025-01-13,16
ING,Centro 5,Online,2025-01-13,16
PBI,Centro 5,Hybrid,2025-01-13,16
SST,Centro 1,In-person,2025-01-13,16
ING,Centro 3,Hybrid,2025-01-13,15
PYT,Centro 2,In-person,2025-01-13,15
SCI,Centro 2,Hybrid,2025-01-13,14
PRO,Centro 5,In-person,2025-01-13,13
SEG,Centro 4,In-person,2025-01-13,13
VND,Centro 4,Hybrid,2025-01-13,13
HOT,Centro 5,Hybrid,2025-01-13,12
ING,Centro 5,Hybrid,2025-01-13,12
MNT,Centro 1,In-person,2025-01-13,12
PRI,Centro 2,Hybrid,2025-01-13,12
PYT,Centro 3,Online,2025-01-13,12
EXC,Centro 1,In-person,2025-01-13,11
INF,Centro 1,In-person,2025-01-13,11
PBI,Centro 3,Hybrid,2025-01-13,11
GER,Centro 2,In-person,2025-01-13,10
SST,Centro 2,Hybrid,2025-01-13,10
EMP,Centro 3,In-person,2025-01-13,9
SCI,Centro 5,In-person,2025-01-13,9
SOC,Centro 3,In-person,2025-01-13,9
FOR,Centro 5,Online,2025-01-13,8
GER,Centro 5,Hybrid,2025-01-13,8
PBI,Centro 2,In-person,2025-01-13,8
PRI,Centro 1,Hybrid,2025-01-13,8
PRI,Centro 1,In-person,2025-01-13,8
PYT,Centro 4,In-person,2025-01-13,8
SOC,Centro 2,In-person,2025-01-13,8
VND,Centro 1,Hybrid,2025-01-13,8
VND,Centro 2,Online,2025-01-13,8
LID,Centro 4,Hybrid,2025-01-13,7
MNT,Centro 4,In-person,2025-01-13,7
PYT,Centro 4,Online,2025-01-13,7
SEG,Centro 2,In-person,2025-01-13,7
FOR,Centro 4,Online,2025-01-13,6
GES,Centro 5,Hybrid,2025-01-13,6
HAC,Centro 1,In-person,2025-01-13,6
PBI,Centro 1,Hybrid,2025-01-13,6
PRO,Centro 1,Online,2025-01-13,6
SOC,Centro 1,In-person,2025-01-13,6
VND,Centro 1,Online,2025-01-13,6
VND,Centro 3,Online,2025-01-13,6
GER,Centro 3,In-person,2025-01-13,5
HOT,Centro 4,In-person,2025-01-13,5
ING,Centro 2,Hybrid,2025-01-13,5
PRI,Centro 4,In-person,2025-01-13,5
SOC,Centro 4,In-person,2025-01-13,5
TUR,Centro 5,In-person,2025-01-13,5
GES,Centro 3,In-person,2025-01-13,4
LOG,Centro 5,In-person,2025-01-13,4
SCI,Centro 2,In-person,2025-01-13,4
SOC,Centro 5,In-person,2025-01-13,4
VND,Centro 1,In-person,2025-01-13,4
LID,Centro 1,In-person,2025-01-13,3
LID,Centro 4,Online,2025-01-13,3
LOG,Centro 4,In-person,2025-01-13,3
PBI,Centro 4,Hybrid,2025-01-13,3
SCI,Centro 3,In-person,2025-01-13,3
SEG,Centro 5,Online,2025-01-13,3
VND,Centro 3,Hybrid,2025-01-13,3
EMP,Centro 2,In-person,2025-01-13,2
EMP,Centro 4,In-person,2025-01-13,2
EXC,Centro 2,Hybrid,2025-01-13,2
EXC,Centro 4,In-person,2025-01-13,2
FOR,Centro 2,Online,2025-01-13,2
FOR,Centro 4,Hybrid,2025-01-13,2
GES,Centro 1,Hybrid,2025-01-13,2
HAC,Centro 2,In-person,2025-01-13,2
HAC,Centro 5,Online,2025-01-13,2
LID,Centro 1,Online,2025-01-13,2
LOG,Centro 3,Hybrid,2025-01-13,2
LOG,Centro 3,In-person,2025-01-13,2
PRO,Centro 2,In-person,2025-01-13,2
PYT,Centro 2,Online,2025-01-13,2
CYB,Centro 1,Online,2025-01-13,1
CYB,Centro 1,Hybrid,2025-01-13,1
CYB,Centro 2,Hybrid,2025-01-13,1
EXC,Centro 1,Online,2025-01-13,1
FOR,Centro 1,Online,2025-01-13,1
FOR,Centro 2,Hybrid,2025-01-13,1
GER,Centro 1,Hybrid,2025-01-13,1
GER,Centro 3,Hybrid,2025-01-13,1
GES,Centro 2,Hybrid,2025-01-13,1
HAC,Centro 1,Hybrid,2025-01-13,1
PBI,Centro 2,Online,2025-01-13,1
PRI,Centro 2,In-person,2025-01-13,1
PRO,Centro 3,Hybrid,2025-01-13,1
SCI,Centro 1,Hybrid,2025-01-13,1
SCI,Centro 4,In-person,2025-01-13,1
SEG,Centro 2,Online,2025-01-13,1
TUR,Centro 1,In-person,2025-01-13,1
LOG,Centro 2,Hybrid,2025-01-20,56
EXC,Centro 1,Online,2025-01-20,38
PRI,Centro 4,In-person,2025-01-20,37
PBI,Centro 4,Online,2025-01-20,34
SEG,Centro 2,In-person,2025-01-20,30
PRI,Centro 3,In-person,2025-01-20,29
SOC,Centro 5,In-person,2025-01-20,28
CYB,Centro 1,Online,2025-01-20,27
HAC,Centro 1,Hybrid,2025-01-20,25
HOT,Centro 5,In-person,2025-01-20,25
GER,Centro 5,Hybrid,2025-01-20,24
EXC,Centro 3,Online,2025-01-20,23
EXC,Centro 4,Hybrid,2025-01-20,23
LOG,Centro 5,Hybrid,2025-01-20,23
MNT,Centro 1,In-person,2025-01-20,23
VND,Centro 1,Online,2025-01-20,23
SEG,Centro 2,Online,2025-01-20,22
PYT,Centro 1,Online,2025-01-20,21
EXC,Centro 5,In-person,2025-01-20,20
LID,Centro 3,Online,2025-01-20,20
PRO,Centro 1,Online,2025-01-20,20
TUR,Centro 4,In-person,2025-01-20,20
HAC,Centro 2,Online,2025-01-20,19
EXC,Centro 5,Hybrid,2025-01-20,18
PRO,Centro 2,Hybrid,2025-01-20,18
PYT,Centro 1,In-person,2025-01-20,18
VND,Centro 3,Online,2025-01-20,18
FOR,Centro 4,In-person,2025-01-20,17
LOG,Centro 4,In-person,2025-01-20,16
TUR,Centro 1,In-person,2025-01-20,16
FOR,Centro 1,Hybrid,2025-01-20,15
GER,Centro 2,In-person,2025-01-20,15
LID,Centro 1,Online,2025-01-20,15
LID,Centro 4,Online,2025-01-20,15
PYT,Centro 2,Online,2025-01-20,15
SCI,Centro 2,In-person,2025-01-20,14
HAC,Centro 3,In-person,2025-01-20,13
HCP,Centro 2,Hybrid,2025-01-20,13
VND,Centro 4,Hybrid,2025-01-20,13
CYB,Centro 2,In-person,2025-01-20,12
EXC,Centro 4,In-person,2025-01-20,12
GER,Centro 4,In-person,2025-01-20,12
HOT,Centro 2,In-person,2025-01-20,12
LOG,Centro 2,In-person,2025-01-20,12
MNT,Centro 5,In-person,2025-01-20,12
SCI,Centro 4,In-person,2025-01-20,12
SEG,Centro 1,In-person,2025-01-20,12
SST,Centro 3,In-person,2025-01-20,12
FOR,Centro 5,In-person,2025-01-20,11
GER,Centro 5,In-person,2025-01-20,11
HAC,Centro 5,In-person,2025-01-20,11
INF,Centro 4,In-person,2025-01-20,11
PBI,Centro 1,Online,2025-01-20,11
PRO,Centro 2,In-person,2025-01-20,11
SCI,Centro 1,In-person,2025-01-20,11
HAC,Centro 1,In-person,2025-01-20,10
HOT,Centro 3,Hybrid,2025-01-20,10
LOG,Centro 1,Hybrid,2025-01-20,10
MNT,Centro 2,In-person,2025-01-20,10
PBI,Centro 2,In-person,2025-01-20,10
SOC,Centro 2,In-person,2025-01-20,10
EMP,Centro 1,In-person,2025-01-20,9
HAC,Centro 2,Hybrid,2025-01-20,9
HOT,Centro 1,In-person,2025-01-20,9
SEG,Centro 4,In-person,2025-01-20,9
GER,Centro 1,In-person,2025-01-20,8
PRO,Centro 5,Hybrid,2025-01-20,8
EXC,Centro 4,Online,2025-01-20,7
LID,Centro 3,In-person,2025-01-20,7
SOC,Centro 3,In-person,2025-01-20,7
SST,Centro 1,In-person,2025-01-20,7
CYB,Centro 5,In-person,2025-01-20,6
GES,Centro 4,Hybrid,2025-01-20,6
ING,Centro 2,Hybrid,2025-01-20,6
LID,Centro 4,Hybrid,2025-01-20,6
PBI,Centro 4,In-person,2025-01-20,6
PRI,Centro 1,In-person,2025-01-20,6
SCI,Centro 1,Hybrid,2025-01-20,6
CYB,Centro 4,Hybrid,2025-01-20,5
ING,Centro 4,Online,2025-01-20,5
LID,Centro 5,Hybrid,2025-01-20,5
PBI,Centro 5,Hybrid,2025-01-20,5
PRI,Centro 2,Hybrid,2025-01-20,5
PYT,Centro 4,In-person,2025-01-20,5
SST,Centro 4,Hybrid,2025-01-20,5
VND,Centro 4,Online,2025-01-20,5
CYB,Centro 3,Hybrid,2025-01-20,4
EXC,Centro 2,Hybrid,2025-01-20,4
FOR,Centro 2,Online,2025-01-20,4
FOR,Centro 2,Hybrid,2025-01-20,4
GES,Centro 2,In-person,2025-01-20,4
HCP,Centro 5,In-person,2025-01-20,4
LOG,Centro 3,In-person,2025-01-20,4
PBI,Centro 3,Hybrid,2025-01-20,4
PRO,Centro 3,Hybrid,2025-01-20,4
SEG,Centro 4,Hybrid,2025-01-20,4
TUR,Centro 3,In-person,2025-01-20,4
CYB,Centro 5,Online,2025-01-20,3
EMP,Centro 4,In-person,2025-01-20,3
EXC,Centro 3,In-person,2025-01-20,3
EXC,Centro 5,Online,2025-01-20,3
HCP,Centro 2,In-person,2025-01-20,3
MNT,Centro 4,In-person,2025-01-20,3
PBI,Centro 5,In-person,2025-01-20,3
PYT,Centro 1,Hybrid,2025-01-20,3
SCI,Centro 5,In-person,2025-01-20,3
VND,Centro 1,In-person,2025-01-20,3
FOR,Centro 1,Online,2025-01-20,2
GES,Centro 2,Hybrid,2025-01-20,2
LID,Centro 2,Hybrid,2025-01-20,2
LID,Centro 5,Online,2025-01-20,2
MNT,Centro 3,In-person,2025-01-20,2
PBI,Centro 5,Online,2025-01-20,2
PRI,Centro 1,Hybrid,2025-01-20,2
PYT,Centro 2,In-person,2025-01-20,2
SST,Centro 2,Online,2025-01-20,2
SST,Centro 5,Hybrid,2025-01-20,2
VND,Centro 3,Hybrid,2025-01-20,2
CYB,Centro 2,Hybrid,2025-01-20,1
EMP,Centro 3,In-person,2025-01-20,1
ING,Centro 5,In-person,2025-01-20,1
PRO,Centro 1,Hybrid,2025-01-20,1
PRO,Centro 2,Online,2025-01-20,1
SCI,Centro 2,Hybrid,2025-01-20,1
SCI,Centro 4,Hybrid,2025-01-20,1
SST,Centro 1,Hybrid,2025-01-20,1
VND,Centro 1,Hybrid,2025-01-20,1
PRI,Centro 3,In-person,2025-01-27,40
SEG,Centro 2,Online,2025-01-27,34
EMP,Centro 3,In-person,2025-01-27,28
SCI,Centro 5,In-person,2025-01-27,28
CYB,Centro 5,Online,2025-01-27,26
EXC,Centro 2,Online,2025-01-27,26
GES,Centro 2,In-person,2025-01-27,26
MNT,Centro 5,In-person,2025-01-27,25
HAC,Centro 2,In-person,2025-01-27,24
MNT,Centro 3,In-person,2025-01-27,24
SST,Centro 1,Online,2025-01-27,23
GER,Centro 1,Hybrid,2025-01-27,21
HAC,Centro 3,In-person,2025-01-27,21
HAC,Centro 4,Hybrid,2025-01-27,21
PRI,Centro 4,In-person,2025-01-27,21
SCI,Centro 3,In-person,2025-01-27,21
SEG,Centro 1,In-person,2025-01-27,20
CYB,Centro 1,Online,2025-01-27,19
EXC,Centro 3,Online,2025-01-27,19
LOG,Centro 1,Hybrid,2025-01-27,19
EXC,Centro 2,Hybrid,2025-01-27,18
FOR,Centro 1,Hybrid,2025-01-27,18
PBI,Centro 1,Online,2025-01-27,18
PRO,Centro 1,Online,2025-01-27,17
CYB,Centro 4,Hybrid,2025-01-27,16
ING,Centro 2,Online,2025-01-27,16
LID,Centro 2,In-person,2025-01-27,16
LID,Centro 4,In-person,2025-01-27,16
PRI,Centro 1,In-person,2025-01-27,16
GER,Centro 2,In-person,2025-01-27,15
HCP,Centro 4,In-person,2025-01-27,15
SST,Centro 4,Hybrid,2025-01-27,15
GER,Centro 3,Hybrid,2025-01-27,14
LID,Centro 3,Online,2025-01-27,14
VND,Centro 1,Online,2025-01-27,14
CYB,Centro 5,In-person,2025-01-27,13
HAC,Centro 5,Hybrid,2025-01-27,12
LID,Centro 5,In-person,2025-01-27,12
LOG,Centro 3,In-person,2025-01-27,12
EMP,Centro 1,In-person,2025-01-27,11
INF,Centro 2,Hybrid,2025-01-27,11
MNT,Centro 4,In-person,2025-01-27,11
PBI,Centro 1,Hybrid,2025-01-27,11
PBI,Centro 5,Online,2025-01-27,11
LID,Centro 1,Hybrid,2025-01-27,10
GER,Centro 4,In-person,2025-01-27,9
MNT,Centro 1,In-person,2025-01-27,9
PBI,Centro 2,In-person,2025-01-27,9
PBI,Centro 4,Online,2025-01-27,9
PYT,Centro 2,Hybrid,2025-01-27,9
EXC,Centro 5,Online,2025-01-27,8
FOR,Centro 4,Hybrid,2025-01-27,8
PRO,Centro 3,Online,2025-01-27,8
PYT,Centro 1,Hybrid,2025-01-27,8
PYT,Centro 4,Online,2025-01-27,8
FOR,Centro 2,Online,2025-01-27,7
LID,Centro 4,Online,2025-01-27,7
LOG,Centro 4,In-person,2025-01-27,7
PRI,Centro 5,In-person,2025-01-27,7
PYT,Centro 5,Hybrid,2025-01-27,7
SEG,Centro 1,Hybrid,2025-01-27,7
CYB,Centro 3,In-person,2025-01-27,6
GER,Centro 5,Hybrid,2025-01-27,6
HAC,Centro 5,Online,2025-01-27,6
HOT,Centro 2,In-person,2025-01-27,6
ING,Centro 4,In-person,2025-01-27,6
LID,Centro 3,In-person,2025-01-27,6
TUR,Centro 4,Hybrid,2025-01-27,6
FOR,Centro 4,In-person,2025-01-27,5
HAC,Centro 2,Online,2025-01-27,5
HOT,Centro 5,Hybrid,2025-01-27,5
LOG,Centro 2,In-person,2025-01-27,5
PBI,Centro 4,Hybrid,2025-01-27,5
SST,Centro 2,Hybrid,2025-01-27,5
SST,Centro 5,Online,2025-01-27,5
SST,Centro 5,In-person,2025-01-27,5
GER,Centro 1,In-person,2025-01-27,4
SCI,Centro 2,In-person,2025-01-27,4
SEG,Centro 5,Online,2025-01-27,4
SOC,Centro 2,In-person,2025-01-27,4
SST,Centro 3,In-person,2025-01-27,4
TUR,Centro 2,Hybrid,2025-01-27,4
VND,Centro 3,Hybrid,2025-01-27,4
CYB,Centro 1,Hybrid,2025-01-27,3
EXC,Centro 1,Hybrid,2025-01-27,3
EXC,Centro 4,Online,2025-01-27,3
EXC,Centro 4,Hybrid,2025-01-27,3
EXC,Centro 5,Hybrid,2025-01-27,3
LOG,Centro 1,In-person,2025-01-27,3
LOG,Centro 5,In-person,2025-01-27,3
PRI,Centro 5,Hybrid,2025-01-27,3
PRO,Centro 2,In-person,2025-01-27,3
PRO,Centro 5,Hybrid,2025-01-27,3
TUR,Centro 5,In-person,2025-01-27,3
CYB,Centro 2,In-person,2025-01-27,2
EMP,Centro 4,In-person,2025-01-27,2
FOR,Centro 5,In-person,2025-01-27,2
GES,Centro 1,Hybrid,2025-01-27,2
GES,Centro 4,Online,2025-01-27,2
HCP,Centro 2,Hybrid,2025-01-27,2
HCP,Centro 2,In-person,2025-01-27,2
HCP,Centro 3,In-person,2025-01-27,2
INF,Centro 1,Hybrid,2025-01-27,2
ING,Centro 3,Hybrid,2025-01-27,2
LOG,Centro 2,Hybrid,2025-01-27,2
LOG,Centro 3,Hybrid,2025-01-27,2
MNT,Centro 2,In-person,2025-01-27,2
PBI,Centro 5,Hybrid,2025-01-27,2
PRO,Centro 5,In-person,2025-01-27,2
PYT,Centro 2,Online,2025-01-27,2
SST,Centro 1,In-person,2025-01-27,2
EXC,Centro 1,Online,2025-01-27,1
EXC,Centro 5,In-person,2025-01-27,1
FOR,Centro 1,Online,2025-01-27,1
FOR,Centro 1,In-person,2025-01-27,1
GES,Centro 2,Hybrid,2025-01-27,1
HAC,Centro 3,Online,2025-01-27,1
HOT,Centro 4,Hybrid,2025-01-27,1
HOT,Centro 5,In-person,2025-01-27,1
LID,Centro 5,Online,2025-01-27,1
LOG,Centro 5,Hybrid,2025-01-27,1
PBI,Centro 2,Online,2025-01-27,1
PRI,Centro 2,Hybrid,2025-01-27,1
PRI,Centro 2,In-person,2025-01-27,1
SOC,Centro 3,In-person,2025-01-27,1
SST,Centro 1,Hybrid,2025-01-27,1
TUR,Centro 4,In-person,2025-01-27,1
VND,Centro 1,Hybrid,2025-01-27,1
GER,Centro 2,In-person,2025-02-03,42
PRO,Centro 1,Online,2025-02-03,38
MNT,Centro 5,In-person,2025-02-03,31
HAC,Centro 2,Online,2025-02-03,30
FOR,Centro 2,Hybrid,2025-02-03,29
GES,Centro 2,In-person,2025-02-03,27
PBI,Centro 4,Hybrid,2025-02-03,27
LOG,Centro 5,In-person,2025-02-03,26
CYB,Centro 3,Online,2025-02-03,23
ING,Centro 5,Hybrid,2025-02-03,23
SEG,Centro 2,Online,2025-02-03,23
EXC,Centro 5,Online,2025-02-03,20
GER,Centro 4,In-person,2025-02-03,20
HOT,Centro 5,Hybrid,2025-02-03,20
PRI,Centro 4,In-person,2025-02-03,20
PYT,Centro 1,Hybrid,2025-02-03,20
SOC,Centro 3,In-person,2025-02-03,20
HAC,Centro 2,Hybrid,2025-02-03,19
PRI,Centro 5,Hybrid,2025-02-03,19
CYB,Centro 4,Online,2025-02-03,18
FOR,Centro 5,Online,2025-02-03,18
HOT,Centro 1,Hybrid,2025-02-03,18
LOG,Centro 2,In-person,2025-02-03,18
FOR,Centro 5,In-person,2025-02-03,17
GER,Centro 5,In-person,2025-02-03,17
LOG,Centro 3,Hybrid,2025-02-03,17
GES,Centro 4,Hybrid,2025-02-03,16
LOG,Centro 2,Hybrid,2025-02-03,16
PRO,Centro 2,Hybrid,2025-02-03,16
PYT,Centro 4,In-person,2025-02-03,16
HCP,Centro 1,Hybrid,2025-02-03,15
PRI,Centro 3,In-person,2025-02-03,15
EMP,Centro 3,In-person,2025-02-03,14
EXC,Centro 3,In-person,2025-02-03,14
MNT,Centro 3,In-person,2025-02-03,14
PRO,Centro 2,Online,2025-02-03,14
PYT,Centro 1,Online,2025-02-03,14
GER,Centro 3,In-person,2025-02-03,13
PBI,Centro 1,Hybrid,2025-02-03,13
SCI,Centro 3,In-person,2025-02-03,13
SOC,Centro 5,Hybrid,2025-02-03,13
CYB,Centro 1,In-person,2025-02-03,12
EXC,Centro 2,Hybrid,2025-02-03,12
GES,Centro 5,Hybrid,2025-02-03,12
HOT,Centro 5,In-person,2025-02-03,11
LOG,Centro 4,In-person,2025-02-03,11
PRI,Centro 2,In-person,2025-02-03,11
SCI,Centro 1,Hybrid,2025-02-03,11
SEG,Centro 2,In-person,2025-02-03,11
CYB,Centro 5,Online,2025-02-03,10
EXC,Centro 3,Online,2025-02-03,10
FOR,Centro 1,Hybrid,2025-02-03,10
PRI,Centro 5,In-person,2025-02-03,10
SST,Centro 3,In-person,2025-02-03,10
EMP,Centro 4,In-person,2025-02-03,9
EXC,Centro 4,Hybrid,2025-02-03,9
PBI,Centro 4,Online,2025-02-03,9
PYT,Centro 3,Online,2025-02-03,9
HCP,Centro 3,Hybrid,2025-02-03,8
LID,Centro 1,Hybrid,2025-02-03,8
CYB,Centro 1,Online,2025-02-03,7
EXC,Centro 2,Online,2025-02-03,7
GER,Centro 5,Hybrid,2025-02-03,7
HCP,Centro 5,In-person,2025-02-03,7
PRI,Centro 1,In-person,2025-02-03,7
SEG,Centro 1,Hybrid,2025-02-03,7
VND,Centro 2,Hybrid,2025-02-03,7
GER,Centro 1,In-person,2025-02-03,6
GER,Centro 3,Hybrid,2025-02-03,6
INF,Centro 3,Hybrid,2025-02-03,6
ING,Centro 4,Hybrid,2025-02-03,6
PYT,Centro 4,Online,2025-02-03,6
VND,Centro 5,Online,2025-02-03,6
FOR,Centro 3,Online,2025-02-03,5
LID,Centro 1,In-person,2025-02-03,5
LOG,Centro 1,Hybrid,2025-02-03,5
PYT,Centro 2,Online,2025-02-03,5
VND,Centro 5,In-person,2025-02-03,5
CYB,Centro 2,In-person,2025-02-03,4
EXC,Centro 1,Online,2025-02-03,4
FOR,Centro 2,Online,2025-02-03,4
FOR,Centro 4,Hybrid,2025-02-03,4
HOT,Centro 2,In-person,2025-02-03,4
PBI,Centro 5,Online,2025-02-03,4
VND,Centro 2,Online,2025-02-03,4
VND,Centro 4,Online,2025-02-03,4
LID,Centro 4,Online,2025-02-03,3
LID,Centro 5,In-person,2025-02-03,3
PBI,Centro 5,In-person,2025-02-03,3
PRI,Centro 1,Hybrid,2025-02-03,3
PRI,Centro 2,Hybrid,2025-02-03,3
SCI,Centro 5,In-person,2025-02-03,3
SOC,Centro 2,Hybrid,2025-02-03,3
SST,Centro 5,Hybrid,2025-02-03,3
EXC,Centro 1,Hybrid,2025-02-03,2
HAC,Centro 3,Online,2025-02-03,2
HAC,Centro 3,In-person,2025-02-03,2
ING,Centro 5,In-person,2025-02-03,2
LOG,Centro 1,In-person,2025-02-03,2
LOG,Centro 5,Hybrid,2025-02-03,2
PBI,Centro 1,Online,2025-02-03,2
SCI,Centro 4,In-person,2025-02-03,2
SEG,Centro 1,In-person,2025-02-03,2
SST,Centro 2,In-person,2025-02-03,2
CYB,Centro 1,Hybrid,2025-02-03,1
CYB,Centro 3,In-person,2025-02-03,1
CYB,Centro 5,In-person,2025-02-03,1
EMP,Centro 1,In-person,2025-02-03,1
EXC,Centro 3,Hybrid,2025-02-03,1
EXC,Centro 4,Online,2025-02-03,1
EXC,Centro 5,Hybrid,2025-02-03,1
FOR,Centro 1,Online,2025-02-03,1
FOR,Centro 2,In-person,2025-02-03,1
HAC,Centro 2,In-person,2025-02-03,1
HAC,Centro 4,In-person,2025-02-03,1
HCP,Centro 3,In-person,2025-02-03,1
INF,Centro 4,In-person,2025-02-03,1
ING,Centro 2,Hybrid,2025-02-03,1
ING,Centro 2,In-person,2025-02-03,1
ING,Centro 4,Online,2025-02-03,1
LID,Centro 5,Online,2025-02-03,1
PBI,Centro 3,Hybrid,2025-02-03,1
PBI,Centro 3,In-person,2025-02-03,1
PBI,Centro 5,Hybrid,2025-02-03,1
SCI,Centro 2,In-person,2025-02-03,1
SEG,Centro 3,In-person,2025-02-03,1
SEG,Centro 4,Hybrid,2025-02-03,1
SST,Centro 1,In-person,2025-02-03,1
TUR,Centro 2,Hybrid,2025-02-03,1
VND,Centro 3,Hybrid,2025-02-03,1
EXC,Centro 4,Online,2025-02-10,41
LOG,Centro 4,In-person,2025-02-10,40
SEG,Centro 5,Online,2025-02-10,36
SEG,Centro 3,Online,2025-02-10,35
PRO,Centro 2,Online,2025-02-10,34
GER,Centro 4,In-person,2025-02-10,32
EXC,Centro 2,Online,2025-02-10,31
PRO,Centro 5,In-person,2025-02-10,25
PBI,Centro 4,Online,2025-02-10,24
CYB,Centro 2,In-person,2025-02-10,23
CYB,Centro 3,Online,2025-02-10,23
SST,Centro 5,Hybrid,2025-02-10,23
ING,Centro 4,Online,2025-02-10,22
LID,Centro 2,Online,2025-02-10,21
LID,Centro 4,Online,2025-02-10,21
SCI,Centro 1,Hybrid,2025-02-10,21
SCI,Centro 4,In-person,2025-02-10,21
CYB,Centro 5,In-person,2025-02-10,20
EMP,Centro 1,In-person,2025-02-10,20
FOR,Centro 4,Hybrid,2025-02-10,20
GER,Centro 5,In-person,2025-02-10,20
PBI,Centro 3,Hybrid,2025-02-10,20
PRI,Centro 3,In-person,2025-02-10,20
LID,Centro 1,Hybrid,2025-02-10,19
PRI,Centro 4,In-person,2025-02-10,19
HAC,Centro 2,In-person,2025-02-10,18
LOG,Centro 5,Hybrid,2025-02-10,18
SOC,Centro 3,In-person,2025-02-10,18
SOC,Centro 4,In-person,2025-02-10,18
CYB,Centro 4,Online,2025-02-10,17
PYT,Centro 5,Hybrid,2025-02-10,17
SST,Centro 5,In-person,2025-02-10,17
EXC,Centro 5,In-person,2025-02-10,16
SCI,Centro 3,In-person,2025-02-10,16
SST,Centro 2,In-person,2025-02-10,16
EXC,Centro 2,Hybrid,2025-02-10,15
GER,Centro 2,In-person,2025-02-10,15
FOR,Centro 5,In-person,2025-02-10,14
HAC,Centro 3,Online,2025-02-10,14
SCI,Centro 2,In-person,2025-02-10,14
VND,Centro 5,Online,2025-02-10,14
INF,Centro 4,In-person,2025-02-10,13
GER,Centro 3,Hybrid,2025-02-10,12
GES,Centro 1,In-person,2025-02-10,12
HCP,Centro 5,In-person,2025-02-10,11
HOT,Centro 2,In-person,2025-02-10,11
INF,Centro 3,In-person,2025-02-10,11
SST,Centro 4,In-person,2025-02-10,11
EXC,Centro 1,Online,2025-02-10,10
ING,Centro 3,Hybrid,2025-02-10,10
PRO,Centro 2,Hybrid,2025-02-10,10
SEG,Centro 4,In-person,2025-02-10,10
TUR,Centro 4,Hybrid,2025-02-10,10
VND,Centro 3,Hybrid,2025-02-10,10
MNT,Centro 5,In-person,2025-02-10,9
PBI,Centro 3,In-person,2025-02-10,9
PRO,Centro 1,Online,2025-02-10,9
SST,Centro 3,In-person,2025-02-10,9
VND,Centro 4,Online,2025-02-10,9
CYB,Centro 4,Hybrid,2025-02-10,8
GES,Centro 4,Hybrid,2025-02-10,8
HOT,Centro 3,In-person,2025-02-10,7
PBI,Centro 4,Hybrid,2025-02-10,7
PRO,Centro 2,In-person,2025-02-10,7
SEG,Centro 1,Hybrid,2025-02-10,7
SST,Centro 1,In-person,2025-02-10,7
HOT,Centro 5,Hybrid,2025-02-10,6
MNT,Centro 3,In-person,2025-02-10,6
PRI,Centro 5,In-person,2025-02-10,6
PRO,Centro 5,Hybrid,2025-02-10,6
VND,Centro 2,In-person,2025-02-10,6
EXC,Centro 4,Hybrid,2025-02-10,5
GER,Centro 2,Hybrid,2025-02-10,5
GES,Centro 5,Hybrid,2025-02-10,5
PBI,Centro 5,Online,2025-02-10,5
PYT,Centro 1,Hybrid,2025-02-10,5
PYT,Centro 2,Hybrid,2025-02-10,5
EMP,Centro 3,In-person,2025-02-10,4
INF,Centro 3,Hybrid,2025-02-10,4
LID,Centro 4,Hybrid,2025-02-10,4
PRI,Centro 5,Hybrid,2025-02-10,4
SOC,Centro 5,Hybrid,2025-02-10,4
SST,Centro 4,Hybrid,2025-02-10,4
VND,Centro 2,Online,2025-02-10,4
GER,Centro 1,Hybrid,2025-02-10,3
GER,Centro 3,In-person,2025-02-10,3
INF,Centro 1,In-person,2025-02-10,3
PYT,Centro 4,In-person,2025-02-10,3
CYB,Centro 2,Hybrid,2025-02-10,2
EXC,Centro 5,Online,2025-02-10,2
FOR,Centro 4,In-person,2025-02-10,2
HAC,Centro 3,In-person,2025-02-10,2
LOG,Centro 1,In-person,2025-02-10,2
PRI,Centro 2,In-person,2025-02-10,2
SEG,Centro 1,In-person,2025-02-10,2
SOC,Centro 2,In-person,2025-02-10,2
TUR,Centro 2,Hybrid,2025-02-10,2
CYB,Centro 1,Online,2025-02-10,1
CYB,Centro 5,Online,2025-02-10,1
EMP,Centro 4,In-person,2025-02-10,1
FOR,Centro 2,In-person,2025-02-10,1
GES,Centro 5,In-person,2025-02-10,1
HAC,Centro 4,In-person,2025-02-10,1
HCP,Centro 2,Hybrid,2025-02-10,1
HCP,Centro 2,In-person,2025-02-10,1
LOG,Centro 1,Hybrid,2025-02-10,1
LOG,Centro 5,In-person,2025-02-10,1
MNT,Centro 2,In-person,2025-02-10,1
PBI,Centro 2,In-person,2025-02-10,1
PBI,Centro 4,In-person,2025-02-10,1
PRI,Centro 3,Hybrid,2025-02-10,1
SEG,Centro 2,In-person,2025-02-10,1
SST,Centro 1,Hybrid,2025-02-10,1
SST,Centro 2,Online,2025-02-10,1
PRO,Centro 5,Hybrid,2025-02-17,36
LOG,Centro 1,In-person,2025-02-17,35
FOR,Centro 4,Hybrid,2025-02-17,34
PBI,Centro 4,Online,2025-02-17,33
PRI,Centro 3,In-person,2025-02-17,28
CYB,Centro 5,Online,2025-02-17,24
GER,Centro 1,Hybrid,2025-02-17,24
PBI,Centro 2,In-person,2025-02-17,24
PRO,Centro 2,Hybrid,2025-02-17,24
HOT,Centro 4,Hybrid,2025-02-17,23
MNT,Centro 5,In-person,2025-02-17,23
PYT,Centro 1,Online,2025-02-17,23
EMP,Centro 4,In-person,2025-02-17,22
ING,Centro 2,Hybrid,2025-02-17,22
LID,Centro 4,Online,2025-02-17,21
CYB,Centro 1,Online,2025-02-17,20
PRO,Centro 3,Online,2025-02-17,20
SOC,Centro 5,Hybrid,2025-02-17,20
SST,Centro 1,Hybrid,2025-02-17,20
SST,Centro 5,In-person,2025-02-17,20
SST,Centro 5,Online,2025-02-17,19
ING,Centro 5,In-person,2025-02-17,18
PRI,Centro 3,Hybrid,2025-02-17,18
SCI,Centro 1,Hybrid,2025-02-17,18
SEG,Centro 3,In-person,2025-02-17,18
SEG,Centro 5,Online,2025-02-17,18
SST,Centro 1,In-person,2025-02-17,18
SST,Centro 3,In-person,2025-02-17,18
TUR,Centro 4,In-person,2025-02-17,18
GES,Centro 4,Online,2025-02-17,17
INF,Centro 3,In-person,2025-02-17,17
ING,Centro 2,In-person,2025-02-17,17
LOG,Centro 3,Hybrid,2025-02-17,17
PBI,Centro 1,Online,2025-02-17,17
PBI,Centro 4,In-person,2025-02-17,17
PRI,Centro 4,In-person,2025-02-17,17
EXC,Centro 5,Online,2025-02-17,16
PBI,Centro 2,Online,2025-02-17,16
SEG,Centro 2,Online,2025-02-17,16
SEG,Centro 4,Hybrid,2025-02-17,16
CYB,Centro 2,Hybrid,2025-02-17,15
GER,Centro 2,Hybrid,2025-02-17,15
HOT,Centro 5,In-person,2025-02-17,15
SOC,Centro 3,In-person,2025-02-17,15
VND,Centro 2,Online,2025-02-17,15
GER,Centro 2,In-person,2025-02-17,14
PRO,Centro 3,In-person,2025-02-17,14
HCP,Centro 5,In-person,2025-02-17,13
LOG,Centro 1,Hybrid,2025-02-17,13
MNT,Centro 1,In-person,2025-02-17,13
PRO,Centro 2,Online,2025-02-17,13
PYT,Centro 1,Hybrid,2025-02-17,13
PYT,Centro 2,Hybrid,2025-02-17,13
PYT,Centro 2,In-person,2025-02-17,13
FOR,Centro 1,Hybrid,2025-02-17,12
GER,Centro 3,In-person,2025-02-17,12
HOT,Centro 1,In-person,2025-02-17,12
SST,Centro 2,In-person,2025-02-17,12
FOR,Centro 5,Online,2025-02-17,11
GER,Centro 1,In-person,2025-02-17,11
HAC,Centro 4,In-person,2025-02-17,11
INF,Centro 4,In-person,2025-02-17,11
EXC,Centro 3,Online,2025-02-17,10
HCP,Centro 1,In-person,2025-02-17,10
LOG,Centro 2,In-person,2025-02-17,10
TUR,Centro 2,Hybrid,2025-02-17,10
HAC,Centro 3,Online,2025-02-17,9
EXC,Centro 2,Hybrid,2025-02-17,8
PRO,Centro 1,Online,2025-02-17,8
EMP,Centro 1,In-person,2025-02-17,7
EXC,Centro 1,Hybrid,2025-02-17,7
EXC,Centro 4,Online,2025-02-17,7
EXC,Centro 4,Hybrid,2025-02-17,7
PBI,Centro 4,Hybrid,2025-02-17,7
CYB,Centro 5,In-person,2025-02-17,6
GER,Centro 4,In-person,2025-02-17,6
LID,Centro 5,Hybrid,2025-02-17,6
PBI,Centro 1,Hybrid,2025-02-17,6
PBI,Centro 5,Online,2025-02-17,6
PYT,Centro 1,In-person,2025-02-17,6
PYT,Centro 2,Online,2025-02-17,6
INF,Centro 1,In-person,2025-02-17,5
ING,Centro 4,Online,2025-02-17,5
PBI,Centro 1,In-person,2025-02-17,5
PRI,Centro 5,In-person,2025-02-17,5
SOC,Centro 5,In-person,2025-02-17,5
VND,Centro 5,In-person,2025-02-17,5
GES,Centro 1,In-person,2025-02-17,4
GES,Centro 2,In-person,2025-02-17,4
HCP,Centro 1,Hybrid,2025-02-17,4
HOT,Centro 2,In-person,2025-02-17,4
LID,Centro 4,Hybrid,2025-02-17,4
PYT,Centro 4,In-person,2025-02-17,4
SEG,Centro 3,Hybrid,2025-02-17,4
EMP,Centro 3,In-person,2025-02-17,3
EXC,Centro 5,Hybrid,2025-02-17,3
FOR,Centro 2,In-person,2025-02-17,3
LOG,Centro 4,Hybrid,2025-02-17,3
SCI,Centro 2,In-person,2025-02-17,3
SEG,Centro 2,In-person,2025-02-17,3
VND,Centro 1,Hybrid,2025-02-17,3
CYB,Centro 4,Online,2025-02-17,2
FOR,Centro 1,Online,2025-02-17,2
HAC,Centro 4,Hybrid,2025-02-17,2
ING,Centro 2,Online,2025-02-17,2
PYT,Centro 3,Online,2025-02-17,2
SEG,Centro 5,In-person,2025-02-17,2
SST,Centro 4,In-person,2025-02-17,2
CYB,Centro 2,In-person,2025-02-17,1
EMP,Centro 5,In-person,2025-02-17,1
EXC,Centro 3,In-person,2025-02-17,1
EXC,Centro 4,In-person,2025-02-17,1
GER,Centro 3,Hybrid,2025-02-17,1
GER,Centro 4,Hybrid,2025-02-17,1
GER,Centro 5,In-person,2025-02-17,1
HAC,Centro 5,Online,2025-02-17,1
HOT,Centro 5,Hybrid,2025-02-17,1
ING,Centro 5,Hybrid,2025-02-17,1
LID,Centro 1,Hybrid,2025-02-17,1
LID,Centro 2,Online,2025-02-17,1
LOG,Centro 2,Hybrid,2025-02-17,1
LOG,Centro 3,In-person,2025-02-17,1
LOG,Centro 4,In-person,2025-02-17,1
PRO,Centro 5,In-person,2025-02-17,1
SCI,Centro 1,In-person,2025-02-17,1
SCI,Centro 3,In-person,2025-02-17,1
SCI,Centro 4,In-person,2025-02-17,1
SEG,Centro 1,In-person,2025-02-17,1
HCP,Centro 2,In-person,2025-02-24,45
SOC,Centro 3,In-person,2025-02-24,40
LOG,Centro 2,Hybrid,2025-02-24,39
PBI,Centro 4,Online,2025-02-24,38
GER,Centro 2,In-person,2025-02-24,36
EXC,Centro 4,Hybrid,2025-02-24,34
LID,Centro 4,Hybrid,2025-02-24,34
LOG,Centro 5,Hybrid,2025-02-24,34
PBI,Centro 2,Online,2025-02-24,34
CYB,Centro 2,In-person,2025-02-24,28
FOR,Centro 4,Hybrid,2025-02-24,27
CYB,Centro 4,Online,2025-02-24,24
CYB,Centro 1,In-person,2025-02-24,23
EXC,Centro 2,Hybrid,2025-02-24,23
VND,Centro 2,Online,2025-02-24,23
LOG,Centro 4,In-person,2025-02-24,21
PBI,Centro 4,Hybrid,2025-02-24,21
HCP,Centro 5,In-person,2025-02-24,19
PBI,Centro 5,Hybrid,2025-02-24,19
GES,Centro 4,Online,2025-02-24,18
SCI,Centro 1,In-person,2025-02-24,18
SCI,Centro 4,In-person,2025-02-24,18
HAC,Centro 5,In-person,2025-02-24,16
HOT,Centro 4,In-person,2025-02-24,16
SEG,Centro 2,In-person,2025-02-24,16
EXC,Centro 4,In-person,2025-02-24,15
HAC,Centro 5,Hybrid,2025-02-24,15
MNT,Centro 3,In-person,2025-02-24,15
MNT,Centro 5,In-person,2025-02-24,15
INF,Centro 3,In-person,2025-02-24,14
PRI,Centro 4,In-person,2025-02-24,14
PYT,Centro 1,Hybrid,2025-02-24,14
HAC,Centro 1,Hybrid,2025-02-24,13
HOT,Centro 5,In-person,2025-02-24,13
LOG,Centro 2,In-person,2025-02-24,13
PRO,Centro 3,Online,2025-02-24,13
TUR,Centro 5,In-person,2025-02-24,13
HOT,Centro 2,In-person,2025-02-24,12
CYB,Centro 1,Hybrid,2025-02-24,11
EMP,Centro 1,In-person,2025-02-24,11
EMP,Centro 3,In-person,2025-02-24,11
INF,Centro 2,In-person,2025-02-24,11
PYT,Centro 1,Online,2025-02-24,11
FOR,Centro 2,In-person,2025-02-24,10
GER,Centro 4,In-person,2025-02-24,10
INF,Centro 1,Hybrid,2025-02-24,10
PBI,Centro 4,In-person,2025-02-24,10
PRO,Centro 4,Hybrid,2025-02-24,10
PYT,Centro 4,Online,2025-02-24,10
SEG,Centro 2,Hybrid,2025-02-24,10
SEG,Centro 5,In-person,2025-02-24,10
LOG,Centro 5,In-person,2025-02-24,9
PRI,Centro 3,Hybrid,2025-02-24,9
CYB,Centro 2,Hybrid,2025-02-24,8
HOT,Centro 3,Hybrid,2025-02-24,8
LID,Centro 2,In-person,2025-02-24,8
PBI,Centro 1,Hybrid,2025-02-24,8
PBI,Centro 5,Online,2025-02-24,8
VND,Centro 2,Hybrid,2025-02-24,8
EMP,Centro 5,In-person,2025-02-24,7
EXC,Centro 5,In-person,2025-02-24,7
GER,Centro 3,Hybrid,2025-02-24,7
HAC,Centro 4,In-person,2025-02-24,7
LOG,Centro 3,Hybrid,2025-02-24,7
MNT,Centro 1,In-person,2025-02-24,7
SCI,Centro 1,Hybrid,2025-02-24,7
SCI,Centro 5,In-person,2025-02-24,7
SST,Centro 1,Hybrid,2025-02-24,7
CYB,Centro 3,Online,2025-02-24,6
FOR,Centro 2,Online,2025-02-24,6
GER,Centro 3,In-person,2025-02-24,6
MNT,Centro 2,In-person,2025-02-24,6
PBI,Centro 2,Hybrid,2025-02-24,6
PBI,Centro 2,In-person,2025-02-24,6
PRI,Centro 5,In-person,2025-02-24,6
PRO,Centro 1,Online,2025-02-24,6
SCI,Centro 2,In-person,2025-02-24,6
GES,Centro 2,In-person,2025-02-24,5
LOG,Centro 4,Hybrid,2025-02-24,5
SEG,Centro 4,Hybrid,2025-02-24,5
SST,Centro 3,In-person,2025-02-24,5
HOT,Centro 3,In-person,2025-02-24,4
HOT,Centro 5,Hybrid,2025-02-24,4
ING,Centro 2,In-person,2025-02-24,4
PRI,Centro 1,Hybrid,2025-02-24,4
SEG,Centro 1,Hybrid,2025-02-24,4
SEG,Centro 4,Online,2025-02-24,4
EXC,Centro 4,Online,2025-02-24,3
EXC,Centro 5,Hybrid,2025-02-24,3
GER,Centro 4,Hybrid,2025-02-24,3
HCP,Centro 1,In-person,2025-02-24,3
PBI,Centro 3,Hybrid,2025-02-24,3
PRI,Centro 3,In-person,2025-02-24,3
PRO,Centro 2,In-person,2025-02-24,3
EXC,Centro 1,Online,2025-02-24,2
EXC,Centro 3,Online,2025-02-24,2
HAC,Centro 3,Online,2025-02-24,2
HAC,Centro 3,In-person,2025-02-24,2
HCP,Centro 5,Hybrid,2025-02-24,2
INF,Centro 4,In-person,2025-02-24,2
LID,Centro 5,In-person,2025-02-24,2
PYT,Centro 4,In-person,2025-02-24,2
SEG,Centro 3,Hybrid,2025-02-24,2
SOC,Centro 4,Hybrid,2025-02-24,2
SST,Centro 1,In-person,2025-02-24,2
CYB,Centro 3,Hybrid,2025-02-24,1
EMP,Centro 4,In-person,2025-02-24,1
EXC,Centro 1,Hybrid,2025-02-24,1
EXC,Centro 2,Online,2025-02-24,1
GER,Centro 1,Hybrid,2025-02-24,1
ING,Centro 3,Hybrid,2025-02-24,1
ING,Centro 3,In-person,2025-02-24,1
ING,Centro 5,Hybrid,2025-02-24,1
LID,Centro 4,Online,2025-02-24,1
LOG,Centro 1,In-person,2025-02-24,1
PRI,Centro 1,In-person,2025-02-24,1
SEG,Centro 1,In-person,2025-02-24,1
SST,Centro 2,Online,2025-02-24,1
SST,Centro 2,In-person,2025-02-24,1
SST,Centro 4,Hybrid,2025-02-24,1
PBI,Centro 1,Online,2025-03-03,67
LOG,Centro 3,In-person,2025-03-03,32
PRI,Centro 3,In-person,2025-03-03,32
HAC,Centro 5,In-person,2025-03-03,28
ING,Centro 4,Online,2025-03-03,26
SEG,Centro 1,In-person,2025-03-03,25
CYB,Centro 5,Online,2025-03-03,23
HAC,Centro 3,Hybrid,2025-03-03,23
ING,Centro 5,In-person,2025-03-03,23
MNT,Centro 3,In-person,2025-03-03,23
CYB,Centro 3,Online,2025-03-03,22
FOR,Centro 5,Online,2025-03-03,22
PBI,Centro 5,Online,2025-03-03,21
GER,Centro 2,In-person,2025-03-03,20
PYT,Centro 3,Online,2025-03-03,20
HCP,Centro 1,In-person,2025-03-03,19
LID,Centro 3,Hybrid,2025-03-03,19
SEG,Centro 4,Hybrid,2025-03-03,19
EXC,Centro 2,Online,2025-03-03,18
INF,Centro 3,In-person,2025-03-03,18
LOG,Centro 4,In-person,2025-03-03,18
LOG,Centro 5,Hybrid,2025-03-03,18
PBI,Centro 3,In-person,2025-03-03,18
SST,Centro 2,In-person,2025-03-03,18
LID,Centro 5,Hybrid,2025-03-03,17
PBI,Centro 3,Online,2025-03-03,17
SST,Centro 1,In-person,2025-03-03,17
VND,Centro 1,Hybrid,2025-03-03,17
GER,Centro 2,Hybrid,2025-03-03,16
ING,Centro 3,In-person,2025-03-03,16
PRO,Centro 2,Online,2025-03-03,16
SCI,Centro 1,In-person,2025-03-03,16
LID,Centro 3,Online,2025-03-03,15
SEG,Centro 5,In-person,2025-03-03,15
SOC,Centro 2,In-person,2025-03-03,15
SOC,Centro 3,In-person,2025-03-03,15
EMP,Centro 3,In-person,2025-03-03,14
FOR,Centro 1,Hybrid,2025-03-03,14
HAC,Centro 4,Hybrid,2025-03-03,14
LOG,Centro 1,Hybrid,2025-03-03,14
PRO,Centro 2,Hybrid,2025-03-03,14
GER,Centro 5,Hybrid,2025-03-03,13
MNT,Centro 5,In-person,2025-03-03,13
PRO,Centro 2,In-person,2025-03-03,13
PRO,Centro 4,Hybrid,2025-03-03,13
GER,Centro 1,In-person,2025-03-03,12
GER,Centro 4,In-person,2025-03-03,12
GES,Centro 4,Online,2025-03-03,12
SOC,Centro 1,In-person,2025-03-03,12
SOC,Centro 5,In-person,2025-03-03,12
SST,Centro 5,Hybrid,2025-03-03,12
TUR,Centro 2,Hybrid,2025-03-03,12
INF,Centro 4,In-person,2025-03-03,11
LOG,Centro 5,In-person,2025-03-03,11
PBI,Centro 4,Online,2025-03-03,11
SEG,Centro 3,Hybrid,2025-03-03,11
SST,Centro 5,Online,2025-03-03,11
ING,Centro 3,Hybrid,2025-03-03,10
SCI,Centro 5,Hybrid,2025-03-03,10
EXC,Centro 3,Online,2025-03-03,9
EXC,Centro 5,In-person,2025-03-03,9
LOG,Centro 2,In-person,2025-03-03,9
LID,Centro 4,Hybrid,2025-03-03,8
SCI,Centro 1,Hybrid,2025-03-03,8
TUR,Centro 4,In-person,2025-03-03,8
PBI,Centro 1,Hybrid,2025-03-03,7
PRO,Centro 3,Online,2025-03-03,7
PYT,Centro 3,In-person,2025-03-03,7
GES,Centro 5,Online,2025-03-03,6
LOG,Centro 1,In-person,2025-03-03,6
SST,Centro 1,Online,2025-03-03,6
EMP,Centro 1,In-person,2025-03-03,5
EXC,Centro 4,Hybrid,2025-03-03,5
HAC,Centro 3,Online,2025-03-03,5
PBI,Centro 4,Hybrid,2025-03-03,5
SCI,Centro 5,In-person,2025-03-03,5
EMP,Centro 5,In-person,2025-03-03,4
LOG,Centro 2,Hybrid,2025-03-03,4
SEG,Centro 4,Online,2025-03-03,4
EXC,Centro 4,Online,2025-03-03,3
EXC,Centro 5,Online,2025-03-03,3
HAC,Centro 5,Hybrid,2025-03-03,3
HCP,Centro 3,Hybrid,2025-03-03,3
HOT,Centro 3,In-person,2025-03-03,3
LID,Centro 1,Hybrid,2025-03-03,3
PRI,Centro 2,In-person,2025-03-03,3
PYT,Centro 2,Hybrid,2025-03-03,3
PYT,Centro 4,Online,2025-03-03,3
SEG,Centro 2,In-person,2025-03-03,3
SST,Centro 2,Hybrid,2025-03-03,3
VND,Centro 2,Hybrid,2025-03-03,3
VND,Centro 5,In-person,2025-03-03,3
CYB,Centro 1,Online,2025-03-03,2
CYB,Centro 1,In-person,2025-03-03,2
CYB,Centro 2,Online,2025-03-03,2
EXC,Centro 1,Online,2025-03-03,2
EXC,Centro 3,In-person,2025-03-03,2
FOR,Centro 1,Online,2025-03-03,2
HOT,Centro 1,In-person,2025-03-03,2
HOT,Centro 5,Hybrid,2025-03-03,2
MNT,Centro 1,In-person,2025-03-03,2
PBI,Centro 2,In-person,2025-03-03,2
PRI,Centro 3,Hybrid,2025-03-03,2
PRO,Centro 1,Online,2025-03-03,2
PRO,Centro 5,Hybrid,2025-03-03,2
PYT,Centro 4,In-person,2025-03-03,2
PYT,Centro 5,Hybrid,2025-03-03,2
SST,Centro 1,Hybrid,2025-03-03,2
EXC,Centro 3,Hybrid,2025-03-03,1
FOR,Centro 2,Online,2025-03-03,1
FOR,Centro 4,Hybrid,2025-03-03,1
GER,Centro 5,In-person,2025-03-03,1
GES,Centro 5,In-person,2025-03-03,1
HCP,Centro 2,In-person,2025-03-03,1
HCP,Centro 5,Hybrid,2025-03-03,1
HCP,Centro 5,In-person,2025-03-03,1
HOT,Centro 1,Hybrid,2025-03-03,1
HOT,Centro 4,Hybrid,2025-03-03,1
INF,Centro 1,In-person,2025-03-03,1
ING,Centro 2,Hybrid,2025-03-03,1
ING,Centro 2,In-person,2025-03-03,1
LOG,Centro 3,Hybrid,2025-03-03,1
LOG,Centro 4,Hybrid,2025-03-03,1
PBI,Centro 4,In-person,2025-03-03,1
PRO,Centro 5,In-person,2025-03-03,1
PYT,Centro 1,Hybrid,2025-03-03,1
PYT,Centro 2,In-person,2025-03-03,1
SEG,Centro 3,Online,2025-03-03,1
SOC,Centro 4,In-person,2025-03-03,1
SST,Centro 2,Online,2025-03-03,1
SST,Centro 4,In-person,2025-03-03,1
TUR,Centro 1,Hybrid,2025-03-03,1
VND,Centro 4,Hybrid,2025-03-03,1
EMP,Centro 1,In-person,2025-03-10,26
SEG,Centro 4,Online,2025-03-10,26
PBI,Centro 2,Online,2025-03-10,25
HAC,Centro 3,In-person,2025-03-10,23
LID,Centro 5,In-person,2025-03-10,23
SST,Centro 2,Hybrid,2025-03-10,23
PYT,Centro 5,Online,2025-03-10,22
MNT,Centro 4,In-person,2025-03-10,21
SCI,Centro 1,Hybrid,2025-03-10,21
HOT,Centro 1,Hybrid,2025-03-10,19
ING,Centro 4,Hybrid,2025-03-10,19
LID,Centro 3,In-person,2025-03-10,19
SEG,Centro 3,In-person,2025-03-10,19
SST,Centro 3,In-person,2025-03-10,19
CYB,Centro 2,Hybrid,2025-03-10,18
HOT,Centro 5,Hybrid,2025-03-10,18
MNT,Centro 3,In-person,2025-03-10,18
EXC,Centro 2,Hybrid,2025-03-10,17
ING,Centro 3,Hybrid,2025-03-10,17
LOG,Centro 1,In-person,2025-03-10,17
SST,Centro 3,Hybrid,2025-03-10,17
SST,Centro 4,Online,2025-03-10,17
VND,Centro 4,Hybrid,2025-03-10,17
EXC,Centro 2,Online,2025-03-10,16
SEG,Centro 2,Hybrid,2025-03-10,16
PYT,Centro 5,Hybrid,2025-03-10,15
HAC,Centro 2,In-person,2025-03-10,14
HCP,Centro 2,In-person,2025-03-10,14
PRI,Centro 3,In-person,2025-03-10,14
TUR,Centro 5,In-person,2025-03-10,14
CYB,Centro 5,Online,2025-03-10,13
EMP,Centro 5,In-person,2025-03-10,13
FOR,Centro 1,Online,2025-03-10,13
GER,Centro 4,Hybrid,2025-03-10,13
GER,Centro 5,Hybrid,2025-03-10,13
HCP,Centro 5,Hybrid,2025-03-10,13
HOT,Centro 3,In-person,2025-03-10,13
PRI,Centro 2,In-person,2025-03-10,13
MNT,Centro 5,In-person,2025-03-10,12
PBI,Centro 3,In-person,2025-03-10,12
PRI,Centro 5,Hybrid,2025-03-10,12
PRO,Centro 3,Hybrid,2025-03-10,12
SOC,Centro 5,In-person,2025-03-10,12
CYB,Centro 1,Hybrid,2025-03-10,11
GES,Centro 1,In-person,2025-03-10,11
HCP,Centro 1,In-person,2025-03-10,11
SST,Centro 1,Hybrid,2025-03-10,11
SST,Centro 4,In-person,2025-03-10,11
SST,Centro 5,Online,2025-03-10,11
HAC,Centro 3,Online,2025-03-10,10
INF,Centro 3,Hybrid,2025-03-10,10
PRO,Centro 5,Hybrid,2025-03-10,10
SCI,Centro 5,In-person,2025-03-10,10
VND,Centro 4,In-person,2025-03-10,10
GER,Centro 3,Hybrid,2025-03-10,9
PRO,Centro 3,Online,2025-03-10,9
CYB,Centro 4,In-person,2025-03-10,8
EMP,Centro 4,In-person,2025-03-10,8
GES,Centro 5,In-person,2025-03-10,8
SEG,Centro 1,In-person,2025-03-10,8
CYB,Centro 4,Online,2025-03-10,7
GER,Centro 2,Hybrid,2025-03-10,7
HOT,Centro 5,In-person,2025-03-10,7
LOG,Centro 5,Hybrid,2025-03-10,7
PBI,Centro 4,Hybrid,2025-03-10,7
PYT,Centro 1,Online,2025-03-10,7
SEG,Centro 4,Hybrid,2025-03-10,7
HCP,Centro 2,Hybrid,2025-03-10,6
LID,Centro 1,Hybrid,2025-03-10,6
PRI,Centro 3,Hybrid,2025-03-10,6
PRO,Centro 5,In-person,2025-03-10,6
PYT,Centro 4,Online,2025-03-10,6
PRO,Centro 2,Online,2025-03-10,5
TUR,Centro 1,Hybrid,2025-03-10,5
VND,Centro 5,Online,2025-03-10,5
HOT,Centro 4,In-person,2025-03-10,4
PRO,Centro 2,In-person,2025-03-10,4
SEG,Centro 4,In-person,2025-03-10,4
SEG,Centro 5,In-person,2025-03-10,4
TUR,Centro 3,In-person,2025-03-10,4
FOR,Centro 4,Hybrid,2025-03-10,3
GER,Centro 2,In-person,2025-03-10,3
INF,Centro 1,Hybrid,2025-03-10,3
INF,Centro 4,Hybrid,2025-03-10,3
ING,Centro 5,Hybrid,2025-03-10,3
LOG,Centro 4,Hybrid,2025-03-10,3
PBI,Centro 2,Hybrid,2025-03-10,3
PBI,Centro 4,Online,2025-03-10,3
PRI,Centro 1,In-person,2025-03-10,3
CYB,Centro 4,Hybrid,2025-03-10,2
EXC,Centro 4,Hybrid,2025-03-10,2
GER,Centro 5,In-person,2025-03-10,2
GES,Centro 4,In-person,2025-03-10,2
HAC,Centro 3,Hybrid,2025-03-10,2
ING,Centro 5,In-person,2025-03-10,2
LOG,Centro 1,Hybrid,2025-03-10,2
PBI,Centro 1,Online,2025-03-10,2
PRO,Centro 1,In-person,2025-03-10,2
PRO,Centro 3,In-person,2025-03-10,2
PYT,Centro 2,Hybrid,2025-03-10,2
SCI,Centro 1,In-person,2025-03-10,2
SCI,Centro 3,In-person,2025-03-10,2
SCI,Centro 4,In-person,2025-03-10,2
SEG,Centro 3,Hybrid,2025-03-10,2
SOC,Centro 4,Hybrid,2025-03-10,2
SST,Centro 1,In-person,2025-03-10,2
SST,Centro 5,In-person,2025-03-10,2
CYB,Centro 1,Online,2025-03-10,1
CYB,Centro 3,In-person,2025-03-10,1
EMP,Centro 2,In-person,2025-03-10,1
EMP,Centro 3,In-person,2025-03-10,1
FOR,Centro 2,Online,2025-03-10,1
GES,Centro 4,Hybrid,2025-03-10,1
LID,Centro 2,Online,2025-03-10,1
LOG,Centro 5,In-person,2025-03-10,1
MNT,Centro 1,In-person,2025-03-10,1
PBI,Centro 1,Hybrid,2025-03-10,1
PBI,Centro 2,In-person,2025-03-10,1
PBI,Centro 5,Online,2025-03-10,1
PRI,Centro 1,Hybrid,2025-03-10,1
PRO,Centro 4,In-person,2025-03-10,1
PYT,Centro 1,Hybrid,2025-03-10,1
PYT,Centro 4,In-person,2025-03-10,1
SCI,Centro 2,Hybrid,2025-03-10,1
SEG,Centro 2,Online,2025-03-10,1
SOC,Centro 2,In-person,2025-03-10,1
VND,Centro 1,Online,2025-03-10,1
PBI,Centro 4,Hybrid,2025-03-17,40
PRI,Centro 1,In-person,2025-03-17,40
HAC,Centro 5,In-person,2025-03-17,35
LOG,Centro 5,Hybrid,2025-03-17,35
GER,Centro 4,In-person,2025-03-17,33
PYT,Centro 1,Online,2025-03-17,33
SST,Centro 1,Hybrid,2025-03-17,30
MNT,Centro 1,In-person,2025-03-17,27
HOT,Centro 5,Hybrid,2025-03-17,26
SCI,Centro 1,In-person,2025-03-17,25
PYT,Centro 2,Hybrid,2025-03-17,23
CYB,Centro 3,Hybrid,2025-03-17,22
PBI,Centro 5,Online,2025-03-17,22
PBI,Centro 4,Online,2025-03-17,21
LOG,Centro 4,Hybrid,2025-03-17,20
SEG,Centro 5,Online,2025-03-17,20
EXC,Centro 3,In-person,2025-03-17,18
FOR,Centro 4,Hybrid,2025-03-17,18
HAC,Centro 3,Online,2025-03-17,18
SOC,Centro 3,Hybrid,2025-03-17,18
SST,Centro 1,In-person,2025-03-17,18
GER,Centro 3,Hybrid,2025-03-17,17
PBI,Centro 4,In-person,2025-03-17,17
SEG,Centro 1,In-person,2025-03-17,17
GER,Centro 3,In-person,2025-03-17,16
HCP,Centro 2,In-person,2025-03-17,16
HOT,Centro 2,In-person,2025-03-17,16
PBI,Centro 1,Online,2025-03-17,16
SCI,Centro 4,Hybrid,2025-03-17,16
PBI,Centro 2,In-person,2025-03-17,15
PYT,Centro 5,Hybrid,2025-03-17,15
CYB,Centro 2,Hybrid,2025-03-17,14
MNT,Centro 2,In-person,2025-03-17,14
INF,Centro 2,Hybrid,2025-03-17,13
PBI,Centro 1,Hybrid,2025-03-17,13
PRO,Centro 2,Online,2025-03-17,13
VND,Centro 4,Hybrid,2025-03-17,13
HCP,Centro 1,Hybrid,2025-03-17,12
ING,Centro 3,In-person,2025-03-17,12
LOG,Centro 2,In-person,2025-03-17,12
PRO,Centro 4,Online,2025-03-17,12
FOR,Centro 1,Online,2025-03-17,11
FOR,Centro 2,Online,2025-03-17,11
GES,Centro 5,In-person,2025-03-17,11
LID,Centro 1,Hybrid,2025-03-17,11
PRI,Centro 3,Hybrid,2025-03-17,11
PRO,Centro 1,In-person,2025-03-17,11
SEG,Centro 3,In-person,2025-03-17,11
VND,Centro 2,Online,2025-03-17,11
EMP,Centro 3,In-person,2025-03-17,10
PBI,Centro 2,Online,2025-03-17,10
SEG,Centro 2,Hybrid,2025-03-17,10
SST,Centro 3,In-person,2025-03-17,10
EMP,Centro 1,In-person,2025-03-17,9
EMP,Centro 4,In-person,2025-03-17,9
FOR,Centro 1,Hybrid,2025-03-17,9
GER,Centro 2,In-person,2025-03-17,9
HCP,Centro 5,In-person,2025-03-17,9
PBI,Centro 3,In-person,2025-03-17,9
PRO,Centro 5,Hybrid,2025-03-17,9
SEG,Centro 2,In-person,2025-03-17,9
SEG,Centro 5,In-person,2025-03-17,9
LOG,Centro 4,In-person,2025-03-17,8
MNT,Centro 3,In-person,2025-03-17,8
PRI,Centro 1,Hybrid,2025-03-17,8
PRO,Centro 5,In-person,2025-03-17,8
HCP,Centro 1,In-person,2025-03-17,7
HCP,Centro 3,Hybrid,2025-03-17,7
HOT,Centro 4,In-person,2025-03-17,7
MNT,Centro 5,In-person,2025-03-17,7
SEG,Centro 1,Hybrid,2025-03-17,7
SEG,Centro 3,Hybrid,2025-03-17,7
SEG,Centro 4,In-person,2025-03-17,7
EMP,Centro 5,In-person,2025-03-17,6
EXC,Centro 2,Hybrid,2025-03-17,6
EXC,Centro 4,Online,2025-03-17,6
HCP,Centro 4,In-person,2025-03-17,6
HOT,Centro 5,In-person,2025-03-17,6
LOG,Centro 1,In-person,2025-03-17,6
PBI,Centro 5,Hybrid,2025-03-17,6
PRO,Centro 3,In-person,2025-03-17,6
SCI,Centro 3,In-person,2025-03-17,6
TUR,Centro 4,In-person,2025-03-17,6
VND,Centro 2,Hybrid,2025-03-17,6
GES,Centro 1,In-person,2025-03-17,5
SCI,Centro 4,In-person,2025-03-17,5
CYB,Centro 3,Online,2025-03-17,4
EXC,Centro 5,Hybrid,2025-03-17,4
GES,Centro 2,In-person,2025-03-17,4
INF,Centro 3,In-person,2025-03-17,4
PBI,Centro 1,In-person,2025-03-17,4
PRI,Centro 4,In-person,2025-03-17,4
PYT,Centro 1,Hybrid,2025-03-17,4
PYT,Centro 4,Online,2025-03-17,4
TUR,Centro 5,In-person,2025-03-17,4
FOR,Centro 5,In-person,2025-03-17,3
GER,Centro 1,In-person,2025-03-17,3
HAC,Centro 3,Hybrid,2025-03-17,3
HOT,Centro 1,Hybrid,2025-03-17,3
INF,Centro 2,In-person,2025-03-17,3
LID,Centro 3,Online,2025-03-17,3
PYT,Centro 2,Online,2025-03-17,3
SOC,Centro 4,In-person,2025-03-17,3
SST,Centro 5,In-person,2025-03-17,3
CYB,Centro 1,Hybrid,2025-03-17,2
EXC,Centro 2,Online,2025-03-17,2
LOG,Centro 3,In-person,2025-03-17,2
PRO,Centro 3,Online,2025-03-17,2
PYT,Centro 4,In-person,2025-03-17,2
SOC,Centro 5,In-person,2025-03-17,2
SST,Centro 3,Hybrid,2025-03-17,2
CYB,Centro 2,Online,2025-03-17,1
CYB,Centro 4,Hybrid,2025-03-17,1
CYB,Centro 5,Online,2025-03-17,1
EMP,Centro 2,In-person,2025-03-17,1
EXC,Centro 4,Hybrid,2025-03-17,1
GER,Centro 5,In-person,2025-03-17,1
HAC,Centro 5,Online,2025-03-17,1
HCP,Centro 2,Hybrid,2025-03-17,1
HOT,Centro 2,Hybrid,2025-03-17,1
HOT,Centro 4,Hybrid,2025-03-17,1
INF,Centro 4,In-person,2025-03-17,1
LID,Centro 4,In-person,2025-03-17,1
LOG,Centro 1,Hybrid,2025-03-17,1
MNT,Centro 4,In-person,2025-03-17,1
PRI,Centro 2,Hybrid,2025-03-17,1
SCI,Centro 2,Hybrid,2025-03-17,1
SOC,Centro 2,In-person,2025-03-17,1
SST,Centro 2,Hybrid,2025-03-17,1
SST,Centro 2,In-person,2025-03-17,1
PRO,Centro 5,Hybrid,2025-03-24,56
GER,Centro 3,In-person,2025-03-24,52
SCI,Centro 5,In-person,2025-03-24,39
EMP,Centro 5,In-person,2025-03-24,36
ING,Centro 3,Online,2025-03-24,35
PBI,Centro 1,Online,2025-03-24,33
SCI,Centro 3,In-person,2025-03-24,33
EXC,Centro 4,Online,2025-03-24,29
HCP,Centro 5,Hybrid,2025-03-24,29
SST,Centro 1,Hybrid,2025-03-24,29
LID,Centro 4,Hybrid,2025-03-24,27
LOG,Centro 5,Hybrid,2025-03-24,27
SST,Centro 3,Hybrid,2025-03-24,27
INF,Centro 4,Hybrid,2025-03-24,26
PBI,Centro 2,In-person,2025-03-24,25
CYB,Centro 1,Hybrid,2025-03-24,24
GER,Centro 4,Hybrid,2025-03-24,24
PRI,Centro 1,Hybrid,2025-03-24,24
PYT,Centro 4,Online,2025-03-24,24
SEG,Centro 4,In-person,2025-03-24,24
HOT,Centro 5,Hybrid,2025-03-24,23
MNT,Centro 2,In-person,2025-03-24,23
PYT,Centro 5,Hybrid,2025-03-24,22
SEG,Centro 1,Online,2025-03-24,22
HAC,Centro 5,In-person,2025-03-24,21
EXC,Centro 4,Hybrid,2025-03-24,20
HCP,Centro 3,In-person,2025-03-24,20
TUR,Centro 1,Hybrid,2025-03-24,20
PRO,Centro 2,Online,2025-03-24,19
SCI,Centro 1,Hybrid,2025-03-24,19
SCI,Centro 2,Hybrid,2025-03-24,19
GES,Centro 1,In-person,2025-03-24,18
EXC,Centro 3,Hybrid,2025-03-24,17
HAC,Centro 2,Online,2025-03-24,17
CYB,Centro 4,Hybrid,2025-03-24,16
CYB,Centro 5,Hybrid,2025-03-24,16
LOG,Centro 2,In-person,2025-03-24,16
TUR,Centro 3,In-person,2025-03-24,16
VND,Centro 2,Online,2025-03-24,16
HCP,Centro 2,Hybrid,2025-03-24,15
CYB,Centro 4,In-person,2025-03-24,14
ING,Centro 5,In-person,2025-03-24,14
PYT,Centro 2,Online,2025-03-24,14
SST,Centro 5,Hybrid,2025-03-24,14
EXC,Centro 2,Hybrid,2025-03-24,13
GER,Centro 5,In-person,2025-03-24,13
ING,Centro 3,Hybrid,2025-03-24,13
PBI,Centro 4,Online,2025-03-24,13
SEG,Centro 2,In-person,2025-03-24,13
SOC,Centro 1,In-person,2025-03-24,13
GER,Centro 2,In-person,2025-03-24,12
HOT,Centro 2,In-person,2025-03-24,12
LID,Centro 4,Online,2025-03-24,12
PBI,Centro 4,Hybrid,2025-03-24,12
PRI,Centro 3,In-person,2025-03-24,12
PRO,Centro 1,Hybrid,2025-03-24,12
VND,Centro 4,In-person,2025-03-24,12
CYB,Centro 4,Online,2025-03-24,11
EMP,Centro 3,In-person,2025-03-24,11
EXC,Centro 1,Hybrid,2025-03-24,11
FOR,Centro 3,Hybrid,2025-03-24,11
INF,Centro 4,In-person,2025-03-24,11
MNT,Centro 3,In-person,2025-03-24,11
PBI,Centro 2,Online,2025-03-24,11
PRO,Centro 2,Hybrid,2025-03-24,11
EXC,Centro 1,In-person,2025-03-24,10
FOR,Centro 2,Hybrid,2025-03-24,10
GES,Centro 4,In-person,2025-03-24,10
HAC,Centro 1,In-person,2025-03-24,10
HAC,Centro 2,In-person,2025-03-24,10
LID,Centro 4,In-person,2025-03-24,10
PBI,Centro 2,Hybrid,2025-03-24,10
PBI,Centro 3,In-person,2025-03-24,10
SCI,Centro 5,Hybrid,2025-03-24,10
SEG,Centro 4,Hybrid,2025-03-24,10
VND,Centro 2,Hybrid,2025-03-24,10
HAC,Centro 3,Online,2025-03-24,9
MNT,Centro 5,In-person,2025-03-24,9
PBI,Centro 5,Online,2025-03-24,9
SEG,Centro 1,In-person,2025-03-24,9
SEG,Centro 2,Hybrid,2025-03-24,9
CYB,Centro 3,Online,2025-03-24,8
HCP,Centro 1,Hybrid,2025-03-24,8
ING,Centro 3,In-person,2025-03-24,8
LID,Centro 5,In-person,2025-03-24,8
CYB,Centro 3,Hybrid,2025-03-24,7
EMP,Centro 4,In-person,2025-03-24,7
LOG,Centro 5,In-person,2025-03-24,7
PBI,Centro 1,Hybrid,2025-03-24,7
SEG,Centro 5,In-person,2025-03-24,7
SST,Centro 1,In-person,2025-03-24,7
CYB,Centro 1,In-person,2025-03-24,6
PRO,Centro 4,Online,2025-03-24,6
PYT,Centro 1,Online,2025-03-24,6
PYT,Centro 2,Hybrid,2025-03-24,6
CYB,Centro 2,Hybrid,2025-03-24,5
CYB,Centro 2,In-person,2025-03-24,5
GER,Centro 3,Hybrid,2025-03-24,5
HCP,Centro 2,In-person,2025-03-24,5
PBI,Centro 3,Hybrid,2025-03-24,5
PRO,Centro 3,Online,2025-03-24,5
SST,Centro 4,Online,2025-03-24,5
TUR,Centro 5,Hybrid,2025-03-24,5
EXC,Centro 3,In-person,2025-03-24,4
HCP,Centro 3,Hybrid,2025-03-24,4
HOT,Centro 1,In-person,2025-03-24,4
HOT,Centro 4,In-person,2025-03-24,4
PRI,Centro 5,Hybrid,2025-03-24,4
SEG,Centro 3,In-person,2025-03-24,4
SST,Centro 2,In-person,2025-03-24,4
GER,Centro 5,Hybrid,2025-03-24,3
GES,Centro 5,In-person,2025-03-24,3
HOT,Centro 5,In-person,2025-03-24,3
LOG,Centro 4,In-person,2025-03-24,3
FOR,Centro 1,Online,2025-03-24,2
HAC,Centro 4,Hybrid,2025-03-24,2
PYT,Centro 4,In-person,2025-03-24,2
SST,Centro 1,Online,2025-03-24,2
SST,Centro 5,In-person,2025-03-24,2
TUR,Centro 5,In-person,2025-03-24,2
EXC,Centro 1,Online,2025-03-24,1
EXC,Centro 2,Online,2025-03-24,1
FOR,Centro 1,Hybrid,2025-03-24,1
GER,Centro 1,In-person,2025-03-24,1
GER,Centro 4,In-person,2025-03-24,1
INF,Centro 1,In-person,2025-03-24,1
INF,Centro 3,In-person,2025-03-24,1
LID,Centro 3,Online,2025-03-24,1
LOG,Centro 4,Hybrid,2025-03-24,1
MNT,Centro 1,In-person,2025-03-24,1
PBI,Centro 1,In-person,2025-03-24,1
PRI,Centro 2,Hybrid,2025-03-24,1
PRO,Centro 5,In-person,2025-03-24,1
PYT,Centro 3,Online,2025-03-24,1
SCI,Centro 1,In-person,2025-03-24,1
SOC,Centro 4,In-person,2025-03-24,1
SST,Centro 4,In-person,2025-03-24,1
EXC,Centro 2,Online,2025-03-31,54
PBI,Centro 4,Online,2025-03-31,47
SEG,Centro 1,Online,2025-03-31,46
PBI,Centro 2,Hybrid,2025-03-31,42
MNT,Centro 3,In-person,2025-03-31,41
PYT,Centro 2,Hybrid,2025-03-31,38
PYT,Centro 4,Online,2025-03-31,36
CYB,Centro 1,Hybrid,2025-03-31,33
MNT,Centro 1,In-person,2025-03-31,33
MNT,Centro 4,In-person,2025-03-31,33
PBI,Centro 5,Online,2025-03-31,32
SST,Centro 2,Online,2025-03-31,32
CYB,Centro 2,Hybrid,2025-03-31,31
MNT,Centro 5,In-person,2025-03-31,31
PRO,Centro 5,Hybrid,2025-03-31,31
GER,Centro 3,Hybrid,2025-03-31,30
LOG,Centro 4,Hybrid,2025-03-31,30
SEG,Centro 4,In-person,2025-03-31,28
EMP,Centro 3,In-person,2025-03-31,27
SEG,Centro 4,Hybrid,2025-03-31,27
PBI,Centro 3,Hybrid,2025-03-31,25
SEG,Centro 1,In-person,2025-03-31,23
SST,Centro 3,In-person,2025-03-31,23
GER,Centro 5,In-person,2025-03-31,22
PYT,Centro 4,In-person,2025-03-31,21
CYB,Centro 5,Online,2025-03-31,20
HAC,Centro 3,Online,2025-03-31,20
SEG,Centro 4,Online,2025-03-31,20
HOT,Centro 5,Hybrid,2025-03-31,18
SOC,Centro 4,Hybrid,2025-03-31,18
HCP,Centro 5,Hybrid,2025-03-31,17
PRO,Centro 4,Online,2025-03-31,17
EXC,Centro 1,Hybrid,2025-03-31,16
MNT,Centro 2,In-person,2025-03-31,16
PRI,Centro 3,Hybrid,2025-03-31,16
PYT,Centro 5,Hybrid,2025-03-31,16
SEG,Centro 1,Hybrid,2025-03-31,16
SEG,Centro 3,Online,2025-03-31,16
SOC,Centro 1,In-person,2025-03-31,16
CYB,Centro 4,Online,2025-03-31,15
ING,Centro 5,Online,2025-03-31,15
GES,Centro 4,Hybrid,2025-03-31,14
LID,Centro 3,Online,2025-03-31,14
PRI,Centro 1,Hybrid,2025-03-31,14
TUR,Centro 5,In-person,2025-03-31,14
EXC,Centro 4,Online,2025-03-31,13
FOR,Centro 1,Hybrid,2025-03-31,13
HAC,Centro 1,In-person,2025-03-31,12
HCP,Centro 2,In-person,2025-03-31,12
HOT,Centro 1,In-person,2025-03-31,12
SCI,Centro 2,In-person,2025-03-31,12
VND,Centro 1,In-person,2025-03-31,12
INF,Centro 3,In-person,2025-03-31,11
ING,Centro 3,In-person,2025-03-31,11
HCP,Centro 5,In-person,2025-03-31,10
HOT,Centro 4,In-person,2025-03-31,10
PRI,Centro 2,In-person,2025-03-31,10
EXC,Centro 4,Hybrid,2025-03-31,9
HAC,Centro 4,Hybrid,2025-03-31,9
HOT,Centro 1,Hybrid,2025-03-31,9
ING,Centro 3,Online,2025-03-31,9
LID,Centro 3,In-person,2025-03-31,9
PRO,Centro 2,In-person,2025-03-31,9
SCI,Centro 1,In-person,2025-03-31,9
GES,Centro 1,Online,2025-03-31,8
PBI,Centro 4,In-person,2025-03-31,8
PRI,Centro 3,In-person,2025-03-31,8
PYT,Centro 3,Hybrid,2025-03-31,8
EMP,Centro 5,In-person,2025-03-31,7
GES,Centro 1,In-person,2025-03-31,7
GES,Centro 5,Online,2025-03-31,7
HAC,Centro 2,In-person,2025-03-31,7
PYT,Centro 1,Online,2025-03-31,7
PYT,Centro 2,Online,2025-03-31,7
VND,Centro 2,Online,2025-03-31,7
GER,Centro 4,Hybrid,2025-03-31,6
GES,Centro 1,Hybrid,2025-03-31,6
GES,Centro 2,In-person,2025-03-31,6
HAC,Centro 5,Hybrid,2025-03-31,6
HCP,Centro 1,In-person,2025-03-31,6
HOT,Centro 3,In-person,2025-03-31,6
PBI,Centro 5,Hybrid,2025-03-31,6
PRO,Centro 5,In-person,2025-03-31,6
SEG,Centro 5,In-person,2025-03-31,6
VND,Centro 4,Hybrid,2025-03-31,6
VND,Centro 5,Hybrid,2025-03-31,6
CYB,Centro 3,Online,2025-03-31,5
EMP,Centro 1,In-person,2025-03-31,5
EMP,Centro 4,In-person,2025-03-31,5
GER,Centro 4,In-person,2025-03-31,5
PBI,Centro 3,Online,2025-03-31,5
PRO,Centro 1,In-person,2025-03-31,5
TUR,Centro 2,Hybrid,2025-03-31,5
VND,Centro 4,In-person,2025-03-31,5
EXC,Centro 1,Online,2025-03-31,4
HAC,Centro 2,Online,2025-03-31,4
HCP,Centro 3,In-person,2025-03-31,4
HCP,Centro 4,In-person,2025-03-31,4
INF,Centro 4,Hybrid,2025-03-31,4
ING,Centro 2,Online,2025-03-31,4
LOG,Centro 1,In-person,2025-03-31,4
LOG,Centro 4,In-person,2025-03-31,4
PBI,Centro 3,In-person,2025-03-31,4
PBI,Centro 5,In-person,2025-03-31,4
PRO,Centro 3,In-person,2025-03-31,4
SOC,Centro 5,In-person,2025-03-31,4
TUR,Centro 1,Hybrid,2025-03-31,4
CYB,Centro 4,In-person,2025-03-31,3
FOR,Centro 1,Online,2025-03-31,3
GES,Centro 5,In-person,2025-03-31,3
HAC,Centro 5,In-person,2025-03-31,3
LOG,Centro 3,In-person,2025-03-31,3
SCI,Centro 3,In-person,2025-03-31,3
SEG,Centro 3,In-person,2025-03-31,3
VND,Centro 2,Hybrid,2025-03-31,3
EXC,Centro 5,Hybrid,2025-03-31,2
HAC,Centro 3,Hybrid,2025-03-31,2
HOT,Centro 5,In-person,2025-03-31,2
LID,Centro 1,In-person,2025-03-31,2
LID,Centro 3,Hybrid,2025-03-31,2
PBI,Centro 1,Online,2025-03-31,2
PBI,Centro 1,Hybrid,2025-03-31,2
PRO,Centro 2,Hybrid,2025-03-31,2
EXC,Centro 5,Online,2025-03-31,1
GER,Centro 2,In-person,2025-03-31,1
HAC,Centro 3,In-person,2025-03-31,1
INF,Centro 5,In-person,2025-03-31,1
ING,Centro 5,In-person,2025-03-31,1
LID,Centro 4,Hybrid,2025-03-31,1
LOG,Centro 1,Hybrid,2025-03-31,1
PBI,Centro 2,Online,2025-03-31,1
PBI,Centro 4,Hybrid,2025-03-31,1
PRO,Centro 3,Online,2025-03-31,1
PYT,Centro 3,Online,2025-03-31,1
PYT,Centro 3,In-person,2025-03-31,1
SCI,Centro 5,In-person,2025-03-31,1
SEG,Centro 2,Online,2025-03-31,1
SOC,Centro 4,In-person,2025-03-31,1
SST,Centro 1,Hybrid,2025-03-31,1
SST,Centro 1,In-person,2025-03-31,1
SST,Centro 4,In-person,2025-03-31,1
SST,Centro 5,Online,2025-03-31,1
SST,Centro 5,In-person,2025-03-31,1
TUR,Centro 4,In-person,2025-03-31,1
VND,Centro 1,Hybrid,2025-03-31,1
EXC,Centro 4,Hybrid,2025-04-07,57
GER,Centro 3,In-person,2025-04-07,48
PBI,Centro 4,Online,2025-04-07,39
HAC,Centro 2,In-person,2025-04-07,38
SEG,Centro 1,In-person,2025-04-07,35
EMP,Centro 2,In-person,2025-04-07,34
PBI,Centro 5,Online,2025-04-07,33
EXC,Centro 2,Online,2025-04-07,30
MNT,Centro 5,In-person,2025-04-07,29
HOT,Centro 1,In-person,2025-04-07,28
MNT,Centro 1,In-person,2025-04-07,27
GER,Centro 5,In-person,2025-04-07,26
CYB,Centro 1,Online,2025-04-07,24
HAC,Centro 5,Hybrid,2025-04-07,24
HCP,Centro 1,In-person,2025-04-07,24
PBI,Centro 3,Online,2025-04-07,24
PYT,Centro 4,Online,2025-04-07,24
GES,Centro 4,Online,2025-04-07,23
PRI,Centro 1,In-person,2025-04-07,23
SCI,Centro 4,In-person,2025-04-07,23
GES,Centro 1,Online,2025-04-07,22
MNT,Centro 3,In-person,2025-04-07,22
CYB,Centro 4,Hybrid,2025-04-07,21
HAC,Centro 3,In-person,2025-04-07,21
LOG,Centro 4,Hybrid,2025-04-07,21
PRO,Centro 5,Online,2025-04-07,21
PRO,Centro 5,Hybrid,2025-04-07,21
VND,Centro 4,In-person,2025-04-07,20
PBI,Centro 1,Hybrid,2025-04-07,19
PBI,Centro 3,Hybrid,2025-04-07,19
PRO,Centro 4,Hybrid,2025-04-07,19
GER,Centro 1,Hybrid,2025-04-07,18
HCP,Centro 2,In-person,2025-04-07,18
HCP,Centro 3,Hybrid,2025-04-07,18
PBI,Centro 4,Hybrid,2025-04-07,18
SOC,Centro 1,In-person,2025-04-07,18
HOT,Centro 5,Hybrid,2025-04-07,17
INF,Centro 3,In-person,2025-04-07,17
SOC,Centro 4,In-person,2025-04-07,17
ING,Centro 3,Online,2025-04-07,16
SEG,Centro 1,Hybrid,2025-04-07,16
SST,Centro 3,Hybrid,2025-04-07,16
TUR,Centro 2,In-person,2025-04-07,16
HAC,Centro 5,In-person,2025-04-07,15
PRI,Centro 3,In-person,2025-04-07,15
SST,Centro 3,Online,2025-04-07,15
GES,Centro 1,In-person,2025-04-07,14
LOG,Centro 1,Hybrid,2025-04-07,14
CYB,Centro 4,Online,2025-04-07,13
FOR,Centro 5,In-person,2025-04-07,13
GES,Centro 1,Hybrid,2025-04-07,13
PYT,Centro 1,In-person,2025-04-07,13
SST,Centro 3,In-person,2025-04-07,13
GER,Centro 4,In-person,2025-04-07,12
PRI,Centro 5,In-person,2025-04-07,12
SEG,Centro 3,Online,2025-04-07,12
SEG,Centro 5,In-person,2025-04-07,12
SOC,Centro 2,In-person,2025-04-07,12
SST,Centro 5,Online,2025-04-07,12
HAC,Centro 2,Online,2025-04-07,11
SCI,Centro 5,Hybrid,2025-04-07,11
SST,Centro 4,In-person,2025-04-07,11
SST,Centro 5,In-person,2025-04-07,11
CYB,Centro 1,Hybrid,2025-04-07,10
GES,Centro 5,In-person,2025-04-07,10
PYT,Centro 1,Hybrid,2025-04-07,10
SOC,Centro 5,In-person,2025-04-07,10
LOG,Centro 2,In-person,2025-04-07,9
MNT,Centro 4,In-person,2025-04-07,9
SEG,Centro 4,Hybrid,2025-04-07,9
CYB,Centro 3,Hybrid,2025-04-07,8
EMP,Centro 5,In-person,2025-04-07,8
FOR,Centro 3,Hybrid,2025-04-07,8
GER,Centro 5,Hybrid,2025-04-07,8
TUR,Centro 1,Hybrid,2025-04-07,8
CYB,Centro 5,Online,2025-04-07,7
GER,Centro 2,In-person,2025-04-07,7
HAC,Centro 1,Online,2025-04-07,7
PRO,Centro 3,Hybrid,2025-04-07,7
PYT,Centro 1,Online,2025-04-07,7
SEG,Centro 4,In-person,2025-04-07,7
CYB,Centro 2,Hybrid,2025-04-07,6
CYB,Centro 4,In-person,2025-04-07,6
EMP,Centro 4,In-person,2025-04-07,6
EXC,Centro 3,Online,2025-04-07,6
EXC,Centro 4,Online,2025-04-07,6
GER,Centro 3,Hybrid,2025-04-07,6
PYT,Centro 4,In-person,2025-04-07,6
CYB,Centro 2,Online,2025-04-07,5
LOG,Centro 5,Hybrid,2025-04-07,5
PBI,Centro 1,Online,2025-04-07,5
PRO,Centro 3,Online,2025-04-07,5
SEG,Centro 3,In-person,2025-04-07,5
INF,Centro 3,Hybrid,2025-04-07,4
SCI,Centro 2,In-person,2025-04-07,4
SEG,Centro 3,Hybrid,2025-04-07,4
SOC,Centro 3,In-person,2025-04-07,4
SST,Centro 2,In-person,2025-04-07,4
VND,Centro 4,Online,2025-04-07,4
FOR,Centro 5,Hybrid,2025-04-07,3
HAC,Centro 1,In-person,2025-04-07,3
LOG,Centro 3,Hybrid,2025-04-07,3
PBI,Centro 2,In-person,2025-04-07,3
PYT,Centro 2,Hybrid,2025-04-07,3
SCI,Centro 2,Hybrid,2025-04-07,3
SEG,Centro 1,Online,2025-04-07,3
SST,Centro 1,Online,2025-04-07,3
SST,Centro 5,Hybrid,2025-04-07,3
VND,Centro 2,In-person,2025-04-07,3
VND,Centro 4,Hybrid,2025-04-07,3
CYB,Centro 5,Hybrid,2025-04-07,2
EXC,Centro 1,In-person,2025-04-07,2
EXC,Centro 5,Online,2025-04-07,2
HAC,Centro 3,Online,2025-04-07,2
HAC,Centro 3,Hybrid,2025-04-07,2
HAC,Centro 5,Online,2025-04-07,2
ING,Centro 4,Online,2025-04-07,2
LID,Centro 3,In-person,2025-04-07,2
LID,Centro 4,In-person,2025-04-07,2
MNT,Centro 2,In-person,2025-04-07,2
PBI,Centro 5,In-person,2025-04-07,2
PYT,Centro 3,In-person,2025-04-07,2
TUR,Centro 3,In-person,2025-04-07,2
VND,Centro 1,Hybrid,2025-04-07,2
VND,Centro 1,In-person,2025-04-07,2
VND,Centro 2,Online,2025-04-07,2
EMP,Centro 3,In-person,2025-04-07,1
FOR,Centro 4,Hybrid,2025-04-07,1
GES,Centro 4,Hybrid,2025-04-07,1
HCP,Centro 3,In-person,2025-04-07,1
INF,Centro 1,Hybrid,2025-04-07,1
LID,Centro 4,Hybrid,2025-04-07,1
LID,Centro 5,In-person,2025-04-07,1
PBI,Centro 1,In-person,2025-04-07,1
PBI,Centro 2,Hybrid,2025-04-07,1
PBI,Centro 3,In-person,2025-04-07,1
PBI,Centro 5,Hybrid,2025-04-07,1
PRI,Centro 1,Hybrid,2025-04-07,1
PRO,Centro 4,Online,2025-04-07,1
PYT,Centro 3,Online,2025-04-07,1
SCI,Centro 3,In-person,2025-04-07,1
SEG,Centro 2,Hybrid,2025-04-07,1
TUR,Centro 4,In-person,2025-04-07,1
TUR,Centro 5,In-person,2025-04-07,1
VND,Centro 5,Hybrid,2025-04-07,1
VND,Centro 5,In-person,2025-04-07,1
PYT,Centro 1,Online,2025-04-14,50
EXC,Centro 3,Online,2025-04-14,45
PBI,Centro 2,Hybrid,2025-04-14,35
CYB,Centro 5,Online,2025-04-14,34
MNT,Centro 5,In-person,2025-04-14,34
EXC,Centro 3,In-person,2025-04-14,33
SCI,Centro 2,In-person,2025-04-14,33
EXC,Centro 4,Online,2025-04-14,31
FOR,Centro 5,Hybrid,2025-04-14,29
PBI,Centro 4,Online,2025-04-14,29
CYB,Centro 3,Hybrid,2025-04-14,28
EMP,Centro 3,In-person,2025-04-14,28
LOG,Centro 1,In-person,2025-04-14,27
VND,Centro 1,Hybrid,2025-04-14,27
CYB,Centro 5,Hybrid,2025-04-14,26
HAC,Centro 2,Hybrid,2025-04-14,26
HOT,Centro 3,Hybrid,2025-04-14,26
GES,Centro 4,Hybrid,2025-04-14,25
PYT,Centro 3,Hybrid,2025-04-14,25
GER,Centro 4,In-person,2025-04-14,24
LID,Centro 5,Hybrid,2025-04-14,24
MNT,Centro 1,In-person,2025-04-14,23
EXC,Centro 1,Online,2025-04-14,21
LOG,Centro 1,Hybrid,2025-04-14,21
SOC,Centro 2,In-person,2025-04-14,20
CYB,Centro 2,Online,2025-04-14,19
HOT,Centro 4,In-person,2025-04-14,19
LOG,Centro 3,In-person,2025-04-14,19
EXC,Centro 4,In-person,2025-04-14,18
HCP,Centro 2,In-person,2025-04-14,18
PBI,Centro 3,Hybrid,2025-04-14,18
PRO,Centro 4,Online,2025-04-14,18
SST,Centro 5,In-person,2025-04-14,18
TUR,Centro 5,Hybrid,2025-04-14,18
TUR,Centro 5,In-person,2025-04-14,18
MNT,Centro 2,In-person,2025-04-14,17
PBI,Centro 2,Online,2025-04-14,17
VND,Centro 2,Hybrid,2025-04-14,16
CYB,Centro 2,In-person,2025-04-14,15
HCP,Centro 1,In-person,2025-04-14,15
ING,Centro 3,Online,2025-04-14,15
PRI,Centro 1,In-person,2025-04-14,15
SCI,Centro 1,In-person,2025-04-14,15
FOR,Centro 2,Hybrid,2025-04-14,14
GER,Centro 5,In-person,2025-04-14,14
HAC,Centro 3,Online,2025-04-14,14
INF,Centro 4,In-person,2025-04-14,14
MNT,Centro 4,In-person,2025-04-14,14
PBI,Centro 4,In-person,2025-04-14,14
SEG,Centro 3,Hybrid,2025-04-14,14
SST,Centro 3,Online,2025-04-14,14
VND,Centro 2,In-person,2025-04-14,14
PYT,Centro 4,Online,2025-04-14,13
VND,Centro 5,Hybrid,2025-04-14,13
GES,Centro 5,Online,2025-04-14,12
HAC,Centro 3,Hybrid,2025-04-14,12
HCP,Centro 5,Hybrid,2025-04-14,12
SEG,Centro 3,In-person,2025-04-14,12
SST,Centro 1,Online,2025-04-14,12
TUR,Centro 2,In-person,2025-04-14,12
HOT,Centro 5,Hybrid,2025-04-14,11
INF,Centro 3,Hybrid,2025-04-14,11
PRO,Centro 2,Hybrid,2025-04-14,11
PYT,Centro 2,In-person,2025-04-14,11
SEG,Centro 5,In-person,2025-04-14,11
CYB,Centro 1,Hybrid,2025-04-14,10
HOT,Centro 2,In-person,2025-04-14,10
LID,Centro 5,In-person,2025-04-14,10
HOT,Centro 2,Hybrid,2025-04-14,9
INF,Centro 3,In-person,2025-04-14,9
SEG,Centro 4,In-person,2025-04-14,9
CYB,Centro 4,In-person,2025-04-14,8
HOT,Centro 5,In-person,2025-04-14,8
PRO,Centro 5,Hybrid,2025-04-14,8
SOC,Centro 3,Hybrid,2025-04-14,8
SST,Centro 3,In-person,2025-04-14,8
GER,Centro 2,In-person,2025-04-14,7
ING,Centro 2,Online,2025-04-14,7
ING,Centro 3,In-person,2025-04-14,7
PBI,Centro 1,In-person,2025-04-14,7
PBI,Centro 3,Online,2025-04-14,7
SCI,Centro 4,Hybrid,2025-04-14,7
EXC,Centro 2,Online,2025-04-14,6
EXC,Centro 5,Hybrid,2025-04-14,6
LID,Centro 4,Hybrid,2025-04-14,6
PBI,Centro 2,In-person,2025-04-14,6
PRI,Centro 3,In-person,2025-04-14,6
SEG,Centro 1,Hybrid,2025-04-14,6
SST,Centro 2,Online,2025-04-14,6
GER,Centro 3,In-person,2025-04-14,5
HAC,Centro 1,In-person,2025-04-14,5
HCP,Centro 4,In-person,2025-04-14,5
PRI,Centro 2,In-person,2025-04-14,5
PRO,Centro 3,In-person,2025-04-14,5
PYT,Centro 1,In-person,2025-04-14,5
SCI,Centro 4,In-person,2025-04-14,5
SEG,Centro 1,In-person,2025-04-14,5
SOC,Centro 3,In-person,2025-04-14,5
EXC,Centro 1,In-person,2025-04-14,4
GER,Centro 4,Hybrid,2025-04-14,4
MNT,Centro 3,In-person,2025-04-14,4
PYT,Centro 3,In-person,2025-04-14,4
SOC,Centro 4,In-person,2025-04-14,4
SST,Centro 1,Hybrid,2025-04-14,4
SST,Centro 1,In-person,2025-04-14,4
TUR,Centro 3,In-person,2025-04-14,4
HCP,Centro 5,In-person,2025-04-14,3
PRO,Centro 5,In-person,2025-04-14,3
SCI,Centro 1,Hybrid,2025-04-14,3
SST,Centro 5,Online,2025-04-14,3
CYB,Centro 2,Hybrid,2025-04-14,2
CYB,Centro 3,Online,2025-04-14,2
GES,Centro 4,In-person,2025-04-14,2
HAC,Centro 2,Online,2025-04-14,2
HAC,Centro 2,In-person,2025-04-14,2
HAC,Centro 5,In-person,2025-04-14,2
HCP,Centro 3,Hybrid,2025-04-14,2
LOG,Centro 4,Hybrid,2025-04-14,2
LOG,Centro 5,Hybrid,2025-04-14,2
LOG,Centro 5,In-person,2025-04-14,2
PBI,Centro 1,Hybrid,2025-04-14,2
PRI,Centro 1,Hybrid,2025-04-14,2
PYT,Centro 2,Hybrid,2025-04-14,2
SEG,Centro 2,Online,2025-04-14,2
SOC,Centro 5,In-person,2025-04-14,2
TUR,Centro 1,In-person,2025-04-14,2
GES,Centro 1,In-person,2025-04-14,1
HAC,Centro 3,In-person,2025-04-14,1
HOT,Centro 3,In-person,2025-04-14,1
PBI,Centro 5,Hybrid,2025-04-14,1
PYT,Centro 4,In-person,2025-04-14,1
SCI,Centro 5,Hybrid,2025-04-14,1
SEG,Centro 4,Hybrid,2025-04-14,1
SST,Centro 4,In-person,2025-04-14,1
VND,Centro 4,In-person,2025-04-14,1
GES,Centro 4,Hybrid,2025-04-21,59
SST,Centro 5,In-person,2025-04-21,46
HCP,Centro 2,In-person,2025-04-21,45
CYB,Centro 4,Hybrid,2025-04-21,37
SST,Centro 2,Online,2025-04-21,34
PBI,Centro 1,Hybrid,2025-04-21,32
PYT,Centro 3,Hybrid,2025-04-21,32
CYB,Centro 5,Online,2025-04-21,29
FOR,Centro 1,Online,2025-04-21,29
PBI,Centro 4,Online,2025-04-21,29
HOT,Centro 5,Hybrid,2025-04-21,26
PRI,Centro 1,Hybrid,2025-04-21,26
SEG,Centro 5,In-person,2025-04-21,26
GER,Centro 1,Hybrid,2025-04-21,25
LID,Centro 5,Online,2025-04-21,25
PYT,Centro 2,Online,2025-04-21,25
GES,Centro 5,Online,2025-04-21,24
PBI,Centro 2,Hybrid,2025-04-21,24
SST,Centro 2,Hybrid,2025-04-21,24
EXC,Centro 3,Hybrid,2025-04-21,23
HOT,Centro 3,In-person,2025-04-21,23
INF,Centro 3,Hybrid,2025-04-21,22
PRI,Centro 3,Hybrid,2025-04-21,22
SEG,Centro 5,Hybrid,2025-04-21,22
HOT,Centro 2,Hybrid,2025-04-21,21
GER,Centro 2,In-person,2025-04-21,20
EXC,Centro 4,Online,2025-04-21,19
INF,Centro 5,In-person,2025-04-21,19
LID,Centro 4,Hybrid,2025-04-21,19
PBI,Centro 2,In-person,2025-04-21,19
PRI,Centro 5,Hybrid,2025-04-21,19
HAC,Centro 3,Online,2025-04-21,18
INF,Centro 4,Hybrid,2025-04-21,18
CYB,Centro 4,Online,2025-04-21,17
LOG,Centro 2,Hybrid,2025-04-21,17
MNT,Centro 5,In-person,2025-04-21,17
SST,Centro 4,In-person,2025-04-21,17
HAC,Centro 2,Online,2025-04-21,16
HCP,Centro 3,In-person,2025-04-21,16
SEG,Centro 1,Hybrid,2025-04-21,16
SST,Centro 1,Hybrid,2025-04-21,16
EXC,Centro 2,Online,2025-04-21,15
ING,Centro 3,Online,2025-04-21,15
MNT,Centro 3,In-person,2025-04-21,15
TUR,Centro 5,In-person,2025-04-21,15
CYB,Centro 2,Online,2025-04-21,14
PBI,Centro 5,In-person,2025-04-21,14
EMP,Centro 5,In-person,2025-04-21,13
SEG,Centro 1,In-person,2025-04-21,13
GER,Centro 3,In-person,2025-04-21,12
HOT,Centro 2,In-person,2025-04-21,12
TUR,Centro 4,In-person,2025-04-21,12
VND,Centro 1,Online,2025-04-21,12
PRI,Centro 1,In-person,2025-04-21,11
SOC,Centro 5,Hybrid,2025-04-21,11
CYB,Centro 4,In-person,2025-04-21,10
EMP,Centro 4,In-person,2025-04-21,10
FOR,Centro 4,Hybrid,2025-04-21,10
GER,Centro 4,In-person,2025-04-21,10
GES,Centro 4,Online,2025-04-21,10
HAC,Centro 2,Hybrid,2025-04-21,10
MNT,Centro 1,In-person,2025-04-21,10
TUR,Centro 1,In-person,2025-04-21,10
VND,Centro 5,In-person,2025-04-21,10
EXC,Centro 2,Hybrid,2025-04-21,9
PBI,Centro 1,Online,2025-04-21,9
PRO,Centro 2,Hybrid,2025-04-21,9
SEG,Centro 4,Hybrid,2025-04-21,9
SOC,Centro 1,In-person,2025-04-21,9
EXC,Centro 1,Online,2025-04-21,8
GES,Centro 4,In-person,2025-04-21,8
HAC,Centro 3,In-person,2025-04-21,8
HCP,Centro 5,In-person,2025-04-21,8
SST,Centro 5,Hybrid,2025-04-21,8
EXC,Centro 4,Hybrid,2025-04-21,7
LID,Centro 5,In-person,2025-04-21,7
PBI,Centro 3,Online,2025-04-21,7
PYT,Centro 1,Hybrid,2025-04-21,7
PYT,Centro 2,Hybrid,2025-04-21,7
VND,Centro 1,Hybrid,2025-04-21,7
VND,Centro 1,In-person,2025-04-21,7
EMP,Centro 1,In-person,2025-04-21,6
GER,Centro 3,Hybrid,2025-04-21,6
GES,Centro 1,Online,2025-04-21,6
HOT,Centro 1,In-person,2025-04-21,6
HOT,Centro 5,In-person,2025-04-21,6
INF,Centro 1,In-person,2025-04-21,6
INF,Centro 2,Hybrid,2025-04-21,6
SOC,Centro 2,In-person,2025-04-21,6
SST,Centro 5,Online,2025-04-21,6
TUR,Centro 2,In-person,2025-04-21,6
CYB,Centro 3,Online,2025-04-21,5
GER,Centro 5,In-person,2025-04-21,5
HCP,Centro 3,Hybrid,2025-04-21,5
HCP,Centro 5,Hybrid,2025-04-21,5
INF,Centro 3,In-person,2025-04-21,5
PYT,Centro 1,Online,2025-04-21,5
PYT,Centro 5,Online,2025-04-21,5
SEG,Centro 1,Online,2025-04-21,5
TUR,Centro 3,Hybrid,2025-04-21,5
CYB,Centro 2,Hybrid,2025-04-21,4
EXC,Centro 1,In-person,2025-04-21,4
HAC,Centro 1,In-person,2025-04-21,4
LID,Centro 4,In-person,2025-04-21,4
LOG,Centro 3,Hybrid,2025-04-21,4
PBI,Centro 3,In-person,2025-04-21,4
PRO,Centro 3,Online,2025-04-21,4
SOC,Centro 3,Hybrid,2025-04-21,4
PYT,Centro 3,Online,2025-04-21,3
CYB,Centro 1,Online,2025-04-21,2
EMP,Centro 2,In-person,2025-04-21,2
HAC,Centro 4,Hybrid,2025-04-21,2
HCP,Centro 1,In-person,2025-04-21,2
LOG,Centro 3,In-person,2025-04-21,2
PBI,Centro 4,Hybrid,2025-04-21,2
SEG,Centro 2,In-person,2025-04-21,2
SEG,Centro 4,In-person,2025-04-21,2
SST,Centro 2,In-person,2025-04-21,2
CYB,Centro 3,Hybrid,2025-04-21,1
EXC,Centro 4,In-person,2025-04-21,1
FOR,Centro 3,Online,2025-04-21,1
GES,Centro 5,In-person,2025-04-21,1
LID,Centro 1,In-person,2025-04-21,1
LOG,Centro 1,In-person,2025-04-21,1
LOG,Centro 5,Hybrid,2025-04-21,1
MNT,Centro 2,In-person,2025-04-21,1
PBI,Centro 5,Online,2025-04-21,1
PRO,Centro 3,In-person,2025-04-21,1
PRO,Centro 5,Online,2025-04-21,1
PYT,Centro 1,In-person,2025-04-21,1
PYT,Centro 5,Hybrid,2025-04-21,1
SCI,Centro 2,In-person,2025-04-21,1
SEG,Centro 2,Online,2025-04-21,1
SOC,Centro 4,In-person,2025-04-21,1
SST,Centro 1,In-person,2025-04-21,1
TUR,Centro 5,Hybrid,2025-04-21,1
VND,Centro 2,Hybrid,2025-04-21,1
VND,Centro 4,Online,2025-04-21,1
PYT,Centro 3,Online,2025-04-28,73
PRO,Centro 2,Hybrid,2025-04-28,53
LID,Centro 3,Online,2025-04-28,51
PYT,Centro 2,Hybrid,2025-04-28,46
MNT,Centro 1,In-person,2025-04-28,43
PRO,Centro 4,In-person,2025-04-28,43
HAC,Centro 4,Hybrid,2025-04-28,40
EXC,Centro 4,Online,2025-04-28,35
LOG,Centro 3,In-person,2025-04-28,35
CYB,Centro 3,Hybrid,2025-04-28,31
CYB,Centro 1,Online,2025-04-28,30
EXC,Centro 2,Online,2025-04-28,30
FOR,Centro 1,Hybrid,2025-04-28,30
PBI,Centro 4,Hybrid,2025-04-28,30
EXC,Centro 5,Online,2025-04-28,29
EXC,Centro 1,Online,2025-04-28,28
HAC,Centro 3,Online,2025-04-28,26
INF,Centro 5,In-person,2025-04-28,26
PYT,Centro 2,Online,2025-04-28,26
PBI,Centro 2,Online,2025-04-28,25
CYB,Centro 2,Hybrid,2025-04-28,24
CYB,Centro 4,Hybrid,2025-04-28,23
GES,Centro 1,Online,2025-04-28,23
MNT,Centro 5,In-person,2025-04-28,23
LOG,Centro 1,In-person,2025-04-28,22
LOG,Centro 3,Hybrid,2025-04-28,22
MNT,Centro 3,In-person,2025-04-28,22
PRO,Centro 3,In-person,2025-04-28,22
GES,Centro 1,Hybrid,2025-04-28,21
GES,Centro 4,Online,2025-04-28,21
HAC,Centro 5,Online,2025-04-28,21
HCP,Centro 2,In-person,2025-04-28,21
HOT,Centro 4,In-person,2025-04-28,21
PBI,Centro 3,Hybrid,2025-04-28,21
PRI,Centro 1,Hybrid,2025-04-28,21
SCI,Centro 5,Hybrid,2025-04-28,21
EMP,Centro 2,In-person,2025-04-28,19
FOR,Centro 1,In-person,2025-04-28,19
PRI,Centro 1,In-person,2025-04-28,19
HCP,Centro 5,Hybrid,2025-04-28,18
ING,Centro 3,Online,2025-04-28,18
SOC,Centro 1,In-person,2025-04-28,18
SST,Centro 2,In-person,2025-04-28,18
EMP,Centro 1,In-person,2025-04-28,17
PYT,Centro 1,Online,2025-04-28,17
PYT,Centro 5,Hybrid,2025-04-28,17
EMP,Centro 4,In-person,2025-04-28,16
LID,Centro 4,Online,2025-04-28,16
PBI,Centro 2,In-person,2025-04-28,16
GES,Centro 2,In-person,2025-04-28,15
SCI,Centro 2,In-person,2025-04-28,15
SEG,Centro 1,Online,2025-04-28,15
SST,Centro 5,In-person,2025-04-28,15
GER,Centro 2,In-person,2025-04-28,14
HCP,Centro 1,In-person,2025-04-28,14
HOT,Centro 3,Hybrid,2025-04-28,14
HOT,Centro 5,In-person,2025-04-28,14
ING,Centro 4,In-person,2025-04-28,14
PBI,Centro 3,Online,2025-04-28,14
PBI,Centro 3,In-person,2025-04-28,14
GER,Centro 4,In-person,2025-04-28,13
GES,Centro 4,Hybrid,2025-04-28,13
SOC,Centro 3,In-person,2025-04-28,13
VND,Centro 3,In-person,2025-04-28,13
GER,Centro 3,Hybrid,2025-04-28,12
ING,Centro 2,Online,2025-04-28,12
ING,Centro 3,Hybrid,2025-04-28,12
LID,Centro 1,In-person,2025-04-28,12
MNT,Centro 2,In-person,2025-04-28,12
PRO,Centro 5,Hybrid,2025-04-28,12
PRI,Centro 3,In-person,2025-04-28,11
CYB,Centro 5,In-person,2025-04-28,10
EMP,Centro 5,In-person,2025-04-28,10
EXC,Centro 3,Online,2025-04-28,10
GER,Centro 5,In-person,2025-04-28,10
GES,Centro 5,In-person,2025-04-28,10
SST,Centro 1,In-person,2025-04-28,10
CYB,Centro 2,Online,2025-04-28,9
GES,Centro 4,In-person,2025-04-28,9
HCP,Centro 3,Hybrid,2025-04-28,9
LOG,Centro 2,Hybrid,2025-04-28,9
VND,Centro 1,In-person,2025-04-28,9
CYB,Centro 5,Hybrid,2025-04-28,8
GES,Centro 1,In-person,2025-04-28,8
INF,Centro 2,In-person,2025-04-28,8
LID,Centro 1,Hybrid,2025-04-28,8
LID,Centro 5,Online,2025-04-28,8
PBI,Centro 1,Online,2025-04-28,7
PYT,Centro 3,Hybrid,2025-04-28,7
SCI,Centro 3,Hybrid,2025-04-28,7
SCI,Centro 5,In-person,2025-04-28,7
CYB,Centro 1,Hybrid,2025-04-28,6
HAC,Centro 2,In-person,2025-04-28,6
HCP,Centro 3,In-person,2025-04-28,6
INF,Centro 4,In-person,2025-04-28,6
PBI,Centro 5,In-person,2025-04-28,6
PRI,Centro 5,Hybrid,2025-04-28,6
SEG,Centro 2,Hybrid,2025-04-28,6
SST,Centro 1,Online,2025-04-28,6
SST,Centro 3,Hybrid,2025-04-28,6
FOR,Centro 3,In-person,2025-04-28,5
SOC,Centro 5,In-person,2025-04-28,5
EXC,Centro 2,Hybrid,2025-04-28,4
EXC,Centro 3,In-person,2025-04-28,4
LOG,Centro 1,Hybrid,2025-04-28,4
PRI,Centro 2,In-person,2025-04-28,4
PYT,Centro 1,Hybrid,2025-04-28,4
VND,Centro 1,Online,2025-04-28,4
VND,Centro 2,In-person,2025-04-28,4
EMP,Centro 3,In-person,2025-04-28,3
HAC,Centro 5,In-person,2025-04-28,3
ING,Centro 5,Online,2025-04-28,3
SOC,Centro 2,In-person,2025-04-28,3
SST,Centro 2,Online,2025-04-28,3
SST,Centro 5,Hybrid,2025-04-28,3
TUR,Centro 3,In-person,2025-04-28,3
EXC,Centro 4,Hybrid,2025-04-28,2
FOR,Centro 1,Online,2025-04-28,2
FOR,Centro 2,In-person,2025-04-28,2
HOT,Centro 3,In-person,2025-04-28,2
INF,Centro 2,Hybrid,2025-04-28,2
INF,Centro 3,In-person,2025-04-28,2
ING,Centro 1,Hybrid,2025-04-28,2
LID,Centro 4,In-person,2025-04-28,2
PRI,Centro 3,Hybrid,2025-04-28,2
PYT,Centro 2,In-person,2025-04-28,2
SEG,Centro 1,In-person,2025-04-28,2
SEG,Centro 3,In-person,2025-04-28,2
SOC,Centro 5,Hybrid,2025-04-28,2
SST,Centro 4,In-person,2025-04-28,2
TUR,Centro 2,In-person,2025-04-28,2
TUR,Centro 4,Hybrid,2025-04-28,2
VND,Centro 5,Hybrid,2025-04-28,2
CYB,Centro 4,In-person,2025-04-28,1
CYB,Centro 5,Online,2025-04-28,1
GER,Centro 5,Hybrid,2025-04-28,1
HAC,Centro 1,In-person,2025-04-28,1
ING,Centro 3,In-person,2025-04-28,1
ING,Centro 5,Hybrid,2025-04-28,1
LOG,Centro 2,In-person,2025-04-28,1
PBI,Centro 1,Hybrid,2025-04-28,1
PBI,Centro 4,Online,2025-04-28,1
PRO,Centro 5,Online,2025-04-28,1
SCI,Centro 2,Hybrid,2025-04-28,1
SEG,Centro 4,Hybrid,2025-04-28,1
SST,Centro 1,Hybrid,2025-04-28,1
TUR,Centro 1,In-person,2025-04-28,1
VND,Centro 1,Hybrid,2025-04-28,1
CYB,Centro 5,Online,2025-05-05,48
EXC,Centro 3,Online,2025-05-05,39
VND,Centro 4,Online,2025-05-05,34
EXC,Centro 4,Hybrid,2025-05-05,33
MNT,Centro 1,In-person,2025-05-05,32
VND,Centro 2,Online,2025-05-05,32
CYB,Centro 4,Hybrid,2025-05-05,29
FOR,Centro 3,Online,2025-05-05,29
EXC,Centro 2,Online,2025-05-05,27
LID,Centro 4,Hybrid,2025-05-05,26
PBI,Centro 1,Online,2025-05-05,26
SCI,Centro 1,In-person,2025-05-05,25
EMP,Centro 4,In-person,2025-05-05,24
PYT,Centro 2,Online,2025-05-05,24
SCI,Centro 2,Hybrid,2025-05-05,24
ING,Centro 3,Online,2025-05-05,23
VND,Centro 1,In-person,2025-05-05,23
LID,Centro 1,Hybrid,2025-05-05,22
PBI,Centro 1,Hybrid,2025-05-05,21
LID,Centro 1,In-person,2025-05-05,20
LOG,Centro 5,In-person,2025-05-05,20
CYB,Centro 2,Online,2025-05-05,19
SCI,Centro 1,Hybrid,2025-05-05,19
TUR,Centro 1,In-person,2025-05-05,19
INF,Centro 3,Hybrid,2025-05-05,18
PYT,Centro 2,Hybrid,2025-05-05,18
SEG,Centro 3,Hybrid,2025-05-05,18
GES,Centro 1,Hybrid,2025-05-05,17
LOG,Centro 2,In-person,2025-05-05,17
PRI,Centro 1,In-person,2025-05-05,17
SEG,Centro 1,In-person,2025-05-05,17
TUR,Centro 4,In-person,2025-05-05,16
VND,Centro 2,In-person,2025-05-05,16
CYB,Centro 3,Hybrid,2025-05-05,15
FOR,Centro 4,Online,2025-05-05,15
MNT,Centro 2,In-person,2025-05-05,15
SEG,Centro 2,Hybrid,2025-05-05,15
HAC,Centro 1,Online,2025-05-05,14
HOT,Centro 1,In-person,2025-05-05,13
HOT,Centro 3,In-person,2025-05-05,13
INF,Centro 1,Hybrid,2025-05-05,13
HOT,Centro 5,In-person,2025-05-05,12
LOG,Centro 4,In-person,2025-05-05,12
PYT,Centro 1,Hybrid,2025-05-05,12
SCI,Centro 2,In-person,2025-05-05,12
SST,Centro 3,In-person,2025-05-05,12
HCP,Centro 2,In-person,2025-05-05,11
MNT,Centro 5,In-person,2025-05-05,11
PBI,Centro 2,In-person,2025-05-05,11
SCI,Centro 5,In-person,2025-05-05,11
SEG,Centro 1,Hybrid,2025-05-05,11
CYB,Centro 4,In-person,2025-05-05,10
EXC,Centro 5,Hybrid,2025-05-05,10
HAC,Centro 3,Hybrid,2025-05-05,10
HCP,Centro 3,Hybrid,2025-05-05,9
HCP,Centro 4,In-person,2025-05-05,9
TUR,Centro 2,In-person,2025-05-05,9
CYB,Centro 4,Online,2025-05-05,8
EMP,Centro 3,In-person,2025-05-05,8
GES,Centro 1,In-person,2025-05-05,8
HAC,Centro 4,Hybrid,2025-05-05,8
PBI,Centro 5,In-person,2025-05-05,8
ING,Centro 5,Hybrid,2025-05-05,7
SST,Centro 2,Online,2025-05-05,7
TUR,Centro 5,In-person,2025-05-05,7
CYB,Centro 2,Hybrid,2025-05-05,6
CYB,Centro 5,In-person,2025-05-05,6
LID,Centro 3,Online,2025-05-05,6
LID,Centro 3,In-person,2025-05-05,6
LOG,Centro 2,Hybrid,2025-05-05,6
PBI,Centro 2,Online,2025-05-05,6
SST,Centro 1,Online,2025-05-05,6
LID,Centro 5,Online,2025-05-05,5
SCI,Centro 4,In-person,2025-05-05,5
GER,Centro 4,In-person,2025-05-05,4
GES,Centro 5,Online,2025-05-05,4
ING,Centro 4,In-person,2025-05-05,4
PRO,Centro 4,In-person,2025-05-05,4
SEG,Centro 4,In-person,2025-05-05,4
EXC,Centro 4,In-person,2025-05-05,3
FOR,Centro 1,In-person,2025-05-05,3
HAC,Centro 2,In-person,2025-05-05,3
HAC,Centro 5,In-person,2025-05-05,3
LID,Centro 4,In-person,2025-05-05,3
LOG,Centro 1,In-person,2025-05-05,3
MNT,Centro 4,In-person,2025-05-05,3
PYT,Centro 2,In-person,2025-05-05,3
SST,Centro 2,In-person,2025-05-05,3
VND,Centro 2,Hybrid,2025-05-05,3
CYB,Centro 2,In-person,2025-05-05,2
EMP,Centro 5,In-person,2025-05-05,2
EXC,Centro 1,Online,2025-05-05,2
GER,Centro 3,Hybrid,2025-05-05,2
GES,Centro 4,Online,2025-05-05,2
GES,Centro 4,In-person,2025-05-05,2
GES,Centro 5,In-person,2025-05-05,2
HOT,Centro 2,In-person,2025-05-05,2
ING,Centro 5,Online,2025-05-05,2
LID,Centro 1,Online,2025-05-05,2
PBI,Centro 4,Online,2025-05-05,2
PBI,Centro 4,Hybrid,2025-05-05,2
PRO,Centro 2,Hybrid,2025-05-05,2
SEG,Centro 1,Online,2025-05-05,2
SEG,Centro 3,Online,2025-05-05,2
SOC,Centro 3,In-person,2025-05-05,2
SST,Centro 1,In-person,2025-05-05,2
CYB,Centro 1,Online,2025-05-05,1
CYB,Centro 3,Online,2025-05-05,1
CYB,Centro 5,Hybrid,2025-05-05,1
EMP,Centro 2,In-person,2025-05-05,1
GES,Centro 4,Hybrid,2025-05-05,1
HCP,Centro 1,In-person,2025-05-05,1
HOT,Centro 2,Hybrid,2025-05-05,1
HOT,Centro 3,Hybrid,2025-05-05,1
HOT,Centro 5,Hybrid,2025-05-05,1
LID,Centro 4,Online,2025-05-05,1
PRI,Centro 5,Hybrid,2025-05-05,1
PRO,Centro 3,Online,2025-05-05,1
PYT,Centro 1,In-person,2025-05-05,1
PYT,Centro 5,Hybrid,2025-05-05,1
TUR,Centro 4,Hybrid,2025-05-05,1
PBI,Centro 1,Online,2025-05-12,44
SST,Centro 2,In-person,2025-05-12,42
EMP,Centro 5,In-person,2025-05-12,34
HOT,Centro 2,Hybrid,2025-05-12,34
SEG,Centro 1,Hybrid,2025-05-12,34
PBI,Centro 3,Online,2025-05-12,31
GES,Centro 4,Online,2025-05-12,29
LID,Centro 1,Online,2025-05-12,29
MNT,Centro 5,In-person,2025-05-12,27
SCI,Centro 3,Hybrid,2025-05-12,26
EXC,Centro 1,Online,2025-05-12,25
CYB,Centro 4,Online,2025-05-12,24
CYB,Centro 2,Hybrid,2025-05-12,22
PYT,Centro 2,Hybrid,2025-05-12,22
EMP,Centro 4,In-person,2025-05-12,21
EXC,Centro 4,In-person,2025-05-12,21
SCI,Centro 1,Hybrid,2025-05-12,21
VND,Centro 5,Hybrid,2025-05-12,21
HAC,Centro 1,Online,2025-05-12,19
HOT,Centro 5,In-person,2025-05-12,17
PYT,Centro 2,Online,2025-05-12,17
SST,Centro 1,In-person,2025-05-12,17
TUR,Centro 3,Hybrid,2025-05-12,17
CYB,Centro 5,In-person,2025-05-12,16
GES,Centro 1,Online,2025-05-12,16
HAC,Centro 4,In-person,2025-05-12,16
INF,Centro 2,In-person,2025-05-12,16
MNT,Centro 2,In-person,2025-05-12,16
PRO,Centro 3,Online,2025-05-12,16
EXC,Centro 2,Hybrid,2025-05-12,15
FOR,Centro 4,Online,2025-05-12,15
EXC,Centro 3,Online,2025-05-12,14
LID,Centro 4,Hybrid,2025-05-12,14
MNT,Centro 4,In-person,2025-05-12,14
PBI,Centro 4,In-person,2025-05-12,14
GER,Centro 5,Hybrid,2025-05-12,13
HCP,Centro 3,Hybrid,2025-05-12,13
LOG,Centro 2,In-person,2025-05-12,13
HCP,Centro 3,In-person,2025-05-12,12
PBI,Centro 4,Hybrid,2025-05-12,12
PYT,Centro 2,In-person,2025-05-12,12
TUR,Centro 2,In-person,2025-05-12,12
PBI,Centro 3,In-person,2025-05-12,11
SOC,Centro 3,Hybrid,2025-05-12,11
VND,Centro 2,In-person,2025-05-12,11
GES,Centro 5,Online,2025-05-12,10
PRI,Centro 5,Hybrid,2025-05-12,10
SST,Centro 5,In-person,2025-05-12,10
CYB,Centro 5,Hybrid,2025-05-12,9
GES,Centro 1,Hybrid,2025-05-12,9
EXC,Centro 5,Hybrid,2025-05-12,8
FOR,Centro 3,Online,2025-05-12,8
ING,Centro 5,Hybrid,2025-05-12,8
LID,Centro 4,In-person,2025-05-12,8
PYT,Centro 3,Online,2025-05-12,8
CYB,Centro 2,In-person,2025-05-12,7
EMP,Centro 1,In-person,2025-05-12,7
GER,Centro 2,In-person,2025-05-12,7
HOT,Centro 2,In-person,2025-05-12,7
HOT,Centro 3,Hybrid,2025-05-12,7
PRI,Centro 3,In-person,2025-05-12,7
VND,Centro 1,In-person,2025-05-12,7
CYB,Centro 4,Hybrid,2025-05-12,6
HAC,Centro 2,In-person,2025-05-12,6
HAC,Centro 4,Hybrid,2025-05-12,5
HAC,Centro 5,In-person,2025-05-12,5
LID,Centro 1,In-person,2025-05-12,5
PRO,Centro 2,Hybrid,2025-05-12,5
TUR,Centro 4,Hybrid,2025-05-12,5
CYB,Centro 2,Online,2025-05-12,4
CYB,Centro 3,Hybrid,2025-05-12,4
EMP,Centro 2,In-person,2025-05-12,4
GER,Centro 4,In-person,2025-05-12,4
ING,Centro 5,In-person,2025-05-12,4
SEG,Centro 1,In-person,2025-05-12,4
SEG,Centro 2,Hybrid,2025-05-12,4
SOC,Centro 1,Hybrid,2025-05-12,4
SST,Centro 4,In-person,2025-05-12,4
VND,Centro 2,Hybrid,2025-05-12,4
FOR,Centro 2,Hybrid,2025-05-12,3
GER,Centro 1,Hybrid,2025-05-12,3
HOT,Centro 3,In-person,2025-05-12,3
LOG,Centro 1,Hybrid,2025-05-12,3
MNT,Centro 3,In-person,2025-05-12,3
PRI,Centro 1,In-person,2025-05-12,3
PRO,Centro 1,Hybrid,2025-05-12,3
CYB,Centro 3,Online,2025-05-12,2
CYB,Centro 5,Online,2025-05-12,2
EXC,Centro 4,Online,2025-05-12,2
GES,Centro 1,In-person,2025-05-12,2
HCP,Centro 1,In-person,2025-05-12,2
HCP,Centro 5,Hybrid,2025-05-12,2
LOG,Centro 3,Hybrid,2025-05-12,2
LOG,Centro 5,In-person,2025-05-12,2
PBI,Centro 2,Online,2025-05-12,2
PBI,Centro 2,Hybrid,2025-05-12,2
PRO,Centro 3,In-person,2025-05-12,2
SCI,Centro 5,In-person,2025-05-12,2
SOC,Centro 1,In-person,2025-05-12,2
SOC,Centro 3,In-person,2025-05-12,2
VND,Centro 3,In-person,2025-05-12,2
CYB,Centro 1,Online,2025-05-12,1
CYB,Centro 4,In-person,2025-05-12,1
EXC,Centro 2,Online,2025-05-12,1
FOR,Centro 2,In-person,2025-05-12,1
GER,Centro 3,Hybrid,2025-05-12,1
GES,Centro 3,Hybrid,2025-05-12,1
GES,Centro 4,Hybrid,2025-05-12,1
GES,Centro 5,In-person,2025-05-12,1
HAC,Centro 1,In-person,2025-05-12,1
HCP,Centro 1,Hybrid,2025-05-12,1
HOT,Centro 5,Hybrid,2025-05-12,1
INF,Centro 3,Hybrid,2025-05-12,1
INF,Centro 4,Hybrid,2025-05-12,1
LID,Centro 2,In-person,2025-05-12,1
LID,Centro 5,Online,2025-05-12,1
LOG,Centro 1,In-person,2025-05-12,1
PBI,Centro 1,Hybrid,2025-05-12,1
PBI,Centro 5,Online,2025-05-12,1
PYT,Centro 3,Hybrid,2025-05-12,1
SCI,Centro 5,Hybrid,2025-05-12,1
TUR,Centro 4,In-person,2025-05-12,1
CYB,Centro 2,Online,2025-05-19,45
MNT,Centro 5,In-person,2025-05-19,45
EXC,Centro 2,Online,2025-05-19,43
PBI,Centro 1,Hybrid,2025-05-19,34
CYB,Centro 4,Hybrid,2025-05-19,25
HCP,Centro 3,In-person,2025-05-19,25
HAC,Centro 3,Hybrid,2025-05-19,23
PBI,Centro 2,Hybrid,2025-05-19,23
GER,Centro 5,In-person,2025-05-19,22
PBI,Centro 1,Online,2025-05-19,21
FOR,Centro 2,Online,2025-05-19,20
GER,Centro 3,In-person,2025-05-19,20
TUR,Centro 4,Hybrid,2025-05-19,20
GES,Centro 4,Online,2025-05-19,19
PBI,Centro 2,Online,2025-05-19,19
PBI,Centro 3,Online,2025-05-19,19
LOG,Centro 5,In-person,2025-05-19,18
MNT,Centro 4,In-person,2025-05-19,18
PBI,Centro 2,In-person,2025-05-19,18
SST,Centro 3,In-person,2025-05-19,18
INF,Centro 3,In-person,2025-05-19,17
SEG,Centro 2,In-person,2025-05-19,17
GES,Centro 5,Online,2025-05-19,16
HCP,Centro 4,In-person,2025-05-19,16
LID,Centro 5,Online,2025-05-19,15
LOG,Centro 3,In-person,2025-05-19,15
PBI,Centro 4,Hybrid,2025-05-19,15
TUR,Centro 2,In-person,2025-05-19,15
GES,Centro 1,Online,2025-05-19,14
HOT,Centro 5,In-person,2025-05-19,14
ING,Centro 1,Hybrid,2025-05-19,14
SOC,Centro 3,Hybrid,2025-05-19,14
CYB,Centro 4,Online,2025-05-19,13
LID,Centro 2,In-person,2025-05-19,13
LOG,Centro 2,In-person,2025-05-19,13
PBI,Centro 4,Online,2025-05-19,13
SST,Centro 5,Hybrid,2025-05-19,13
CYB,Centro 1,Hybrid,2025-05-19,12
EXC,Centro 2,In-person,2025-05-19,12
HAC,Centro 2,In-person,2025-05-19,12
INF,Centro 5,In-person,2025-05-19,12
PRI,Centro 1,In-person,2025-05-19,12
PYT,Centro 1,Online,2025-05-19,12
EMP,Centro 4,In-person,2025-05-19,11
EXC,Centro 5,In-person,2025-05-19,11
GER,Centro 1,In-person,2025-05-19,11
SEG,Centro 2,Hybrid,2025-05-19,11
ING,Centro 2,Online,2025-05-19,10
FOR,Centro 2,In-person,2025-05-19,9
PRI,Centro 3,Hybrid,2025-05-19,9
PRO,Centro 1,Hybrid,2025-05-19,9
SCI,Centro 3,Hybrid,2025-05-19,9
SEG,Centro 1,In-person,2025-05-19,9
GES,Centro 3,Hybrid,2025-05-19,8
HCP,Centro 3,Hybrid,2025-05-19,8
VND,Centro 2,Hybrid,2025-05-19,8
VND,Centro 4,In-person,2025-05-19,7
CYB,Centro 5,In-person,2025-05-19,6
EMP,Centro 3,In-person,2025-05-19,6
FOR,Centro 3,Online,2025-05-19,6
GER,Centro 2,In-person,2025-05-19,6
HCP,Centro 1,In-person,2025-05-19,6
HCP,Centro 5,Hybrid,2025-05-19,6
HOT,Centro 2,In-person,2025-05-19,6
INF,Centro 2,In-person,2025-05-19,6
PYT,Centro 3,Hybrid,2025-05-19,6
SCI,Centro 1,Hybrid,2025-05-19,6
VND,Centro 1,Online,2025-05-19,6
GER,Centro 3,Hybrid,2025-05-19,5
ING,Centro 5,In-person,2025-05-19,5
LOG,Centro 1,In-person,2025-05-19,5
PRI,Centro 3,In-person,2025-05-19,5
PYT,Centro 2,Online,2025-05-19,5
SOC,Centro 3,In-person,2025-05-19,5
CYB,Centro 4,In-person,2025-05-19,4
EXC,Centro 2,Hybrid,2025-05-19,4
GES,Centro 1,In-person,2025-05-19,4
PBI,Centro 3,Hybrid,2025-05-19,4
SCI,Centro 1,In-person,2025-05-19,4
SST,Centro 1,In-person,2025-05-19,4
SST,Centro 5,In-person,2025-05-19,4
TUR,Centro 3,Hybrid,2025-05-19,4
VND,Centro 2,In-person,2025-05-19,4
CYB,Centro 2,Hybrid,2025-05-19,3
EMP,Centro 5,In-person,2025-05-19,3
EXC,Centro 3,In-person,2025-05-19,3
GES,Centro 4,In-person,2025-05-19,3
ING,Centro 5,Online,2025-05-19,3
ING,Centro 5,Hybrid,2025-05-19,3
PRO,Centro 2,Hybrid,2025-05-19,3
INF,Centro 4,Hybrid,2025-05-19,2
ING,Centro 4,In-person,2025-05-19,2
LOG,Centro 4,In-person,2025-05-19,2
PBI,Centro 5,In-person,2025-05-19,2
PRI,Centro 5,Hybrid,2025-05-19,2
CYB,Centro 3,Hybrid,2025-05-19,1
EMP,Centro 2,In-person,2025-05-19,1
EXC,Centro 4,In-person,2025-05-19,1
EXC,Centro 5,Hybrid,2025-05-19,1
GER,Centro 4,In-person,2025-05-19,1
GES,Centro 5,In-person,2025-05-19,1
HOT,Centro 3,In-person,2025-05-19,1
INF,Centro 1,Hybrid,2025-05-19,1
LID,Centro 4,In-person,2025-05-19,1
PBI,Centro 5,Online,2025-05-19,1
PRI,Centro 1,Hybrid,2025-05-19,1
PRO,Centro 5,Online,2025-05-19,1
PYT,Centro 2,Hybrid,2025-05-19,1
PYT,Centro 3,Online,2025-05-19,1
SEG,Centro 5,Hybrid,2025-05-19,1
SOC,Centro 1,In-person,2025-05-19,1
VND,Centro 1,In-person,2025-05-19,1
VND,Centro 4,Online,2025-05-19,1
PRO,Centro 4,In-person,2025-05-26,51
PBI,Centro 4,Hybrid,2025-05-26,43
GER,Centro 1,In-person,2025-05-26,31
INF,Centro 2,In-person,2025-05-26,29
CYB,Centro 4,Hybrid,2025-05-26,25
PRO,Centro 3,In-person,2025-05-26,25
CYB,Centro 2,Hybrid,2025-05-26,24
HAC,Centro 1,Online,2025-05-26,23
LOG,Centro 2,In-person,2025-05-26,21
FOR,Centro 3,In-person,2025-05-26,20
FOR,Centro 5,Hybrid,2025-05-26,20
GER,Centro 3,Hybrid,2025-05-26,20
ING,Centro 2,Online,2025-05-26,20
LOG,Centro 1,In-person,2025-05-26,20
CYB,Centro 3,Online,2025-05-26,19
FOR,Centro 5,Online,2025-05-26,19
PRI,Centro 1,In-person,2025-05-26,19
PRI,Centro 4,Hybrid,2025-05-26,19
PRO,Centro 1,Hybrid,2025-05-26,18
SOC,Centro 2,In-person,2025-05-26,18
FOR,Centro 2,Online,2025-05-26,17
GES,Centro 4,Online,2025-05-26,17
PBI,Centro 3,Online,2025-05-26,17
EMP,Centro 1,In-person,2025-05-26,16
FOR,Centro 4,Online,2025-05-26,16
GER,Centro 3,In-person,2025-05-26,16
CYB,Centro 2,Online,2025-05-26,15
LOG,Centro 1,Hybrid,2025-05-26,15
CYB,Centro 4,Online,2025-05-26,14
EMP,Centro 3,In-person,2025-05-26,14
GER,Centro 4,In-person,2025-05-26,14
HOT,Centro 2,In-person,2025-05-26,14
PBI,Centro 1,Online,2025-05-26,14
SCI,Centro 1,In-person,2025-05-26,14
CYB,Centro 1,Hybrid,2025-05-26,13
FOR,Centro 1,Hybrid,2025-05-26,13
HAC,Centro 2,Hybrid,2025-05-26,13
LID,Centro 5,Online,2025-05-26,13
PBI,Centro 1,Hybrid,2025-05-26,13
PYT,Centro 2,In-person,2025-05-26,13
SEG,Centro 3,Hybrid,2025-05-26,13
SOC,Centro 3,In-person,2025-05-26,13
GES,Centro 5,Online,2025-05-26,12
LID,Centro 2,Online,2025-05-26,12
MNT,Centro 3,In-person,2025-05-26,12
SST,Centro 2,In-person,2025-05-26,12
EXC,Centro 2,Hybrid,2025-05-26,11
GER,Centro 2,In-person,2025-05-26,10
HOT,Centro 3,In-person,2025-05-26,10
ING,Centro 2,Hybrid,2025-05-26,10
LID,Centro 3,Online,2025-05-26,10
SCI,Centro 3,Hybrid,2025-05-26,10
SST,Centro 1,In-person,2025-05-26,10
LID,Centro 1,In-person,2025-05-26,9
PYT,Centro 2,Online,2025-05-26,9
TUR,Centro 4,Hybrid,2025-05-26,9
INF,Centro 3,Hybrid,2025-05-26,8
CYB,Centro 4,In-person,2025-05-26,7
EXC,Centro 4,Hybrid,2025-05-26,7
HAC,Centro 4,In-person,2025-05-26,7
MNT,Centro 5,In-person,2025-05-26,7
PRI,Centro 3,In-person,2025-05-26,7
HAC,Centro 4,Online,2025-05-26,6
PYT,Centro 3,Hybrid,2025-05-26,6
PYT,Centro 4,Online,2025-05-26,6
VND,Centro 1,In-person,2025-05-26,6
EMP,Centro 5,In-person,2025-05-26,5
HCP,Centro 2,In-person,2025-05-26,5
SEG,Centro 3,Online,2025-05-26,5
SOC,Centro 3,Hybrid,2025-05-26,5
CYB,Centro 1,Online,2025-05-26,4
FOR,Centro 2,In-person,2025-05-26,4
ING,Centro 1,Hybrid,2025-05-26,4
LOG,Centro 4,Hybrid,2025-05-26,4
PBI,Centro 2,Hybrid,2025-05-26,4
SCI,Centro 5,Hybrid,2025-05-26,4
SEG,Centro 5,In-person,2025-05-26,4
CYB,Centro 1,In-person,2025-05-26,3
EMP,Centro 2,In-person,2025-05-26,3
EXC,Centro 1,Online,2025-05-26,3
EXC,Centro 2,Online,2025-05-26,3
HAC,Centro 4,Hybrid,2025-05-26,3
HOT,Centro 4,In-person,2025-05-26,3
LOG,Centro 5,In-person,2025-05-26,3
MNT,Centro 2,In-person,2025-05-26,3
PBI,Centro 2,Online,2025-05-26,3
PYT,Centro 1,Hybrid,2025-05-26,3
CYB,Centro 5,Online,2025-05-26,2
GER,Centro 5,In-person,2025-05-26,2
HCP,Centro 1,Hybrid,2025-05-26,2
HCP,Centro 5,Hybrid,2025-05-26,2
HOT,Centro 1,In-person,2025-05-26,2
LID,Centro 1,Online,2025-05-26,2
PYT,Centro 3,Online,2025-05-26,2
SEG,Centro 1,In-person,2025-05-26,2
SOC,Centro 5,In-person,2025-05-26,2
TUR,Centro 1,In-person,2025-05-26,2
VND,Centro 3,In-person,2025-05-26,2
EXC,Centro 2,In-person,2025-05-26,1
EXC,Centro 4,In-person,2025-05-26,1
GER,Centro 1,Hybrid,2025-05-26,1
HCP,Centro 3,Hybrid,2025-05-26,1
HOT,Centro 5,In-person,2025-05-26,1
PRI,Centro 5,Hybrid,2025-05-26,1
PYT,Centro 2,Hybrid,2025-05-26,1
SEG,Centro 4,In-person,2025-05-26,1
SOC,Centro 4,In-person,2025-05-26,1
SST,Centro 4,Online,2025-05-26,1
SST,Centro 5,In-person,2025-05-26,1
PBI,Centro 4,Online,2025-06-02,41
ING,Centro 4,Online,2025-06-02,34
CYB,Centro 1,In-person,2025-06-02,21
PBI,Centro 2,Hybrid,2025-06-02,21
PYT,Centro 2,Online,2025-06-02,21
CYB,Centro 4,Hybrid,2025-06-02,20
VND,Centro 4,Hybrid,2025-06-02,20
ING,Centro 5,Hybrid,2025-06-02,19
LOG,Centro 5,In-person,2025-06-02,19
SST,Centro 5,In-person,2025-06-02,19
LID,Centro 5,Online,2025-06-02,18
PBI,Centro 2,Online,2025-06-02,18
SCI,Centro 3,In-person,2025-06-02,18
SOC,Centro 2,In-person,2025-06-02,18
EMP,Centro 1,In-person,2025-06-02,17
VND,Centro 1,In-person,2025-06-02,17
CYB,Centro 4,Online,2025-06-02,16
LOG,Centro 3,Hybrid,2025-06-02,16
PRI,Centro 2,In-person,2025-06-02,16
HAC,Centro 1,Hybrid,2025-06-02,15
EXC,Centro 3,Hybrid,2025-06-02,14
HCP,Centro 1,In-person,2025-06-02,14
LID,Centro 1,In-person,2025-06-02,14
CYB,Centro 3,Online,2025-06-02,13
SEG,Centro 1,Hybrid,2025-06-02,13
EXC,Centro 3,In-person,2025-06-02,12
GES,Centro 4,Hybrid,2025-06-02,12
HAC,Centro 3,Online,2025-06-02,12
GER,Centro 3,Hybrid,2025-06-02,11
ING,Centro 2,Hybrid,2025-06-02,11
EXC,Centro 5,Online,2025-06-02,10
GES,Centro 5,In-person,2025-06-02,10
SEG,Centro 4,Hybrid,2025-06-02,10
CYB,Centro 1,Hybrid,2025-06-02,9
SEG,Centro 1,Online,2025-06-02,9
SST,Centro 4,In-person,2025-06-02,9
FOR,Centro 2,Online,2025-06-02,8
GER,Centro 1,Hybrid,2025-06-02,8
HCP,Centro 5,Hybrid,2025-06-02,8
VND,Centro 2,Hybrid,2025-06-02,8
EMP,Centro 4,In-person,2025-06-02,7
HOT,Centro 2,In-person,2025-06-02,7
PBI,Centro 1,Online,2025-06-02,7
SCI,Centro 1,Hybrid,2025-06-02,7
FOR,Centro 3,Hybrid,2025-06-02,6
PRO,Centro 3,In-person,2025-06-02,6
SOC,Centro 3,Hybrid,2025-06-02,6
VND,Centro 1,Online,2025-06-02,6
LID,Centro 4,In-person,2025-06-02,5
CYB,Centro 2,Hybrid,2025-06-02,4
CYB,Centro 2,In-person,2025-06-02,4
HAC,Centro 4,In-person,2025-06-02,4
PBI,Centro 1,Hybrid,2025-06-02,4
PBI,Centro 5,Hybrid,2025-06-02,4
SOC,Centro 3,In-person,2025-06-02,4
SST,Centro 2,In-person,2025-06-02,4
CYB,Centro 4,In-person,2025-06-02,3
EXC,Centro 1,Online,2025-06-02,3
INF,Centro 1,In-person,2025-06-02,3
PBI,Centro 4,In-person,2025-06-02,3
PRI,Centro 3,Hybrid,2025-06-02,3
PRI,Centro 4,Hybrid,2025-06-02,3
SST,Centro 1,In-person,2025-06-02,3
TUR,Centro 2,In-person,2025-06-02,3
CYB,Centro 2,Online,2025-06-02,2
CYB,Centro 5,In-person,2025-06-02,2
EXC,Centro 5,In-person,2025-06-02,2
FOR,Centro 3,Online,2025-06-02,2
GER,Centro 1,In-person,2025-06-02,2
GES,Centro 5,Online,2025-06-02,2
HAC,Centro 1,Online,2025-06-02,2
HAC,Centro 2,Hybrid,2025-06-02,2
HCP,Centro 1,Hybrid,2025-06-02,2
MNT,Centro 2,In-person,2025-06-02,2
PBI,Centro 3,Online,2025-06-02,2
PRO,Centro 4,In-person,2025-06-02,2
PYT,Centro 3,Hybrid,2025-06-02,2
SCI,Centro 5,Hybrid,2025-06-02,2
SEG,Centro 2,Hybrid,2025-06-02,2
VND,Centro 4,In-person,2025-06-02,2
CYB,Centro 1,Online,2025-06-02,1
CYB,Centro 5,Online,2025-06-02,1
EMP,Centro 3,In-person,2025-06-02,1
EMP,Centro 5,In-person,2025-06-02,1
EXC,Centro 2,In-person,2025-06-02,1
EXC,Centro 3,Online,2025-06-02,1
HAC,Centro 3,Hybrid,2025-06-02,1
HOT,Centro 3,In-person,2025-06-02,1
INF,Centro 1,Hybrid,2025-06-02,1
ING,Centro 5,Online,2025-06-02,1
LID,Centro 2,Online,2025-06-02,1
LOG,Centro 1,In-person,2025-06-02,1
LOG,Centro 2,In-person,2025-06-02,1
MNT,Centro 1,In-person,2025-06-02,1
MNT,Centro 4,In-person,2025-06-02,1
MNT,Centro 5,In-person,2025-06-02,1
PRI,Centro 5,Hybrid,2025-06-02,1
SOC,Centro 4,Hybrid,2025-06-02,1
TUR,Centro 4,Hybrid,2025-06-02,1
TUR,Centro 5,In-person,2025-06-02,1
TUR,Centro 5,In-person,2025-06-09,37
GES,Centro 2,Online,2025-06-09,35
CYB,Centro 4,Online,2025-06-09,26
GER,Centro 3,Hybrid,2025-06-09,26
MNT,Centro 5,In-person,2025-06-09,22
VND,Centro 1,Hybrid,2025-06-09,22
FOR,Centro 2,Hybrid,2025-06-09,20
INF,Centro 5,In-person,2025-06-09,20
SST,Centro 5,Online,2025-06-09,20
EXC,Centro 2,Online,2025-06-09,19
EXC,Centro 4,In-person,2025-06-09,19
SEG,Centro 5,In-person,2025-06-09,19
LID,Centro 4,Online,2025-06-09,18
PRI,Centro 2,In-person,2025-06-09,17
SEG,Centro 3,Online,2025-06-09,16
SST,Centro 2,In-person,2025-06-09,16
GER,Centro 1,Hybrid,2025-06-09,15
FOR,Centro 3,Hybrid,2025-06-09,14
HAC,Centro 4,Hybrid,2025-06-09,14
LOG,Centro 2,Hybrid,2025-06-09,14
CYB,Centro 1,In-person,2025-06-09,13
GER,Centro 4,Hybrid,2025-06-09,13
LID,Centro 4,In-person,2025-06-09,13
LOG,Centro 5,Hybrid,2025-06-09,13
MNT,Centro 2,In-person,2025-06-09,13
VND,Centro 1,Online,2025-06-09,13
GES,Centro 2,Hybrid,2025-06-09,12
MNT,Centro 1,In-person,2025-06-09,12
CYB,Centro 1,Hybrid,2025-06-09,11
EXC,Centro 2,Hybrid,2025-06-09,11
FOR,Centro 5,Online,2025-06-09,11
LOG,Centro 1,Hybrid,2025-06-09,11
CYB,Centro 5,In-person,2025-06-09,10
FOR,Centro 2,Online,2025-06-09,10
SST,Centro 4,In-person,2025-06-09,10
VND,Centro 4,Online,2025-06-09,10
EXC,Centro 5,In-person,2025-06-09,9
GES,Centro 3,Hybrid,2025-06-09,9
PRO,Centro 4,In-person,2025-06-09,9
PYT,Centro 2,Online,2025-06-09,9
CYB,Centro 2,Hybrid,2025-06-09,8
GER,Centro 2,In-person,2025-06-09,8
HOT,Centro 2,In-person,2025-06-09,8
PBI,Centro 1,Online,2025-06-09,8
PYT,Centro 3,In-person,2025-06-09,8
EMP,Centro 5,In-person,2025-06-09,7
GER,Centro 5,In-person,2025-06-09,7
CYB,Centro 3,Online,2025-06-09,6
EXC,Centro 1,Online,2025-06-09,6
FOR,Centro 3,Online,2025-06-09,6
GES,Centro 4,Online,2025-06-09,6
HAC,Centro 2,Hybrid,2025-06-09,6
HOT,Centro 5,In-person,2025-06-09,6
LOG,Centro 3,In-person,2025-06-09,6
LOG,Centro 4,In-person,2025-06-09,6
LOG,Centro 5,In-person,2025-06-09,6
PBI,Centro 4,Online,2025-06-09,6
PBI,Centro 4,Hybrid,2025-06-09,6
PYT,Centro 1,Hybrid,2025-06-09,6
SCI,Centro 2,In-person,2025-06-09,6
PYT,Centro 2,Hybrid,2025-06-09,5
SCI,Centro 1,In-person,2025-06-09,5
SST,Centro 3,In-person,2025-06-09,5
GER,Centro 3,In-person,2025-06-09,4
HOT,Centro 3,Hybrid,2025-06-09,4
INF,Centro 4,Hybrid,2025-06-09,4
ING,Centro 5,In-person,2025-06-09,4
LID,Centro 1,In-person,2025-06-09,4
PBI,Centro 1,Hybrid,2025-06-09,4
PBI,Centro 3,Online,2025-06-09,4
PRI,Centro 1,Hybrid,2025-06-09,4
PRO,Centro 5,In-person,2025-06-09,4
PYT,Centro 4,Online,2025-06-09,4
SEG,Centro 4,In-person,2025-06-09,4
SOC,Centro 3,Hybrid,2025-06-09,4
SOC,Centro 5,In-person,2025-06-09,4
TUR,Centro 2,In-person,2025-06-09,4
EXC,Centro 3,Online,2025-06-09,3
LID,Centro 2,Online,2025-06-09,3
LOG,Centro 3,Hybrid,2025-06-09,3
PBI,Centro 4,In-person,2025-06-09,3
PRO,Centro 1,Hybrid,2025-06-09,3
PYT,Centro 1,Online,2025-06-09,3
SCI,Centro 1,Hybrid,2025-06-09,3
VND,Centro 5,In-person,2025-06-09,3
CYB,Centro 2,In-person,2025-06-09,2
EXC,Centro 5,Hybrid,2025-06-09,2
HCP,Centro 2,Hybrid,2025-06-09,2
MNT,Centro 3,In-person,2025-06-09,2
PBI,Centro 2,Online,2025-06-09,2
SCI,Centro 5,Hybrid,2025-06-09,2
SEG,Centro 2,In-person,2025-06-09,2
SEG,Centro 4,Online,2025-06-09,2
SST,Centro 5,In-person,2025-06-09,2
CYB,Centro 1,Online,2025-06-09,1
EXC,Centro 2,In-person,2025-06-09,1
EXC,Centro 3,Hybrid,2025-06-09,1
GES,Centro 5,Online,2025-06-09,1
HAC,Centro 1,Hybrid,2025-06-09,1
HAC,Centro 3,Hybrid,2025-06-09,1
HCP,Centro 1,In-person,2025-06-09,1
LID,Centro 5,Hybrid,2025-06-09,1
MNT,Centro 4,In-person,2025-06-09,1
PBI,Centro 2,In-person,2025-06-09,1
PBI,Centro 5,Hybrid,2025-06-09,1
PRI,Centro 3,In-person,2025-06-09,1
SOC,Centro 4,In-person,2025-06-09,1
EXC,Centro 3,Online,2025-06-16,55
PRI,Centro 5,Hybrid,2025-06-16,26
GER,Centro 1,In-person,2025-06-16,25
SEG,Centro 4,Online,2025-06-16,25
GES,Centro 2,Online,2025-06-16,24
CYB,Centro 3,Online,2025-06-16,22
SOC,Centro 2,In-person,2025-06-16,22
FOR,Centro 3,Online,2025-06-16,21
HCP,Centro 2,Hybrid,2025-06-16,21
GER,Centro 3,Hybrid,2025-06-16,19
GER,Centro 3,In-person,2025-06-16,19
MNT,Centro 2,In-person,2025-06-16,19
PRI,Centro 3,In-person,2025-06-16,19
SOC,Centro 3,Hybrid,2025-06-16,19
MNT,Centro 3,In-person,2025-06-16,18
PBI,Centro 1,Hybrid,2025-06-16,18
VND,Centro 1,Online,2025-06-16,18
CYB,Centro 4,Online,2025-06-16,17
GES,Centro 2,Hybrid,2025-06-16,17
INF,Centro 2,In-person,2025-06-16,15
LOG,Centro 4,Hybrid,2025-06-16,15
PYT,Centro 2,Online,2025-06-16,15
PYT,Centro 5,Hybrid,2025-06-16,15
SOC,Centro 4,In-person,2025-06-16,15
LOG,Centro 2,In-person,2025-06-16,14
PBI,Centro 2,In-person,2025-06-16,14
SST,Centro 2,Hybrid,2025-06-16,14
SST,Centro 4,In-person,2025-06-16,14
ING,Centro 2,Hybrid,2025-06-16,13
MNT,Centro 1,In-person,2025-06-16,13
PBI,Centro 5,Hybrid,2025-06-16,13
PRI,Centro 1,Hybrid,2025-06-16,13
CYB,Centro 3,Hybrid,2025-06-16,12
CYB,Centro 4,Hybrid,2025-06-16,12
LID,Centro 4,Hybrid,2025-06-16,12
LID,Centro 4,In-person,2025-06-16,12
SST,Centro 3,In-person,2025-06-16,12
EXC,Centro 3,Hybrid,2025-06-16,11
GES,Centro 4,Hybrid,2025-06-16,11
HOT,Centro 2,In-person,2025-06-16,10
HOT,Centro 5,In-person,2025-06-16,10
HAC,Centro 1,In-person,2025-06-16,9
PYT,Centro 1,Online,2025-06-16,9
SST,Centro 5,Online,2025-06-16,9
EMP,Centro 1,In-person,2025-06-16,8
EXC,Centro 2,Online,2025-06-16,7
INF,Centro 1,In-person,2025-06-16,7
MNT,Centro 5,In-person,2025-06-16,7
SCI,Centro 1,Hybrid,2025-06-16,7
CYB,Centro 5,In-person,2025-06-16,6
EXC,Centro 2,Hybrid,2025-06-16,6
FOR,Centro 2,Online,2025-06-16,6
GES,Centro 4,Online,2025-06-16,6
PRO,Centro 4,In-person,2025-06-16,6
TUR,Centro 5,Hybrid,2025-06-16,6
HCP,Centro 1,In-person,2025-06-16,5
PBI,Centro 3,Online,2025-06-16,5
SEG,Centro 1,In-person,2025-06-16,5
VND,Centro 1,Hybrid,2025-06-16,5
HCP,Centro 3,In-person,2025-06-16,4
MNT,Centro 4,In-person,2025-06-16,4
SST,Centro 3,Online,2025-06-16,4
EXC,Centro 1,In-person,2025-06-16,3
HAC,Centro 4,Online,2025-06-16,3
HCP,Centro 5,Hybrid,2025-06-16,3
LID,Centro 2,In-person,2025-06-16,3
LOG,Centro 3,In-person,2025-06-16,3
SOC,Centro 4,Hybrid,2025-06-16,3
EMP,Centro 3,In-person,2025-06-16,2
EXC,Centro 3,In-person,2025-06-16,2
FOR,Centro 2,Hybrid,2025-06-16,2
HAC,Centro 2,Hybrid,2025-06-16,2
HOT,Centro 2,Hybrid,2025-06-16,2
INF,Centro 3,Hybrid,2025-06-16,2
PRI,Centro 2,In-person,2025-06-16,2
CYB,Centro 4,In-person,2025-06-16,1
CYB,Centro 5,Online,2025-06-16,1
EXC,Centro 2,In-person,2025-06-16,1
EXC,Centro 5,In-person,2025-06-16,1
FOR,Centro 3,Hybrid,2025-06-16,1
GER,Centro 1,Hybrid,2025-06-16,1
GES,Centro 1,Online,2025-06-16,1
HAC,Centro 4,Hybrid,2025-06-16,1
INF,Centro 5,In-person,2025-06-16,1
LOG,Centro 1,In-person,2025-06-16,1
LOG,Centro 4,In-person,2025-06-16,1
LOG,Centro 5,In-person,2025-06-16,1
PRO,Centro 5,In-person,2025-06-16,1
SCI,Centro 1,In-person,2025-06-16,1
SCI,Centro 2,In-person,2025-06-16,1
SEG,Centro 2,Online,2025-06-16,1
SOC,Centro 1,In-person,2025-06-16,1
VND,Centro 1,In-person,2025-06-16,1
VND,Centro 4,Online,2025-06-23,44
SOC,Centro 4,In-person,2025-06-23,38
MNT,Centro 2,In-person,2025-06-23,30
PBI,Centro 4,Online,2025-06-23,27
PRI,Centro 2,In-person,2025-06-23,26
SEG,Centro 1,In-person,2025-06-23,26
HAC,Centro 1,Online,2025-06-23,24
SOC,Centro 1,Hybrid,2025-06-23,24
PBI,Centro 3,Online,2025-06-23,22
CYB,Centro 5,Online,2025-06-23,21
VND,Centro 1,Online,2025-06-23,21
CYB,Centro 4,Online,2025-06-23,20
FOR,Centro 3,Hybrid,2025-06-23,20
HCP,Centro 5,In-person,2025-06-23,20
INF,Centro 4,In-person,2025-06-23,20
SST,Centro 1,Hybrid,2025-06-23,20
INF,Centro 3,In-person,2025-06-23,19
PBI,Centro 4,In-person,2025-06-23,19
EMP,Centro 3,In-person,2025-06-23,18
PRO,Centro 2,Online,2025-06-23,18
SEG,Centro 5,Hybrid,2025-06-23,18
LOG,Centro 5,In-person,2025-06-23,17
TUR,Centro 4,In-person,2025-06-23,17
SCI,Centro 1,In-person,2025-06-23,16
FOR,Centro 1,In-person,2025-06-23,15
FOR,Centro 2,Hybrid,2025-06-23,15
LOG,Centro 1,In-person,2025-06-23,15
PRO,Centro 5,In-person,2025-06-23,14
PYT,Centro 3,In-person,2025-06-23,14
SST,Centro 4,Online,2025-06-23,14
TUR,Centro 1,Hybrid,2025-06-23,14
HOT,Centro 2,In-person,2025-06-23,13
PYT,Centro 2,Online,2025-06-23,13
PYT,Centro 2,Hybrid,2025-06-23,13
EMP,Centro 4,In-person,2025-06-23,12
GER,Centro 4,Hybrid,2025-06-23,12
PYT,Centro 1,Hybrid,2025-06-23,12
SCI,Centro 2,Hybrid,2025-06-23,12
SCI,Centro 5,Hybrid,2025-06-23,12
EMP,Centro 1,In-person,2025-06-23,11
HCP,Centro 3,In-person,2025-06-23,11
SEG,Centro 2,Online,2025-06-23,11
VND,Centro 4,In-person,2025-06-23,11
CYB,Centro 1,Online,2025-06-23,10
HAC,Centro 5,In-person,2025-06-23,10
LID,Centro 3,Online,2025-06-23,10
PRO,Centro 1,Hybrid,2025-06-23,10
PRO,Centro 3,Online,2025-06-23,10
HOT,Centro 2,Hybrid,2025-06-23,9
PRI,Centro 5,Hybrid,2025-06-23,9
SEG,Centro 4,Hybrid,2025-06-23,9
VND,Centro 5,In-person,2025-06-23,9
GER,Centro 1,Hybrid,2025-06-23,8
GER,Centro 3,In-person,2025-06-23,8
GER,Centro 5,In-person,2025-06-23,8
PRI,Centro 1,Hybrid,2025-06-23,8
FOR,Centro 3,Online,2025-06-23,7
HAC,Centro 1,In-person,2025-06-23,7
HCP,Centro 5,Hybrid,2025-06-23,7
INF,Centro 2,Hybrid,2025-06-23,7
ING,Centro 2,Hybrid,2025-06-23,7
MNT,Centro 1,In-person,2025-06-23,7
PRI,Centro 3,In-person,2025-06-23,7
GES,Centro 1,Hybrid,2025-06-23,6
SOC,Centro 1,In-person,2025-06-23,6
HAC,Centro 3,Hybrid,2025-06-23,5
LID,Centro 2,In-person,2025-06-23,5
LOG,Centro 5,Hybrid,2025-06-23,5
MNT,Centro 3,In-person,2025-06-23,5
PRI,Centro 1,In-person,2025-06-23,5
CYB,Centro 3,Online,2025-06-23,4
EXC,Centro 2,Online,2025-06-23,4
PBI,Centro 2,Hybrid,2025-06-23,4
PYT,Centro 5,Hybrid,2025-06-23,4
SEG,Centro 5,In-person,2025-06-23,4
TUR,Centro 2,In-person,2025-06-23,4
VND,Centro 3,Online,2025-06-23,4
INF,Centro 2,In-person,2025-06-23,3
INF,Centro 3,Hybrid,2025-06-23,3
LID,Centro 3,In-person,2025-06-23,3
LOG,Centro 3,In-person,2025-06-23,3
PRO,Centro 2,Hybrid,2025-06-23,3
PRO,Centro 3,In-person,2025-06-23,3
SST,Centro 2,Hybrid,2025-06-23,3
SST,Centro 2,In-person,2025-06-23,3
CYB,Centro 5,In-person,2025-06-23,2
EXC,Centro 3,Online,2025-06-23,2
HAC,Centro 1,Hybrid,2025-06-23,2
HOT,Centro 5,In-person,2025-06-23,2
PYT,Centro 1,Online,2025-06-23,2
CYB,Centro 1,Hybrid,2025-06-23,1
CYB,Centro 1,In-person,2025-06-23,1
FOR,Centro 2,Online,2025-06-23,1
GER,Centro 1,In-person,2025-06-23,1
GER,Centro 3,Hybrid,2025-06-23,1
GER,Centro 4,In-person,2025-06-23,1
GES,Centro 1,In-person,2025-06-23,1
GES,Centro 5,In-person,2025-06-23,1
HCP,Centro 1,In-person,2025-06-23,1
INF,Centro 1,In-person,2025-06-23,1
LID,Centro 2,Online,2025-06-23,1
LID,Centro 4,In-person,2025-06-23,1
LID,Centro 5,Hybrid,2025-06-23,1
LOG,Centro 2,In-person,2025-06-23,1
LOG,Centro 4,In-person,2025-06-23,1
PBI,Centro 4,Hybrid,2025-06-23,1
PYT,Centro 5,In-person,2025-06-23,1
SOC,Centro 4,Hybrid,2025-06-23,1
SOC,Centro 5,In-person,2025-06-23,1
TUR,Centro 5,In-person,2025-06-23,1
CYB,Centro 1,Online,2025-06-30,54
CYB,Centro 4,Online,2025-06-30,49
LOG,Centro 1,Hybrid,2025-06-30,49
PRO,Centro 2,Online,2025-06-30,49
PYT,Centro 1,Online,2025-06-30,33
SST,Centro 3,Online,2025-06-30,29
MNT,Centro 5,In-person,2025-06-30,27
INF,Centro 2,Hybrid,2025-06-30,25
PRI,Centro 1,In-person,2025-06-30,25
EXC,Centro 2,Online,2025-06-30,24
VND,Centro 4,Hybrid,2025-06-30,24
SEG,Centro 5,In-person,2025-06-30,23
EXC,Centro 5,Online,2025-06-30,21
HCP,Centro 3,In-person,2025-06-30,21
EXC,Centro 1,Online,2025-06-30,20
SEG,Centro 3,Hybrid,2025-06-30,18
GES,Centro 1,Hybrid,2025-06-30,17
MNT,Centro 2,In-person,2025-06-30,17
PRI,Centro 5,In-person,2025-06-30,17
FOR,Centro 3,Hybrid,2025-06-30,16
FOR,Centro 5,Online,2025-06-30,16
HAC,Centro 1,In-person,2025-06-30,16
LOG,Centro 4,Hybrid,2025-06-30,16
EXC,Centro 2,In-person,2025-06-30,15
PRI,Centro 1,Hybrid,2025-06-30,15
EXC,Centro 3,Online,2025-06-30,13
EXC,Centro 5,In-person,2025-06-30,13
PYT,Centro 4,Online,2025-06-30,13
EMP,Centro 4,In-person,2025-06-30,12
MNT,Centro 1,In-person,2025-06-30,12
SOC,Centro 1,In-person,2025-06-30,12
FOR,Centro 1,In-person,2025-06-30,11
GES,Centro 5,Online,2025-06-30,11
SEG,Centro 1,Hybrid,2025-06-30,11
SEG,Centro 4,In-person,2025-06-30,11
SST,Centro 4,In-person,2025-06-30,11
EXC,Centro 2,Hybrid,2025-06-30,10
FOR,Centro 2,Hybrid,2025-06-30,10
SEG,Centro 4,Hybrid,2025-06-30,10
CYB,Centro 3,Online,2025-06-30,9
EXC,Centro 4,In-person,2025-06-30,9
LID,Centro 1,In-person,2025-06-30,9
LID,Centro 4,Hybrid,2025-06-30,9
LOG,Centro 2,In-person,2025-06-30,9
PRI,Centro 2,In-person,2025-06-30,9
PRI,Centro 3,In-person,2025-06-30,9
SCI,Centro 3,Hybrid,2025-06-30,9
CYB,Centro 1,Hybrid,2025-06-30,8
CYB,Centro 5,In-person,2025-06-30,8
INF,Centro 3,Hybrid,2025-06-30,8
PYT,Centro 5,In-person,2025-06-30,8
LOG,Centro 1,In-person,2025-06-30,7
MNT,Centro 3,In-person,2025-06-30,7
SCI,Centro 1,In-person,2025-06-30,7
VND,Centro 2,Online,2025-06-30,7
VND,Centro 4,In-person,2025-06-30,7
GER,Centro 1,Hybrid,2025-06-30,6
GES,Centro 4,Hybrid,2025-06-30,6
HOT,Centro 4,In-person,2025-06-30,6
INF,Centro 1,In-person,2025-06-30,6
TUR,Centro 2,In-person,2025-06-30,6
CYB,Centro 4,Hybrid,2025-06-30,5
FOR,Centro 2,In-person,2025-06-30,5
HOT,Centro 3,In-person,2025-06-30,5
PRO,Centro 3,In-person,2025-06-30,5
PYT,Centro 2,Online,2025-06-30,5
CYB,Centro 3,Hybrid,2025-06-30,4
LID,Centro 2,In-person,2025-06-30,4
LID,Centro 4,Online,2025-06-30,4
LOG,Centro 4,In-person,2025-06-30,4
FOR,Centro 2,Online,2025-06-30,3
GER,Centro 3,In-person,2025-06-30,3
HAC,Centro 1,Online,2025-06-30,3
HCP,Centro 4,In-person,2025-06-30,3
PYT,Centro 5,Hybrid,2025-06-30,3
SST,Centro 5,In-person,2025-06-30,3
EMP,Centro 1,In-person,2025-06-30,2
GER,Centro 4,Hybrid,2025-06-30,2
PBI,Centro 1,Hybrid,2025-06-30,2
PBI,Centro 4,Hybrid,2025-06-30,2
PBI,Centro 5,Hybrid,2025-06-30,2
EMP,Centro 2,In-person,2025-06-30,1
GER,Centro 1,In-person,2025-06-30,1
GES,Centro 1,Online,2025-06-30,1
HAC,Centro 1,Hybrid,2025-06-30,1
HCP,Centro 1,In-person,2025-06-30,1
INF,Centro 2,In-person,2025-06-30,1
INF,Centro 5,In-person,2025-06-30,1
ING,Centro 2,Hybrid,2025-06-30,1
PBI,Centro 3,Online,2025-06-30,1
PBI,Centro 4,Online,2025-06-30,1
SOC,Centro 4,In-person,2025-06-30,1
SOC,Centro 5,In-person,2025-06-30,1
SST,Centro 5,Hybrid,2025-06-30,1
TUR,Centro 5,Hybrid,2025-06-30,1
TUR,Centro 5,In-person,2025-06-30,1
VND,Centro 5,In-person,2025-06-30,1
PBI,Centro 4,Online,2025-07-07,48
MNT,Centro 1,In-person,2025-07-07,47
LID,Centro 3,In-person,2025-07-07,39
PBI,Centro 2,Online,2025-07-07,36
PBI,Centro 2,Hybrid,2025-07-07,32
PYT,Centro 2,Online,2025-07-07,30
FOR,Centro 4,In-person,2025-07-07,29
SEG,Centro 2,Online,2025-07-07,29
EXC,Centro 5,Hybrid,2025-07-07,27
EXC,Centro 2,Online,2025-07-07,24
HCP,Centro 4,In-person,2025-07-07,24
PBI,Centro 4,Hybrid,2025-07-07,23
VND,Centro 2,Online,2025-07-07,23
VND,Centro 4,Hybrid,2025-07-07,23
PBI,Centro 5,Online,2025-07-07,22
PRI,Centro 2,In-person,2025-07-07,21
SOC,Centro 4,Hybrid,2025-07-07,21
SST,Centro 4,Hybrid,2025-07-07,21
TUR,Centro 5,Hybrid,2025-07-07,21
PRI,Centro 5,In-person,2025-07-07,20
SEG,Centro 1,Online,2025-07-07,20
FOR,Centro 2,Online,2025-07-07,17
VND,Centro 3,Online,2025-07-07,17
MNT,Centro 2,In-person,2025-07-07,16
SST,Centro 4,Online,2025-07-07,16
LID,Centro 2,In-person,2025-07-07,15
CYB,Centro 3,Hybrid,2025-07-07,14
HOT,Centro 2,In-person,2025-07-07,14
HOT,Centro 5,In-person,2025-07-07,14
MNT,Centro 4,In-person,2025-07-07,14
PRO,Centro 3,Online,2025-07-07,14
CYB,Centro 1,Online,2025-07-07,12
LOG,Centro 2,In-person,2025-07-07,11
SOC,Centro 2,Hybrid,2025-07-07,11
SOC,Centro 5,In-person,2025-07-07,11
TUR,Centro 3,Hybrid,2025-07-07,11
GER,Centro 3,In-person,2025-07-07,10
HAC,Centro 5,In-person,2025-07-07,10
INF,Centro 3,Hybrid,2025-07-07,10
INF,Centro 5,In-person,2025-07-07,10
ING,Centro 3,Online,2025-07-07,10
INF,Centro 1,In-person,2025-07-07,9
SOC,Centro 3,In-person,2025-07-07,9
FOR,Centro 3,In-person,2025-07-07,7
LID,Centro 4,Online,2025-07-07,7
EXC,Centro 2,Hybrid,2025-07-07,6
EXC,Centro 2,In-person,2025-07-07,6
HCP,Centro 3,In-person,2025-07-07,6
LOG,Centro 4,In-person,2025-07-07,6
LOG,Centro 5,In-person,2025-07-07,6
MNT,Centro 5,In-person,2025-07-07,6
PYT,Centro 1,Online,2025-07-07,6
PYT,Centro 2,Hybrid,2025-07-07,6
EXC,Centro 1,In-person,2025-07-07,5
HAC,Centro 1,In-person,2025-07-07,5
LOG,Centro 1,In-person,2025-07-07,5
SEG,Centro 5,In-person,2025-07-07,5
CYB,Centro 5,Online,2025-07-07,4
ING,Centro 3,Hybrid,2025-07-07,4
VND,Centro 4,In-person,2025-07-07,4
HCP,Centro 1,In-person,2025-07-07,3
PBI,Centro 1,Hybrid,2025-07-07,3
PBI,Centro 3,Hybrid,2025-07-07,3
PRO,Centro 1,Hybrid,2025-07-07,3
PRO,Centro 5,Online,2025-07-07,3
SST,Centro 1,In-person,2025-07-07,3
SST,Centro 3,In-person,2025-07-07,3
SST,Centro 5,Online,2025-07-07,3
EMP,Centro 2,In-person,2025-07-07,2
GER,Centro 4,Hybrid,2025-07-07,2
HAC,Centro 1,Online,2025-07-07,2
LID,Centro 4,Hybrid,2025-07-07,2
LID,Centro 4,In-person,2025-07-07,2
PRI,Centro 1,In-person,2025-07-07,2
PRI,Centro 3,In-person,2025-07-07,2
SCI,Centro 2,In-person,2025-07-07,2
SST,Centro 1,Hybrid,2025-07-07,2
TUR,Centro 4,In-person,2025-07-07,2
CYB,Centro 1,Hybrid,2025-07-07,1
EXC,Centro 3,Hybrid,2025-07-07,1
GER,Centro 1,In-person,2025-07-07,1
GER,Centro 2,In-person,2025-07-07,1
GER,Centro 4,In-person,2025-07-07,1
GES,Centro 1,Online,2025-07-07,1
GES,Centro 4,Hybrid,2025-07-07,1
GES,Centro 5,Online,2025-07-07,1
INF,Centro 3,In-person,2025-07-07,1
LID,Centro 5,Hybrid,2025-07-07,1
SEG,Centro 1,In-person,2025-07-07,1
SEG,Centro 4,In-person,2025-07-07,1
SST,Centro 1,Online,2025-07-07,1
SST,Centro 5,In-person,2025-07-07,1
TUR,Centro 1,Hybrid,2025-07-07,1
GER,Centro 3,Hybrid,2025-07-14,33
LOG,Centro 3,Hybrid,2025-07-14,30
EMP,Centro 4,In-person,2025-07-14,25
EXC,Centro 1,In-person,2025-07-14,24
INF,Centro 3,In-person,2025-07-14,24
VND,Centro 3,In-person,2025-07-14,24
EXC,Centro 4,In-person,2025-07-14,23
EXC,Centro 3,Online,2025-07-14,21
LOG,Centro 3,In-person,2025-07-14,21
SCI,Centro 1,In-person,2025-07-14,20
GES,Centro 4,Hybrid,2025-07-14,19
LID,Centro 3,Online,2025-07-14,19
PBI,Centro 2,Online,2025-07-14,18
PYT,Centro 4,Online,2025-07-14,18
HAC,Centro 3,In-person,2025-07-14,17
HCP,Centro 5,In-person,2025-07-14,17
LOG,Centro 4,Hybrid,2025-07-14,17
GER,Centro 4,In-person,2025-07-14,16
HOT,Centro 3,Hybrid,2025-07-14,15
ING,Centro 3,Hybrid,2025-07-14,15
SEG,Centro 2,Online,2025-07-14,15
SOC,Centro 4,Hybrid,2025-07-14,15
PYT,Centro 2,Hybrid,2025-07-14,14
SCI,Centro 3,Hybrid,2025-07-14,14
PRI,Centro 3,In-person,2025-07-14,13
CYB,Centro 4,Hybrid,2025-07-14,12
MNT,Centro 1,In-person,2025-07-14,11
PRI,Centro 2,In-person,2025-07-14,11
PYT,Centro 1,Online,2025-07-14,11
SOC,Centro 2,In-person,2025-07-14,11
HAC,Centro 1,In-person,2025-07-14,10
ING,Centro 3,Online,2025-07-14,10
PYT,Centro 5,In-person,2025-07-14,10
SOC,Centro 4,In-person,2025-07-14,10
GER,Centro 3,In-person,2025-07-14,9
HOT,Centro 2,Hybrid,2025-07-14,9
ING,Centro 5,In-person,2025-07-14,9
PRO,Centro 3,Online,2025-07-14,9
FOR,Centro 3,Online,2025-07-14,8
PBI,Centro 5,Online,2025-07-14,8
TUR,Centro 3,Hybrid,2025-07-14,8
EXC,Centro 5,Hybrid,2025-07-14,7
LOG,Centro 5,In-person,2025-07-14,7
MNT,Centro 5,In-person,2025-07-14,7
CYB,Centro 3,Hybrid,2025-07-14,6
HAC,Centro 3,Online,2025-07-14,6
LID,Centro 3,In-person,2025-07-14,6
PRO,Centro 1,Hybrid,2025-07-14,6
VND,Centro 1,Online,2025-07-14,6
EXC,Centro 1,Hybrid,2025-07-14,5
EXC,Centro 5,Online,2025-07-14,5
HOT,Centro 4,In-person,2025-07-14,5
PRI,Centro 5,In-person,2025-07-14,5
VND,Centro 2,In-person,2025-07-14,5
EXC,Centro 1,Online,2025-07-14,4
EXC,Centro 4,Hybrid,2025-07-14,4
GES,Centro 2,Hybrid,2025-07-14,4
GES,Centro 5,Online,2025-07-14,4
HAC,Centro 2,Hybrid,2025-07-14,4
HOT,Centro 3,In-person,2025-07-14,4
INF,Centro 3,Hybrid,2025-07-14,4
LID,Centro 2,Online,2025-07-14,4
PRI,Centro 1,Hybrid,2025-07-14,4
PYT,Centro 5,Hybrid,2025-07-14,4
SEG,Centro 1,In-person,2025-07-14,4
SST,Centro 2,Hybrid,2025-07-14,4
SST,Centro 2,In-person,2025-07-14,4
VND,Centro 5,In-person,2025-07-14,4
CYB,Centro 1,Online,2025-07-14,3
HOT,Centro 2,In-person,2025-07-14,3
LID,Centro 1,In-person,2025-07-14,3
PYT,Centro 1,Hybrid,2025-07-14,3
SCI,Centro 1,Hybrid,2025-07-14,3
VND,Centro 4,In-person,2025-07-14,3
EMP,Centro 2,In-person,2025-07-14,2
EXC,Centro 5,In-person,2025-07-14,2
INF,Centro 1,In-person,2025-07-14,2
INF,Centro 2,Hybrid,2025-07-14,2
SEG,Centro 1,Hybrid,2025-07-14,2
SEG,Centro 5,In-person,2025-07-14,2
TUR,Centro 1,Hybrid,2025-07-14,2
CYB,Centro 3,In-person,2025-07-14,1
CYB,Centro 5,In-person,2025-07-14,1
GER,Centro 1,Hybrid,2025-07-14,1
HAC,Centro 1,Online,2025-07-14,1
HAC,Centro 5,In-person,2025-07-14,1
INF,Centro 4,Hybrid,2025-07-14,1
LID,Centro 5,Online,2025-07-14,1
PBI,Centro 5,Hybrid,2025-07-14,1
PRO,Centro 5,In-person,2025-07-14,1
SEG,Centro 2,In-person,2025-07-14,1
SEG,Centro 3,Hybrid,2025-07-14,1
SOC,Centro 5,In-person,2025-07-14,1
SST,Centro 5,Online,2025-07-14,1
VND,Centro 5,Online,2025-07-14,1
SOC,Centro 3,In-person,2025-07-21,41
PBI,Centro 1,Online,2025-07-21,37
PYT,Centro 2,Hybrid,2025-07-21,33
MNT,Centro 5,In-person,2025-07-21,28
EXC,Centro 3,Online,2025-07-21,26
VND,Centro 5,Online,2025-07-21,22
GES,Centro 5,Online,2025-07-21,20
MNT,Centro 2,In-person,2025-07-21,19
PRI,Centro 3,In-person,2025-07-21,18
FOR,Centro 2,Online,2025-07-21,17
CYB,Centro 3,Hybrid,2025-07-21,16
EMP,Centro 5,In-person,2025-07-21,16
SEG,Centro 1,Hybrid,2025-07-21,16
PRO,Centro 4,Online,2025-07-21,15
LID,Centro 5,Hybrid,2025-07-21,14
CYB,Centro 3,In-person,2025-07-21,13
EXC,Centro 5,Online,2025-07-21,13
FOR,Centro 4,Hybrid,2025-07-21,13
PBI,Centro 5,In-person,2025-07-21,13
TUR,Centro 5,Hybrid,2025-07-21,13
HAC,Centro 2,Hybrid,2025-07-21,12
INF,Centro 1,In-person,2025-07-21,12
INF,Centro 5,In-person,2025-07-21,12
ING,Centro 3,Online,2025-07-21,12
PRI,Centro 1,In-person,2025-07-21,12
FOR,Centro 2,In-person,2025-07-21,11
LOG,Centro 3,In-person,2025-07-21,11
PRO,Centro 3,Online,2025-07-21,11
SEG,Centro 2,Online,2025-07-21,11
EMP,Centro 1,In-person,2025-07-21,10
LOG,Centro 1,In-person,2025-07-21,10
LOG,Centro 2,In-person,2025-07-21,10
SEG,Centro 5,Online,2025-07-21,10
SOC,Centro 5,In-person,2025-07-21,10
EXC,Centro 4,In-person,2025-07-21,9
FOR,Centro 5,Online,2025-07-21,9
GER,Centro 5,In-person,2025-07-21,9
GES,Centro 4,Online,2025-07-21,9
LOG,Centro 5,In-person,2025-07-21,9
PBI,Centro 4,Hybrid,2025-07-21,9
PRI,Centro 4,Hybrid,2025-07-21,9
GER,Centro 3,In-person,2025-07-21,8
LOG,Centro 3,Hybrid,2025-07-21,8
PBI,Centro 2,Online,2025-07-21,8
PYT,Centro 1,Online,2025-07-21,8
VND,Centro 1,Online,2025-07-21,8
EXC,Centro 5,In-person,2025-07-21,7
FOR,Centro 3,Online,2025-07-21,7
EMP,Centro 4,In-person,2025-07-21,6
SST,Centro 5,Hybrid,2025-07-21,6
EXC,Centro 2,Hybrid,2025-07-21,5
GER,Centro 1,Hybrid,2025-07-21,5
HCP,Centro 5,In-person,2025-07-21,5
LID,Centro 2,In-person,2025-07-21,5
SOC,Centro 4,Hybrid,2025-07-21,5
CYB,Centro 1,Online,2025-07-21,4
CYB,Centro 3,Online,2025-07-21,4
EXC,Centro 1,In-person,2025-07-21,4
GER,Centro 2,In-person,2025-07-21,4
LID,Centro 4,In-person,2025-07-21,4
PBI,Centro 2,Hybrid,2025-07-21,4
SEG,Centro 4,In-person,2025-07-21,4
SST,Centro 1,Online,2025-07-21,4
TUR,Centro 3,In-person,2025-07-21,4
EXC,Centro 2,Online,2025-07-21,3
GES,Centro 4,Hybrid,2025-07-21,3
HCP,Centro 2,Hybrid,2025-07-21,3
MNT,Centro 3,In-person,2025-07-21,3
SEG,Centro 3,In-person,2025-07-21,3
SOC,Centro 2,Hybrid,2025-07-21,3
TUR,Centro 3,Hybrid,2025-07-21,3
CYB,Centro 4,Hybrid,2025-07-21,2
EXC,Centro 1,Hybrid,2025-07-21,2
HAC,Centro 3,In-person,2025-07-21,2
HOT,Centro 3,In-person,2025-07-21,2
INF,Centro 2,Hybrid,2025-07-21,2
ING,Centro 3,Hybrid,2025-07-21,2
LID,Centro 3,In-person,2025-07-21,2
SST,Centro 4,In-person,2025-07-21,2
VND,Centro 3,In-person,2025-07-21,2
CYB,Centro 5,Online,2025-07-21,1
EMP,Centro 2,In-person,2025-07-21,1
EXC,Centro 1,Online,2025-07-21,1
EXC,Centro 3,Hybrid,2025-07-21,1
EXC,Centro 4,Hybrid,2025-07-21,1
HCP,Centro 3,Hybrid,2025-07-21,1
PBI,Centro 4,Online,2025-07-21,1
PRO,Centro 1,In-person,2025-07-21,1
PRO,Centro 4,Hybrid,2025-07-21,1
SCI,Centro 1,In-person,2025-07-21,1
SEG,Centro 1,In-person,2025-07-21,1
TUR,Centro 5,In-person,2025-07-21,1
VND,Centro 5,In-person,2025-07-21,1
HCP,Centro 1,In-person,2025-07-28,43
GES,Centro 4,Hybrid,2025-07-28,41
SST,Centro 3,Hybrid,2025-07-28,27
EMP,Centro 4,In-person,2025-07-28,26
PBI,Centro 4,Online,2025-07-28,24
CYB,Centro 1,Online,2025-07-28,23
EXC,Centro 1,Hybrid,2025-07-28,23
GES,Centro 5,Online,2025-07-28,23
LID,Centro 1,In-person,2025-07-28,23
SOC,Centro 4,Hybrid,2025-07-28,23
CYB,Centro 2,Hybrid,2025-07-28,21
LID,Centro 4,In-person,2025-07-28,21
MNT,Centro 3,In-person,2025-07-28,21
GER,Centro 3,In-person,2025-07-28,19
PRO,Centro 3,Online,2025-07-28,19
EXC,Centro 2,Hybrid,2025-07-28,18
CYB,Centro 3,Online,2025-07-28,17
EMP,Centro 1,In-person,2025-07-28,17
EXC,Centro 2,Online,2025-07-28,17
ING,Centro 3,Hybrid,2025-07-28,17
EXC,Centro 1,Online,2025-07-28,16
EXC,Centro 1,In-person,2025-07-28,16
PRO,Centro 4,In-person,2025-07-28,16
SOC,Centro 2,Hybrid,2025-07-28,16
HCP,Centro 2,Hybrid,2025-07-28,15
PRO,Centro 1,Hybrid,2025-07-28,15
SST,Centro 2,In-person,2025-07-28,15
SST,Centro 5,Hybrid,2025-07-28,15
MNT,Centro 1,In-person,2025-07-28,14
MNT,Centro 5,In-person,2025-07-28,14
GES,Centro 2,Hybrid,2025-07-28,13
LOG,Centro 4,In-person,2025-07-28,13
PBI,Centro 1,Hybrid,2025-07-28,13
SEG,Centro 2,Online,2025-07-28,13
SEG,Centro 4,In-person,2025-07-28,13
SOC,Centro 1,In-person,2025-07-28,13
INF,Centro 2,In-person,2025-07-28,12
INF,Centro 4,In-person,2025-07-28,12
LID,Centro 5,Online,2025-07-28,12
SEG,Centro 5,In-person,2025-07-28,12
TUR,Centro 3,Hybrid,2025-07-28,12
VND,Centro 2,Hybrid,2025-07-28,12
FOR,Centro 2,Hybrid,2025-07-28,11
ING,Centro 2,In-person,2025-07-28,11
PRO,Centro 5,In-person,2025-07-28,11
HAC,Centro 1,In-person,2025-07-28,10
HOT,Centro 1,In-person,2025-07-28,10
ING,Centro 5,Online,2025-07-28,10
LID,Centro 2,Online,2025-07-28,10
SEG,Centro 2,In-person,2025-07-28,10
VND,Centro 2,Online,2025-07-28,10
ING,Centro 3,In-person,2025-07-28,9
LOG,Centro 1,In-person,2025-07-28,9
PBI,Centro 2,Online,2025-07-28,9
PYT,Centro 1,Online,2025-07-28,8
SST,Centro 1,In-person,2025-07-28,8
CYB,Centro 3,In-person,2025-07-28,7
EXC,Centro 4,Hybrid,2025-07-28,7
HCP,Centro 4,In-person,2025-07-28,7
LID,Centro 5,In-person,2025-07-28,7
PYT,Centro 2,Hybrid,2025-07-28,7
EXC,Centro 4,In-person,2025-07-28,6
EXC,Centro 5,Online,2025-07-28,6
GES,Centro 1,In-person,2025-07-28,6
VND,Centro 4,Online,2025-07-28,6
INF,Centro 3,Hybrid,2025-07-28,5
ING,Centro 2,Online,2025-07-28,5
PBI,Centro 1,Online,2025-07-28,5
PBI,Centro 4,Hybrid,2025-07-28,5
PBI,Centro 5,In-person,2025-07-28,5
SCI,Centro 1,Hybrid,2025-07-28,5
CYB,Centro 3,Hybrid,2025-07-28,4
CYB,Centro 4,Hybrid,2025-07-28,4
EMP,Centro 5,In-person,2025-07-28,4
HCP,Centro 5,In-person,2025-07-28,4
HOT,Centro 3,Hybrid,2025-07-28,4
INF,Centro 1,In-person,2025-07-28,4
LID,Centro 5,Hybrid,2025-07-28,4
PBI,Centro 3,Online,2025-07-28,4
PRO,Centro 1,Online,2025-07-28,4
PRO,Centro 4,Online,2025-07-28,4
SCI,Centro 5,In-person,2025-07-28,4
EXC,Centro 2,In-person,2025-07-28,3
GER,Centro 2,In-person,2025-07-28,3
LID,Centro 4,Online,2025-07-28,3
PRI,Centro 1,In-person,2025-07-28,3
PRO,Centro 4,Hybrid,2025-07-28,3
SEG,Centro 1,In-person,2025-07-28,3
SOC,Centro 3,In-person,2025-07-28,3
SST,Centro 1,Hybrid,2025-07-28,3
VND,Centro 4,Hybrid,2025-07-28,3
FOR,Centro 3,Online,2025-07-28,2
ING,Centro 3,Online,2025-07-28,2
LOG,Centro 3,Hybrid,2025-07-28,2
PBI,Centro 2,Hybrid,2025-07-28,2
PBI,Centro 3,Hybrid,2025-07-28,2
PRO,Centro 5,Online,2025-07-28,2
VND,Centro 4,In-person,2025-07-28,2
FOR,Centro 3,In-person,2025-07-28,1
FOR,Centro 4,In-person,2025-07-28,1
HAC,Centro 2,Hybrid,2025-07-28,1
HOT,Centro 5,In-person,2025-07-28,1
LID,Centro 3,In-person,2025-07-28,1
LOG,Centro 2,In-person,2025-07-28,1
LOG,Centro 3,In-person,2025-07-28,1
MNT,Centro 2,In-person,2025-07-28,1
PRO,Centro 2,Online,2025-07-28,1
PYT,Centro 1,Hybrid,2025-07-28,1
SCI,Centro 1,In-person,2025-07-28,1
SEG,Centro 3,Hybrid,2025-07-28,1
SOC,Centro 1,Hybrid,2025-07-28,1
SST,Centro 5,In-person,2025-07-28,1
TUR,Centro 2,In-person,2025-07-28,1
PRO,Centro 4,Online,2025-08-04,52
PRO,Centro 5,Online,2025-08-04,43
PBI,Centro 2,Online,2025-08-04,40
MNT,Centro 5,In-person,2025-08-04,31
PYT,Centro 2,Online,2025-08-04,28
FOR,Centro 2,Online,2025-08-04,27
SOC,Centro 3,In-person,2025-08-04,27
LID,Centro 2,Online,2025-08-04,25
PBI,Centro 4,Hybrid,2025-08-04,25
SOC,Centro 3,Hybrid,2025-08-04,25
SST,Centro 4,In-person,2025-08-04,25
VND,Centro 5,Online,2025-08-04,25
LOG,Centro 2,Hybrid,2025-08-04,24
SOC,Centro 1,Hybrid,2025-08-04,24
SCI,Centro 1,In-person,2025-08-04,23
SST,Centro 1,Online,2025-08-04,23
MNT,Centro 3,In-person,2025-08-04,22
EXC,Centro 2,Hybrid,2025-08-04,21
EXC,Centro 5,Online,2025-08-04,20
PBI,Centro 1,Hybrid,2025-08-04,20
SCI,Centro 2,Hybrid,2025-08-04,20
PBI,Centro 4,Online,2025-08-04,18
SST,Centro 5,Hybrid,2025-08-04,18
VND,Centro 3,Hybrid,2025-08-04,18
FOR,Centro 1,Online,2025-08-04,17
GER,Centro 1,Hybrid,2025-08-04,17
GES,Centro 4,In-person,2025-08-04,17
PYT,Centro 2,In-person,2025-08-04,17
SEG,Centro 3,Hybrid,2025-08-04,17
HCP,Centro 3,Hybrid,2025-08-04,16
PBI,Centro 5,In-person,2025-08-04,15
SCI,Centro 1,Hybrid,2025-08-04,15
TUR,Centro 5,Hybrid,2025-08-04,15
VND,Centro 2,Hybrid,2025-08-04,15
VND,Centro 3,In-person,2025-08-04,15
HAC,Centro 3,Hybrid,2025-08-04,14
ING,Centro 3,Online,2025-08-04,14
LID,Centro 3,In-person,2025-08-04,14
PBI,Centro 2,Hybrid,2025-08-04,14
SOC,Centro 4,Hybrid,2025-08-04,14
VND,Centro 5,Hybrid,2025-08-04,14
CYB,Centro 4,Hybrid,2025-08-04,13
EXC,Centro 1,In-person,2025-08-04,13
HOT,Centro 1,In-person,2025-08-04,13
LOG,Centro 2,In-person,2025-08-04,13
PBI,Centro 5,Online,2025-08-04,13
PRI,Centro 1,In-person,2025-08-04,13
CYB,Centro 1,Online,2025-08-04,12
EMP,Centro 4,In-person,2025-08-04,12
MNT,Centro 4,In-person,2025-08-04,12
PRI,Centro 4,In-person,2025-08-04,12
PRO,Centro 3,Online,2025-08-04,12
PRO,Centro 3,Hybrid,2025-08-04,12
TUR,Centro 3,Hybrid,2025-08-04,12
TUR,Centro 4,In-person,2025-08-04,12
EXC,Centro 1,Online,2025-08-04,11
HAC,Centro 4,Hybrid,2025-08-04,11
PRO,Centro 2,Hybrid,2025-08-04,11
PRO,Centro 4,Hybrid,2025-08-04,11
SST,Centro 2,Hybrid,2025-08-04,11
GER,Centro 3,In-person,2025-08-04,10
HAC,Centro 3,Online,2025-08-04,10
HCP,Centro 1,Hybrid,2025-08-04,10
LID,Centro 5,Online,2025-08-04,10
MNT,Centro 1,In-person,2025-08-04,10
PYT,Centro 2,Hybrid,2025-08-04,10
SST,Centro 1,In-person,2025-08-04,10
VND,Centro 1,Hybrid,2025-08-04,10
EMP,Centro 3,In-person,2025-08-04,9
HOT,Centro 4,In-person,2025-08-04,9
EMP,Centro 5,In-person,2025-08-04,8
HOT,Centro 5,In-person,2025-08-04,8
SCI,Centro 5,In-person,2025-08-04,8
SEG,Centro 5,Online,2025-08-04,8
PRO,Centro 3,In-person,2025-08-04,7
VND,Centro 1,Online,2025-08-04,7
EXC,Centro 4,Hybrid,2025-08-04,6
FOR,Centro 4,Hybrid,2025-08-04,6
GES,Centro 2,Hybrid,2025-08-04,6
PBI,Centro 4,In-person,2025-08-04,6
SCI,Centro 3,In-person,2025-08-04,6
SEG,Centro 1,Hybrid,2025-08-04,6
SEG,Centro 2,In-person,2025-08-04,6
FOR,Centro 3,In-person,2025-08-04,5
HAC,Centro 5,Hybrid,2025-08-04,5
HCP,Centro 1,In-person,2025-08-04,5
MNT,Centro 2,In-person,2025-08-04,5
PRI,Centro 5,In-person,2025-08-04,5
PRO,Centro 1,In-person,2025-08-04,5
SEG,Centro 3,In-person,2025-08-04,5
TUR,Centro 2,In-person,2025-08-04,5
CYB,Centro 2,Online,2025-08-04,4
EXC,Centro 3,Hybrid,2025-08-04,4
HCP,Centro 5,In-person,2025-08-04,4
INF,Centro 1,In-person,2025-08-04,4
ING,Centro 5,Hybrid,2025-08-04,4
LOG,Centro 3,In-person,2025-08-04,4
PRO,Centro 4,In-person,2025-08-04,4
SST,Centro 4,Hybrid,2025-08-04,4
SST,Centro 5,In-person,2025-08-04,4
GES,Centro 2,In-person,2025-08-04,3
HCP,Centro 4,In-person,2025-08-04,3
INF,Centro 2,Hybrid,2025-08-04,3
LOG,Centro 5,In-person,2025-08-04,3
SST,Centro 3,Online,2025-08-04,3
CYB,Centro 3,Online,2025-08-04,2
CYB,Centro 3,Hybrid,2025-08-04,2
FOR,Centro 3,Hybrid,2025-08-04,2
GER,Centro 4,In-person,2025-08-04,2
GES,Centro 5,In-person,2025-08-04,2
HAC,Centro 5,In-person,2025-08-04,2
HOT,Centro 3,In-person,2025-08-04,2
INF,Centro 3,Hybrid,2025-08-04,2
INF,Centro 3,In-person,2025-08-04,2
ING,Centro 3,Hybrid,2025-08-04,2
VND,Centro 2,In-person,2025-08-04,2
CYB,Centro 2,In-person,2025-08-04,1
EXC,Centro 2,Online,2025-08-04,1
FOR,Centro 4,In-person,2025-08-04,1
HAC,Centro 2,Hybrid,2025-08-04,1
HAC,Centro 3,In-person,2025-08-04,1
ING,Centro 4,Hybrid,2025-08-04,1
LID,Centro 1,In-person,2025-08-04,1
LOG,Centro 4,In-person,2025-08-04,1
PRO,Centro 1,Online,2025-08-04,1
PRO,Centro 1,Hybrid,2025-08-04,1
SEG,Centro 1,Online,2025-08-04,1
SEG,Centro 3,Online,2025-08-04,1
SST,Centro 2,In-person,2025-08-04,1
TUR,Centro 1,Hybrid,2025-08-04,1
LOG,Centro 3,Hybrid,2025-08-11,44
EXC,Centro 4,Hybrid,2025-08-11,42
EXC,Centro 1,Hybrid,2025-08-11,36
EXC,Centro 5,Online,2025-08-11,35
EMP,Centro 5,In-person,2025-08-11,34
LOG,Centro 5,In-person,2025-08-11,32
LID,Centro 5,Online,2025-08-11,31
GER,Centro 2,In-person,2025-08-11,30
EMP,Centro 2,In-person,2025-08-11,29
EXC,Centro 2,Online,2025-08-11,29
LOG,Centro 1,In-person,2025-08-11,29
PBI,Centro 2,Hybrid,2025-08-11,29
PYT,Centro 3,Hybrid,2025-08-11,28
HOT,Centro 5,In-person,2025-08-11,27
CYB,Centro 3,Online,2025-08-11,26
HAC,Centro 3,In-person,2025-08-11,24
LOG,Centro 2,In-person,2025-08-11,24
LOG,Centro 3,In-person,2025-08-11,24
SST,Centro 1,Online,2025-08-11,24
CYB,Centro 2,Online,2025-08-11,23
EXC,Centro 2,In-person,2025-08-11,23
INF,Centro 2,In-person,2025-08-11,22
MNT,Centro 4,In-person,2025-08-11,22
GES,Centro 5,Online,2025-08-11,19
MNT,Centro 3,In-person,2025-08-11,19
EXC,Centro 2,Hybrid,2025-08-11,18
ING,Centro 2,Online,2025-08-11,18
GES,Centro 2,In-person,2025-08-11,17
HAC,Centro 1,In-person,2025-08-11,17
LOG,Centro 4,Hybrid,2025-08-11,17
GER,Centro 4,In-person,2025-08-11,16
ING,Centro 5,Online,2025-08-11,16
PBI,Centro 2,Online,2025-08-11,16
PBI,Centro 4,Hybrid,2025-08-11,16
PRO,Centro 5,Hybrid,2025-08-11,16
PYT,Centro 1,Hybrid,2025-08-11,16
FOR,Centro 5,Online,2025-08-11,15
HOT,Centro 2,In-person,2025-08-11,15
SEG,Centro 3,Hybrid,2025-08-11,15
TUR,Centro 5,In-person,2025-08-11,15
EMP,Centro 3,In-person,2025-08-11,14
HCP,Centro 1,In-person,2025-08-11,14
HOT,Centro 5,Hybrid,2025-08-11,14
PRO,Centro 3,Hybrid,2025-08-11,14
FOR,Centro 3,Hybrid,2025-08-11,13
FOR,Centro 4,Hybrid,2025-08-11,13
GER,Centro 1,In-person,2025-08-11,13
INF,Centro 3,In-person,2025-08-11,13
PRO,Centro 1,Hybrid,2025-08-11,13
PRO,Centro 3,Online,2025-08-11,13
PYT,Centro 2,Online,2025-08-11,13
EMP,Centro 1,In-person,2025-08-11,12
MNT,Centro 1,In-person,2025-08-11,12
CYB,Centro 1,Hybrid,2025-08-11,11
EXC,Centro 4,In-person,2025-08-11,11
LID,Centro 5,In-person,2025-08-11,11
SCI,Centro 1,In-person,2025-08-11,11
SST,Centro 3,Hybrid,2025-08-11,11
GES,Centro 1,In-person,2025-08-11,10
INF,Centro 5,In-person,2025-08-11,10
LID,Centro 3,Hybrid,2025-08-11,10
SST,Centro 2,In-person,2025-08-11,10
CYB,Centro 5,In-person,2025-08-11,9
ING,Centro 1,Hybrid,2025-08-11,9
ING,Centro 2,In-person,2025-08-11,9
LID,Centro 1,Online,2025-08-11,9
PBI,Centro 1,Hybrid,2025-08-11,9
PRI,Centro 5,In-person,2025-08-11,9
PRO,Centro 1,In-person,2025-08-11,9
PYT,Centro 2,Hybrid,2025-08-11,9
SCI,Centro 5,In-person,2025-08-11,9
CYB,Centro 2,Hybrid,2025-08-11,8
SCI,Centro 2,In-person,2025-08-11,8
SOC,Centro 3,In-person,2025-08-11,8
SST,Centro 4,In-person,2025-08-11,8
HCP,Centro 4,In-person,2025-08-11,7
PBI,Centro 4,Online,2025-08-11,7
SCI,Centro 1,Hybrid,2025-08-11,7
SEG,Centro 5,Online,2025-08-11,7
SST,Centro 3,Online,2025-08-11,7
EXC,Centro 4,Online,2025-08-11,6
GES,Centro 4,Online,2025-08-11,6
HAC,Centro 4,Hybrid,2025-08-11,6
HAC,Centro 4,In-person,2025-08-11,6
HAC,Centro 5,In-person,2025-08-11,6
LID,Centro 3,In-person,2025-08-11,6
PYT,Centro 1,Online,2025-08-11,6
PYT,Centro 2,In-person,2025-08-11,6
SEG,Centro 1,Hybrid,2025-08-11,6
SEG,Centro 5,In-person,2025-08-11,6
VND,Centro 2,In-person,2025-08-11,6
VND,Centro 3,Online,2025-08-11,6
FOR,Centro 2,Online,2025-08-11,5
INF,Centro 3,Hybrid,2025-08-11,5
PRI,Centro 1,In-person,2025-08-11,5
PRO,Centro 2,Online,2025-08-11,5
PRO,Centro 4,In-person,2025-08-11,5
SOC,Centro 2,In-person,2025-08-11,5
TUR,Centro 1,Hybrid,2025-08-11,5
CYB,Centro 3,Hybrid,2025-08-11,4
EXC,Centro 3,Online,2025-08-11,4
HAC,Centro 5,Hybrid,2025-08-11,4
LOG,Centro 2,Hybrid,2025-08-11,4
LOG,Centro 4,In-person,2025-08-11,4
PRO,Centro 1,Online,2025-08-11,4
SEG,Centro 3,Online,2025-08-11,4
SEG,Centro 5,Hybrid,2025-08-11,4
VND,Centro 5,In-person,2025-08-11,4
CYB,Centro 1,Online,2025-08-11,3
FOR,Centro 3,Online,2025-08-11,3
HCP,Centro 5,In-person,2025-08-11,3
LID,Centro 4,Hybrid,2025-08-11,3
PBI,Centro 1,Online,2025-08-11,3
SOC,Centro 5,In-person,2025-08-11,3
SST,Centro 2,Hybrid,2025-08-11,3
FOR,Centro 4,In-person,2025-08-11,2
GES,Centro 5,In-person,2025-08-11,2
INF,Centro 1,In-person,2025-08-11,2
INF,Centro 2,Hybrid,2025-08-11,2
INF,Centro 4,Hybrid,2025-08-11,2
LID,Centro 2,Hybrid,2025-08-11,2
PRI,Centro 3,In-person,2025-08-11,2
PRI,Centro 4,In-person,2025-08-11,2
PRO,Centro 5,In-person,2025-08-11,2
SEG,Centro 2,Online,2025-08-11,2
SOC,Centro 1,Hybrid,2025-08-11,2
SOC,Centro 4,Hybrid,2025-08-11,2
EMP,Centro 4,In-person,2025-08-11,1
FOR,Centro 2,Hybrid,2025-08-11,1
GER,Centro 2,Hybrid,2025-08-11,1
GER,Centro 3,Hybrid,2025-08-11,1
GER,Centro 3,In-person,2025-08-11,1
HCP,Centro 2,Hybrid,2025-08-11,1
ING,Centro 3,In-person,2025-08-11,1
LID,Centro 1,In-person,2025-08-11,1
LID,Centro 3,Online,2025-08-11,1
LID,Centro 4,Online,2025-08-11,1
MNT,Centro 5,In-person,2025-08-11,1
PRO,Centro 3,In-person,2025-08-11,1
PRO,Centro 4,Online,2025-08-11,1
PRO,Centro 5,Online,2025-08-11,1
PYT,Centro 4,Hybrid,2025-08-11,1
PYT,Centro 4,In-person,2025-08-11,1
SEG,Centro 1,Online,2025-08-11,1
SEG,Centro 3,In-person,2025-08-11,1
VND,Centro 3,Hybrid,2025-08-11,1
VND,Centro 4,In-person,2025-08-11,1
LOG,Centro 5,In-person,2025-08-18,43
PBI,Centro 2,Online,2025-08-18,40
CYB,Centro 1,Online,2025-08-18,39
SEG,Centro 2,Online,2025-08-18,36
CYB,Centro 2,Online,2025-08-18,30
PBI,Centro 3,Online,2025-08-18,29
MNT,Centro 1,In-person,2025-08-18,28
LOG,Centro 2,In-person,2025-08-18,27
SEG,Centro 5,In-person,2025-08-18,27
SOC,Centro 3,Hybrid,2025-08-18,27
PRO,Centro 4,Online,2025-08-18,26
SST,Centro 2,Hybrid,2025-08-18,26
GES,Centro 5,Online,2025-08-18,25
EMP,Centro 2,In-person,2025-08-18,23
PYT,Centro 1,Hybrid,2025-08-18,23
EMP,Centro 5,In-person,2025-08-18,22
GES,Centro 2,In-person,2025-08-18,19
LOG,Centro 1,In-person,2025-08-18,19
MNT,Centro 3,In-person,2025-08-18,19
PRO,Centro 3,Online,2025-08-18,19
PRO,Centro 3,Hybrid,2025-08-18,19
EXC,Centro 4,Online,2025-08-18,18
FOR,Centro 4,In-person,2025-08-18,18
MNT,Centro 4,In-person,2025-08-18,18
PRI,Centro 5,In-person,2025-08-18,17
PYT,Centro 2,Hybrid,2025-08-18,17
PBI,Centro 1,Hybrid,2025-08-18,16
CYB,Centro 1,Hybrid,2025-08-18,15
PRO,Centro 1,Online,2025-08-18,15
SEG,Centro 2,In-person,2025-08-18,15
SST,Centro 3,Hybrid,2025-08-18,15
CYB,Centro 3,In-person,2025-08-18,14
ING,Centro 4,Hybrid,2025-08-18,14
LOG,Centro 2,Hybrid,2025-08-18,14
PRI,Centro 1,In-person,2025-08-18,14
SOC,Centro 3,In-person,2025-08-18,14
SOC,Centro 4,Hybrid,2025-08-18,14
GER,Centro 3,In-person,2025-08-18,13
HAC,Centro 3,In-person,2025-08-18,13
HCP,Centro 1,Hybrid,2025-08-18,13
PBI,Centro 5,Online,2025-08-18,13
PRO,Centro 5,In-person,2025-08-18,13
EMP,Centro 1,In-person,2025-08-18,12
FOR,Centro 3,Online,2025-08-18,12
INF,Centro 1,In-person,2025-08-18,12
PYT,Centro 3,Hybrid,2025-08-18,11
SCI,Centro 1,In-person,2025-08-18,11
SST,Centro 1,Hybrid,2025-08-18,11
EXC,Centro 2,Hybrid,2025-08-18,10
EXC,Centro 3,Hybrid,2025-08-18,10
HOT,Centro 5,Hybrid,2025-08-18,10
VND,Centro 3,Hybrid,2025-08-18,10
FOR,Centro 2,Online,2025-08-18,9
FOR,Centro 4,Hybrid,2025-08-18,9
LID,Centro 2,Online,2025-08-18,9
PYT,Centro 5,Online,2025-08-18,9
SST,Centro 1,In-person,2025-08-18,9
EXC,Centro 1,Online,2025-08-18,8
LID,Centro 5,Online,2025-08-18,8
PBI,Centro 2,Hybrid,2025-08-18,8
ING,Centro 3,In-person,2025-08-18,7
LID,Centro 2,In-person,2025-08-18,7
LID,Centro 3,Hybrid,2025-08-18,7
LID,Centro 3,In-person,2025-08-18,7
PBI,Centro 2,In-person,2025-08-18,7
EXC,Centro 4,Hybrid,2025-08-18,6
ING,Centro 2,Online,2025-08-18,6
MNT,Centro 5,In-person,2025-08-18,6
CYB,Centro 2,Hybrid,2025-08-18,5
CYB,Centro 4,Hybrid,2025-08-18,5
EXC,Centro 3,Online,2025-08-18,5
ING,Centro 1,Hybrid,2025-08-18,5
ING,Centro 3,Online,2025-08-18,5
PBI,Centro 4,Online,2025-08-18,5
PRO,Centro 5,Online,2025-08-18,5
PYT,Centro 1,In-person,2025-08-18,5
TUR,Centro 5,In-person,2025-08-18,5
EMP,Centro 3,In-person,2025-08-18,4
EXC,Centro 1,Hybrid,2025-08-18,4
GER,Centro 3,Hybrid,2025-08-18,4
HOT,Centro 3,Hybrid,2025-08-18,4
INF,Centro 5,In-person,2025-08-18,4
PBI,Centro 3,Hybrid,2025-08-18,4
SCI,Centro 2,In-person,2025-08-18,4
SCI,Centro 3,In-person,2025-08-18,4
SCI,Centro 5,In-person,2025-08-18,4
CYB,Centro 3,Hybrid,2025-08-18,3
FOR,Centro 3,In-person,2025-08-18,3
GES,Centro 2,Hybrid,2025-08-18,3
GES,Centro 4,Hybrid,2025-08-18,3
GES,Centro 4,In-person,2025-08-18,3
HAC,Centro 5,Hybrid,2025-08-18,3
HCP,Centro 3,In-person,2025-08-18,3
INF,Centro 3,Hybrid,2025-08-18,3
LOG,Centro 3,Hybrid,2025-08-18,3
PBI,Centro 4,Hybrid,2025-08-18,3
PRO,Centro 3,In-person,2025-08-18,3
SOC,Centro 2,Hybrid,2025-08-18,3
SOC,Centro 5,In-person,2025-08-18,3
EXC,Centro 2,In-person,2025-08-18,2
FOR,Centro 1,Online,2025-08-18,2
FOR,Centro 3,Hybrid,2025-08-18,2
HAC,Centro 5,In-person,2025-08-18,2
HOT,Centro 4,In-person,2025-08-18,2
HOT,Centro 5,In-person,2025-08-18,2
INF,Centro 3,In-person,2025-08-18,2
PRI,Centro 3,In-person,2025-08-18,2
PRO,Centro 1,Hybrid,2025-08-18,2
PRO,Centro 2,Online,2025-08-18,2
SOC,Centro 1,In-person,2025-08-18,2
EXC,Centro 1,In-person,2025-08-18,1
EXC,Centro 4,In-person,2025-08-18,1
EXC,Centro 5,Online,2025-08-18,1
GER,Centro 2,Hybrid,2025-08-18,1
GER,Centro 2,In-person,2025-08-18,1
GER,Centro 4,In-person,2025-08-18,1
GER,Centro 5,Hybrid,2025-08-18,1
HAC,Centro 2,Online,2025-08-18,1
HOT,Centro 2,In-person,2025-08-18,1
PRO,Centro 4,Hybrid,2025-08-18,1
SEG,Centro 3,In-person,2025-08-18,1
SEG,Centro 4,In-person,2025-08-18,1
TUR,Centro 2,In-person,2025-08-18,1
VND,Centro 4,In-person,2025-08-18,1
EMP,Centro 1,In-person,2025-08-25,46
EXC,Centro 4,Hybrid,2025-08-25,44
VND,Centro 4,Online,2025-08-25,35
PBI,Centro 2,Hybrid,2025-08-25,34
PRO,Centro 5,Online,2025-08-25,32
EXC,Centro 2,Hybrid,2025-08-25,31
ING,Centro 2,Online,2025-08-25,31
FOR,Centro 4,Hybrid,2025-08-25,30
GES,Centro 4,Hybrid,2025-08-25,30
MNT,Centro 5,In-person,2025-08-25,30
GER,Centro 1,In-person,2025-08-25,29
PBI,Centro 3,Hybrid,2025-08-25,29
PYT,Centro 3,Hybrid,2025-08-25,29
CYB,Centro 2,Online,2025-08-25,28
GES,Centro 4,Online,2025-08-25,28
PBI,Centro 2,In-person,2025-08-25,28
PRI,Centro 2,In-person,2025-08-25,27
FOR,Centro 1,Hybrid,2025-08-25,25
SOC,Centro 4,Hybrid,2025-08-25,24
EXC,Centro 2,Online,2025-08-25,23
LOG,Centro 5,In-person,2025-08-25,23
PRI,Centro 1,In-person,2025-08-25,23
CYB,Centro 1,Online,2025-08-25,22
GER,Centro 3,In-person,2025-08-25,22
LID,Centro 5,Online,2025-08-25,21
SEG,Centro 2,Online,2025-08-25,21
HAC,Centro 1,In-person,2025-08-25,20
VND,Centro 2,In-person,2025-08-25,20
ING,Centro 5,Hybrid,2025-08-25,19
LOG,Centro 1,In-person,2025-08-25,19
PBI,Centro 4,Online,2025-08-25,19
SEG,Centro 2,In-person,2025-08-25,19
VND,Centro 1,In-person,2025-08-25,19
GER,Centro 4,In-person,2025-08-25,18
GES,Centro 2,Hybrid,2025-08-25,18
SCI,Centro 1,Hybrid,2025-08-25,18
HAC,Centro 4,Hybrid,2025-08-25,17
PBI,Centro 2,Online,2025-08-25,17
SST,Centro 1,Hybrid,2025-08-25,17
LOG,Centro 3,Hybrid,2025-08-25,16
PRI,Centro 2,Hybrid,2025-08-25,16
VND,Centro 3,Hybrid,2025-08-25,16
FOR,Centro 4,Online,2025-08-25,15
LOG,Centro 2,In-person,2025-08-25,15
PRI,Centro 4,Hybrid,2025-08-25,15
PYT,Centro 2,Hybrid,2025-08-25,15
CYB,Centro 5,Online,2025-08-25,14
LID,Centro 3,In-person,2025-08-25,14
PRI,Centro 4,In-person,2025-08-25,14
PRO,Centro 2,Hybrid,2025-08-25,14
TUR,Centro 3,In-person,2025-08-25,14
EMP,Centro 2,In-person,2025-08-25,13
GER,Centro 5,In-person,2025-08-25,13
ING,Centro 4,Hybrid,2025-08-25,13
SOC,Centro 1,Hybrid,2025-08-25,13
SST,Centro 5,In-person,2025-08-25,13
CYB,Centro 2,Hybrid,2025-08-25,12
HOT,Centro 5,Hybrid,2025-08-25,12
INF,Centro 1,In-person,2025-08-25,12
ING,Centro 1,Hybrid,2025-08-25,12
PRI,Centro 3,In-person,2025-08-25,12
PRI,Centro 5,In-person,2025-08-25,12
LID,Centro 1,Online,2025-08-25,11
LID,Centro 2,Online,2025-08-25,11
MNT,Centro 3,In-person,2025-08-25,11
MNT,Centro 4,In-person,2025-08-25,11
PRI,Centro 3,Hybrid,2025-08-25,11
SOC,Centro 2,In-person,2025-08-25,11
SST,Centro 3,Hybrid,2025-08-25,11
VND,Centro 1,Hybrid,2025-08-25,11
VND,Centro 4,In-person,2025-08-25,11
CYB,Centro 5,In-person,2025-08-25,10
HCP,Centro 1,In-person,2025-08-25,10
HOT,Centro 2,Hybrid,2025-08-25,10
HOT,Centro 5,In-person,2025-08-25,10
INF,Centro 5,In-person,2025-08-25,10
LOG,Centro 3,In-person,2025-08-25,10
LID,Centro 2,In-person,2025-08-25,9
SCI,Centro 5,In-person,2025-08-25,9
SOC,Centro 3,In-person,2025-08-25,9
TUR,Centro 2,In-person,2025-08-25,9
CYB,Centro 1,Hybrid,2025-08-25,8
EMP,Centro 3,In-person,2025-08-25,8
EMP,Centro 5,In-person,2025-08-25,8
EXC,Centro 4,In-person,2025-08-25,8
FOR,Centro 5,Online,2025-08-25,8
PBI,Centro 1,Online,2025-08-25,8
SEG,Centro 5,In-person,2025-08-25,8
VND,Centro 2,Online,2025-08-25,8
CYB,Centro 3,Online,2025-08-25,7
EXC,Centro 1,In-person,2025-08-25,7
HOT,Centro 2,In-person,2025-08-25,7
ING,Centro 5,In-person,2025-08-25,7
PYT,Centro 4,In-person,2025-08-25,7
SCI,Centro 1,In-person,2025-08-25,7
TUR,Centro 3,Hybrid,2025-08-25,7
VND,Centro 5,Hybrid,2025-08-25,7
GER,Centro 3,Hybrid,2025-08-25,6
HAC,Centro 1,Hybrid,2025-08-25,6
HAC,Centro 5,Hybrid,2025-08-25,6
HOT,Centro 4,In-person,2025-08-25,6
LID,Centro 2,Hybrid,2025-08-25,6
PYT,Centro 1,Online,2025-08-25,6
SCI,Centro 5,Hybrid,2025-08-25,6
SEG,Centro 3,Hybrid,2025-08-25,6
TUR,Centro 5,Hybrid,2025-08-25,6
EXC,Centro 2,In-person,2025-08-25,5
GES,Centro 5,In-person,2025-08-25,5
HAC,Centro 5,Online,2025-08-25,5
ING,Centro 3,Online,2025-08-25,5
ING,Centro 4,Online,2025-08-25,5
HAC,Centro 4,Online,2025-08-25,4
HCP,Centro 5,In-person,2025-08-25,4
ING,Centro 3,In-person,2025-08-25,4
LID,Centro 1,In-person,2025-08-25,4
PRI,Centro 5,Hybrid,2025-08-25,4
PRO,Centro 3,In-person,2025-08-25,4
SCI,Centro 4,Hybrid,2025-08-25,4
SEG,Centro 4,In-person,2025-08-25,4
CYB,Centro 4,Hybrid,2025-08-25,3
FOR,Centro 5,Hybrid,2025-08-25,3
HAC,Centro 3,Hybrid,2025-08-25,3
LID,Centro 3,Hybrid,2025-08-25,3
LOG,Centro 1,Hybrid,2025-08-25,3
PBI,Centro 1,Hybrid,2025-08-25,3
PRO,Centro 4,Online,2025-08-25,3
PRO,Centro 4,In-person,2025-08-25,3
FOR,Centro 3,Hybrid,2025-08-25,2
GES,Centro 2,In-person,2025-08-25,2
HAC,Centro 5,In-person,2025-08-25,2
HOT,Centro 1,In-person,2025-08-25,2
PRO,Centro 1,In-person,2025-08-25,2
PYT,Centro 5,Online,2025-08-25,2
SOC,Centro 3,Hybrid,2025-08-25,2
VND,Centro 5,Online,2025-08-25,2
EXC,Centro 1,Hybrid,2025-08-25,1
EXC,Centro 5,Online,2025-08-25,1
FOR,Centro 4,In-person,2025-08-25,1
GER,Centro 2,Hybrid,2025-08-25,1
GES,Centro 5,Hybrid,2025-08-25,1
HCP,Centro 3,In-person,2025-08-25,1
HCP,Centro 4,In-person,2025-08-25,1
INF,Centro 2,In-person,2025-08-25,1
INF,Centro 3,In-person,2025-08-25,1
INF,Centro 4,Hybrid,2025-08-25,1
MNT,Centro 1,In-person,2025-08-25,1
PBI,Centro 4,In-person,2025-08-25,1
PBI,Centro 5,In-person,2025-08-25,1
PRO,Centro 1,Hybrid,2025-08-25,1
PRO,Centro 2,Online,2025-08-25,1
PRO,Centro 3,Online,2025-08-25,1
PRO,Centro 5,Hybrid,2025-08-25,1
PRO,Centro 5,In-person,2025-08-25,1
PYT,Centro 4,Hybrid,2025-08-25,1
SST,Centro 2,Online,2025-08-25,1
PBI,Centro 4,Online,2025-09-01,43
SEG,Centro 1,Online,2025-09-01,40
EXC,Centro 2,Hybrid,2025-09-01,33
MNT,Centro 1,In-person,2025-09-01,33
LOG,Centro 1,In-person,2025-09-01,32
GES,Centro 5,Online,2025-09-01,30
INF,Centro 3,Hybrid,2025-09-01,30
PYT,Centro 5,Online,2025-09-01,29
EXC,Centro 1,Online,2025-09-01,28
SEG,Centro 1,Hybrid,2025-09-01,27
HAC,Centro 3,In-person,2025-09-01,26
ING,Centro 1,Online,2025-09-01,26
LOG,Centro 2,Hybrid,2025-09-01,26
TUR,Centro 4,Hybrid,2025-09-01,26
PBI,Centro 3,Hybrid,2025-09-01,25
LID,Centro 5,Online,2025-09-01,24
EMP,Centro 3,In-person,2025-09-01,23
LOG,Centro 5,In-person,2025-09-01,23
PBI,Centro 2,Online,2025-09-01,23
GES,Centro 4,In-person,2025-09-01,22
HOT,Centro 2,Hybrid,2025-09-01,22
LOG,Centro 1,Hybrid,2025-09-01,22
PRI,Centro 1,In-person,2025-09-01,22
TUR,Centro 2,In-person,2025-09-01,22
ING,Centro 2,In-person,2025-09-01,21
HAC,Centro 2,Online,2025-09-01,20
HAC,Centro 4,Online,2025-09-01,20
LOG,Centro 3,In-person,2025-09-01,20
SCI,Centro 2,In-person,2025-09-01,20
CYB,Centro 2,In-person,2025-09-01,19
INF,Centro 3,In-person,2025-09-01,19
PBI,Centro 1,Hybrid,2025-09-01,19
PRI,Centro 2,Hybrid,2025-09-01,19
SOC,Centro 1,In-person,2025-09-01,19
SST,Centro 3,Online,2025-09-01,19
EXC,Centro 5,Online,2025-09-01,18
MNT,Centro 4,In-person,2025-09-01,18
PYT,Centro 4,Online,2025-09-01,18
PBI,Centro 4,Hybrid,2025-09-01,17
SCI,Centro 4,In-person,2025-09-01,17
FOR,Centro 3,Online,2025-09-01,16
GER,Centro 4,In-person,2025-09-01,16
GER,Centro 5,Hybrid,2025-09-01,16
LOG,Centro 4,In-person,2025-09-01,16
PYT,Centro 2,Hybrid,2025-09-01,16
HAC,Centro 1,In-person,2025-09-01,15
LID,Centro 2,In-person,2025-09-01,15
PBI,Centro 3,Online,2025-09-01,15
HCP,Centro 3,In-person,2025-09-01,14
LOG,Centro 2,In-person,2025-09-01,14
SCI,Centro 1,In-person,2025-09-01,14
SEG,Centro 4,Online,2025-09-01,14
HAC,Centro 5,Hybrid,2025-09-01,13
EXC,Centro 5,In-person,2025-09-01,12
INF,Centro 5,In-person,2025-09-01,12
ING,Centro 4,Hybrid,2025-09-01,12
LID,Centro 1,Online,2025-09-01,12
LOG,Centro 5,Hybrid,2025-09-01,12
PBI,Centro 4,In-person,2025-09-01,12
PRO,Centro 3,Hybrid,2025-09-01,12
PRO,Centro 5,In-person,2025-09-01,12
SCI,Centro 1,Hybrid,2025-09-01,12
GES,Centro 4,Hybrid,2025-09-01,11
HOT,Centro 5,Hybrid,2025-09-01,11
SOC,Centro 4,Hybrid,2025-09-01,11
SST,Centro 4,Online,2025-09-01,11
TUR,Centro 1,In-person,2025-09-01,11
VND,Centro 5,Hybrid,2025-09-01,11
GES,Centro 4,Online,2025-09-01,10
HAC,Centro 5,Online,2025-09-01,10
PRI,Centro 5,In-person,2025-09-01,10
SCI,Centro 3,Hybrid,2025-09-01,10
SOC,Centro 3,Hybrid,2025-09-01,10
VND,Centro 3,Hybrid,2025-09-01,10
EXC,Centro 4,Online,2025-09-01,9
GER,Centro 1,In-person,2025-09-01,9
PRO,Centro 5,Online,2025-09-01,9
SST,Centro 1,Hybrid,2025-09-01,9
CYB,Centro 4,Online,2025-09-01,8
EMP,Centro 5,In-person,2025-09-01,8
EXC,Centro 2,In-person,2025-09-01,8
EXC,Centro 4,Hybrid,2025-09-01,8
HAC,Centro 4,In-person,2025-09-01,8
ING,Centro 3,Online,2025-09-01,8
PRI,Centro 3,In-person,2025-09-01,8
SEG,Centro 2,In-person,2025-09-01,8
SOC,Centro 2,In-person,2025-09-01,8
VND,Centro 4,Online,2025-09-01,8
VND,Centro 5,Online,2025-09-01,8
CYB,Centro 2,Hybrid,2025-09-01,7
LID,Centro 5,Hybrid,2025-09-01,7
LOG,Centro 4,Hybrid,2025-09-01,7
MNT,Centro 3,In-person,2025-09-01,7
PYT,Centro 1,Hybrid,2025-09-01,7
FOR,Centro 1,Online,2025-09-01,6
HCP,Centro 1,Hybrid,2025-09-01,6
PBI,Centro 1,Online,2025-09-01,6
FOR,Centro 2,Hybrid,2025-09-01,5
ING,Centro 5,Hybrid,2025-09-01,5
LID,Centro 3,Online,2025-09-01,5
PRI,Centro 1,Hybrid,2025-09-01,5
PRO,Centro 4,Online,2025-09-01,5
VND,Centro 1,Hybrid,2025-09-01,5
CYB,Centro 1,Hybrid,2025-09-01,4
GER,Centro 1,Hybrid,2025-09-01,4
GER,Centro 2,Hybrid,2025-09-01,4
GES,Centro 5,In-person,2025-09-01,4
HAC,Centro 2,In-person,2025-09-01,4
HAC,Centro 5,In-person,2025-09-01,4
HCP,Centro 3,Hybrid,2025-09-01,4
HOT,Centro 2,In-person,2025-09-01,4
ING,Centro 2,Online,2025-09-01,4
LID,Centro 1,Hybrid,2025-09-01,4
SEG,Centro 1,In-person,2025-09-01,4
TUR,Centro 2,Hybrid,2025-09-01,4
TUR,Centro 4,In-person,2025-09-01,4
VND,Centro 5,In-person,2025-09-01,4
CYB,Centro 4,Hybrid,2025-09-01,3
FOR,Centro 5,Online,2025-09-01,3
GES,Centro 5,Hybrid,2025-09-01,3
HAC,Centro 3,Hybrid,2025-09-01,3
HOT,Centro 4,In-person,2025-09-01,3
INF,Centro 1,In-person,2025-09-01,3
LOG,Centro 3,Hybrid,2025-09-01,3
PRO,Centro 2,Online,2025-09-01,3
PRO,Centro 5,Hybrid,2025-09-01,3
VND,Centro 1,In-person,2025-09-01,3
CYB,Centro 5,Online,2025-09-01,2
GER,Centro 5,In-person,2025-09-01,2
HCP,Centro 1,In-person,2025-09-01,2
HCP,Centro 4,In-person,2025-09-01,2
HOT,Centro 1,In-person,2025-09-01,2
PRI,Centro 4,In-person,2025-09-01,2
PRO,Centro 1,Online,2025-09-01,2
PYT,Centro 3,Hybrid,2025-09-01,2
PYT,Centro 5,In-person,2025-09-01,2
SST,Centro 3,Hybrid,2025-09-01,2
EMP,Centro 2,In-person,2025-09-01,1
EXC,Centro 1,Hybrid,2025-09-01,1
FOR,Centro 3,In-person,2025-09-01,1
FOR,Centro 5,Hybrid,2025-09-01,1
GER,Centro 2,In-person,2025-09-01,1
GES,Centro 2,In-person,2025-09-01,1
HOT,Centro 5,In-person,2025-09-01,1
INF,Centro 4,Hybrid,2025-09-01,1
PRO,Centro 1,Hybrid,2025-09-01,1
PRO,Centro 2,Hybrid,2025-09-01,1
SEG,Centro 3,Hybrid,2025-09-01,1
SEG,Centro 5,In-person,2025-09-01,1
SOC,Centro 3,In-person,2025-09-01,1
SST,Centro 2,Hybrid,2025-09-01,1
TUR,Centro 1,Hybrid,2025-09-01,1
PBI,Centro 4,Online,2025-09-08,52
CYB,Centro 1,Online,2025-09-08,41
PBI,Centro 3,Hybrid,2025-09-08,41
LOG,Centro 3,In-person,2025-09-08,39
EXC,Centro 1,Online,2025-09-08,34
FOR,Centro 4,Hybrid,2025-09-08,34
SCI,Centro 3,Hybrid,2025-09-08,32
SST,Centro 3,Hybrid,2025-09-08,32
MNT,Centro 4,In-person,2025-09-08,31
LOG,Centro 1,In-person,2025-09-08,29
PBI,Centro 2,Online,2025-09-08,29
CYB,Centro 2,Hybrid,2025-09-08,27
CYB,Centro 4,Online,2025-09-08,27
CYB,Centro 4,Hybrid,2025-09-08,25
SEG,Centro 3,In-person,2025-09-08,25
SEG,Centro 5,Online,2025-09-08,25
CYB,Centro 2,Online,2025-09-08,24
SCI,Centro 1,In-person,2025-09-08,24
HOT,Centro 5,In-person,2025-09-08,23
PYT,Centro 2,Online,2025-09-08,23
VND,Centro 2,Online,2025-09-08,23
EMP,Centro 1,In-person,2025-09-08,22
ING,Centro 2,In-person,2025-09-08,22
PYT,Centro 4,Online,2025-09-08,22
SEG,Centro 4,In-person,2025-09-08,22
GER,Centro 3,In-person,2025-09-08,21
SEG,Centro 3,Online,2025-09-08,21
SST,Centro 1,Online,2025-09-08,21
PBI,Centro 2,Hybrid,2025-09-08,20
TUR,Centro 4,In-person,2025-09-08,20
HAC,Centro 5,In-person,2025-09-08,19
SEG,Centro 1,Hybrid,2025-09-08,19
SST,Centro 1,Hybrid,2025-09-08,19
CYB,Centro 1,Hybrid,2025-09-08,18
CYB,Centro 3,In-person,2025-09-08,18
EXC,Centro 3,Hybrid,2025-09-08,18
EMP,Centro 3,In-person,2025-09-08,17
EXC,Centro 2,Hybrid,2025-09-08,17
HOT,Centro 1,Hybrid,2025-09-08,17
LID,Centro 5,Hybrid,2025-09-08,17
PRI,Centro 4,Hybrid,2025-09-08,17
EMP,Centro 5,In-person,2025-09-08,16
GES,Centro 5,Hybrid,2025-09-08,16
PRI,Centro 3,In-person,2025-09-08,16
EXC,Centro 4,Hybrid,2025-09-08,15
GER,Centro 1,In-person,2025-09-08,15
HCP,Centro 3,In-person,2025-09-08,15
INF,Centro 5,In-person,2025-09-08,15
LID,Centro 3,Hybrid,2025-09-08,15
SEG,Centro 1,Online,2025-09-08,15
SEG,Centro 5,Hybrid,2025-09-08,15
EXC,Centro 1,In-person,2025-09-08,14
PRI,Centro 1,In-person,2025-09-08,14
PYT,Centro 4,Hybrid,2025-09-08,14
CYB,Centro 5,Online,2025-09-08,13
HAC,Centro 5,Hybrid,2025-09-08,13
EMP,Centro 2,In-person,2025-09-08,12
HAC,Centro 1,In-person,2025-09-08,12
MNT,Centro 1,In-person,2025-09-08,12
PRI,Centro 5,Hybrid,2025-09-08,12
EXC,Centro 1,Hybrid,2025-09-08,11
HAC,Centro 4,In-person,2025-09-08,10
LID,Centro 2,Hybrid,2025-09-08,10
LOG,Centro 5,In-person,2025-09-08,10
GES,Centro 4,Online,2025-09-08,9
HAC,Centro 4,Online,2025-09-08,9
LID,Centro 5,In-person,2025-09-08,9
LOG,Centro 2,In-person,2025-09-08,9
EXC,Centro 2,Online,2025-09-08,8
PRI,Centro 5,In-person,2025-09-08,8
SOC,Centro 2,Hybrid,2025-09-08,8
SST,Centro 4,In-person,2025-09-08,8
VND,Centro 3,Hybrid,2025-09-08,8
EXC,Centro 5,Online,2025-09-08,7
FOR,Centro 2,Online,2025-09-08,7
GER,Centro 4,In-person,2025-09-08,7
INF,Centro 3,In-person,2025-09-08,7
LID,Centro 2,In-person,2025-09-08,7
LID,Centro 3,In-person,2025-09-08,7
LOG,Centro 4,Hybrid,2025-09-08,7
LOG,Centro 4,In-person,2025-09-08,7
PBI,Centro 2,In-person,2025-09-08,7
SCI,Centro 5,In-person,2025-09-08,7
SOC,Centro 3,In-person,2025-09-08,7
HCP,Centro 2,In-person,2025-09-08,6
PRO,Centro 4,Hybrid,2025-09-08,6
PRO,Centro 5,In-person,2025-09-08,6
SCI,Centro 2,In-person,2025-09-08,6
SEG,Centro 1,In-person,2025-09-08,6
TUR,Centro 5,In-person,2025-09-08,6
HCP,Centro 1,In-person,2025-09-08,5
INF,Centro 3,Hybrid,2025-09-08,5
PRI,Centro 3,Hybrid,2025-09-08,5
PYT,Centro 2,Hybrid,2025-09-08,5
SEG,Centro 3,Hybrid,2025-09-08,5
SST,Centro 3,Online,2025-09-08,5
VND,Centro 5,In-person,2025-09-08,5
FOR,Centro 3,Hybrid,2025-09-08,4
GER,Centro 5,In-person,2025-09-08,4
HAC,Centro 4,Hybrid,2025-09-08,4
HCP,Centro 3,Hybrid,2025-09-08,4
LID,Centro 1,Online,2025-09-08,4
MNT,Centro 3,In-person,2025-09-08,4
PRI,Centro 4,In-person,2025-09-08,4
SCI,Centro 3,In-person,2025-09-08,4
GES,Centro 4,In-person,2025-09-08,3
LID,Centro 1,Hybrid,2025-09-08,3
LID,Centro 1,In-person,2025-09-08,3
LID,Centro 5,Online,2025-09-08,3
MNT,Centro 5,In-person,2025-09-08,3
PRI,Centro 2,In-person,2025-09-08,3
PRO,Centro 2,Hybrid,2025-09-08,3
PYT,Centro 4,In-person,2025-09-08,3
TUR,Centro 4,Hybrid,2025-09-08,3
CYB,Centro 2,In-person,2025-09-08,2
GES,Centro 1,In-person,2025-09-08,2
HAC,Centro 3,In-person,2025-09-08,2
LOG,Centro 2,Hybrid,2025-09-08,2
PRI,Centro 2,Hybrid,2025-09-08,2
PYT,Centro 1,Hybrid,2025-09-08,2
SOC,Centro 4,Hybrid,2025-09-08,2
SST,Centro 5,Hybrid,2025-09-08,2
VND,Centro 5,Hybrid,2025-09-08,2
EXC,Centro 4,In-person,2025-09-08,1
FOR,Centro 5,Online,2025-09-08,1
GER,Centro 2,Hybrid,2025-09-08,1
HOT,Centro 2,In-person,2025-09-08,1
INF,Centro 1,In-person,2025-09-08,1
ING,Centro 4,Hybrid,2025-09-08,1
LOG,Centro 1,Hybrid,2025-09-08,1
LOG,Centro 3,Hybrid,2025-09-08,1
PBI,Centro 4,In-person,2025-09-08,1
PRO,Centro 2,Online,2025-09-08,1
PYT,Centro 3,Hybrid,2025-09-08,1
SCI,Centro 1,Hybrid,2025-09-08,1
SST,Centro 2,In-person,2025-09-08,1
TUR,Centro 2,In-person,2025-09-08,1
MNT,Centro 4,In-person,2025-09-15,46
EXC,Centro 4,Online,2025-09-15,43
PRO,Centro 1,Online,2025-09-15,43
MNT,Centro 5,In-person,2025-09-15,34
SOC,Centro 3,In-person,2025-09-15,33
MNT,Centro 3,In-person,2025-09-15,32
EMP,Centro 5,In-person,2025-09-15,31
PYT,Centro 3,Hybrid,2025-09-15,31
EMP,Centro 3,In-person,2025-09-15,29
PBI,Centro 2,Hybrid,2025-09-15,28
PRI,Centro 5,In-person,2025-09-15,27
SEG,Centro 4,Hybrid,2025-09-15,26
PBI,Centro 1,Online,2025-09-15,24
PRO,Centro 3,Online,2025-09-15,24
LOG,Centro 2,Hybrid,2025-09-15,23
LOG,Centro 1,In-person,2025-09-15,22
CYB,Centro 4,In-person,2025-09-15,20
SST,Centro 1,In-person,2025-09-15,20
HOT,Centro 3,In-person,2025-09-15,19
PBI,Centro 1,Hybrid,2025-09-15,18
SEG,Centro 3,Hybrid,2025-09-15,18
SST,Centro 3,Online,2025-09-15,18
CYB,Centro 4,Hybrid,2025-09-15,17
FOR,Centro 5,Online,2025-09-15,17
GES,Centro 2,Hybrid,2025-09-15,17
PRI,Centro 2,Hybrid,2025-09-15,17
GER,Centro 5,Hybrid,2025-09-15,16
PRI,Centro 2,In-person,2025-09-15,16
CYB,Centro 1,Online,2025-09-15,15
CYB,Centro 4,Online,2025-09-15,15
HAC,Centro 5,Hybrid,2025-09-15,15
HOT,Centro 5,In-person,2025-09-15,15
SST,Centro 5,In-person,2025-09-15,15
ING,Centro 3,Online,2025-09-15,14
PBI,Centro 2,Online,2025-09-15,14
PBI,Centro 4,Online,2025-09-15,14
SEG,Centro 3,In-person,2025-09-15,14
SOC,Centro 2,In-person,2025-09-15,14
VND,Centro 2,In-person,2025-09-15,14
EXC,Centro 1,In-person,2025-09-15,13
ING,Centro 2,Hybrid,2025-09-15,13
PRI,Centro 4,Hybrid,2025-09-15,13
SCI,Centro 4,In-person,2025-09-15,13
SST,Centro 1,Hybrid,2025-09-15,13
FOR,Centro 5,Hybrid,2025-09-15,12
LID,Centro 3,In-person,2025-09-15,12
LID,Centro 5,In-person,2025-09-15,12
SST,Centro 2,Hybrid,2025-09-15,12
EXC,Centro 2,In-person,2025-09-15,11
HAC,Centro 1,In-person,2025-09-15,11
LOG,Centro 5,In-person,2025-09-15,11
SCI,Centro 2,In-person,2025-09-15,11
SEG,Centro 5,Online,2025-09-15,11
CYB,Centro 3,Hybrid,2025-09-15,10
HCP,Centro 2,In-person,2025-09-15,10
HAC,Centro 4,Hybrid,2025-09-15,9
LOG,Centro 2,In-person,2025-09-15,9
PBI,Centro 4,Hybrid,2025-09-15,9
PRO,Centro 4,Hybrid,2025-09-15,9
PYT,Centro 4,Hybrid,2025-09-15,9
SCI,Centro 1,In-person,2025-09-15,9
SCI,Centro 3,Hybrid,2025-09-15,9
SEG,Centro 1,Online,2025-09-15,9
TUR,Centro 3,Hybrid,2025-09-15,9
CYB,Centro 2,Online,2025-09-15,8
HAC,Centro 5,In-person,2025-09-15,8
HOT,Centro 5,Hybrid,2025-09-15,8
LID,Centro 5,Online,2025-09-15,8
LOG,Centro 4,In-person,2025-09-15,8
SEG,Centro 3,Online,2025-09-15,8
SOC,Centro 4,Hybrid,2025-09-15,8
GER,Centro 3,In-person,2025-09-15,7
HAC,Centro 4,In-person,2025-09-15,7
HCP,Centro 4,Hybrid,2025-09-15,7
ING,Centro 5,In-person,2025-09-15,7
LOG,Centro 3,Hybrid,2025-09-15,7
LOG,Centro 4,Hybrid,2025-09-15,7
PRI,Centro 5,Hybrid,2025-09-15,7
SEG,Centro 2,Online,2025-09-15,7
SOC,Centro 5,In-person,2025-09-15,7
EXC,Centro 1,Hybrid,2025-09-15,6
FOR,Centro 2,Hybrid,2025-09-15,6
INF,Centro 1,In-person,2025-09-15,6
LID,Centro 4,Hybrid,2025-09-15,6
PBI,Centro 5,Online,2025-09-15,6
SST,Centro 3,In-person,2025-09-15,6
VND,Centro 2,Hybrid,2025-09-15,6
CYB,Centro 1,Hybrid,2025-09-15,5
HCP,Centro 3,Hybrid,2025-09-15,5
ING,Centro 1,Online,2025-09-15,5
LID,Centro 1,Online,2025-09-15,5
PBI,Centro 2,In-person,2025-09-15,5
PBI,Centro 3,Hybrid,2025-09-15,5
PRI,Centro 1,Hybrid,2025-09-15,5
PRI,Centro 3,In-person,2025-09-15,5
SCI,Centro 5,Hybrid,2025-09-15,5
SEG,Centro 1,In-person,2025-09-15,5
SST,Centro 2,Online,2025-09-15,5
TUR,Centro 2,In-person,2025-09-15,5
EXC,Centro 1,Online,2025-09-15,4
EXC,Centro 4,Hybrid,2025-09-15,4
GER,Centro 4,Hybrid,2025-09-15,4
GES,Centro 4,Hybrid,2025-09-15,4
HCP,Centro 5,Hybrid,2025-09-15,4
HOT,Centro 1,In-person,2025-09-15,4
HOT,Centro 2,In-person,2025-09-15,4
INF,Centro 3,In-person,2025-09-15,4
INF,Centro 5,In-person,2025-09-15,4
SEG,Centro 4,In-person,2025-09-15,4
SST,Centro 5,Hybrid,2025-09-15,4
VND,Centro 4,Online,2025-09-15,4
CYB,Centro 2,Hybrid,2025-09-15,3
EMP,Centro 1,In-person,2025-09-15,3
GES,Centro 5,Hybrid,2025-09-15,3
LID,Centro 4,In-person,2025-09-15,3
PBI,Centro 4,In-person,2025-09-15,3
PRI,Centro 4,In-person,2025-09-15,3
PYT,Centro 5,In-person,2025-09-15,3
SEG,Centro 5,Hybrid,2025-09-15,3
SOC,Centro 1,In-person,2025-09-15,3
SST,Centro 2,In-person,2025-09-15,3
VND,Centro 5,Online,2025-09-15,3
CYB,Centro 3,In-person,2025-09-15,2
EXC,Centro 5,Hybrid,2025-09-15,2
FOR,Centro 4,Hybrid,2025-09-15,2
GER,Centro 2,In-person,2025-09-15,2
HAC,Centro 3,Hybrid,2025-09-15,2
HCP,Centro 1,In-person,2025-09-15,2
HOT,Centro 1,Hybrid,2025-09-15,2
ING,Centro 4,Hybrid,2025-09-15,2
PRO,Centro 4,In-person,2025-09-15,2
SCI,Centro 3,In-person,2025-09-15,2
SCI,Centro 5,In-person,2025-09-15,2
VND,Centro 5,Hybrid,2025-09-15,2
EXC,Centro 2,Online,2025-09-15,1
EXC,Centro 4,In-person,2025-09-15,1
EXC,Centro 5,In-person,2025-09-15,1
FOR,Centro 2,Online,2025-09-15,1
FOR,Centro 4,In-person,2025-09-15,1
GES,Centro 2,In-person,2025-09-15,1
HAC,Centro 5,Online,2025-09-15,1
HCP,Centro 3,In-person,2025-09-15,1
INF,Centro 2,In-person,2025-09-15,1
INF,Centro 3,Hybrid,2025-09-15,1
INF,Centro 4,Hybrid,2025-09-15,1
LID,Centro 1,Hybrid,2025-09-15,1
LID,Centro 1,In-person,2025-09-15,1
LID,Centro 2,Hybrid,2025-09-15,1
LID,Centro 4,Online,2025-09-15,1
LOG,Centro 3,In-person,2025-09-15,1
MNT,Centro 1,In-person,2025-09-15,1
PRO,Centro 2,Hybrid,2025-09-15,1
PYT,Centro 5,Online,2025-09-15,1
SST,Centro 3,Hybrid,2025-09-15,1
TUR,Centro 4,Hybrid,2025-09-15,1
VND,Centro 1,In-person,2025-09-15,1
VND,Centro 4,Hybrid,2025-09-15,1
VND,Centro 5,In-person,2025-09-15,1
PRO,Centro 2,Online,2025-09-22,63
PRO,Centro 2,Hybrid,2025-09-22,45
GER,Centro 5,In-person,2025-09-22,37
CYB,Centro 2,Hybrid,2025-09-22,36
CYB,Centro 4,Hybrid,2025-09-22,36
FOR,Centro 2,Hybrid,2025-09-22,35
PBI,Centro 4,Online,2025-09-22,34
GER,Centro 3,In-person,2025-09-22,33
SOC,Centro 3,In-person,2025-09-22,33
FOR,Centro 2,Online,2025-09-22,32
MNT,Centro 1,In-person,2025-09-22,31
FOR,Centro 3,Online,2025-09-22,30
VND,Centro 5,Online,2025-09-22,29
MNT,Centro 3,In-person,2025-09-22,28
EXC,Centro 1,Online,2025-09-22,27
HAC,Centro 5,In-person,2025-09-22,27
PBI,Centro 3,Online,2025-09-22,27
CYB,Centro 4,Online,2025-09-22,26
EXC,Centro 2,Hybrid,2025-09-22,25
LOG,Centro 5,Hybrid,2025-09-22,25
SEG,Centro 3,In-person,2025-09-22,25
FOR,Centro 4,Online,2025-09-22,24
HAC,Centro 5,Online,2025-09-22,24
EXC,Centro 2,Online,2025-09-22,23
LOG,Centro 2,In-person,2025-09-22,23
PRI,Centro 4,In-person,2025-09-22,23
TUR,Centro 5,In-person,2025-09-22,22
HOT,Centro 5,Hybrid,2025-09-22,20
PRO,Centro 2,In-person,2025-09-22,20
HAC,Centro 1,In-person,2025-09-22,19
LID,Centro 1,Hybrid,2025-09-22,19
SCI,Centro 3,Hybrid,2025-09-22,19
SEG,Centro 2,Hybrid,2025-09-22,19
VND,Centro 2,In-person,2025-09-22,19
VND,Centro 3,Hybrid,2025-09-22,19
HOT,Centro 5,In-person,2025-09-22,18
LID,Centro 1,In-person,2025-09-22,18
PYT,Centro 3,Hybrid,2025-09-22,17
HAC,Centro 5,Hybrid,2025-09-22,16
SEG,Centro 1,Hybrid,2025-09-22,16
SOC,Centro 5,In-person,2025-09-22,16
EXC,Centro 4,Hybrid,2025-09-22,15
GES,Centro 5,Hybrid,2025-09-22,15
INF,Centro 1,In-person,2025-09-22,15
SEG,Centro 4,In-person,2025-09-22,15
VND,Centro 4,In-person,2025-09-22,15
GES,Centro 5,In-person,2025-09-22,14
HCP,Centro 4,Hybrid,2025-09-22,14
INF,Centro 2,Hybrid,2025-09-22,14
PYT,Centro 5,In-person,2025-09-22,14
EMP,Centro 3,In-person,2025-09-22,13
PBI,Centro 5,In-person,2025-09-22,13
EMP,Centro 5,In-person,2025-09-22,12
EXC,Centro 5,Hybrid,2025-09-22,12
GES,Centro 4,In-person,2025-09-22,12
HAC,Centro 3,Hybrid,2025-09-22,12
ING,Centro 5,Hybrid,2025-09-22,12
VND,Centro 4,Online,2025-09-22,12
EXC,Centro 4,Online,2025-09-22,11
GER,Centro 4,In-person,2025-09-22,11
LOG,Centro 4,In-person,2025-09-22,11
SST,Centro 2,Online,2025-09-22,11
GER,Centro 1,In-person,2025-09-22,10
PBI,Centro 1,Online,2025-09-22,10
EMP,Centro 2,In-person,2025-09-22,9
EMP,Centro 4,In-person,2025-09-22,9
ING,Centro 1,Online,2025-09-22,9
SCI,Centro 1,Hybrid,2025-09-22,9
CYB,Centro 1,Online,2025-09-22,8
EXC,Centro 1,Hybrid,2025-09-22,8
EXC,Centro 5,In-person,2025-09-22,8
HCP,Centro 2,Hybrid,2025-09-22,8
HOT,Centro 2,In-person,2025-09-22,8
INF,Centro 2,In-person,2025-09-22,8
LOG,Centro 5,In-person,2025-09-22,8
PRI,Centro 3,In-person,2025-09-22,8
SEG,Centro 4,Online,2025-09-22,8
GER,Centro 1,Hybrid,2025-09-22,7
INF,Centro 1,Hybrid,2025-09-22,7
PRI,Centro 1,Hybrid,2025-09-22,7
TUR,Centro 3,Hybrid,2025-09-22,7
CYB,Centro 2,Online,2025-09-22,6
GER,Centro 2,In-person,2025-09-22,6
HCP,Centro 3,In-person,2025-09-22,6
ING,Centro 4,Hybrid,2025-09-22,6
LID,Centro 2,Hybrid,2025-09-22,6
LID,Centro 5,In-person,2025-09-22,6
PBI,Centro 2,Hybrid,2025-09-22,6
PRI,Centro 2,Hybrid,2025-09-22,6
PYT,Centro 4,Online,2025-09-22,6
PBI,Centro 4,In-person,2025-09-22,5
PBI,Centro 5,Hybrid,2025-09-22,5
PYT,Centro 2,Online,2025-09-22,5
SOC,Centro 4,Hybrid,2025-09-22,5
SST,Centro 2,Hybrid,2025-09-22,5
CYB,Centro 3,Hybrid,2025-09-22,4
EXC,Centro 2,In-person,2025-09-22,4
GER,Centro 5,Hybrid,2025-09-22,4
HAC,Centro 1,Online,2025-09-22,4
HAC,Centro 2,In-person,2025-09-22,4
HCP,Centro 5,Hybrid,2025-09-22,4
INF,Centro 3,Hybrid,2025-09-22,4
INF,Centro 5,In-person,2025-09-22,4
LID,Centro 1,Online,2025-09-22,4
LOG,Centro 1,In-person,2025-09-22,4
PRO,Centro 5,In-person,2025-09-22,4
PYT,Centro 2,Hybrid,2025-09-22,4
PYT,Centro 4,Hybrid,2025-09-22,4
PYT,Centro 4,In-person,2025-09-22,4
SEG,Centro 1,Online,2025-09-22,4
SEG,Centro 3,Online,2025-09-22,4
TUR,Centro 1,Hybrid,2025-09-22,4
TUR,Centro 4,In-person,2025-09-22,4
VND,Centro 1,Hybrid,2025-09-22,4
VND,Centro 2,Hybrid,2025-09-22,4
EXC,Centro 4,In-person,2025-09-22,3
GER,Centro 4,Hybrid,2025-09-22,3
HCP,Centro 1,In-person,2025-09-22,3
HOT,Centro 3,In-person,2025-09-22,3
LOG,Centro 3,In-person,2025-09-22,3
MNT,Centro 5,In-person,2025-09-22,3
PBI,Centro 2,In-person,2025-09-22,3
PRI,Centro 1,In-person,2025-09-22,3
CYB,Centro 3,In-person,2025-09-22,2
CYB,Centro 4,In-person,2025-09-22,2
EMP,Centro 1,In-person,2025-09-22,2
GES,Centro 2,Hybrid,2025-09-22,2
HAC,Centro 2,Online,2025-09-22,2
HAC,Centro 4,Hybrid,2025-09-22,2
HAC,Centro 4,In-person,2025-09-22,2
INF,Centro 4,In-person,2025-09-22,2
ING,Centro 2,In-person,2025-09-22,2
LOG,Centro 2,Hybrid,2025-09-22,2
LOG,Centro 3,Hybrid,2025-09-22,2
PRO,Centro 1,Online,2025-09-22,2
PRO,Centro 4,Hybrid,2025-09-22,2
SCI,Centro 1,In-person,2025-09-22,2
SST,Centro 4,In-person,2025-09-22,2
SST,Centro 5,Hybrid,2025-09-22,2
CYB,Centro 2,In-person,2025-09-22,1
EXC,Centro 3,In-person,2025-09-22,1
HOT,Centro 1,Hybrid,2025-09-22,1
HOT,Centro 2,Hybrid,2025-09-22,1
LID,Centro 4,Online,2025-09-22,1
PBI,Centro 1,Hybrid,2025-09-22,1
PBI,Centro 3,Hybrid,2025-09-22,1
PRI,Centro 5,Hybrid,2025-09-22,1
PYT,Centro 5,Online,2025-09-22,1
SEG,Centro 1,In-person,2025-09-22,1
SEG,Centro 4,Hybrid,2025-09-22,1
SOC,Centro 2,In-person,2025-09-22,1
SST,Centro 3,Online,2025-09-22,1
SST,Centro 5,In-person,2025-09-22,1
VND,Centro 5,Hybrid,2025-09-22,1
EMP,Centro 3,In-person,2025-09-29,49
ING,Centro 3,Online,2025-09-29,49
EMP,Centro 1,In-person,2025-09-29,39
PYT,Centro 4,Online,2025-09-29,39
EXC,Centro 2,Online,2025-09-29,34
FOR,Centro 5,Online,2025-09-29,34
MNT,Centro 4,In-person,2025-09-29,34
ING,Centro 3,Hybrid,2025-09-29,30
SEG,Centro 2,Hybrid,2025-09-29,30
SEG,Centro 2,Online,2025-09-29,29
PBI,Centro 4,Online,2025-09-29,27
PRI,Centro 4,Hybrid,2025-09-29,27
MNT,Centro 1,In-person,2025-09-29,26
HOT,Centro 4,In-person,2025-09-29,25
SEG,Centro 1,In-person,2025-09-29,25
PYT,Centro 2,Online,2025-09-29,24
SST,Centro 5,Online,2025-09-29,24
EXC,Centro 4,Hybrid,2025-09-29,22
FOR,Centro 2,Online,2025-09-29,22
HOT,Centro 5,In-person,2025-09-29,22
EXC,Centro 1,Online,2025-09-29,21
HCP,Centro 2,Hybrid,2025-09-29,21
SCI,Centro 3,Hybrid,2025-09-29,21
CYB,Centro 1,Online,2025-09-29,20
EMP,Centro 2,In-person,2025-09-29,20
HAC,Centro 4,Hybrid,2025-09-29,20
PRI,Centro 5,In-person,2025-09-29,20
SST,Centro 3,Hybrid,2025-09-29,20
HOT,Centro 5,Hybrid,2025-09-29,19
INF,Centro 3,In-person,2025-09-29,19
INF,Centro 4,In-person,2025-09-29,19
LOG,Centro 3,In-person,2025-09-29,19
PBI,Centro 2,Online,2025-09-29,19
PBI,Centro 3,Hybrid,2025-09-29,19
PBI,Centro 4,Hybrid,2025-09-29,19
SOC,Centro 1,Hybrid,2025-09-29,19
EXC,Centro 4,Online,2025-09-29,18
SST,Centro 5,Hybrid,2025-09-29,18
FOR,Centro 3,In-person,2025-09-29,17
GES,Centro 2,Online,2025-09-29,17
MNT,Centro 5,In-person,2025-09-29,17
PYT,Centro 3,Hybrid,2025-09-29,17
CYB,Centro 2,Hybrid,2025-09-29,16
HAC,Centro 5,Online,2025-09-29,16
HCP,Centro 3,Hybrid,2025-09-29,16
PRO,Centro 4,In-person,2025-09-29,16
PYT,Centro 1,Hybrid,2025-09-29,16
SCI,Centro 2,In-person,2025-09-29,16
SOC,Centro 3,In-person,2025-09-29,16
CYB,Centro 2,In-person,2025-09-29,15
GER,Centro 4,In-person,2025-09-29,15
PRO,Centro 4,Hybrid,2025-09-29,15
LID,Centro 1,Hybrid,2025-09-29,14
TUR,Centro 5,In-person,2025-09-29,14
VND,Centro 4,Hybrid,2025-09-29,14
CYB,Centro 3,Hybrid,2025-09-29,13
TUR,Centro 2,Hybrid,2025-09-29,13
VND,Centro 3,Hybrid,2025-09-29,13
HAC,Centro 2,In-person,2025-09-29,12
HAC,Centro 3,In-person,2025-09-29,12
LID,Centro 1,In-person,2025-09-29,12
LID,Centro 2,Hybrid,2025-09-29,12
LOG,Centro 1,In-person,2025-09-29,12
SCI,Centro 1,In-person,2025-09-29,12
SEG,Centro 5,In-person,2025-09-29,12
LOG,Centro 4,In-person,2025-09-29,11
SEG,Centro 4,In-person,2025-09-29,11
GES,Centro 4,In-person,2025-09-29,10
HAC,Centro 5,In-person,2025-09-29,10
PRO,Centro 1,Online,2025-09-29,10
PRO,Centro 2,Online,2025-09-29,10
TUR,Centro 4,In-person,2025-09-29,10
GER,Centro 5,Hybrid,2025-09-29,9
GER,Centro 5,In-person,2025-09-29,9
HAC,Centro 4,In-person,2025-09-29,9
HOT,Centro 3,In-person,2025-09-29,9
INF,Centro 5,In-person,2025-09-29,9
LOG,Centro 3,Hybrid,2025-09-29,9
MNT,Centro 3,In-person,2025-09-29,9
PRI,Centro 3,Hybrid,2025-09-29,9
PRO,Centro 2,In-person,2025-09-29,9
PYT,Centro 5,Online,2025-09-29,9
SEG,Centro 1,Online,2025-09-29,9
CYB,Centro 4,Hybrid,2025-09-29,8
EMP,Centro 5,In-person,2025-09-29,8
GER,Centro 3,In-person,2025-09-29,8
HOT,Centro 2,In-person,2025-09-29,8
LOG,Centro 2,In-person,2025-09-29,8
PBI,Centro 2,Hybrid,2025-09-29,8
PBI,Centro 3,Online,2025-09-29,8
PYT,Centro 1,Online,2025-09-29,8
PYT,Centro 2,Hybrid,2025-09-29,8
SEG,Centro 3,Online,2025-09-29,8
EXC,Centro 3,In-person,2025-09-29,7
GER,Centro 1,Hybrid,2025-09-29,7
HCP,Centro 4,Hybrid,2025-09-29,7
INF,Centro 2,Hybrid,2025-09-29,7
SCI,Centro 5,In-person,2025-09-29,7
SEG,Centro 5,Hybrid,2025-09-29,7
SST,Centro 4,Online,2025-09-29,7
TUR,Centro 1,In-person,2025-09-29,7
VND,Centro 1,In-person,2025-09-29,7
CYB,Centro 1,In-person,2025-09-29,6
PBI,Centro 1,Hybrid,2025-09-29,6
SOC,Centro 5,Hybrid,2025-09-29,6
SST,Centro 1,Hybrid,2025-09-29,6
VND,Centro 3,Online,2025-09-29,6
GES,Centro 5,Hybrid,2025-09-29,5
SST,Centro 4,In-person,2025-09-29,5
TUR,Centro 2,In-person,2025-09-29,5
VND,Centro 1,Hybrid,2025-09-29,5
VND,Centro 2,In-person,2025-09-29,5
CYB,Centro 1,Hybrid,2025-09-29,4
EMP,Centro 4,In-person,2025-09-29,4
EXC,Centro 5,Hybrid,2025-09-29,4
FOR,Centro 4,Online,2025-09-29,4
GER,Centro 1,In-person,2025-09-29,4
HCP,Centro 1,In-person,2025-09-29,4
ING,Centro 2,In-person,2025-09-29,4
PBI,Centro 4,In-person,2025-09-29,4
PBI,Centro 5,Online,2025-09-29,4
PRI,Centro 2,In-person,2025-09-29,4
SCI,Centro 5,Hybrid,2025-09-29,4
SOC,Centro 3,Hybrid,2025-09-29,4
HCP,Centro 3,In-person,2025-09-29,3
INF,Centro 2,In-person,2025-09-29,3
LID,Centro 4,Hybrid,2025-09-29,3
PBI,Centro 5,In-person,2025-09-29,3
PRO,Centro 5,In-person,2025-09-29,3
PYT,Centro 5,Hybrid,2025-09-29,3
SCI,Centro 1,Hybrid,2025-09-29,3
SCI,Centro 2,Hybrid,2025-09-29,3
SEG,Centro 3,In-person,2025-09-29,3
TUR,Centro 5,Hybrid,2025-09-29,3
HAC,Centro 2,Online,2025-09-29,2
HAC,Centro 3,Hybrid,2025-09-29,2
PRI,Centro 4,In-person,2025-09-29,2
PRO,Centro 2,Hybrid,2025-09-29,2
SOC,Centro 5,In-person,2025-09-29,2
SST,Centro 2,In-person,2025-09-29,2
SST,Centro 4,Hybrid,2025-09-29,2
VND,Centro 5,Online,2025-09-29,2
CYB,Centro 4,Online,2025-09-29,1
EXC,Centro 2,Hybrid,2025-09-29,1
EXC,Centro 4,In-person,2025-09-29,1
FOR,Centro 1,Hybrid,2025-09-29,1
FOR,Centro 1,In-person,2025-09-29,1
GER,Centro 4,Hybrid,2025-09-29,1
GES,Centro 2,Hybrid,2025-09-29,1
HCP,Centro 2,In-person,2025-09-29,1
ING,Centro 4,Hybrid,2025-09-29,1
ING,Centro 5,In-person,2025-09-29,1
LID,Centro 5,Online,2025-09-29,1
LOG,Centro 5,In-person,2025-09-29,1
PBI,Centro 1,Online,2025-09-29,1
PYT,Centro 4,Hybrid,2025-09-29,1
SCI,Centro 4,In-person,2025-09-29,1
SOC,Centro 2,Hybrid,2025-09-29,1
SOC,Centro 2,In-person,2025-09-29,1
TUR,Centro 1,Hybrid,2025-09-29,1
VND,Centro 5,In-person,2025-09-29,1
LID,Centro 1,Online,2025-10-06,53
PYT,Centro 2,Online,2025-10-06,52
EXC,Centro 3,In-person,2025-10-06,46
CYB,Centro 1,Online,2025-10-06,38
PRI,Centro 1,In-person,2025-10-06,37
CYB,Centro 4,Hybrid,2025-10-06,30
GER,Centro 1,In-person,2025-10-06,30
PRO,Centro 2,Hybrid,2025-10-06,30
SEG,Centro 1,In-person,2025-10-06,30
INF,Centro 2,In-person,2025-10-06,28
CYB,Centro 2,Hybrid,2025-10-06,25
HOT,Centro 5,Hybrid,2025-10-06,25
SEG,Centro 5,Online,2025-10-06,25
EMP,Centro 5,In-person,2025-10-06,24
HAC,Centro 1,Online,2025-10-06,24
EXC,Centro 4,Online,2025-10-06,23
ING,Centro 1,Hybrid,2025-10-06,23
LID,Centro 5,Online,2025-10-06,23
ING,Centro 2,Hybrid,2025-10-06,22
PBI,Centro 3,Online,2025-10-06,22
PBI,Centro 3,Hybrid,2025-10-06,22
FOR,Centro 2,Hybrid,2025-10-06,21
FOR,Centro 4,In-person,2025-10-06,21
HAC,Centro 1,Hybrid,2025-10-06,21
HCP,Centro 4,In-person,2025-10-06,21
HOT,Centro 3,Hybrid,2025-10-06,21
EMP,Centro 1,In-person,2025-10-06,20
PRI,Centro 3,In-person,2025-10-06,20
SCI,Centro 2,Hybrid,2025-10-06,19
HCP,Centro 1,In-person,2025-10-06,18
PBI,Centro 2,In-person,2025-10-06,18
ING,Centro 3,Hybrid,2025-10-06,17
MNT,Centro 1,In-person,2025-10-06,17
FOR,Centro 3,In-person,2025-10-06,16
GER,Centro 4,In-person,2025-10-06,16
LOG,Centro 1,In-person,2025-10-06,16
PRI,Centro 3,Hybrid,2025-10-06,16
PYT,Centro 4,Hybrid,2025-10-06,16
TUR,Centro 1,Hybrid,2025-10-06,16
ING,Centro 2,In-person,2025-10-06,15
LID,Centro 5,In-person,2025-10-06,15
PRO,Centro 4,Hybrid,2025-10-06,15
TUR,Centro 2,In-person,2025-10-06,15
EXC,Centro 5,In-person,2025-10-06,14
HAC,Centro 4,In-person,2025-10-06,14
HCP,Centro 2,In-person,2025-10-06,14
HCP,Centro 5,Hybrid,2025-10-06,14
SOC,Centro 5,In-person,2025-10-06,14
VND,Centro 5,Online,2025-10-06,14
GER,Centro 2,In-person,2025-10-06,13
HAC,Centro 3,Hybrid,2025-10-06,13
INF,Centro 2,Hybrid,2025-10-06,13
SCI,Centro 3,In-person,2025-10-06,13
CYB,Centro 5,Online,2025-10-06,12
PBI,Centro 2,Online,2025-10-06,12
SCI,Centro 4,Hybrid,2025-10-06,12
CYB,Centro 1,Hybrid,2025-10-06,11
EXC,Centro 3,Online,2025-10-06,11
GES,Centro 2,Online,2025-10-06,11
ING,Centro 1,In-person,2025-10-06,11
PBI,Centro 1,In-person,2025-10-06,11
PRI,Centro 5,In-person,2025-10-06,11
SST,Centro 3,Online,2025-10-06,11
SST,Centro 5,Hybrid,2025-10-06,11
GER,Centro 5,Hybrid,2025-10-06,10
HAC,Centro 3,In-person,2025-10-06,10
HAC,Centro 4,Hybrid,2025-10-06,10
HCP,Centro 3,Hybrid,2025-10-06,10
HOT,Centro 3,In-person,2025-10-06,10
LID,Centro 2,In-person,2025-10-06,10
SEG,Centro 4,Online,2025-10-06,10
HCP,Centro 4,Hybrid,2025-10-06,9
HOT,Centro 4,In-person,2025-10-06,9
PYT,Centro 5,Online,2025-10-06,9
TUR,Centro 5,In-person,2025-10-06,9
VND,Centro 2,In-person,2025-10-06,9
EXC,Centro 3,Hybrid,2025-10-06,8
GES,Centro 2,Hybrid,2025-10-06,8
HOT,Centro 5,In-person,2025-10-06,8
PRI,Centro 4,Hybrid,2025-10-06,8
PYT,Centro 4,In-person,2025-10-06,8
GER,Centro 1,Hybrid,2025-10-06,7
GES,Centro 5,Online,2025-10-06,7
LID,Centro 1,Hybrid,2025-10-06,7
LOG,Centro 2,In-person,2025-10-06,7
LOG,Centro 5,In-person,2025-10-06,7
PRI,Centro 2,In-person,2025-10-06,7
PYT,Centro 1,Online,2025-10-06,7
SEG,Centro 2,Hybrid,2025-10-06,7
SOC,Centro 3,Hybrid,2025-10-06,7
SOC,Centro 3,In-person,2025-10-06,7
VND,Centro 3,Online,2025-10-06,7
INF,Centro 3,Hybrid,2025-10-06,6
ING,Centro 1,Online,2025-10-06,6
LOG,Centro 3,Hybrid,2025-10-06,6
MNT,Centro 3,In-person,2025-10-06,6
PBI,Centro 1,Online,2025-10-06,6
PRO,Centro 5,In-person,2025-10-06,6
SEG,Centro 1,Online,2025-10-06,6
CYB,Centro 2,Online,2025-10-06,5
EXC,Centro 5,Hybrid,2025-10-06,5
HOT,Centro 2,Hybrid,2025-10-06,5
INF,Centro 1,In-person,2025-10-06,5
ING,Centro 3,In-person,2025-10-06,5
LID,Centro 1,In-person,2025-10-06,5
SST,Centro 1,In-person,2025-10-06,5
TUR,Centro 5,Hybrid,2025-10-06,5
VND,Centro 1,In-person,2025-10-06,5
CYB,Centro 2,In-person,2025-10-06,4
EXC,Centro 1,Hybrid,2025-10-06,4
EXC,Centro 2,In-person,2025-10-06,4
FOR,Centro 1,In-person,2025-10-06,4
ING,Centro 5,In-person,2025-10-06,4
LOG,Centro 4,In-person,2025-10-06,4
PBI,Centro 4,Online,2025-10-06,4
PRO,Centro 2,In-person,2025-10-06,4
PRO,Centro 4,In-person,2025-10-06,4
VND,Centro 1,Hybrid,2025-10-06,4
VND,Centro 5,Hybrid,2025-10-06,4
EXC,Centro 2,Online,2025-10-06,3
EXC,Centro 4,Hybrid,2025-10-06,3
GER,Centro 3,In-person,2025-10-06,3
GES,Centro 4,Hybrid,2025-10-06,3
LID,Centro 3,In-person,2025-10-06,3
LOG,Centro 2,Hybrid,2025-10-06,3
SCI,Centro 1,Hybrid,2025-10-06,3
SCI,Centro 1,In-person,2025-10-06,3
SCI,Centro 4,In-person,2025-10-06,3
SST,Centro 5,In-person,2025-10-06,3
TUR,Centro 3,Hybrid,2025-10-06,3
GES,Centro 4,In-person,2025-10-06,2
GES,Centro 5,Hybrid,2025-10-06,2
HAC,Centro 1,In-person,2025-10-06,2
HAC,Centro 2,Online,2025-10-06,2
LID,Centro 4,In-person,2025-10-06,2
PBI,Centro 2,Hybrid,2025-10-06,2
PBI,Centro 5,Hybrid,2025-10-06,2
PRI,Centro 1,Hybrid,2025-10-06,2
SCI,Centro 5,Hybrid,2025-10-06,2
CYB,Centro 4,Online,2025-10-06,1
FOR,Centro 3,Hybrid,2025-10-06,1
GER,Centro 4,Hybrid,2025-10-06,1
GER,Centro 5,In-person,2025-10-06,1
GES,Centro 1,Hybrid,2025-10-06,1
HCP,Centro 2,Hybrid,2025-10-06,1
PBI,Centro 4,In-person,2025-10-06,1
PBI,Centro 5,Online,2025-10-06,1
PRI,Centro 4,In-person,2025-10-06,1
PRI,Centro 5,Hybrid,2025-10-06,1
PRO,Centro 2,Online,2025-10-06,1
PRO,Centro 3,Online,2025-10-06,1
PYT,Centro 4,Online,2025-10-06,1
SCI,Centro 3,Hybrid,2025-10-06,1
SCI,Centro 5,In-person,2025-10-06,1
SEG,Centro 5,Hybrid,2025-10-06,1
VND,Centro 4,Online,2025-10-06,1
SCI,Centro 1,In-person,2025-10-13,48
EXC,Centro 4,Online,2025-10-13,44
EMP,Centro 2,In-person,2025-10-13,37
MNT,Centro 1,In-person,2025-10-13,32
ING,Centro 1,Online,2025-10-13,31
FOR,Centro 2,Online,2025-10-13,30
LOG,Centro 2,In-person,2025-10-13,29
PYT,Centro 5,Online,2025-10-13,29
CYB,Centro 4,Hybrid,2025-10-13,28
SEG,Centro 2,Hybrid,2025-10-13,28
VND,Centro 4,In-person,2025-10-13,26
HOT,Centro 2,In-person,2025-10-13,25
INF,Centro 5,In-person,2025-10-13,25
PRI,Centro 4,Hybrid,2025-10-13,25
CYB,Centro 1,In-person,2025-10-13,23
LOG,Centro 3,Hybrid,2025-10-13,23
EMP,Centro 1,In-person,2025-10-13,22
LID,Centro 5,In-person,2025-10-13,22
SOC,Centro 3,Hybrid,2025-10-13,21
VND,Centro 1,Hybrid,2025-10-13,21
GER,Centro 1,Hybrid,2025-10-13,20
PBI,Centro 5,Online,2025-10-13,19
SCI,Centro 4,In-person,2025-10-13,19
SCI,Centro 2,In-person,2025-10-13,18
VND,Centro 3,Online,2025-10-13,18
LID,Centro 5,Online,2025-10-13,17
EXC,Centro 2,In-person,2025-10-13,16
HOT,Centro 5,In-person,2025-10-13,16
FOR,Centro 5,Hybrid,2025-10-13,15
PRO,Centro 5,In-person,2025-10-13,15
PYT,Centro 2,Online,2025-10-13,15
SST,Centro 4,In-person,2025-10-13,15
VND,Centro 2,Hybrid,2025-10-13,15
EMP,Centro 3,In-person,2025-10-13,14
GER,Centro 4,In-person,2025-10-13,14
SOC,Centro 3,In-person,2025-10-13,14
SST,Centro 2,In-person,2025-10-13,14
EXC,Centro 4,Hybrid,2025-10-13,13
PRI,Centro 1,Hybrid,2025-10-13,13
PYT,Centro 1,Online,2025-10-13,13
HCP,Centro 3,Hybrid,2025-10-13,12
SCI,Centro 1,Hybrid,2025-10-13,12
SEG,Centro 3,Hybrid,2025-10-13,12
HAC,Centro 4,Hybrid,2025-10-13,11
HCP,Centro 4,In-person,2025-10-13,11
INF,Centro 3,In-person,2025-10-13,11
LID,Centro 2,In-person,2025-10-13,11
PBI,Centro 4,Hybrid,2025-10-13,11
PBI,Centro 4,In-person,2025-10-13,11
HCP,Centro 5,Hybrid,2025-10-13,10
INF,Centro 2,In-person,2025-10-13,10
LOG,Centro 4,In-person,2025-10-13,10
MNT,Centro 3,In-person,2025-10-13,10
SCI,Centro 3,Hybrid,2025-10-13,10
SOC,Centro 2,Hybrid,2025-10-13,10
SOC,Centro 5,In-person,2025-10-13,10
SST,Centro 2,Online,2025-10-13,10
SST,Centro 3,Hybrid,2025-10-13,10
EXC,Centro 1,Online,2025-10-13,9
GES,Centro 5,In-person,2025-10-13,9
HCP,Centro 2,Hybrid,2025-10-13,9
HCP,Centro 2,In-person,2025-10-13,9
LID,Centro 4,Hybrid,2025-10-13,9
PYT,Centro 1,In-person,2025-10-13,9
SST,Centro 5,In-person,2025-10-13,9
VND,Centro 1,In-person,2025-10-13,9
CYB,Centro 1,Hybrid,2025-10-13,8
GES,Centro 5,Hybrid,2025-10-13,8
ING,Centro 5,Hybrid,2025-10-13,8
PRO,Centro 4,Hybrid,2025-10-13,8
PYT,Centro 4,Hybrid,2025-10-13,8
TUR,Centro 5,In-person,2025-10-13,8
GER,Centro 1,In-person,2025-10-13,7
HCP,Centro 3,In-person,2025-10-13,7
ING,Centro 5,Online,2025-10-13,7
MNT,Centro 4,In-person,2025-10-13,7
PRI,Centro 1,In-person,2025-10-13,7
PRI,Centro 3,In-person,2025-10-13,7
SCI,Centro 3,In-person,2025-10-13,7
CYB,Centro 1,Online,2025-10-13,6
GER,Centro 4,Hybrid,2025-10-13,6
HAC,Centro 1,In-person,2025-10-13,6
HOT,Centro 3,In-person,2025-10-13,6
LID,Centro 1,Online,2025-10-13,6
PBI,Centro 1,Online,2025-10-13,6
PBI,Centro 5,Hybrid,2025-10-13,6
PRI,Centro 5,In-person,2025-10-13,6
CYB,Centro 2,In-person,2025-10-13,5
FOR,Centro 4,Online,2025-10-13,5
GES,Centro 1,In-person,2025-10-13,5
GES,Centro 3,Hybrid,2025-10-13,5
HOT,Centro 4,In-person,2025-10-13,5
PBI,Centro 1,Hybrid,2025-10-13,5
TUR,Centro 2,In-person,2025-10-13,5
GES,Centro 4,In-person,2025-10-13,4
HAC,Centro 2,In-person,2025-10-13,4
HAC,Centro 3,Hybrid,2025-10-13,4
HCP,Centro 1,In-person,2025-10-13,4
INF,Centro 2,Hybrid,2025-10-13,4
LID,Centro 1,In-person,2025-10-13,4
MNT,Centro 5,In-person,2025-10-13,4
CYB,Centro 5,Online,2025-10-13,3
EXC,Centro 3,In-person,2025-10-13,3
INF,Centro 1,In-person,2025-10-13,3
ING,Centro 5,In-person,2025-10-13,3
MNT,Centro 2,In-person,2025-10-13,3
PRI,Centro 4,In-person,2025-10-13,3
SEG,Centro 5,Online,2025-10-13,3
TUR,Centro 4,In-person,2025-10-13,3
VND,Centro 3,Hybrid,2025-10-13,3
CYB,Centro 3,Hybrid,2025-10-13,2
GES,Centro 2,Online,2025-10-13,2
HOT,Centro 2,Hybrid,2025-10-13,2
INF,Centro 3,Hybrid,2025-10-13,2
ING,Centro 3,Online,2025-10-13,2
LID,Centro 3,In-person,2025-10-13,2
LID,Centro 5,Hybrid,2025-10-13,2
LOG,Centro 3,In-person,2025-10-13,2
PBI,Centro 3,Hybrid,2025-10-13,2
PRI,Centro 2,In-person,2025-10-13,2
PRO,Centro 2,In-person,2025-10-13,2
SEG,Centro 3,In-person,2025-10-13,2
SST,Centro 1,In-person,2025-10-13,2
VND,Centro 4,Online,2025-10-13,2
VND,Centro 5,Online,2025-10-13,2
EMP,Centro 4,In-person,2025-10-13,1
EXC,Centro 5,Hybrid,2025-10-13,1
GER,Centro 3,In-person,2025-10-13,1
GES,Centro 2,Hybrid,2025-10-13,1
HCP,Centro 1,Hybrid,2025-10-13,1
LID,Centro 4,In-person,2025-10-13,1
LOG,Centro 1,In-person,2025-10-13,1
PBI,Centro 1,In-person,2025-10-13,1
PRI,Centro 5,Hybrid,2025-10-13,1
PYT,Centro 1,Hybrid,2025-10-13,1
SEG,Centro 4,In-person,2025-10-13,1
SEG,Centro 5,Hybrid,2025-10-13,1
SST,Centro 1,Online,2025-10-13,1
TUR,Centro 2,Hybrid,2025-10-13,1
VND,Centro 1,Hybrid,2025-10-20,50
PBI,Centro 2,Online,2025-10-20,45
FOR,Centro 3,Hybrid,2025-10-20,41
CYB,Centro 1,Online,2025-10-20,39
HOT,Centro 2,In-person,2025-10-20,39
EXC,Centro 4,Online,2025-10-20,37
PBI,Centro 4,In-person,2025-10-20,33
PRI,Centro 4,Hybrid,2025-10-20,31
HCP,Centro 3,Hybrid,2025-10-20,26
PBI,Centro 5,In-person,2025-10-20,26
SST,Centro 3,Hybrid,2025-10-20,26
VND,Centro 2,Online,2025-10-20,26
PBI,Centro 4,Online,2025-10-20,25
SST,Centro 4,Online,2025-10-20,25
HCP,Centro 2,In-person,2025-10-20,24
SST,Centro 1,Online,2025-10-20,24
GES,Centro 2,Online,2025-10-20,23
SEG,Centro 4,Hybrid,2025-10-20,23
SST,Centro 4,Hybrid,2025-10-20,23
GER,Centro 5,In-person,2025-10-20,22
LOG,Centro 1,In-person,2025-10-20,22
INF,Centro 1,Hybrid,2025-10-20,21
PRI,Centro 3,Hybrid,2025-10-20,21
GER,Centro 4,In-person,2025-10-20,20
HAC,Centro 4,In-person,2025-10-20,20
PRO,Centro 2,Online,2025-10-20,20
GES,Centro 4,Hybrid,2025-10-20,19
HOT,Centro 5,Hybrid,2025-10-20,19
INF,Centro 3,Hybrid,2025-10-20,19
LOG,Centro 3,Hybrid,2025-10-20,19
TUR,Centro 3,Hybrid,2025-10-20,19
HCP,Centro 1,In-person,2025-10-20,18
ING,Centro 4,Hybrid,2025-10-20,18
LID,Centro 1,In-person,2025-10-20,18
MNT,Centro 1,In-person,2025-10-20,18
MNT,Centro 2,In-person,2025-10-20,18
PBI,Centro 4,Hybrid,2025-10-20,18
PBI,Centro 5,Online,2025-10-20,18
PRI,Centro 5,Hybrid,2025-10-20,18
PYT,Centro 4,In-person,2025-10-20,18
PYT,Centro 5,Hybrid,2025-10-20,18
TUR,Centro 5,In-person,2025-10-20,18
MNT,Centro 4,In-person,2025-10-20,17
SEG,Centro 1,In-person,2025-10-20,17
LID,Centro 1,Hybrid,2025-10-20,16
MNT,Centro 5,In-person,2025-10-20,16
PRI,Centro 5,In-person,2025-10-20,16
INF,Centro 2,Hybrid,2025-10-20,15
ING,Centro 4,Online,2025-10-20,15
EXC,Centro 2,In-person,2025-10-20,14
EXC,Centro 3,In-person,2025-10-20,14
FOR,Centro 3,Online,2025-10-20,14
GER,Centro 3,Hybrid,2025-10-20,14
EMP,Centro 1,In-person,2025-10-20,13
LID,Centro 5,Online,2025-10-20,13
PBI,Centro 2,Hybrid,2025-10-20,13
PYT,Centro 1,Hybrid,2025-10-20,13
EXC,Centro 5,Online,2025-10-20,12
FOR,Centro 1,In-person,2025-10-20,12
HCP,Centro 3,In-person,2025-10-20,12
PRI,Centro 2,Hybrid,2025-10-20,12
TUR,Centro 2,In-person,2025-10-20,12
FOR,Centro 4,Online,2025-10-20,11
INF,Centro 2,In-person,2025-10-20,11
LID,Centro 1,Online,2025-10-20,11
LID,Centro 2,In-person,2025-10-20,11
SEG,Centro 4,In-person,2025-10-20,11
INF,Centro 3,In-person,2025-10-20,10
MNT,Centro 3,In-person,2025-10-20,10
CYB,Centro 1,In-person,2025-10-20,9
CYB,Centro 5,Online,2025-10-20,9
EXC,Centro 4,In-person,2025-10-20,9
GES,Centro 4,Online,2025-10-20,9
HAC,Centro 2,In-person,2025-10-20,9
HCP,Centro 4,In-person,2025-10-20,9
HOT,Centro 5,In-person,2025-10-20,9
SOC,Centro 5,In-person,2025-10-20,9
EXC,Centro 4,Hybrid,2025-10-20,8
ING,Centro 3,In-person,2025-10-20,8
LID,Centro 3,In-person,2025-10-20,8
PYT,Centro 3,Hybrid,2025-10-20,8
SCI,Centro 1,In-person,2025-10-20,8
TUR,Centro 5,Hybrid,2025-10-20,8
HAC,Centro 3,Hybrid,2025-10-20,7
HAC,Centro 5,In-person,2025-10-20,7
CYB,Centro 2,Hybrid,2025-10-20,6
GER,Centro 5,Hybrid,2025-10-20,6
HAC,Centro 3,In-person,2025-10-20,6
LID,Centro 5,Hybrid,2025-10-20,6
PBI,Centro 2,In-person,2025-10-20,6
SEG,Centro 5,Hybrid,2025-10-20,6
HAC,Centro 1,In-person,2025-10-20,5
ING,Centro 3,Online,2025-10-20,5
PBI,Centro 1,Online,2025-10-20,5
PRI,Centro 2,In-person,2025-10-20,5
PRI,Centro 3,In-person,2025-10-20,5
PYT,Centro 1,In-person,2025-10-20,5
SST,Centro 2,Online,2025-10-20,5
FOR,Centro 2,Hybrid,2025-10-20,4
HCP,Centro 2,Hybrid,2025-10-20,4
ING,Centro 1,Online,2025-10-20,4
ING,Centro 2,Online,2025-10-20,4
LID,Centro 4,In-person,2025-10-20,4
PBI,Centro 1,In-person,2025-10-20,4
PRO,Centro 5,In-person,2025-10-20,4
PYT,Centro 2,In-person,2025-10-20,4
SCI,Centro 3,In-person,2025-10-20,4
SST,Centro 3,In-person,2025-10-20,4
EMP,Centro 3,In-person,2025-10-20,3
INF,Centro 5,In-person,2025-10-20,3
LOG,Centro 5,In-person,2025-10-20,3
PBI,Centro 3,Online,2025-10-20,3
PRO,Centro 4,Hybrid,2025-10-20,3
PYT,Centro 2,Hybrid,2025-10-20,3
SCI,Centro 5,In-person,2025-10-20,3
VND,Centro 2,In-person,2025-10-20,3
CYB,Centro 4,In-person,2025-10-20,2
EMP,Centro 2,In-person,2025-10-20,2
EMP,Centro 5,In-person,2025-10-20,2
GER,Centro 1,In-person,2025-10-20,2
GES,Centro 5,In-person,2025-10-20,2
HAC,Centro 4,Hybrid,2025-10-20,2
HCP,Centro 5,Hybrid,2025-10-20,2
ING,Centro 3,Hybrid,2025-10-20,2
PRI,Centro 4,In-person,2025-10-20,2
SST,Centro 2,In-person,2025-10-20,2
VND,Centro 5,Online,2025-10-20,2
CYB,Centro 4,Hybrid,2025-10-20,1
EXC,Centro 2,Online,2025-10-20,1
EXC,Centro 5,In-person,2025-10-20,1
FOR,Centro 1,Hybrid,2025-10-20,1
FOR,Centro 2,Online,2025-10-20,1
GER,Centro 1,Hybrid,2025-10-20,1
GER,Centro 3,In-person,2025-10-20,1
HOT,Centro 1,In-person,2025-10-20,1
ING,Centro 2,Hybrid,2025-10-20,1
PBI,Centro 1,Hybrid,2025-10-20,1
PRO,Centro 2,In-person,2025-10-20,1
SCI,Centro 4,In-person,2025-10-20,1
SST,Centro 4,In-person,2025-10-20,1
TUR,Centro 2,Hybrid,2025-10-20,1
VND,Centro 4,Hybrid,2025-10-20,1
VND,Centro 4,In-person,2025-10-20,1
MNT,Centro 1,In-person,2025-10-27,62
PRI,Centro 4,In-person,2025-10-27,51
HOT,Centro 5,In-person,2025-10-27,47
CYB,Centro 4,Online,2025-10-27,37
PBI,Centro 1,Online,2025-10-27,37
ING,Centro 2,Online,2025-10-27,35
INF,Centro 3,Hybrid,2025-10-27,30
HOT,Centro 1,In-person,2025-10-27,29
PRI,Centro 3,In-person,2025-10-27,28
EMP,Centro 1,In-person,2025-10-27,26
EXC,Centro 2,Online,2025-10-27,26
EXC,Centro 1,Online,2025-10-27,24
FOR,Centro 4,In-person,2025-10-27,22
HAC,Centro 5,In-person,2025-10-27,22
LID,Centro 2,In-person,2025-10-27,22
PRO,Centro 1,Hybrid,2025-10-27,22
SEG,Centro 1,In-person,2025-10-27,22
TUR,Centro 2,Hybrid,2025-10-27,22
HAC,Centro 2,Hybrid,2025-10-27,21
CYB,Centro 2,Online,2025-10-27,20
HCP,Centro 1,Hybrid,2025-10-27,20
HCP,Centro 2,Hybrid,2025-10-27,20
HCP,Centro 5,Hybrid,2025-10-27,20
INF,Centro 1,Hybrid,2025-10-27,20
LOG,Centro 4,In-person,2025-10-27,20
PRI,Centro 4,Hybrid,2025-10-27,20
GER,Centro 1,Hybrid,2025-10-27,18
PRO,Centro 2,Hybrid,2025-10-27,18
VND,Centro 2,In-person,2025-10-27,18
PRI,Centro 2,In-person,2025-10-27,17
VND,Centro 4,Online,2025-10-27,17
EXC,Centro 4,Hybrid,2025-10-27,16
HCP,Centro 1,In-person,2025-10-27,16
CYB,Centro 1,Online,2025-10-27,15
HAC,Centro 3,Hybrid,2025-10-27,15
HAC,Centro 5,Online,2025-10-27,15
PBI,Centro 5,Online,2025-10-27,15
PRI,Centro 1,Hybrid,2025-10-27,15
HOT,Centro 2,In-person,2025-10-27,14
PYT,Centro 2,Hybrid,2025-10-27,14
SEG,Centro 5,Hybrid,2025-10-27,14
HAC,Centro 3,In-person,2025-10-27,13
HOT,Centro 4,In-person,2025-10-27,13
SST,Centro 2,Online,2025-10-27,13
SST,Centro 5,Hybrid,2025-10-27,13
EMP,Centro 5,In-person,2025-10-27,12
GES,Centro 5,Hybrid,2025-10-27,12
TUR,Centro 5,Hybrid,2025-10-27,12
HAC,Centro 2,In-person,2025-10-27,11
LOG,Centro 1,In-person,2025-10-27,11
EMP,Centro 3,In-person,2025-10-27,10
GES,Centro 5,In-person,2025-10-27,10
INF,Centro 1,In-person,2025-10-27,10
MNT,Centro 3,In-person,2025-10-27,10
VND,Centro 2,Hybrid,2025-10-27,10
HCP,Centro 2,In-person,2025-10-27,9
HOT,Centro 5,Hybrid,2025-10-27,9
ING,Centro 3,Online,2025-10-27,9
EXC,Centro 2,Hybrid,2025-10-27,8
LOG,Centro 5,In-person,2025-10-27,8
PBI,Centro 5,Hybrid,2025-10-27,8
PRI,Centro 1,In-person,2025-10-27,8
SEG,Centro 5,In-person,2025-10-27,8
SOC,Centro 2,Hybrid,2025-10-27,8
SST,Centro 5,Online,2025-10-27,8
VND,Centro 5,In-person,2025-10-27,8
CYB,Centro 3,Hybrid,2025-10-27,7
GER,Centro 3,In-person,2025-10-27,7
LOG,Centro 1,Hybrid,2025-10-27,7
PRO,Centro 4,Hybrid,2025-10-27,7
PYT,Centro 5,Hybrid,2025-10-27,7
SST,Centro 3,Hybrid,2025-10-27,7
EXC,Centro 1,Hybrid,2025-10-27,6
HCP,Centro 4,In-person,2025-10-27,6
INF,Centro 2,In-person,2025-10-27,6
ING,Centro 2,In-person,2025-10-27,6
ING,Centro 4,Hybrid,2025-10-27,6
PRI,Centro 2,Hybrid,2025-10-27,6
TUR,Centro 5,In-person,2025-10-27,6
CYB,Centro 5,Online,2025-10-27,5
CYB,Centro 5,Hybrid,2025-10-27,5
FOR,Centro 3,Online,2025-10-27,5
ING,Centro 5,Online,2025-10-27,5
PRI,Centro 3,Hybrid,2025-10-27,5
PRI,Centro 5,In-person,2025-10-27,5
PYT,Centro 4,In-person,2025-10-27,5
SCI,Centro 4,In-person,2025-10-27,5
SEG,Centro 1,Online,2025-10-27,5
HAC,Centro 4,In-person,2025-10-27,4
ING,Centro 1,Online,2025-10-27,4
LID,Centro 3,In-person,2025-10-27,4
PRO,Centro 2,In-person,2025-10-27,4
SEG,Centro 2,Online,2025-10-27,4
SOC,Centro 5,Hybrid,2025-10-27,4
SST,Centro 1,Online,2025-10-27,4
VND,Centro 2,Online,2025-10-27,4
VND,Centro 4,Hybrid,2025-10-27,4
CYB,Centro 4,In-person,2025-10-27,3
EXC,Centro 4,In-person,2025-10-27,3
GER,Centro 4,In-person,2025-10-27,3
GES,Centro 3,Hybrid,2025-10-27,3
HOT,Centro 3,Hybrid,2025-10-27,3
INF,Centro 2,Hybrid,2025-10-27,3
INF,Centro 5,In-person,2025-10-27,3
ING,Centro 1,In-person,2025-10-27,3
ING,Centro 2,Hybrid,2025-10-27,3
LID,Centro 4,In-person,2025-10-27,3
PBI,Centro 1,In-person,2025-10-27,3
PBI,Centro 5,In-person,2025-10-27,3
PYT,Centro 1,In-person,2025-10-27,3
PYT,Centro 2,Online,2025-10-27,3
PYT,Centro 2,In-person,2025-10-27,3
PYT,Centro 5,Online,2025-10-27,3
CYB,Centro 1,In-person,2025-10-27,2
EXC,Centro 5,Hybrid,2025-10-27,2
GER,Centro 5,In-person,2025-10-27,2
GES,Centro 1,Hybrid,2025-10-27,2
ING,Centro 3,In-person,2025-10-27,2
LID,Centro 5,Online,2025-10-27,2
PYT,Centro 4,Hybrid,2025-10-27,2
SCI,Centro 2,In-person,2025-10-27,2
SOC,Centro 3,Hybrid,2025-10-27,2
SST,Centro 2,In-person,2025-10-27,2
EXC,Centro 3,In-person,2025-10-27,1
FOR,Centro 1,Hybrid,2025-10-27,1
FOR,Centro 1,In-person,2025-10-27,1
GER,Centro 1,In-person,2025-10-27,1
HAC,Centro 1,In-person,2025-10-27,1
HCP,Centro 3,In-person,2025-10-27,1
HCP,Centro 4,Hybrid,2025-10-27,1
LID,Centro 5,In-person,2025-10-27,1
MNT,Centro 5,In-person,2025-10-27,1
PBI,Centro 2,Hybrid,2025-10-27,1
PBI,Centro 4,Hybrid,2025-10-27,1
PRI,Centro 5,Hybrid,2025-10-27,1
PRO,Centro 2,Online,2025-10-27,1
SCI,Centro 1,Hybrid,2025-10-27,1
SEG,Centro 2,In-person,2025-10-27,1
SEG,Centro 3,Hybrid,2025-10-27,1
VND,Centro 1,Hybrid,2025-10-27,1
CYB,Centro 2,Online,2025-11-03,28
EXC,Centro 4,Hybrid,2025-11-03,25
CYB,Centro 4,Online,2025-11-03,24
EXC,Centro 3,Hybrid,2025-11-03,22
HAC,Centro 2,Online,2025-11-03,22
CYB,Centro 3,Hybrid,2025-11-03,20
EXC,Centro 4,Online,2025-11-03,20
FOR,Centro 2,Hybrid,2025-11-03,19
LOG,Centro 3,In-person,2025-11-03,18
PBI,Centro 2,Online,2025-11-03,18
PRI,Centro 2,Hybrid,2025-11-03,18
PRI,Centro 5,Hybrid,2025-11-03,18
SST,Centro 1,Online,2025-11-03,18
SST,Centro 4,Hybrid,2025-11-03,17
SST,Centro 5,Online,2025-11-03,17
FOR,Centro 3,Hybrid,2025-11-03,16
PBI,Centro 5,Hybrid,2025-11-03,16
PRO,Centro 4,Hybrid,2025-11-03,16
LOG,Centro 1,Hybrid,2025-11-03,15
LOG,Centro 1,In-person,2025-11-03,15
PRO,Centro 2,In-person,2025-11-03,15
VND,Centro 2,Online,2025-11-03,15
CYB,Centro 4,In-person,2025-11-03,14
HCP,Centro 4,Hybrid,2025-11-03,14
CYB,Centro 2,Hybrid,2025-11-03,13
EXC,Centro 3,In-person,2025-11-03,13
LID,Centro 4,Hybrid,2025-11-03,13
PBI,Centro 4,Hybrid,2025-11-03,13
PYT,Centro 2,Hybrid,2025-11-03,13
PYT,Centro 5,In-person,2025-11-03,13
VND,Centro 2,Hybrid,2025-11-03,13
HCP,Centro 3,In-person,2025-11-03,12
HOT,Centro 1,In-person,2025-11-03,12
MNT,Centro 3,In-person,2025-11-03,12
SEG,Centro 2,Hybrid,2025-11-03,12
CYB,Centro 1,In-person,2025-11-03,11
PBI,Centro 2,Hybrid,2025-11-03,11
PYT,Centro 1,Hybrid,2025-11-03,11
GES,Centro 5,Hybrid,2025-11-03,10
HCP,Centro 2,In-person,2025-11-03,10
ING,Centro 5,Hybrid,2025-11-03,10
LID,Centro 3,In-person,2025-11-03,10
MNT,Centro 1,In-person,2025-11-03,10
EXC,Centro 5,Online,2025-11-03,9
GER,Centro 2,In-person,2025-11-03,9
PBI,Centro 1,Online,2025-11-03,9
PBI,Centro 1,Hybrid,2025-11-03,9
INF,Centro 1,In-person,2025-11-03,8
ING,Centro 2,Online,2025-11-03,8
LID,Centro 2,In-person,2025-11-03,8
PRI,Centro 5,In-person,2025-11-03,8
PYT,Centro 3,Online,2025-11-03,8
GER,Centro 1,Hybrid,2025-11-03,7
INF,Centro 3,Hybrid,2025-11-03,7
ING,Centro 2,Hybrid,2025-11-03,7
SST,Centro 5,In-person,2025-11-03,7
TUR,Centro 5,In-person,2025-11-03,7
GER,Centro 4,In-person,2025-11-03,6
HCP,Centro 1,In-person,2025-11-03,6
PRI,Centro 2,In-person,2025-11-03,6
PRI,Centro 3,In-person,2025-11-03,6
SEG,Centro 1,In-person,2025-11-03,6
SST,Centro 4,In-person,2025-11-03,6
LID,Centro 1,Hybrid,2025-11-03,5
SCI,Centro 2,In-person,2025-11-03,5
SST,Centro 2,Online,2025-11-03,5
CYB,Centro 3,Online,2025-11-03,4
EMP,Centro 1,In-person,2025-11-03,4
HOT,Centro 5,In-person,2025-11-03,4
LID,Centro 5,Hybrid,2025-11-03,4
TUR,Centro 2,Hybrid,2025-11-03,4
CYB,Centro 5,In-person,2025-11-03,3
EXC,Centro 4,In-person,2025-11-03,3
GER,Centro 5,In-person,2025-11-03,3
GES,Centro 2,Online,2025-11-03,3
CYB,Centro 4,Hybrid,2025-11-03,2
CYB,Centro 5,Hybrid,2025-11-03,2
EMP,Centro 2,In-person,2025-11-03,2
GER,Centro 3,Hybrid,2025-11-03,2
HAC,Centro 5,In-person,2025-11-03,2
HCP,Centro 2,Hybrid,2025-11-03,2
PBI,Centro 3,Hybrid,2025-11-03,2
PRO,Centro 1,Hybrid,2025-11-03,2
PYT,Centro 2,Online,2025-11-03,2
SOC,Centro 5,Hybrid,2025-11-03,2
SOC,Centro 5,In-person,2025-11-03,2
SST,Centro 1,Hybrid,2025-11-03,2
TUR,Centro 4,In-person,2025-11-03,2
VND,Centro 4,In-person,2025-11-03,2
CYB,Centro 1,Online,2025-11-03,1
EXC,Centro 2,Online,2025-11-03,1
FOR,Centro 5,Hybrid,2025-11-03,1
GER,Centro 5,Hybrid,2025-11-03,1
GES,Centro 5,Online,2025-11-03,1
HCP,Centro 1,Hybrid,2025-11-03,1
HOT,Centro 4,In-person,2025-11-03,1
LOG,Centro 3,Hybrid,2025-11-03,1
LOG,Centro 4,In-person,2025-11-03,1
LOG,Centro 5,In-person,2025-11-03,1
MNT,Centro 4,In-person,2025-11-03,1
MNT,Centro 5,In-person,2025-11-03,1
PBI,Centro 4,Online,2025-11-03,1
PRI,Centro 1,In-person,2025-11-03,1
PRI,Centro 3,Hybrid,2025-11-03,1
PYT,Centro 4,Hybrid,2025-11-03,1
PYT,Centro 4,In-person,2025-11-03,1
SCI,Centro 1,In-person,2025-11-03,1
SCI,Centro 3,In-person,2025-11-03,1
SCI,Centro 4,In-person,2025-11-03,1
SEG,Centro 3,Hybrid,2025-11-03,1
SST,Centro 2,In-person,2025-11-03,1
SST,Centro 3,Hybrid,2025-11-03,1
VND,Centro 1,Hybrid,2025-11-03,1
PYT,Centro 2,Online,2025-11-10,49
CYB,Centro 3,Online,2025-11-10,43
PBI,Centro 2,Online,2025-11-10,41
EXC,Centro 3,Online,2025-11-10,31
HOT,Centro 2,Hybrid,2025-11-10,30
CYB,Centro 3,Hybrid,2025-11-10,29
EXC,Centro 5,Hybrid,2025-11-10,29
MNT,Centro 1,In-person,2025-11-10,28
PBI,Centro 4,Hybrid,2025-11-10,28
PYT,Centro 5,In-person,2025-11-10,28
ING,Centro 4,Online,2025-11-10,27
PRI,Centro 5,In-person,2025-11-10,25
EMP,Centro 2,In-person,2025-11-10,23
GES,Centro 2,Online,2025-11-10,23
PYT,Centro 3,Online,2025-11-10,23
SST,Centro 1,Online,2025-11-10,23
GES,Centro 1,Hybrid,2025-11-10,22
PBI,Centro 3,Hybrid,2025-11-10,22
CYB,Centro 5,Hybrid,2025-11-10,20
PRI,Centro 4,Hybrid,2025-11-10,20
INF,Centro 2,Hybrid,2025-11-10,19
PYT,Centro 4,Hybrid,2025-11-10,19
SCI,Centro 3,In-person,2025-11-10,19
EXC,Centro 4,Hybrid,2025-11-10,18
GER,Centro 5,In-person,2025-11-10,18
GES,Centro 5,Online,2025-11-10,18
EXC,Centro 2,In-person,2025-11-10,17
LID,Centro 1,In-person,2025-11-10,17
SEG,Centro 1,Online,2025-11-10,17
GES,Centro 5,Hybrid,2025-11-10,16
INF,Centro 3,In-person,2025-11-10,16
INF,Centro 5,In-person,2025-11-10,16
LID,Centro 4,Online,2025-11-10,16
CYB,Centro 5,In-person,2025-11-10,15
GER,Centro 3,In-person,2025-11-10,14
GES,Centro 3,Hybrid,2025-11-10,14
HAC,Centro 4,Hybrid,2025-11-10,14
MNT,Centro 5,In-person,2025-11-10,14
VND,Centro 3,Hybrid,2025-11-10,14
GER,Centro 4,Hybrid,2025-11-10,13
LOG,Centro 1,In-person,2025-11-10,13
LID,Centro 2,In-person,2025-11-10,12
CYB,Centro 4,Hybrid,2025-11-10,11
LOG,Centro 1,Hybrid,2025-11-10,11
VND,Centro 2,In-person,2025-11-10,11
CYB,Centro 2,Hybrid,2025-11-10,10
FOR,Centro 4,Online,2025-11-10,10
FOR,Centro 4,Hybrid,2025-11-10,10
INF,Centro 4,In-person,2025-11-10,10
LOG,Centro 5,In-person,2025-11-10,10
SEG,Centro 3,Hybrid,2025-11-10,10
SEG,Centro 3,In-person,2025-11-10,10
CYB,Centro 4,In-person,2025-11-10,9
EXC,Centro 4,In-person,2025-11-10,9
FOR,Centro 2,Hybrid,2025-11-10,9
GER,Centro 5,Hybrid,2025-11-10,9
LID,Centro 3,Online,2025-11-10,9
LID,Centro 5,Hybrid,2025-11-10,9
EXC,Centro 1,Hybrid,2025-11-10,8
EXC,Centro 2,Hybrid,2025-11-10,8
PBI,Centro 2,In-person,2025-11-10,8
PRI,Centro 5,Hybrid,2025-11-10,8
PYT,Centro 2,In-person,2025-11-10,8
SCI,Centro 1,Hybrid,2025-11-10,8
SST,Centro 5,In-person,2025-11-10,8
VND,Centro 4,In-person,2025-11-10,8
HCP,Centro 1,Hybrid,2025-11-10,7
LID,Centro 1,Hybrid,2025-11-10,7
LID,Centro 4,In-person,2025-11-10,7
PBI,Centro 4,Online,2025-11-10,7
PYT,Centro 5,Online,2025-11-10,7
SST,Centro 2,Online,2025-11-10,7
SST,Centro 4,Hybrid,2025-11-10,7
TUR,Centro 1,Hybrid,2025-11-10,7
CYB,Centro 2,Online,2025-11-10,6
INF,Centro 2,In-person,2025-11-10,6
HCP,Centro 5,Hybrid,2025-11-10,5
ING,Centro 1,Online,2025-11-10,5
SST,Centro 3,Hybrid,2025-11-10,5
EMP,Centro 3,In-person,2025-11-10,4
FOR,Centro 3,Hybrid,2025-11-10,3
HOT,Centro 5,In-person,2025-11-10,3
PRI,Centro 3,Hybrid,2025-11-10,3
SEG,Centro 4,Hybrid,2025-11-10,3
CYB,Centro 1,Online,2025-11-10,2
GER,Centro 2,In-person,2025-11-10,2
HOT,Centro 1,In-person,2025-11-10,2
PBI,Centro 1,Online,2025-11-10,2
PBI,Centro 3,In-person,2025-11-10,2
PRI,Centro 2,In-person,2025-11-10,2
SEG,Centro 1,In-person,2025-11-10,2
VND,Centro 1,Hybrid,2025-11-10,2
VND,Centro 2,Hybrid,2025-11-10,2
FOR,Centro 5,Hybrid,2025-11-10,1
HAC,Centro 5,In-person,2025-11-10,1
ING,Centro 5,Hybrid,2025-11-10,1
LID,Centro 1,Online,2025-11-10,1
PBI,Centro 5,Online,2025-11-10,1
PRI,Centro 1,In-person,2025-11-10,1
PRO,Centro 4,Hybrid,2025-11-10,1
PYT,Centro 4,In-person,2025-11-10,1
SST,Centro 2,In-person,2025-11-10,1
VND,Centro 2,Online,2025-11-10,1
VND,Centro 5,In-person,2025-11-10,1
FOR,Centro 4,Online,2025-11-17,30
PBI,Centro 2,Online,2025-11-17,29
MNT,Centro 1,In-person,2025-11-17,25
PRI,Centro 3,In-person,2025-11-17,25
PRI,Centro 2,In-person,2025-11-17,24
SCI,Centro 2,Hybrid,2025-11-17,23
VND,Centro 3,Online,2025-11-17,23
SCI,Centro 1,Hybrid,2025-11-17,20
CYB,Centro 1,Online,2025-11-17,19
EMP,Centro 3,In-person,2025-11-17,18
GER,Centro 4,In-person,2025-11-17,18
HOT,Centro 5,In-person,2025-11-17,18
LOG,Centro 5,In-person,2025-11-17,18
FOR,Centro 2,Hybrid,2025-11-17,17
SEG,Centro 2,In-person,2025-11-17,17
EXC,Centro 5,Hybrid,2025-11-17,16
SST,Centro 4,In-person,2025-11-17,16
CYB,Centro 5,Hybrid,2025-11-17,15
PYT,Centro 5,Online,2025-11-17,15
SST,Centro 1,In-person,2025-11-17,15
GER,Centro 5,In-person,2025-11-17,14
PBI,Centro 4,Online,2025-11-17,14
HOT,Centro 2,In-person,2025-11-17,13
GER,Centro 2,In-person,2025-11-17,12
ING,Centro 5,Online,2025-11-17,12
PYT,Centro 2,Online,2025-11-17,12
PYT,Centro 4,In-person,2025-11-17,12
INF,Centro 4,In-person,2025-11-17,11
LID,Centro 3,Hybrid,2025-11-17,10
SOC,Centro 5,Hybrid,2025-11-17,10
SST,Centro 1,Online,2025-11-17,10
VND,Centro 2,In-person,2025-11-17,10
FOR,Centro 5,Online,2025-11-17,9
ING,Centro 2,In-person,2025-11-17,9
PBI,Centro 1,Online,2025-11-17,9
FOR,Centro 4,Hybrid,2025-11-17,8
GER,Centro 5,Hybrid,2025-11-17,8
INF,Centro 1,In-person,2025-11-17,8
PYT,Centro 1,In-person,2025-11-17,8
CYB,Centro 3,Online,2025-11-17,7
GES,Centro 2,Hybrid,2025-11-17,7
GES,Centro 4,Hybrid,2025-11-17,7
HAC,Centro 5,Hybrid,2025-11-17,7
SST,Centro 5,In-person,2025-11-17,7
GER,Centro 3,Hybrid,2025-11-17,6
HCP,Centro 2,In-person,2025-11-17,6
LOG,Centro 3,In-person,2025-11-17,6
SEG,Centro 2,Hybrid,2025-11-17,6
EXC,Centro 2,Hybrid,2025-11-17,5
GER,Centro 1,Hybrid,2025-11-17,5
HAC,Centro 1,Online,2025-11-17,5
HCP,Centro 1,In-person,2025-11-17,5
MNT,Centro 3,In-person,2025-11-17,5
SCI,Centro 5,In-person,2025-11-17,5
SOC,Centro 4,In-person,2025-11-17,5
EXC,Centro 1,Hybrid,2025-11-17,4
HAC,Centro 1,In-person,2025-11-17,4
HCP,Centro 4,In-person,2025-11-17,4
PBI,Centro 2,In-person,2025-11-17,4
SST,Centro 3,In-person,2025-11-17,4
LID,Centro 1,Hybrid,2025-11-17,3
PBI,Centro 5,In-person,2025-11-17,3
SCI,Centro 3,In-person,2025-11-17,3
SOC,Centro 3,Hybrid,2025-11-17,3
TUR,Centro 5,Hybrid,2025-11-17,3
VND,Centro 4,Online,2025-11-17,3
EXC,Centro 5,In-person,2025-11-17,2
INF,Centro 3,Hybrid,2025-11-17,2
LOG,Centro 1,Hybrid,2025-11-17,2
PRI,Centro 5,In-person,2025-11-17,2
PYT,Centro 2,Hybrid,2025-11-17,2
SCI,Centro 4,In-person,2025-11-17,2
CYB,Centro 2,Online,2025-11-17,1
CYB,Centro 2,Hybrid,2025-11-17,1
EXC,Centro 3,Online,2025-11-17,1
HAC,Centro 5,In-person,2025-11-17,1
INF,Centro 2,In-person,2025-11-17,1
INF,Centro 3,In-person,2025-11-17,1
MNT,Centro 5,In-person,2025-11-17,1
PRI,Centro 1,In-person,2025-11-17,1
PRO,Centro 4,Online,2025-11-17,1
PYT,Centro 5,In-person,2025-11-17,1
TUR,Centro 5,In-person,2025-11-17,1
CYB,Centro 2,Online,2025-11-24,52
CYB,Centro 4,Online,2025-11-24,43
PBI,Centro 2,Hybrid,2025-11-24,34
PBI,Centro 1,Online,2025-11-24,32
GER,Centro 4,Hybrid,2025-11-24,29
PBI,Centro 2,Online,2025-11-24,29
PBI,Centro 4,Online,2025-11-24,26
PYT,Centro 2,Online,2025-11-24,26
SST,Centro 2,Online,2025-11-24,24
INF,Centro 4,In-person,2025-11-24,23
PBI,Centro 3,Hybrid,2025-11-24,23
SEG,Centro 5,In-person,2025-11-24,23
PRO,Centro 4,Hybrid,2025-11-24,22
HOT,Centro 5,In-person,2025-11-24,20
SEG,Centro 4,In-person,2025-11-24,19
LOG,Centro 4,Hybrid,2025-11-24,16
LOG,Centro 3,In-person,2025-11-24,15
PYT,Centro 3,Online,2025-11-24,15
SEG,Centro 3,In-person,2025-11-24,14
VND,Centro 4,Hybrid,2025-11-24,14
EXC,Centro 4,Online,2025-11-24,13
CYB,Centro 5,Hybrid,2025-11-24,12
HCP,Centro 4,Hybrid,2025-11-24,12
EXC,Centro 3,Hybrid,2025-11-24,11
GES,Centro 4,In-person,2025-11-24,11
INF,Centro 2,Hybrid,2025-11-24,11
MNT,Centro 5,In-person,2025-11-24,11
PYT,Centro 1,Online,2025-11-24,11
EXC,Centro 3,Online,2025-11-24,10
GER,Centro 1,In-person,2025-11-24,10
HCP,Centro 1,In-person,2025-11-24,10
HCP,Centro 4,In-person,2025-11-24,10
SCI,Centro 1,Hybrid,2025-11-24,10
SCI,Centro 3,In-person,2025-11-24,10
VND,Centro 3,In-person,2025-11-24,10
VND,Centro 5,In-person,2025-11-24,10
CYB,Centro 1,Online,2025-11-24,9
HAC,Centro 1,In-person,2025-11-24,8
HCP,Centro 5,Hybrid,2025-11-24,8
PYT,Centro 5,In-person,2025-11-24,8
TUR,Centro 2,In-person,2025-11-24,8
CYB,Centro 3,Hybrid,2025-11-24,7
HAC,Centro 1,Online,2025-11-24,7
SST,Centro 2,In-person,2025-11-24,7
TUR,Centro 1,Hybrid,2025-11-24,7
CYB,Centro 1,In-person,2025-11-24,6
HCP,Centro 2,In-person,2025-11-24,6
LOG,Centro 1,Hybrid,2025-11-24,6
EMP,Centro 3,In-person,2025-11-24,5
GES,Centro 5,Hybrid,2025-11-24,5
INF,Centro 5,In-person,2025-11-24,5
EMP,Centro 5,In-person,2025-11-24,4
HAC,Centro 3,Hybrid,2025-11-24,4
LID,Centro 2,In-person,2025-11-24,4
PRO,Centro 4,In-person,2025-11-24,4
VND,Centro 2,In-person,2025-11-24,4
INF,Centro 1,Hybrid,2025-11-24,3
LID,Centro 1,Hybrid,2025-11-24,3
LID,Centro 4,Hybrid,2025-11-24,3
CYB,Centro 4,Hybrid,2025-11-24,2
EMP,Centro 1,In-person,2025-11-24,2
FOR,Centro 5,Hybrid,2025-11-24,2
ING,Centro 4,Online,2025-11-24,2
ING,Centro 5,Online,2025-11-24,2
LOG,Centro 1,In-person,2025-11-24,2
LOG,Centro 4,In-person,2025-11-24,2
PBI,Centro 4,Hybrid,2025-11-24,2
PRI,Centro 5,In-person,2025-11-24,2
PYT,Centro 4,In-person,2025-11-24,2
SST,Centro 5,In-person,2025-11-24,2
EXC,Centro 5,In-person,2025-11-24,1
FOR,Centro 3,Hybrid,2025-11-24,1
FOR,Centro 4,Online,2025-11-24,1
GER,Centro 3,In-person,2025-11-24,1
GER,Centro 5,In-person,2025-11-24,1
GES,Centro 1,Hybrid,2025-11-24,1
GES,Centro 2,Online,2025-11-24,1
HAC,Centro 4,Hybrid,2025-11-24,1
INF,Centro 3,Hybrid,2025-11-24,1
LID,Centro 3,In-person,2025-11-24,1
LID,Centro 5,In-person,2025-11-24,1
MNT,Centro 2,In-person,2025-11-24,1
MNT,Centro 4,In-person,2025-11-24,1
PRO,Centro 1,Hybrid,2025-11-24,1
SCI,Centro 1,In-person,2025-11-24,1
SEG,Centro 2,Hybrid,2025-11-24,1
TUR,Centro 4,Hybrid,2025-11-24,1
FOR,Centro 2,Online,2025-12-01,24
HAC,Centro 5,In-person,2025-12-01,23
PYT,Centro 5,Online,2025-12-01,22
SCI,Centro 3,In-person,2025-12-01,22
EMP,Centro 3,In-person,2025-12-01,21
PBI,Centro 5,Hybrid,2025-12-01,21
CYB,Centro 4,Hybrid,2025-12-01,20
EXC,Centro 5,In-person,2025-12-01,20
PBI,Centro 4,Hybrid,2025-12-01,20
PYT,Centro 1,Online,2025-12-01,20
SST,Centro 2,Online,2025-12-01,20
SEG,Centro 3,Hybrid,2025-12-01,18
PBI,Centro 1,Online,2025-12-01,17
HCP,Centro 2,In-person,2025-12-01,16
PBI,Centro 2,In-person,2025-12-01,16
TUR,Centro 4,In-person,2025-12-01,16
CYB,Centro 5,Hybrid,2025-12-01,15
GES,Centro 4,Online,2025-12-01,15
HCP,Centro 4,In-person,2025-12-01,15
PBI,Centro 4,Online,2025-12-01,15
PYT,Centro 2,Online,2025-12-01,15
VND,Centro 2,In-person,2025-12-01,15
LID,Centro 3,Hybrid,2025-12-01,14
LOG,Centro 1,Hybrid,2025-12-01,14
GES,Centro 2,Hybrid,2025-12-01,13
PRI,Centro 5,Hybrid,2025-12-01,13
PRO,Centro 5,In-person,2025-12-01,13
LOG,Centro 4,Hybrid,2025-12-01,12
SST,Centro 1,Online,2025-12-01,12
TUR,Centro 2,In-person,2025-12-01,12
PRO,Centro 4,Hybrid,2025-12-01,11
SCI,Centro 5,In-person,2025-12-01,11
SST,Centro 5,In-person,2025-12-01,11
VND,Centro 4,Online,2025-12-01,11
EXC,Centro 2,In-person,2025-12-01,10
FOR,Centro 3,Online,2025-12-01,10
ING,Centro 2,In-person,2025-12-01,10
PBI,Centro 5,Online,2025-12-01,10
LID,Centro 4,Hybrid,2025-12-01,9
LOG,Centro 2,In-person,2025-12-01,9
TUR,Centro 1,Hybrid,2025-12-01,9
MNT,Centro 5,In-person,2025-12-01,8
PBI,Centro 3,Online,2025-12-01,8
PBI,Centro 3,Hybrid,2025-12-01,8
PRI,Centro 1,In-person,2025-12-01,8
VND,Centro 5,In-person,2025-12-01,8
GES,Centro 4,In-person,2025-12-01,7
HCP,Centro 3,In-person,2025-12-01,7
INF,Centro 3,In-person,2025-12-01,7
PYT,Centro 2,Hybrid,2025-12-01,7
SST,Centro 1,Hybrid,2025-12-01,7
FOR,Centro 5,Online,2025-12-01,6
GER,Centro 3,In-person,2025-12-01,6
HOT,Centro 5,Hybrid,2025-12-01,6
LOG,Centro 5,In-person,2025-12-01,6
PRI,Centro 3,Hybrid,2025-12-01,6
PRI,Centro 5,In-person,2025-12-01,6
VND,Centro 3,Hybrid,2025-12-01,6
FOR,Centro 2,Hybrid,2025-12-01,5
FOR,Centro 4,Online,2025-12-01,5
HAC,Centro 4,In-person,2025-12-01,5
PRI,Centro 1,Hybrid,2025-12-01,5
SCI,Centro 1,In-person,2025-12-01,5
SEG,Centro 1,Online,2025-12-01,5
VND,Centro 1,In-person,2025-12-01,5
CYB,Centro 2,Online,2025-12-01,4
GER,Centro 5,Hybrid,2025-12-01,4
ING,Centro 1,Online,2025-12-01,4
LID,Centro 3,In-person,2025-12-01,4
LOG,Centro 1,In-person,2025-12-01,4
LOG,Centro 5,Hybrid,2025-12-01,4
SCI,Centro 4,In-person,2025-12-01,4
FOR,Centro 3,Hybrid,2025-12-01,3
HOT,Centro 2,Hybrid,2025-12-01,3
LID,Centro 4,Online,2025-12-01,3
MNT,Centro 1,In-person,2025-12-01,3
SOC,Centro 4,Hybrid,2025-12-01,3
GER,Centro 4,Hybrid,2025-12-01,2
GES,Centro 1,Hybrid,2025-12-01,2
HCP,Centro 4,Hybrid,2025-12-01,2
LID,Centro 1,In-person,2025-12-01,2
PBI,Centro 2,Online,2025-12-01,2
SEG,Centro 2,In-person,2025-12-01,2
SEG,Centro 5,In-person,2025-12-01,2
SOC,Centro 3,Hybrid,2025-12-01,2
CYB,Centro 5,Online,2025-12-01,1
EXC,Centro 1,Hybrid,2025-12-01,1
GER,Centro 4,In-person,2025-12-01,1
HAC,Centro 1,In-person,2025-12-01,1
HCP,Centro 5,Hybrid,2025-12-01,1
HOT,Centro 2,In-person,2025-12-01,1
INF,Centro 2,In-person,2025-12-01,1
INF,Centro 3,Hybrid,2025-12-01,1
LOG,Centro 3,In-person,2025-12-01,1
PBI,Centro 3,In-person,2025-12-01,1
PBI,Centro 4,In-person,2025-12-01,1
PRI,Centro 2,In-person,2025-12-01,1
SEG,Centro 4,In-person,2025-12-01,1
SST,Centro 4,Hybrid,2025-12-01,1
CYB,Centro 1,Online,2025-12-08,39
PRI,Centro 1,In-person,2025-12-08,36
GES,Centro 3,Online,2025-12-08,30
TUR,Centro 5,Hybrid,2025-12-08,30
LOG,Centro 5,Hybrid,2025-12-08,28
PBI,Centro 2,Online,2025-12-08,27
GER,Centro 5,Hybrid,2025-12-08,26
PYT,Centro 2,Hybrid,2025-12-08,26
LID,Centro 2,Online,2025-12-08,25
MNT,Centro 1,In-person,2025-12-08,25
PBI,Centro 1,Online,2025-12-08,25
PRO,Centro 4,Hybrid,2025-12-08,24
LOG,Centro 4,In-person,2025-12-08,20
PRO,Centro 4,Online,2025-12-08,20
LID,Centro 3,Hybrid,2025-12-08,19
SOC,Centro 3,Hybrid,2025-12-08,19
SST,Centro 2,In-person,2025-12-08,19
GER,Centro 5,In-person,2025-12-08,18
INF,Centro 5,Hybrid,2025-12-08,18
SEG,Centro 1,Online,2025-12-08,18
LID,Centro 5,In-person,2025-12-08,17
SEG,Centro 4,In-person,2025-12-08,17
CYB,Centro 2,Online,2025-12-08,16
EXC,Centro 4,Online,2025-12-08,15
LOG,Centro 2,In-person,2025-12-08,15
SOC,Centro 4,In-person,2025-12-08,15
HOT,Centro 4,In-person,2025-12-08,14
EMP,Centro 1,In-person,2025-12-08,13
HOT,Centro 2,Hybrid,2025-12-08,13
PBI,Centro 4,In-person,2025-12-08,12
LOG,Centro 4,Hybrid,2025-12-08,11
TUR,Centro 3,In-person,2025-12-08,11
LOG,Centro 1,Hybrid,2025-12-08,10
VND,Centro 4,Online,2025-12-08,10
CYB,Centro 5,Hybrid,2025-12-08,9
SCI,Centro 3,In-person,2025-12-08,9
TUR,Centro 2,Hybrid,2025-12-08,9
VND,Centro 1,In-person,2025-12-08,9
VND,Centro 5,In-person,2025-12-08,9
GER,Centro 3,Hybrid,2025-12-08,8
HAC,Centro 1,Online,2025-12-08,8
HCP,Centro 3,In-person,2025-12-08,8
CYB,Centro 1,In-person,2025-12-08,7
FOR,Centro 3,Online,2025-12-08,7
HAC,Centro 2,Hybrid,2025-12-08,7
HOT,Centro 3,In-person,2025-12-08,7
SST,Centro 1,In-person,2025-12-08,7
EMP,Centro 3,In-person,2025-12-08,6
ING,Centro 1,In-person,2025-12-08,6
PBI,Centro 4,Hybrid,2025-12-08,6
PRI,Centro 3,In-person,2025-12-08,6
GES,Centro 4,Hybrid,2025-12-08,5
HAC,Centro 3,Hybrid,2025-12-08,5
HCP,Centro 2,Hybrid,2025-12-08,5
PBI,Centro 2,Hybrid,2025-12-08,5
SCI,Centro 1,Hybrid,2025-12-08,5
VND,Centro 2,Hybrid,2025-12-08,5
VND,Centro 2,In-person,2025-12-08,5
EMP,Centro 2,In-person,2025-12-08,4
FOR,Centro 2,Hybrid,2025-12-08,4
HCP,Centro 2,In-person,2025-12-08,4
SST,Centro 5,In-person,2025-12-08,4
CYB,Centro 3,Online,2025-12-08,3
HAC,Centro 4,In-person,2025-12-08,3
HOT,Centro 5,Hybrid,2025-12-08,3
MNT,Centro 2,In-person,2025-12-08,3
MNT,Centro 4,In-person,2025-12-08,3
PBI,Centro 5,Hybrid,2025-12-08,3
PRI,Centro 5,Hybrid,2025-12-08,3
CYB,Centro 1,Hybrid,2025-12-08,2
FOR,Centro 5,Online,2025-12-08,2
GER,Centro 4,In-person,2025-12-08,2
ING,Centro 4,Online,2025-12-08,2
PBI,Centro 1,Hybrid,2025-12-08,2
PRI,Centro 5,In-person,2025-12-08,2
PRO,Centro 4,In-person,2025-12-08,2
PRO,Centro 5,In-person,2025-12-08,2
SCI,Centro 2,Hybrid,2025-12-08,2
TUR,Centro 5,In-person,2025-12-08,2
VND,Centro 4,Hybrid,2025-12-08,2
CYB,Centro 2,Hybrid,2025-12-08,1
CYB,Centro 4,Online,2025-12-08,1
CYB,Centro 4,Hybrid,2025-12-08,1
EXC,Centro 1,Hybrid,2025-12-08,1
EXC,Centro 3,Online,2025-12-08,1
EXC,Centro 5,In-person,2025-12-08,1
GER,Centro 4,Hybrid,2025-12-08,1
GES,Centro 2,Online,2025-12-08,1
HAC,Centro 4,Hybrid,2025-12-08,1
HCP,Centro 1,In-person,2025-12-08,1
LID,Centro 2,Hybrid,2025-12-08,1
LID,Centro 4,Online,2025-12-08,1
LID,Centro 4,Hybrid,2025-12-08,1
MNT,Centro 5,In-person,2025-12-08,1
PRI,Centro 4,In-person,2025-12-08,1
PRO,Centro 1,Hybrid,2025-12-08,1
PYT,Centro 1,In-person,2025-12-08,1
PYT,Centro 5,Online,2025-12-08,1
SEG,Centro 5,Hybrid,2025-12-08,1
VND,Centro 3,In-person,2025-12-08,1
VND,Centro 5,Online,2025-12-08,1
PRO,Centro 1,Hybrid,2025-12-15,46
PBI,Centro 2,Online,2025-12-15,29
ING,Centro 4,Online,2025-12-15,28
ING,Centro 2,Online,2025-12-15,26
TUR,Centro 1,Hybrid,2025-12-15,23
SCI,Centro 3,In-person,2025-12-15,22
MNT,Centro 1,In-person,2025-12-15,21
PRO,Centro 4,Hybrid,2025-12-15,21
CYB,Centro 2,Online,2025-12-15,20
INF,Centro 2,In-person,2025-12-15,20
LOG,Centro 5,Hybrid,2025-12-15,20
PBI,Centro 1,Hybrid,2025-12-15,20
PBI,Centro 4,Online,2025-12-15,20
HAC,Centro 5,Hybrid,2025-12-15,18
LID,Centro 3,In-person,2025-12-15,18
SCI,Centro 2,In-person,2025-12-15,18
SST,Centro 2,Hybrid,2025-12-15,18
HAC,Centro 4,In-person,2025-12-15,17
PRI,Centro 1,In-person,2025-12-15,17
HCP,Centro 2,Hybrid,2025-12-15,16
CYB,Centro 4,Hybrid,2025-12-15,15
EMP,Centro 4,In-person,2025-12-15,15
GES,Centro 4,Online,2025-12-15,15
PBI,Centro 4,Hybrid,2025-12-15,15
CYB,Centro 5,Online,2025-12-15,14
EXC,Centro 2,In-person,2025-12-15,14
EXC,Centro 3,Online,2025-12-15,14
FOR,Centro 3,Online,2025-12-15,14
EXC,Centro 4,Online,2025-12-15,13
PRI,Centro 5,Hybrid,2025-12-15,13
SST,Centro 1,Online,2025-12-15,13
CYB,Centro 3,Hybrid,2025-12-15,12
INF,Centro 5,In-person,2025-12-15,12
LID,Centro 3,Online,2025-12-15,12
PRO,Centro 2,Hybrid,2025-12-15,12
TUR,Centro 2,In-person,2025-12-15,11
HCP,Centro 1,In-person,2025-12-15,10
PRI,Centro 5,In-person,2025-12-15,10
SEG,Centro 5,Hybrid,2025-12-15,10
FOR,Centro 5,Online,2025-12-15,9
HCP,Centro 5,In-person,2025-12-15,9
INF,Centro 3,Hybrid,2025-12-15,9
PBI,Centro 5,In-person,2025-12-15,9
HCP,Centro 4,Hybrid,2025-12-15,8
HCP,Centro 4,In-person,2025-12-15,8
CYB,Centro 2,Hybrid,2025-12-15,7
LOG,Centro 4,Hybrid,2025-12-15,7
TUR,Centro 2,Hybrid,2025-12-15,7
EXC,Centro 5,In-person,2025-12-15,6
ING,Centro 2,In-person,2025-12-15,6
PRO,Centro 2,In-person,2025-12-15,6
SOC,Centro 4,In-person,2025-12-15,6
TUR,Centro 5,Hybrid,2025-12-15,6
GER,Centro 3,Hybrid,2025-12-15,5
ING,Centro 1,Online,2025-12-15,5
PBI,Centro 3,Online,2025-12-15,5
PBI,Centro 3,In-person,2025-12-15,5
SEG,Centro 4,In-person,2025-12-15,5
VND,Centro 2,In-person,2025-12-15,5
CYB,Centro 1,Hybrid,2025-12-15,4
LID,Centro 3,Hybrid,2025-12-15,4
PRI,Centro 3,In-person,2025-12-15,4
GES,Centro 2,Online,2025-12-15,3
LOG,Centro 4,In-person,2025-12-15,3
SST,Centro 1,Hybrid,2025-12-15,3
VND,Centro 3,Hybrid,2025-12-15,3
VND,Centro 3,In-person,2025-12-15,3
VND,Centro 4,Hybrid,2025-12-15,3
GER,Centro 4,Hybrid,2025-12-15,2
GER,Centro 5,Hybrid,2025-12-15,2
HAC,Centro 5,In-person,2025-12-15,2
INF,Centro 4,In-person,2025-12-15,2
MNT,Centro 2,In-person,2025-12-15,2
MNT,Centro 5,In-person,2025-12-15,2
PYT,Centro 1,In-person,2025-12-15,2
PYT,Centro 5,Hybrid,2025-12-15,2
SST,Centro 1,In-person,2025-12-15,2
TUR,Centro 4,In-person,2025-12-15,2
TUR,Centro 5,In-person,2025-12-15,2
CYB,Centro 1,In-person,2025-12-15,1
CYB,Centro 5,In-person,2025-12-15,1
EMP,Centro 1,In-person,2025-12-15,1
EMP,Centro 2,In-person,2025-12-15,1
EXC,Centro 1,Hybrid,2025-12-15,1
EXC,Centro 2,Hybrid,2025-12-15,1
GER,Centro 5,In-person,2025-12-15,1
GES,Centro 3,Online,2025-12-15,1
ING,Centro 2,Hybrid,2025-12-15,1
LID,Centro 2,Hybrid,2025-12-15,1
MNT,Centro 4,In-person,2025-12-15,1
PBI,Centro 2,Hybrid,2025-12-15,1
PBI,Centro 4,In-person,2025-12-15,1
PRI,Centro 4,In-person,2025-12-15,1
PYT,Centro 3,Online,2025-12-15,1
SCI,Centro 4,In-person,2025-12-15,1
SST,Centro 2,Online,2025-12-15,1
SST,Centro 5,Hybrid,2025-12-15,1
HCP,Centro 5,In-person,2025-12-22,35
CYB,Centro 5,Online,2025-12-22,33
FOR,Centro 5,Online,2025-12-22,31
PBI,Centro 2,Online,2025-12-22,30
CYB,Centro 2,Online,2025-12-22,28
CYB,Centro 3,Hybrid,2025-12-22,26
PRO,Centro 4,Online,2025-12-22,26
CYB,Centro 4,Online,2025-12-22,25
EMP,Centro 1,In-person,2025-12-22,24
SCI,Centro 2,In-person,2025-12-22,21
SST,Centro 1,Online,2025-12-22,21
EMP,Centro 3,In-person,2025-12-22,20
GES,Centro 2,Online,2025-12-22,20
PRI,Centro 1,In-person,2025-12-22,20
LOG,Centro 4,In-person,2025-12-22,19
SEG,Centro 1,Hybrid,2025-12-22,19
TUR,Centro 5,In-person,2025-12-22,19
CYB,Centro 4,In-person,2025-12-22,18
EXC,Centro 5,In-person,2025-12-22,18
GER,Centro 3,In-person,2025-12-22,18
HCP,Centro 3,Hybrid,2025-12-22,18
HOT,Centro 5,Hybrid,2025-12-22,18
PBI,Centro 5,Online,2025-12-22,18
GES,Centro 1,Hybrid,2025-12-22,17
LID,Centro 3,Online,2025-12-22,17
SOC,Centro 4,In-person,2025-12-22,17
TUR,Centro 2,Hybrid,2025-12-22,17
INF,Centro 3,In-person,2025-12-22,16
LOG,Centro 1,Hybrid,2025-12-22,16
SST,Centro 5,In-person,2025-12-22,16
FOR,Centro 3,Hybrid,2025-12-22,15
PBI,Centro 5,In-person,2025-12-22,15
SCI,Centro 1,In-person,2025-12-22,15
CYB,Centro 5,In-person,2025-12-22,14
LID,Centro 2,Online,2025-12-22,14
LOG,Centro 1,In-person,2025-12-22,14
SOC,Centro 4,Hybrid,2025-12-22,14
VND,Centro 2,In-person,2025-12-22,14
LOG,Centro 5,In-person,2025-12-22,13
SOC,Centro 5,In-person,2025-12-22,13
SST,Centro 4,Hybrid,2025-12-22,13
TUR,Centro 5,Hybrid,2025-12-22,12
VND,Centro 2,Hybrid,2025-12-22,12
LID,Centro 2,In-person,2025-12-22,11
PBI,Centro 4,In-person,2025-12-22,11
PYT,Centro 3,Online,2025-12-22,11
TUR,Centro 4,Hybrid,2025-12-22,11
EMP,Centro 2,In-person,2025-12-22,10
LID,Centro 4,Online,2025-12-22,10
PBI,Centro 2,Hybrid,2025-12-22,10
PRO,Centro 3,In-person,2025-12-22,10
SST,Centro 5,Online,2025-12-22,10
SST,Centro 5,Hybrid,2025-12-22,10
EMP,Centro 4,In-person,2025-12-22,9
ING,Centro 4,Online,2025-12-22,9
ING,Centro 4,In-person,2025-12-22,9
CYB,Centro 2,Hybrid,2025-12-22,8
LID,Centro 3,Hybrid,2025-12-22,8
CYB,Centro 1,In-person,2025-12-22,7
CYB,Centro 4,Hybrid,2025-12-22,7
EXC,Centro 4,Online,2025-12-22,7
HAC,Centro 3,Hybrid,2025-12-22,7
INF,Centro 3,Hybrid,2025-12-22,7
MNT,Centro 1,In-person,2025-12-22,7
GER,Centro 2,In-person,2025-12-22,6
HCP,Centro 4,Hybrid,2025-12-22,6
LOG,Centro 2,Hybrid,2025-12-22,6
PYT,Centro 1,In-person,2025-12-22,6
SST,Centro 1,In-person,2025-12-22,6
TUR,Centro 4,In-person,2025-12-22,6
EMP,Centro 5,In-person,2025-12-22,5
GER,Centro 4,Hybrid,2025-12-22,5
HAC,Centro 5,In-person,2025-12-22,5
HCP,Centro 1,In-person,2025-12-22,5
LID,Centro 4,Hybrid,2025-12-22,5
PBI,Centro 3,In-person,2025-12-22,5
PBI,Centro 4,Hybrid,2025-12-22,5
PRI,Centro 1,Hybrid,2025-12-22,5
PYT,Centro 2,Hybrid,2025-12-22,5
SCI,Centro 3,In-person,2025-12-22,5
LOG,Centro 3,In-person,2025-12-22,4
LOG,Centro 4,Hybrid,2025-12-22,4
PBI,Centro 4,Online,2025-12-22,4
PRI,Centro 2,In-person,2025-12-22,4
PRO,Centro 4,In-person,2025-12-22,4
PRO,Centro 5,Online,2025-12-22,4
SEG,Centro 4,In-person,2025-12-22,4
SEG,Centro 5,Hybrid,2025-12-22,4
CYB,Centro 5,Hybrid,2025-12-22,3
EXC,Centro 5,Online,2025-12-22,3
GER,Centro 3,Hybrid,2025-12-22,3
ING,Centro 1,In-person,2025-12-22,3
ING,Centro 2,Online,2025-12-22,3
LID,Centro 3,In-person,2025-12-22,3
PBI,Centro 1,Online,2025-12-22,3
PBI,Centro 1,Hybrid,2025-12-22,3
PRO,Centro 1,In-person,2025-12-22,3
PRO,Centro 2,In-person,2025-12-22,3
PRO,Centro 4,Hybrid,2025-12-22,3
CYB,Centro 1,Online,2025-12-22,2
CYB,Centro 1,Hybrid,2025-12-22,2
EXC,Centro 2,Hybrid,2025-12-22,2
EXC,Centro 5,Hybrid,2025-12-22,2
FOR,Centro 2,Hybrid,2025-12-22,2
HAC,Centro 3,In-person,2025-12-22,2
HCP,Centro 4,In-person,2025-12-22,2
HOT,Centro 2,In-person,2025-12-22,2
HOT,Centro 5,In-person,2025-12-22,2
INF,Centro 1,In-person,2025-12-22,2
LID,Centro 5,Hybrid,2025-12-22,2
LOG,Centro 5,Hybrid,2025-12-22,2
MNT,Centro 2,In-person,2025-12-22,2
SCI,Centro 2,Hybrid,2025-12-22,2
EXC,Centro 1,Hybrid,2025-12-22,1
EXC,Centro 4,Hybrid,2025-12-22,1
HCP,Centro 2,In-person,2025-12-22,1
HOT,Centro 3,Hybrid,2025-12-22,1
INF,Centro 2,In-person,2025-12-22,1
INF,Centro 4,In-person,2025-12-22,1
LID,Centro 2,Hybrid,2025-12-22,1
LOG,Centro 3,Hybrid,2025-12-22,1
MNT,Centro 4,In-person,2025-12-22,1
SCI,Centro 1,Hybrid,2025-12-22,1
SCI,Centro 5,In-person,2025-12-22,1
SEG,Centro 3,Online,2025-12-22,1
SEG,Centro 5,In-person,2025-12-22,1
SST,Centro 2,Online,2025-12-22,1
SST,Centro 3,Hybrid,2025-12-22,1
TUR,Centro 1,Hybrid,2025-12-22,1
VND,Centro 1,In-person,2025-12-22,1
VND,Centro 3,Hybrid,2025-12-22,1
VND,Centro 4,Online,2025-12-22,1
EMP,Centro 3,In-person,2025-12-29,30
EXC,Centro 1,Hybrid,2025-12-29,30
PBI,Centro 4,In-person,2025-12-29,28
SST,Centro 4,Online,2025-12-29,28
EMP,Centro 5,In-person,2025-12-29,26
FOR,Centro 2,Online,2025-12-29,23
ING,Centro 4,Online,2025-12-29,22
LOG,Centro 5,In-person,2025-12-29,21
MNT,Centro 2,In-person,2025-12-29,21
HCP,Centro 5,In-person,2025-12-29,20
ING,Centro 2,Online,2025-12-29,20
LID,Centro 4,Online,2025-12-29,20
PYT,Centro 5,Hybrid,2025-12-29,20
SST,Centro 4,In-person,2025-12-29,20
HOT,Centro 5,Hybrid,2025-12-29,19
PBI,Centro 4,Online,2025-12-29,19
SST,Centro 3,Hybrid,2025-12-29,19
VND,Centro 3,Online,2025-12-29,19
VND,Centro 4,Hybrid,2025-12-29,19
EMP,Centro 1,In-person,2025-12-29,18
TUR,Centro 5,Hybrid,2025-12-29,18
LID,Centro 2,Online,2025-12-29,17
PRI,Centro 1,In-person,2025-12-29,17
PBI,Centro 3,Hybrid,2025-12-29,16
TUR,Centro 2,In-person,2025-12-29,16
CYB,Centro 2,Online,2025-12-29,15
EXC,Centro 2,In-person,2025-12-29,15
LID,Centro 3,Online,2025-12-29,15
CYB,Centro 2,Hybrid,2025-12-29,14
LID,Centro 2,Hybrid,2025-12-29,14
PYT,Centro 3,Hybrid,2025-12-29,14
SEG,Centro 2,Hybrid,2025-12-29,14
SST,Centro 5,Hybrid,2025-12-29,14
PRI,Centro 4,In-person,2025-12-29,13
PRI,Centro 5,Hybrid,2025-12-29,13
INF,Centro 3,Hybrid,2025-12-29,12
LOG,Centro 4,Hybrid,2025-12-29,12
PRO,Centro 1,Hybrid,2025-12-29,12
GES,Centro 4,Online,2025-12-29,11
HCP,Centro 1,Hybrid,2025-12-29,11
SEG,Centro 5,Hybrid,2025-12-29,11
SST,Centro 5,In-person,2025-12-29,11
FOR,Centro 3,Hybrid,2025-12-29,10
HCP,Centro 2,In-person,2025-12-29,10
ING,Centro 3,Hybrid,2025-12-29,10
LID,Centro 3,Hybrid,2025-12-29,10
LOG,Centro 4,In-person,2025-12-29,10
TUR,Centro 4,In-person,2025-12-29,10
CYB,Centro 4,In-person,2025-12-29,9
PBI,Centro 2,Hybrid,2025-12-29,9
EXC,Centro 4,In-person,2025-12-29,8
FOR,Centro 4,In-person,2025-12-29,8
GES,Centro 2,Hybrid,2025-12-29,8
GES,Centro 3,Online,2025-12-29,8
SST,Centro 1,Hybrid,2025-12-29,8
PRI,Centro 5,In-person,2025-12-29,7
EMP,Centro 4,In-person,2025-12-29,6
HAC,Centro 1,In-person,2025-12-29,6
HAC,Centro 5,In-person,2025-12-29,6
HOT,Centro 2,In-person,2025-12-29,6
ING,Centro 1,Online,2025-12-29,6
SCI,Centro 3,In-person,2025-12-29,6
VND,Centro 2,Hybrid,2025-12-29,6
FOR,Centro 2,Hybrid,2025-12-29,5
PRO,Centro 4,In-person,2025-12-29,5
PRO,Centro 5,In-person,2025-12-29,5
SOC,Centro 4,In-person,2025-12-29,5
TUR,Centro 4,Hybrid,2025-12-29,5
VND,Centro 5,In-person,2025-12-29,5
FOR,Centro 5,Online,2025-12-29,4
GER,Centro 1,In-person,2025-12-29,4
GES,Centro 1,In-person,2025-12-29,4
HAC,Centro 4,In-person,2025-12-29,4
INF,Centro 1,In-person,2025-12-29,4
MNT,Centro 5,In-person,2025-12-29,4
PBI,Centro 2,Online,2025-12-29,4
PRO,Centro 4,Online,2025-12-29,4
PRO,Centro 4,Hybrid,2025-12-29,4
PYT,Centro 1,Online,2025-12-29,4
PYT,Centro 2,In-person,2025-12-29,4
SEG,Centro 5,In-person,2025-12-29,4
SST,Centro 5,Online,2025-12-29,4
TUR,Centro 3,In-person,2025-12-29,4
VND,Centro 2,In-person,2025-12-29,4
CYB,Centro 3,Online,2025-12-29,3
CYB,Centro 5,Online,2025-12-29,3
HCP,Centro 1,In-person,2025-12-29,3
LID,Centro 2,In-person,2025-12-29,3
LID,Centro 5,In-person,2025-12-29,3
MNT,Centro 3,In-person,2025-12-29,3
PYT,Centro 3,Online,2025-12-29,3
SCI,Centro 1,In-person,2025-12-29,3
VND,Centro 4,Online,2025-12-29,3
GER,Centro 3,In-person,2025-12-29,2
GER,Centro 4,Hybrid,2025-12-29,2
HCP,Centro 2,Hybrid,2025-12-29,2
HOT,Centro 2,Hybrid,2025-12-29,2
MNT,Centro 4,In-person,2025-12-29,2
PRI,Centro 3,In-person,2025-12-29,2
CYB,Centro 2,In-person,2025-12-29,1
CYB,Centro 5,Hybrid,2025-12-29,1
EXC,Centro 3,Online,2025-12-29,1
EXC,Centro 5,Hybrid,2025-12-29,1
GER,Centro 5,Hybrid,2025-12-29,1
HAC,Centro 3,Hybrid,2025-12-29,1
HOT,Centro 5,In-person,2025-12-29,1
LID,Centro 4,Hybrid,2025-12-29,1
MNT,Centro 1,In-person,2025-12-29,1
PBI,Centro 5,In-person,2025-12-29,1
PRO,Centro 3,In-person,2025-12-29,1
SEG,Centro 1,Hybrid,2025-12-29,1
TUR,Centro 5,In-person,2025-12-29,1
PBI,Centro 5,Hybrid,2026-01-05,63
GER,Centro 3,In-person,2026-01-05,40
MNT,Centro 1,In-person,2026-01-05,39
CYB,Centro 5,Hybrid,2026-01-05,36
HAC,Centro 4,In-person,2026-01-05,34
PBI,Centro 3,Online,2026-01-05,33
EMP,Centro 4,In-person,2026-01-05,30
SEG,Centro 3,Hybrid,2026-01-05,29
CYB,Centro 2,In-person,2026-01-05,28
MNT,Centro 4,In-person,2026-01-05,28
PBI,Centro 1,Online,2026-01-05,28
HOT,Centro 2,In-person,2026-01-05,27
PRI,Centro 5,Hybrid,2026-01-05,25
CYB,Centro 3,Hybrid,2026-01-05,24
EMP,Centro 3,In-person,2026-01-05,24
EXC,Centro 4,Online,2026-01-05,23
MNT,Centro 3,In-person,2026-01-05,23
PRI,Centro 1,In-person,2026-01-05,23
HOT,Centro 5,Hybrid,2026-01-05,22
CYB,Centro 2,Hybrid,2026-01-05,18
ING,Centro 3,Hybrid,2026-01-05,18
ING,Centro 4,In-person,2026-01-05,18
PRI,Centro 1,Hybrid,2026-01-05,18
TUR,Centro 2,In-person,2026-01-05,18
FOR,Centro 3,Hybrid,2026-01-05,17
ING,Centro 2,In-person,2026-01-05,17
PRO,Centro 2,Hybrid,2026-01-05,17
PYT,Centro 4,Online,2026-01-05,17
EXC,Centro 3,Online,2026-01-05,15
GER,Centro 2,In-person,2026-01-05,15
MNT,Centro 2,In-person,2026-01-05,15
SEG,Centro 2,In-person,2026-01-05,15
GER,Centro 5,Hybrid,2026-01-05,14
ING,Centro 1,In-person,2026-01-05,14
PYT,Centro 1,Online,2026-01-05,14
CYB,Centro 1,Hybrid,2026-01-05,13
GES,Centro 2,Hybrid,2026-01-05,13
PBI,Centro 4,Hybrid,2026-01-05,13
CYB,Centro 4,In-person,2026-01-05,12
SEG,Centro 4,In-person,2026-01-05,12
CYB,Centro 1,Online,2026-01-05,11
HAC,Centro 2,In-person,2026-01-05,11
HCP,Centro 4,Hybrid,2026-01-05,11
INF,Centro 3,In-person,2026-01-05,11
PRO,Centro 4,Hybrid,2026-01-05,11
PRO,Centro 4,In-person,2026-01-05,11
PYT,Centro 1,In-person,2026-01-05,11
PYT,Centro 5,Hybrid,2026-01-05,11
SCI,Centro 1,Hybrid,2026-01-05,11
LOG,Centro 1,In-person,2026-01-05,10
PRO,Centro 5,Hybrid,2026-01-05,10
PYT,Centro 2,Hybrid,2026-01-05,10
SEG,Centro 3,In-person,2026-01-05,10
VND,Centro 2,In-person,2026-01-05,10
VND,Centro 4,Online,2026-01-05,10
CYB,Centro 4,Hybrid,2026-01-05,9
EXC,Centro 1,Hybrid,2026-01-05,9
HCP,Centro 1,In-person,2026-01-05,9
SOC,Centro 3,Hybrid,2026-01-05,9
LID,Centro 1,Hybrid,2026-01-05,8
PRI,Centro 5,In-person,2026-01-05,8
GER,Centro 4,In-person,2026-01-05,7
PBI,Centro 4,Online,2026-01-05,7
PBI,Centro 5,In-person,2026-01-05,7
SOC,Centro 1,Hybrid,2026-01-05,7
GES,Centro 4,Online,2026-01-05,6
PRI,Centro 2,In-person,2026-01-05,6
SST,Centro 3,In-person,2026-01-05,6
FOR,Centro 5,Online,2026-01-05,5
HCP,Centro 2,In-person,2026-01-05,5
HOT,Centro 3,In-person,2026-01-05,5
PBI,Centro 2,In-person,2026-01-05,5
SOC,Centro 4,In-person,2026-01-05,5
SST,Centro 1,Online,2026-01-05,5
EMP,Centro 5,In-person,2026-01-05,4
FOR,Centro 3,Online,2026-01-05,4
ING,Centro 4,Online,2026-01-05,4
LID,Centro 2,Online,2026-01-05,4
PYT,Centro 2,In-person,2026-01-05,4
SST,Centro 2,Hybrid,2026-01-05,4
CYB,Centro 2,Online,2026-01-05,3
GER,Centro 3,Hybrid,2026-01-05,3
HCP,Centro 3,Hybrid,2026-01-05,3
INF,Centro 5,In-person,2026-01-05,3
LID,Centro 2,In-person,2026-01-05,3
LID,Centro 5,In-person,2026-01-05,3
LOG,Centro 3,In-person,2026-01-05,3
PRI,Centro 3,Hybrid,2026-01-05,3
SEG,Centro 5,Hybrid,2026-01-05,3
SST,Centro 2,In-person,2026-01-05,3
SST,Centro 4,Online,2026-01-05,3
EXC,Centro 3,Hybrid,2026-01-05,2
GER,Centro 5,In-person,2026-01-05,2
GES,Centro 4,Hybrid,2026-01-05,2
HAC,Centro 3,Hybrid,2026-01-05,2
HAC,Centro 3,In-person,2026-01-05,2
HCP,Centro 5,In-person,2026-01-05,2
INF,Centro 3,Hybrid,2026-01-05,2
LID,Centro 3,Hybrid,2026-01-05,2
LID,Centro 3,In-person,2026-01-05,2
LOG,Centro 1,Hybrid,2026-01-05,2
PRO,Centro 1,Hybrid,2026-01-05,2
SCI,Centro 4,In-person,2026-01-05,2
SEG,Centro 1,Hybrid,2026-01-05,2
SOC,Centro 5,In-person,2026-01-05,2
TUR,Centro 2,Hybrid,2026-01-05,2
EXC,Centro 2,In-person,2026-01-05,1
EXC,Centro 4,Hybrid,2026-01-05,1
GES,Centro 3,Online,2026-01-05,1
HOT,Centro 1,Hybrid,2026-01-05,1
HOT,Centro 4,In-person,2026-01-05,1
INF,Centro 1,In-person,2026-01-05,1
ING,Centro 5,In-person,2026-01-05,1
LID,Centro 2,Hybrid,2026-01-05,1
LID,Centro 4,Hybrid,2026-01-05,1
LID,Centro 5,Hybrid,2026-01-05,1
LOG,Centro 5,In-person,2026-01-05,1
PBI,Centro 2,Hybrid,2026-01-05,1
PBI,Centro 4,In-person,2026-01-05,1
PBI,Centro 5,Online,2026-01-05,1
PRO,Centro 5,In-person,2026-01-05,1
SCI,Centro 1,In-person,2026-01-05,1
SCI,Centro 2,Hybrid,2026-01-05,1
SCI,Centro 3,In-person,2026-01-05,1
SEG,Centro 3,Online,2026-01-05,1
SEG,Centro 5,In-person,2026-01-05,1
SST,Centro 5,Online,2026-01-05,1
SST,Centro 5,In-person,2026-01-05,1
TUR,Centro 5,In-person,2026-01-05,1
VND,Centro 2,Hybrid,2026-01-05,1
MNT,Centro 1,In-person,2026-01-12,35
CYB,Centro 1,Online,2026-01-12,34
SCI,Centro 1,In-person,2026-01-12,32
PYT,Centro 2,Hybrid,2026-01-12,31
PBI,Centro 4,Hybrid,2026-01-12,30
SEG,Centro 4,Hybrid,2026-01-12,27
GER,Centro 3,Hybrid,2026-01-12,26
LOG,Centro 1,Hybrid,2026-01-12,25
PBI,Centro 4,Online,2026-01-12,25
PYT,Centro 1,Online,2026-01-12,25
EMP,Centro 3,In-person,2026-01-12,24
SEG,Centro 5,In-person,2026-01-12,24
MNT,Centro 2,In-person,2026-01-12,22
SST,Centro 1,In-person,2026-01-12,22
SST,Centro 4,Online,2026-01-12,22
GES,Centro 2,Online,2026-01-12,21
GES,Centro 3,Online,2026-01-12,21
INF,Centro 4,In-person,2026-01-12,20
ING,Centro 2,Online,2026-01-12,20
MNT,Centro 4,In-person,2026-01-12,19
SOC,Centro 5,In-person,2026-01-12,19
CYB,Centro 3,Hybrid,2026-01-12,18
EXC,Centro 4,In-person,2026-01-12,18
ING,Centro 2,In-person,2026-01-12,18
SST,Centro 5,In-person,2026-01-12,18
CYB,Centro 2,Hybrid,2026-01-12,17
GER,Centro 4,Hybrid,2026-01-12,17
HAC,Centro 5,In-person,2026-01-12,17
INF,Centro 3,Hybrid,2026-01-12,17
ING,Centro 2,Hybrid,2026-01-12,17
PYT,Centro 3,Hybrid,2026-01-12,17
PBI,Centro 3,Online,2026-01-12,16
PRI,Centro 3,Hybrid,2026-01-12,16
SCI,Centro 3,In-person,2026-01-12,16
TUR,Centro 5,In-person,2026-01-12,16
FOR,Centro 2,Online,2026-01-12,15
ING,Centro 1,Online,2026-01-12,15
PRI,Centro 5,Hybrid,2026-01-12,14
PRO,Centro 4,Online,2026-01-12,14
LID,Centro 3,Hybrid,2026-01-12,13
SCI,Centro 4,In-person,2026-01-12,13
CYB,Centro 5,Online,2026-01-12,12
CYB,Centro 5,Hybrid,2026-01-12,12
EXC,Centro 3,Online,2026-01-12,12
GER,Centro 3,In-person,2026-01-12,12
LID,Centro 3,Online,2026-01-12,12
LID,Centro 4,Hybrid,2026-01-12,12
PBI,Centro 5,Online,2026-01-12,12
PYT,Centro 5,Online,2026-01-12,12
CYB,Centro 4,Hybrid,2026-01-12,11
SEG,Centro 1,Hybrid,2026-01-12,11
SOC,Centro 1,Hybrid,2026-01-12,10
TUR,Centro 3,Hybrid,2026-01-12,10
CYB,Centro 1,Hybrid,2026-01-12,9
PRI,Centro 5,In-person,2026-01-12,9
VND,Centro 4,Online,2026-01-12,9
VND,Centro 5,Hybrid,2026-01-12,9
HAC,Centro 4,In-person,2026-01-12,8
HOT,Centro 2,In-person,2026-01-12,8
LID,Centro 1,Online,2026-01-12,8
PBI,Centro 2,Online,2026-01-12,8
PRI,Centro 1,In-person,2026-01-12,8
PYT,Centro 2,In-person,2026-01-12,8
SEG,Centro 2,Hybrid,2026-01-12,8
SOC,Centro 3,In-person,2026-01-12,8
EXC,Centro 2,In-person,2026-01-12,7
EXC,Centro 3,Hybrid,2026-01-12,7
HCP,Centro 5,In-person,2026-01-12,7
PRO,Centro 5,Online,2026-01-12,7
SST,Centro 1,Online,2026-01-12,7
CYB,Centro 2,In-person,2026-01-12,6
EMP,Centro 4,In-person,2026-01-12,6
FOR,Centro 3,Hybrid,2026-01-12,6
GER,Centro 4,In-person,2026-01-12,6
LOG,Centro 3,Hybrid,2026-01-12,6
PRO,Centro 5,Hybrid,2026-01-12,6
EXC,Centro 4,Hybrid,2026-01-12,5
HOT,Centro 3,In-person,2026-01-12,5
PRO,Centro 4,In-person,2026-01-12,5
SOC,Centro 4,In-person,2026-01-12,5
INF,Centro 5,Hybrid,2026-01-12,4
PYT,Centro 5,Hybrid,2026-01-12,4
SCI,Centro 1,Hybrid,2026-01-12,4
CYB,Centro 2,Online,2026-01-12,3
GER,Centro 2,In-person,2026-01-12,3
HCP,Centro 4,In-person,2026-01-12,3
HOT,Centro 5,Hybrid,2026-01-12,3
HOT,Centro 5,In-person,2026-01-12,3
ING,Centro 5,In-person,2026-01-12,3
LID,Centro 2,In-person,2026-01-12,3
PRO,Centro 4,Hybrid,2026-01-12,3
TUR,Centro 2,Hybrid,2026-01-12,3
VND,Centro 1,Hybrid,2026-01-12,3
EMP,Centro 5,In-person,2026-01-12,2
EXC,Centro 5,Hybrid,2026-01-12,2
GES,Centro 1,In-person,2026-01-12,2
HOT,Centro 4,In-person,2026-01-12,2
LID,Centro 1,In-person,2026-01-12,2
MNT,Centro 5,In-person,2026-01-12,2
PBI,Centro 2,In-person,2026-01-12,2
SCI,Centro 2,Hybrid,2026-01-12,2
SEG,Centro 2,Online,2026-01-12,2
SOC,Centro 4,Hybrid,2026-01-12,2
SST,Centro 5,Hybrid,2026-01-12,2
CYB,Centro 4,Online,2026-01-12,1
HAC,Centro 1,In-person,2026-01-12,1
HOT,Centro 3,Hybrid,2026-01-12,1
ING,Centro 1,Hybrid,2026-01-12,1
ING,Centro 4,In-person,2026-01-12,1
LOG,Centro 5,In-person,2026-01-12,1
PBI,Centro 1,Online,2026-01-12,1
PBI,Centro 3,Hybrid,2026-01-12,1
PRO,Centro 2,Hybrid,2026-01-12,1
SEG,Centro 3,In-person,2026-01-12,1
SEG,Centro 5,Hybrid,2026-01-12,1
SST,Centro 2,In-person,2026-01-12,1
VND,Centro 2,Hybrid,2026-01-12,1
VND,Centro 5,Online,2026-01-12,1
EXC,Centro 4,Online,2026-01-19,54
CYB,Centro 1,Hybrid,2026-01-19,46
SCI,Centro 3,In-person,2026-01-19,38
GER,Centro 3,In-person,2026-01-19,35
PBI,Centro 2,Online,2026-01-19,31
MNT,Centro 1,In-person,2026-01-19,30
GES,Centro 2,Hybrid,2026-01-19,29
SCI,Centro 1,Hybrid,2026-01-19,27
EMP,Centro 4,In-person,2026-01-19,25
SCI,Centro 2,Hybrid,2026-01-19,25
VND,Centro 5,Online,2026-01-19,24
CYB,Centro 2,Online,2026-01-19,23
HAC,Centro 1,Hybrid,2026-01-19,23
HOT,Centro 5,In-person,2026-01-19,23
LID,Centro 2,Hybrid,2026-01-19,23
VND,Centro 1,Hybrid,2026-01-19,23
CYB,Centro 4,Online,2026-01-19,22
PYT,Centro 1,Online,2026-01-19,22
MNT,Centro 5,In-person,2026-01-19,21
FOR,Centro 5,Online,2026-01-19,20
HAC,Centro 4,In-person,2026-01-19,20
HOT,Centro 3,Hybrid,2026-01-19,20
GER,Centro 4,Hybrid,2026-01-19,19
FOR,Centro 1,In-person,2026-01-19,18
FOR,Centro 2,Online,2026-01-19,17
GER,Centro 1,In-person,2026-01-19,17
GER,Centro 5,In-person,2026-01-19,17
SST,Centro 5,Online,2026-01-19,16
FOR,Centro 3,Online,2026-01-19,15
PYT,Centro 3,Hybrid,2026-01-19,15
GER,Centro 3,Hybrid,2026-01-19,14
SCI,Centro 5,Hybrid,2026-01-19,14
TUR,Centro 5,In-person,2026-01-19,14
EXC,Centro 2,In-person,2026-01-19,13
EXC,Centro 5,In-person,2026-01-19,13
PBI,Centro 2,In-person,2026-01-19,13
LOG,Centro 3,Hybrid,2026-01-19,12
PRI,Centro 2,In-person,2026-01-19,12
PRO,Centro 4,In-person,2026-01-19,12
SST,Centro 2,Hybrid,2026-01-19,12
CYB,Centro 1,Online,2026-01-19,11
EMP,Centro 1,In-person,2026-01-19,11
INF,Centro 3,Hybrid,2026-01-19,11
LOG,Centro 3,In-person,2026-01-19,11
PBI,Centro 4,Online,2026-01-19,11
SEG,Centro 1,In-person,2026-01-19,11
SST,Centro 4,Online,2026-01-19,11
HAC,Centro 5,In-person,2026-01-19,10
HOT,Centro 2,In-person,2026-01-19,10
LOG,Centro 2,In-person,2026-01-19,10
PBI,Centro 5,Hybrid,2026-01-19,10
PRI,Centro 5,Hybrid,2026-01-19,10
EXC,Centro 4,Hybrid,2026-01-19,9
FOR,Centro 1,Hybrid,2026-01-19,9
LID,Centro 1,Online,2026-01-19,9
LID,Centro 3,Online,2026-01-19,9
LID,Centro 5,Online,2026-01-19,9
MNT,Centro 2,In-person,2026-01-19,9
PBI,Centro 3,Online,2026-01-19,9
SST,Centro 5,Hybrid,2026-01-19,9
CYB,Centro 2,Hybrid,2026-01-19,8
EXC,Centro 2,Hybrid,2026-01-19,8
INF,Centro 5,Hybrid,2026-01-19,8
PRI,Centro 5,In-person,2026-01-19,8
PRO,Centro 5,Hybrid,2026-01-19,8
SOC,Centro 1,Hybrid,2026-01-19,8
SST,Centro 1,Hybrid,2026-01-19,8
FOR,Centro 4,In-person,2026-01-19,7
MNT,Centro 3,In-person,2026-01-19,7
SOC,Centro 5,In-person,2026-01-19,7
TUR,Centro 5,Hybrid,2026-01-19,7
GER,Centro 2,In-person,2026-01-19,6
HAC,Centro 2,Hybrid,2026-01-19,6
PBI,Centro 4,Hybrid,2026-01-19,6
PYT,Centro 5,Online,2026-01-19,6
VND,Centro 3,Online,2026-01-19,6
EMP,Centro 3,In-person,2026-01-19,5
HCP,Centro 2,In-person,2026-01-19,5
HOT,Centro 2,Hybrid,2026-01-19,5
EXC,Centro 1,Hybrid,2026-01-19,4
EXC,Centro 5,Hybrid,2026-01-19,4
GES,Centro 1,In-person,2026-01-19,4
INF,Centro 3,In-person,2026-01-19,4
PRO,Centro 3,In-person,2026-01-19,4
TUR,Centro 2,Hybrid,2026-01-19,4
VND,Centro 2,Hybrid,2026-01-19,4
CYB,Centro 3,Online,2026-01-19,3
EXC,Centro 4,In-person,2026-01-19,3
LID,Centro 4,Online,2026-01-19,3
LID,Centro 4,Hybrid,2026-01-19,3
PRO,Centro 4,Online,2026-01-19,3
PYT,Centro 1,In-person,2026-01-19,3
PYT,Centro 4,Online,2026-01-19,3
VND,Centro 1,In-person,2026-01-19,3
VND,Centro 4,Online,2026-01-19,3
HCP,Centro 3,In-person,2026-01-19,2
HOT,Centro 3,In-person,2026-01-19,2
HOT,Centro 4,In-person,2026-01-19,2
INF,Centro 4,In-person,2026-01-19,2
ING,Centro 1,Hybrid,2026-01-19,2
ING,Centro 4,Online,2026-01-19,2
LID,Centro 3,Hybrid,2026-01-19,2
PBI,Centro 5,In-person,2026-01-19,2
PRO,Centro 1,In-person,2026-01-19,2
PRO,Centro 4,Hybrid,2026-01-19,2
PRO,Centro 5,Online,2026-01-19,2
SEG,Centro 3,Hybrid,2026-01-19,2
SEG,Centro 4,Hybrid,2026-01-19,2
SEG,Centro 4,In-person,2026-01-19,2
CYB,Centro 5,Online,2026-01-19,1
GER,Centro 5,Hybrid,2026-01-19,1
HAC,Centro 1,In-person,2026-01-19,1
ING,Centro 2,Hybrid,2026-01-19,1
LID,Centro 5,Hybrid,2026-01-19,1
LOG,Centro 1,In-person,2026-01-19,1
PBI,Centro 1,Online,2026-01-19,1
PBI,Centro 2,Hybrid,2026-01-19,1
PRI,Centro 3,Hybrid,2026-01-19,1
PRO,Centro 2,Online,2026-01-19,1
PYT,Centro 2,Hybrid,2026-01-19,1
PYT,Centro 5,Hybrid,2026-01-19,1
SCI,Centro 1,In-person,2026-01-19,1
SEG,Centro 2,Hybrid,2026-01-19,1
SOC,Centro 2,In-person,2026-01-19,1
TUR,Centro 2,In-person,2026-01-19,1
VND,Centro 2,In-person,2026-01-19,1
VND,Centro 4,Hybrid,2026-01-19,1
EXC,Centro 4,Online,2026-01-26,42
SEG,Centro 1,In-person,2026-01-26,42
MNT,Centro 1,In-person,2026-01-26,40
TUR,Centro 5,In-person,2026-01-26,37
PBI,Centro 3,Online,2026-01-26,36
PBI,Centro 4,Online,2026-01-26,33
SEG,Centro 2,Online,2026-01-26,33
GES,Centro 2,Hybrid,2026-01-26,32
SST,Centro 1,Online,2026-01-26,31
PBI,Centro 2,Online,2026-01-26,28
EXC,Centro 5,Online,2026-01-26,26
PBI,Centro 1,Online,2026-01-26,26
SEG,Centro 1,Hybrid,2026-01-26,24
SST,Centro 1,In-person,2026-01-26,24
PYT,Centro 2,Hybrid,2026-01-26,23
PBI,Centro 4,In-person,2026-01-26,22
CYB,Centro 2,Online,2026-01-26,21
PYT,Centro 5,Online,2026-01-26,21
PYT,Centro 5,Hybrid,2026-01-26,21
SST,Centro 3,In-person,2026-01-26,21
CYB,Centro 1,Online,2026-01-26,20
FOR,Centro 2,Online,2026-01-26,20
ING,Centro 1,Online,2026-01-26,20
LID,Centro 5,Hybrid,2026-01-26,20
FOR,Centro 2,Hybrid,2026-01-26,19
HCP,Centro 2,In-person,2026-01-26,19
LOG,Centro 3,In-person,2026-01-26,19
SOC,Centro 1,Hybrid,2026-01-26,19
ING,Centro 2,Online,2026-01-26,18
GER,Centro 1,In-person,2026-01-26,17
GER,Centro 3,In-person,2026-01-26,17
GER,Centro 4,Hybrid,2026-01-26,17
HAC,Centro 3,In-person,2026-01-26,17
HCP,Centro 4,Hybrid,2026-01-26,17
LOG,Centro 3,Hybrid,2026-01-26,17
PRO,Centro 1,Online,2026-01-26,17
SEG,Centro 3,In-person,2026-01-26,17
EXC,Centro 2,Hybrid,2026-01-26,16
GES,Centro 4,In-person,2026-01-26,16
INF,Centro 5,In-person,2026-01-26,16
ING,Centro 2,In-person,2026-01-26,16
ING,Centro 3,Hybrid,2026-01-26,16
MNT,Centro 3,In-person,2026-01-26,16
SEG,Centro 4,Hybrid,2026-01-26,16
VND,Centro 3,In-person,2026-01-26,16
HOT,Centro 2,In-person,2026-01-26,15
ING,Centro 5,In-person,2026-01-26,15
PBI,Centro 3,Hybrid,2026-01-26,15
PRI,Centro 5,In-person,2026-01-26,15
SST,Centro 5,Online,2026-01-26,15
HAC,Centro 3,Hybrid,2026-01-26,14
HCP,Centro 4,In-person,2026-01-26,14
HCP,Centro 5,In-person,2026-01-26,14
LOG,Centro 2,In-person,2026-01-26,14
PBI,Centro 4,Hybrid,2026-01-26,14
SEG,Centro 5,In-person,2026-01-26,14
SOC,Centro 2,In-person,2026-01-26,14
LOG,Centro 5,In-person,2026-01-26,13
MNT,Centro 5,In-person,2026-01-26,13
SEG,Centro 5,Hybrid,2026-01-26,13
EMP,Centro 3,In-person,2026-01-26,12
GER,Centro 3,Hybrid,2026-01-26,12
HOT,Centro 3,In-person,2026-01-26,12
SST,Centro 5,Hybrid,2026-01-26,12
CYB,Centro 1,In-person,2026-01-26,11
HAC,Centro 2,Online,2026-01-26,11
SST,Centro 4,Online,2026-01-26,11
CYB,Centro 4,Online,2026-01-26,10
EXC,Centro 5,In-person,2026-01-26,10
FOR,Centro 3,Online,2026-01-26,10
FOR,Centro 3,Hybrid,2026-01-26,10
HAC,Centro 4,In-person,2026-01-26,10
ING,Centro 1,Hybrid,2026-01-26,10
LID,Centro 5,Online,2026-01-26,10
SOC,Centro 4,In-person,2026-01-26,10
SST,Centro 4,Hybrid,2026-01-26,10
EXC,Centro 5,Hybrid,2026-01-26,9
HOT,Centro 5,Hybrid,2026-01-26,9
LID,Centro 1,Online,2026-01-26,9
PRI,Centro 2,Hybrid,2026-01-26,9
TUR,Centro 3,In-person,2026-01-26,9
LID,Centro 3,Online,2026-01-26,8
GER,Centro 1,Hybrid,2026-01-26,7
LID,Centro 2,Online,2026-01-26,7
LID,Centro 2,In-person,2026-01-26,7
PRO,Centro 1,In-person,2026-01-26,7
SST,Centro 5,In-person,2026-01-26,7
CYB,Centro 1,Hybrid,2026-01-26,6
CYB,Centro 2,In-person,2026-01-26,6
EXC,Centro 4,Hybrid,2026-01-26,6
GER,Centro 4,In-person,2026-01-26,6
ING,Centro 3,Online,2026-01-26,6
MNT,Centro 2,In-person,2026-01-26,6
TUR,Centro 2,In-person,2026-01-26,6
VND,Centro 2,In-person,2026-01-26,6
CYB,Centro 2,Hybrid,2026-01-26,5
HAC,Centro 1,Hybrid,2026-01-26,5
HAC,Centro 2,Hybrid,2026-01-26,5
INF,Centro 3,In-person,2026-01-26,5
LOG,Centro 1,Hybrid,2026-01-26,5
PBI,Centro 5,Online,2026-01-26,5
PRI,Centro 2,In-person,2026-01-26,5
SCI,Centro 5,Hybrid,2026-01-26,5
CYB,Centro 3,Online,2026-01-26,4
CYB,Centro 5,Online,2026-01-26,4
HAC,Centro 1,In-person,2026-01-26,4
HOT,Centro 2,Hybrid,2026-01-26,4
PBI,Centro 2,Hybrid,2026-01-26,4
EXC,Centro 2,In-person,2026-01-26,3
HCP,Centro 3,Hybrid,2026-01-26,3
HOT,Centro 1,Hybrid,2026-01-26,3
INF,Centro 3,Hybrid,2026-01-26,3
PRI,Centro 3,Hybrid,2026-01-26,3
PRI,Centro 3,In-person,2026-01-26,3
SCI,Centro 3,In-person,2026-01-26,3
SOC,Centro 3,In-person,2026-01-26,3
SST,Centro 2,Hybrid,2026-01-26,3
TUR,Centro 1,In-person,2026-01-26,3
VND,Centro 5,Online,2026-01-26,3
CYB,Centro 3,Hybrid,2026-01-26,2
EMP,Centro 1,In-person,2026-01-26,2
EXC,Centro 3,Hybrid,2026-01-26,2
EXC,Centro 4,In-person,2026-01-26,2
GER,Centro 5,In-person,2026-01-26,2
LOG,Centro 2,Hybrid,2026-01-26,2
MNT,Centro 4,In-person,2026-01-26,2
PBI,Centro 5,Hybrid,2026-01-26,2
PRO,Centro 2,Hybrid,2026-01-26,2
PRO,Centro 2,In-person,2026-01-26,2
SOC,Centro 4,Hybrid,2026-01-26,2
SST,Centro 2,Online,2026-01-26,2
EMP,Centro 4,In-person,2026-01-26,1
FOR,Centro 5,In-person,2026-01-26,1
HOT,Centro 3,Hybrid,2026-01-26,1
LID,Centro 2,Hybrid,2026-01-26,1
LID,Centro 4,In-person,2026-01-26,1
LID,Centro 5,In-person,2026-01-26,1
PBI,Centro 2,In-person,2026-01-26,1
PRI,Centro 4,Hybrid,2026-01-26,1
PRI,Centro 4,In-person,2026-01-26,1
PRO,Centro 2,Online,2026-01-26,1
PYT,Centro 1,Online,2026-01-26,1
PYT,Centro 3,Online,2026-01-26,1
PYT,Centro 4,In-person,2026-01-26,1
SCI,Centro 1,Hybrid,2026-01-26,1
SCI,Centro 5,In-person,2026-01-26,1
SOC,Centro 5,In-person,2026-01-26,1
SST,Centro 2,In-person,2026-01-26,1
TUR,Centro 2,Hybrid,2026-01-26,1
TUR,Centro 3,Hybrid,2026-01-26,1
TUR,Centro 4,Hybrid,2026-01-26,1
VND,Centro 4,Hybrid,2026-01-26,1
VND,Centro 5,In-person,2026-01-26,1
CYB,Centro 2,Online,2026-02-02,47
MNT,Centro 4,In-person,2026-02-02,43
HOT,Centro 2,Hybrid,2026-02-02,40
EMP,Centro 3,In-person,2026-02-02,35
ING,Centro 1,Online,2026-02-02,34
SEG,Centro 5,Hybrid,2026-02-02,34
PYT,Centro 1,Online,2026-02-02,33
CYB,Centro 3,Online,2026-02-02,32
CYB,Centro 3,Hybrid,2026-02-02,30
HCP,Centro 2,In-person,2026-02-02,30
SEG,Centro 5,In-person,2026-02-02,30
EXC,Centro 2,In-person,2026-02-02,29
PBI,Centro 1,Online,2026-02-02,29
PBI,Centro 3,Online,2026-02-02,28
SEG,Centro 3,Hybrid,2026-02-02,23
EXC,Centro 4,Online,2026-02-02,21
PBI,Centro 2,Hybrid,2026-02-02,21
PRO,Centro 4,Online,2026-02-02,21
ING,Centro 3,Online,2026-02-02,20
CYB,Centro 5,Online,2026-02-02,19
EXC,Centro 1,Online,2026-02-02,19
HOT,Centro 2,In-person,2026-02-02,19
INF,Centro 3,In-person,2026-02-02,19
PRO,Centro 5,Hybrid,2026-02-02,19
VND,Centro 5,Online,2026-02-02,19
GES,Centro 2,Hybrid,2026-02-02,18
LID,Centro 2,Hybrid,2026-02-02,18
LOG,Centro 2,Hybrid,2026-02-02,18
PBI,Centro 4,Online,2026-02-02,17
PRO,Centro 5,Online,2026-02-02,17
FOR,Centro 2,Online,2026-02-02,16
SST,Centro 5,In-person,2026-02-02,16
FOR,Centro 2,In-person,2026-02-02,15
SOC,Centro 5,In-person,2026-02-02,15
CYB,Centro 4,Online,2026-02-02,14
GER,Centro 3,Hybrid,2026-02-02,14
GER,Centro 3,In-person,2026-02-02,14
GER,Centro 5,In-person,2026-02-02,14
LID,Centro 1,Hybrid,2026-02-02,14
GER,Centro 2,In-person,2026-02-02,13
HCP,Centro 2,Hybrid,2026-02-02,13
GER,Centro 1,In-person,2026-02-02,12
HOT,Centro 3,Hybrid,2026-02-02,12
INF,Centro 5,In-person,2026-02-02,12
PYT,Centro 5,Online,2026-02-02,12
HOT,Centro 4,In-person,2026-02-02,11
LID,Centro 1,In-person,2026-02-02,11
LID,Centro 3,Hybrid,2026-02-02,11
LOG,Centro 3,In-person,2026-02-02,11
CYB,Centro 2,In-person,2026-02-02,10
ING,Centro 2,Online,2026-02-02,10
PYT,Centro 2,Hybrid,2026-02-02,10
SEG,Centro 1,In-person,2026-02-02,10
SEG,Centro 2,In-person,2026-02-02,10
SST,Centro 4,Online,2026-02-02,10
GER,Centro 4,Hybrid,2026-02-02,9
HAC,Centro 2,In-person,2026-02-02,9
HOT,Centro 1,Hybrid,2026-02-02,9
PRI,Centro 5,In-person,2026-02-02,9
PYT,Centro 1,In-person,2026-02-02,9
VND,Centro 4,In-person,2026-02-02,9
CYB,Centro 4,Hybrid,2026-02-02,8
HAC,Centro 2,Hybrid,2026-02-02,8
LOG,Centro 1,In-person,2026-02-02,8
PBI,Centro 4,In-person,2026-02-02,8
PRI,Centro 4,In-person,2026-02-02,8
VND,Centro 3,In-person,2026-02-02,8
CYB,Centro 5,Hybrid,2026-02-02,7
EXC,Centro 2,Online,2026-02-02,7
LOG,Centro 5,In-person,2026-02-02,7
PRO,Centro 2,Online,2026-02-02,7
EXC,Centro 1,Hybrid,2026-02-02,6
FOR,Centro 5,In-person,2026-02-02,6
HCP,Centro 3,In-person,2026-02-02,6
HOT,Centro 5,Hybrid,2026-02-02,6
INF,Centro 1,In-person,2026-02-02,6
PRI,Centro 1,In-person,2026-02-02,6
PRO,Centro 2,In-person,2026-02-02,6
SCI,Centro 3,In-person,2026-02-02,6
SCI,Centro 4,In-person,2026-02-02,6
SEG,Centro 5,Online,2026-02-02,6
SOC,Centro 3,In-person,2026-02-02,6
EMP,Centro 4,In-person,2026-02-02,5
GER,Centro 5,Hybrid,2026-02-02,5
GES,Centro 5,In-person,2026-02-02,5
MNT,Centro 2,In-person,2026-02-02,5
PBI,Centro 4,Hybrid,2026-02-02,5
PBI,Centro 5,In-person,2026-02-02,5
PRI,Centro 2,In-person,2026-02-02,5
PRO,Centro 2,Hybrid,2026-02-02,5
PRO,Centro 3,In-person,2026-02-02,5
SEG,Centro 3,Online,2026-02-02,5
SOC,Centro 2,In-person,2026-02-02,5
ING,Centro 2,Hybrid,2026-02-02,4
SEG,Centro 3,In-person,2026-02-02,4
CYB,Centro 1,Online,2026-02-02,3
EXC,Centro 5,Online,2026-02-02,3
GES,Centro 2,Online,2026-02-02,3
MNT,Centro 3,In-person,2026-02-02,3
PYT,Centro 2,In-person,2026-02-02,3
PYT,Centro 4,Online,2026-02-02,3
SOC,Centro 1,Hybrid,2026-02-02,3
VND,Centro 2,In-person,2026-02-02,3
CYB,Centro 2,Hybrid,2026-02-02,2
CYB,Centro 5,In-person,2026-02-02,2
EXC,Centro 2,Hybrid,2026-02-02,2
GER,Centro 1,Hybrid,2026-02-02,2
HCP,Centro 1,Hybrid,2026-02-02,2
ING,Centro 1,Hybrid,2026-02-02,2
LID,Centro 1,Online,2026-02-02,2
MNT,Centro 1,In-person,2026-02-02,2
PBI,Centro 2,In-person,2026-02-02,2
PRI,Centro 1,Hybrid,2026-02-02,2
PRI,Centro 5,Hybrid,2026-02-02,2
SCI,Centro 5,In-person,2026-02-02,2
SST,Centro 1,Online,2026-02-02,2
SST,Centro 2,In-person,2026-02-02,2
SST,Centro 5,Online,2026-02-02,2
TUR,Centro 1,In-person,2026-02-02,2
VND,Centro 1,In-person,2026-02-02,2
CYB,Centro 1,Hybrid,2026-02-02,1
FOR,Centro 1,Hybrid,2026-02-02,1
FOR,Centro 4,Hybrid,2026-02-02,1
HAC,Centro 5,In-person,2026-02-02,1
ING,Centro 2,In-person,2026-02-02,1
LID,Centro 4,In-person,2026-02-02,1
LID,Centro 5,Online,2026-02-02,1
LID,Centro 5,Hybrid,2026-02-02,1
PBI,Centro 5,Online,2026-02-02,1
PRI,Centro 3,In-person,2026-02-02,1
SCI,Centro 1,Hybrid,2026-02-02,1
SOC,Centro 4,Hybrid,2026-02-02,1
SST,Centro 1,In-person,2026-02-02,1
SST,Centro 5,Hybrid,2026-02-02,1
TUR,Centro 2,In-person,2026-02-02,1
TUR,Centro 3,In-person,2026-02-02,1
TUR,Centro 4,Hybrid,2026-02-02,1
TUR,Centro 5,In-person,2026-02-02,1
CYB,Centro 5,Online,2026-02-09,64
EXC,Centro 4,Online,2026-02-09,41
EXC,Centro 4,Hybrid,2026-02-09,38
CYB,Centro 3,Online,2026-02-09,36
PYT,Centro 4,Online,2026-02-09,36
EXC,Centro 3,Hybrid,2026-02-09,34
HOT,Centro 3,Hybrid,2026-02-09,34
PRO,Centro 2,Online,2026-02-09,34
HAC,Centro 1,In-person,2026-02-09,32
LID,Centro 4,Hybrid,2026-02-09,30
HOT,Centro 2,In-person,2026-02-09,29
PYT,Centro 3,Online,2026-02-09,29
PBI,Centro 2,Hybrid,2026-02-09,28
CYB,Centro 1,Hybrid,2026-02-09,27
MNT,Centro 5,In-person,2026-02-09,26
PBI,Centro 3,Online,2026-02-09,26
EMP,Centro 4,In-person,2026-02-09,25
HAC,Centro 2,Hybrid,2026-02-09,25
SEG,Centro 4,Hybrid,2026-02-09,25
MNT,Centro 2,In-person,2026-02-09,24
CYB,Centro 1,Online,2026-02-09,23
HOT,Centro 1,Hybrid,2026-02-09,23
PRO,Centro 5,Online,2026-02-09,23
PYT,Centro 1,Online,2026-02-09,23
PYT,Centro 2,Hybrid,2026-02-09,23
VND,Centro 2,Online,2026-02-09,23
HOT,Centro 5,In-person,2026-02-09,21
SEG,Centro 3,Online,2026-02-09,21
HAC,Centro 5,Online,2026-02-09,20
FOR,Centro 4,Hybrid,2026-02-09,18
PRI,Centro 2,In-person,2026-02-09,18
TUR,Centro 3,Hybrid,2026-02-09,18
LOG,Centro 2,In-person,2026-02-09,17
SEG,Centro 5,Hybrid,2026-02-09,17
TUR,Centro 1,In-person,2026-02-09,17
CYB,Centro 2,Online,2026-02-09,16
CYB,Centro 3,Hybrid,2026-02-09,16
HCP,Centro 5,In-person,2026-02-09,16
PBI,Centro 4,Hybrid,2026-02-09,16
SEG,Centro 3,Hybrid,2026-02-09,16
CYB,Centro 4,Hybrid,2026-02-09,15
ING,Centro 2,In-person,2026-02-09,15
CYB,Centro 4,Online,2026-02-09,14
HAC,Centro 4,In-person,2026-02-09,14
LID,Centro 2,Online,2026-02-09,14
PRO,Centro 2,Hybrid,2026-02-09,14
SCI,Centro 5,In-person,2026-02-09,14
TUR,Centro 4,In-person,2026-02-09,14
EXC,Centro 3,Online,2026-02-09,13
SEG,Centro 1,In-person,2026-02-09,13
VND,Centro 1,In-person,2026-02-09,13
HOT,Centro 4,Hybrid,2026-02-09,12
PRI,Centro 5,Hybrid,2026-02-09,12
SCI,Centro 1,In-person,2026-02-09,12
SOC,Centro 4,In-person,2026-02-09,12
SST,Centro 3,In-person,2026-02-09,12
GER,Centro 3,Hybrid,2026-02-09,11
GER,Centro 5,Hybrid,2026-02-09,11
HAC,Centro 5,In-person,2026-02-09,11
MNT,Centro 3,In-person,2026-02-09,11
MNT,Centro 4,In-person,2026-02-09,11
PRI,Centro 5,In-person,2026-02-09,11
TUR,Centro 2,Hybrid,2026-02-09,11
VND,Centro 5,In-person,2026-02-09,11
MNT,Centro 1,In-person,2026-02-09,10
PRO,Centro 4,Online,2026-02-09,10
PRO,Centro 5,In-person,2026-02-09,10
CYB,Centro 5,In-person,2026-02-09,9
FOR,Centro 1,Hybrid,2026-02-09,9
PBI,Centro 4,Online,2026-02-09,9
PBI,Centro 5,Hybrid,2026-02-09,9
PRI,Centro 2,Hybrid,2026-02-09,9
SOC,Centro 2,Hybrid,2026-02-09,9
SST,Centro 5,Online,2026-02-09,9
GER,Centro 4,In-person,2026-02-09,8
ING,Centro 4,Online,2026-02-09,8
SST,Centro 5,In-person,2026-02-09,8
CYB,Centro 2,Hybrid,2026-02-09,7
FOR,Centro 2,Hybrid,2026-02-09,7
FOR,Centro 2,In-person,2026-02-09,7
GER,Centro 3,In-person,2026-02-09,7
HAC,Centro 3,In-person,2026-02-09,7
HAC,Centro 4,Hybrid,2026-02-09,7
HCP,Centro 2,In-person,2026-02-09,7
HOT,Centro 3,In-person,2026-02-09,7
INF,Centro 3,Hybrid,2026-02-09,7
LOG,Centro 3,In-person,2026-02-09,7
LOG,Centro 5,In-person,2026-02-09,7
GER,Centro 1,Hybrid,2026-02-09,6
GES,Centro 1,Online,2026-02-09,6
ING,Centro 3,Online,2026-02-09,6
PRI,Centro 3,In-person,2026-02-09,6
GER,Centro 1,In-person,2026-02-09,5
GES,Centro 1,Hybrid,2026-02-09,5
HCP,Centro 1,Hybrid,2026-02-09,5
PRI,Centro 4,In-person,2026-02-09,5
EXC,Centro 2,Hybrid,2026-02-09,4
HOT,Centro 1,In-person,2026-02-09,4
LID,Centro 4,In-person,2026-02-09,4
PBI,Centro 2,Online,2026-02-09,4
PRI,Centro 1,In-person,2026-02-09,4
SEG,Centro 3,In-person,2026-02-09,4
SST,Centro 5,Hybrid,2026-02-09,4
EXC,Centro 5,Hybrid,2026-02-09,3
FOR,Centro 4,In-person,2026-02-09,3
INF,Centro 5,In-person,2026-02-09,3
LID,Centro 3,Hybrid,2026-02-09,3
PBI,Centro 2,In-person,2026-02-09,3
PRO,Centro 4,In-person,2026-02-09,3
EXC,Centro 1,Online,2026-02-09,2
EXC,Centro 1,Hybrid,2026-02-09,2
FOR,Centro 5,In-person,2026-02-09,2
GER,Centro 5,In-person,2026-02-09,2
ING,Centro 2,Online,2026-02-09,2
LID,Centro 5,Online,2026-02-09,2
LOG,Centro 1,In-person,2026-02-09,2
LOG,Centro 3,Hybrid,2026-02-09,2
PBI,Centro 3,Hybrid,2026-02-09,2
PBI,Centro 4,In-person,2026-02-09,2
PBI,Centro 5,Online,2026-02-09,2
PRO,Centro 1,In-person,2026-02-09,2
PYT,Centro 5,Online,2026-02-09,2
SST,Centro 2,Hybrid,2026-02-09,2
SST,Centro 4,Online,2026-02-09,2
CYB,Centro 4,In-person,2026-02-09,1
EXC,Centro 5,Online,2026-02-09,1
GER,Centro 2,Hybrid,2026-02-09,1
GES,Centro 2,Online,2026-02-09,1
GES,Centro 2,Hybrid,2026-02-09,1
GES,Centro 4,Hybrid,2026-02-09,1
HCP,Centro 3,In-person,2026-02-09,1
HCP,Centro 5,Hybrid,2026-02-09,1
INF,Centro 2,In-person,2026-02-09,1
INF,Centro 3,In-person,2026-02-09,1
ING,Centro 1,Hybrid,2026-02-09,1
LOG,Centro 1,Hybrid,2026-02-09,1
SEG,Centro 1,Hybrid,2026-02-09,1
SOC,Centro 3,In-person,2026-02-09,1
SOC,Centro 5,In-person,2026-02-09,1
SST,Centro 2,Online,2026-02-09,1
SST,Centro 3,Hybrid,2026-02-09,1
TUR,Centro 3,In-person,2026-02-09,1
TUR,Centro 5,Hybrid,2026-02-09,1
TUR,Centro 5,In-person,2026-02-09,1
PBI,Centro 4,Online,2026-02-16,72
PBI,Centro 4,In-person,2026-02-16,53
ING,Centro 1,Hybrid,2026-02-16,40
FOR,Centro 2,Online,2026-02-16,33
TUR,Centro 2,Hybrid,2026-02-16,33
EXC,Centro 2,Online,2026-02-16,31
EXC,Centro 5,Online,2026-02-16,28
FOR,Centro 2,Hybrid,2026-02-16,28
INF,Centro 3,In-person,2026-02-16,28
EXC,Centro 1,Online,2026-02-16,27
MNT,Centro 5,In-person,2026-02-16,27
ING,Centro 3,Online,2026-02-16,25
GER,Centro 3,In-person,2026-02-16,24
GER,Centro 2,Hybrid,2026-02-16,23
PRO,Centro 2,Online,2026-02-16,23
HAC,Centro 5,Hybrid,2026-02-16,22
LID,Centro 4,In-person,2026-02-16,22
EXC,Centro 5,Hybrid,2026-02-16,21
PRI,Centro 2,Hybrid,2026-02-16,21
SST,Centro 4,Online,2026-02-16,21
LOG,Centro 1,In-person,2026-02-16,20
SST,Centro 5,In-person,2026-02-16,20
TUR,Centro 3,Hybrid,2026-02-16,20
EMP,Centro 5,In-person,2026-02-16,18
CYB,Centro 1,Online,2026-02-16,17
CYB,Centro 1,Hybrid,2026-02-16,17
GER,Centro 1,Hybrid,2026-02-16,17
PRO,Centro 1,Hybrid,2026-02-16,17
SEG,Centro 1,In-person,2026-02-16,17
SST,Centro 3,In-person,2026-02-16,17
GES,Centro 1,Hybrid,2026-02-16,16
HAC,Centro 2,Online,2026-02-16,16
LOG,Centro 2,In-person,2026-02-16,16
HOT,Centro 2,In-person,2026-02-16,15
MNT,Centro 4,In-person,2026-02-16,15
PRO,Centro 3,In-person,2026-02-16,15
TUR,Centro 4,Hybrid,2026-02-16,15
VND,Centro 2,Hybrid,2026-02-16,15
HCP,Centro 3,In-person,2026-02-16,14
SEG,Centro 2,Hybrid,2026-02-16,14
SEG,Centro 4,In-person,2026-02-16,14
EMP,Centro 4,In-person,2026-02-16,13
GER,Centro 5,Hybrid,2026-02-16,13
HOT,Centro 1,In-person,2026-02-16,13
PYT,Centro 4,In-person,2026-02-16,13
CYB,Centro 2,Online,2026-02-16,12
GER,Centro 4,In-person,2026-02-16,12
LID,Centro 2,Online,2026-02-16,12
SOC,Centro 1,Hybrid,2026-02-16,12
SST,Centro 1,In-person,2026-02-16,12
LOG,Centro 2,Hybrid,2026-02-16,11
LOG,Centro 5,In-person,2026-02-16,11
SEG,Centro 3,Hybrid,2026-02-16,11
GER,Centro 5,In-person,2026-02-16,10
HAC,Centro 5,In-person,2026-02-16,10
HCP,Centro 5,Hybrid,2026-02-16,10
SST,Centro 4,In-person,2026-02-16,10
CYB,Centro 3,Online,2026-02-16,9
EXC,Centro 2,Hybrid,2026-02-16,9
LOG,Centro 3,In-person,2026-02-16,9
PYT,Centro 2,Hybrid,2026-02-16,9
PYT,Centro 4,Hybrid,2026-02-16,9
VND,Centro 4,In-person,2026-02-16,9
VND,Centro 5,Hybrid,2026-02-16,9
HOT,Centro 3,Hybrid,2026-02-16,8
PRI,Centro 1,In-person,2026-02-16,8
SEG,Centro 3,In-person,2026-02-16,8
CYB,Centro 4,In-person,2026-02-16,7
GES,Centro 2,Hybrid,2026-02-16,7
LID,Centro 1,Online,2026-02-16,7
PBI,Centro 2,Hybrid,2026-02-16,7
PBI,Centro 5,Online,2026-02-16,7
PRI,Centro 2,In-person,2026-02-16,7
PRO,Centro 5,Hybrid,2026-02-16,7
SCI,Centro 1,Hybrid,2026-02-16,7
CYB,Centro 2,In-person,2026-02-16,6
LOG,Centro 1,Hybrid,2026-02-16,6
MNT,Centro 1,In-person,2026-02-16,6
PBI,Centro 1,Online,2026-02-16,6
FOR,Centro 5,In-person,2026-02-16,5
LOG,Centro 3,Hybrid,2026-02-16,5
PRO,Centro 4,In-person,2026-02-16,5
PYT,Centro 5,Hybrid,2026-02-16,5
EXC,Centro 4,Online,2026-02-16,4
EXC,Centro 5,In-person,2026-02-16,4
GER,Centro 1,In-person,2026-02-16,4
GER,Centro 3,Hybrid,2026-02-16,4
ING,Centro 2,Online,2026-02-16,4
PRO,Centro 4,Online,2026-02-16,4
PYT,Centro 3,Online,2026-02-16,4
SST,Centro 5,Hybrid,2026-02-16,4
TUR,Centro 1,In-person,2026-02-16,4
CYB,Centro 2,Hybrid,2026-02-16,3
HAC,Centro 4,Hybrid,2026-02-16,3
HOT,Centro 5,Hybrid,2026-02-16,3
LOG,Centro 4,In-person,2026-02-16,3
PRI,Centro 3,In-person,2026-02-16,3
PRO,Centro 5,Online,2026-02-16,3
SCI,Centro 1,In-person,2026-02-16,3
SCI,Centro 2,In-person,2026-02-16,3
SCI,Centro 5,In-person,2026-02-16,3
CYB,Centro 4,Hybrid,2026-02-16,2
CYB,Centro 5,In-person,2026-02-16,2
EMP,Centro 1,In-person,2026-02-16,2
EMP,Centro 3,In-person,2026-02-16,2
EXC,Centro 1,Hybrid,2026-02-16,2
EXC,Centro 3,Online,2026-02-16,2
GER,Centro 2,In-person,2026-02-16,2
HAC,Centro 2,In-person,2026-02-16,2
HAC,Centro 4,In-person,2026-02-16,2
HCP,Centro 1,In-person,2026-02-16,2
HCP,Centro 2,Hybrid,2026-02-16,2
HCP,Centro 5,In-person,2026-02-16,2
PRO,Centro 5,In-person,2026-02-16,2
SOC,Centro 2,In-person,2026-02-16,2
SST,Centro 5,Online,2026-02-16,2
TUR,Centro 5,In-person,2026-02-16,2
VND,Centro 2,In-person,2026-02-16,2
CYB,Centro 4,Online,2026-02-16,1
CYB,Centro 5,Online,2026-02-16,1
EXC,Centro 3,Hybrid,2026-02-16,1
HAC,Centro 5,Online,2026-02-16,1
HOT,Centro 1,Hybrid,2026-02-16,1
HOT,Centro 5,In-person,2026-02-16,1
LID,Centro 2,Hybrid,2026-02-16,1
LID,Centro 3,In-person,2026-02-16,1
LOG,Centro 5,Hybrid,2026-02-16,1
MNT,Centro 2,In-person,2026-02-16,1
PYT,Centro 5,Online,2026-02-16,1
SCI,Centro 3,In-person,2026-02-16,1
SOC,Centro 3,In-person,2026-02-16,1
SOC,Centro 4,In-person,2026-02-16,1
SST,Centro 2,In-person,2026-02-16,1
TUR,Centro 2,In-person,2026-02-16,1
VND,Centro 1,In-person,2026-02-16,1
HAC,Centro 5,Online,2026-02-23,40
CYB,Centro 1,Hybrid,2026-02-23,39
CYB,Centro 5,Hybrid,2026-02-23,35
EXC,Centro 1,Online,2026-02-23,34
HAC,Centro 1,In-person,2026-02-23,34
LID,Centro 2,Hybrid,2026-02-23,34
CYB,Centro 4,Hybrid,2026-02-23,32
HOT,Centro 2,In-person,2026-02-23,30
PYT,Centro 4,Hybrid,2026-02-23,30
GER,Centro 2,In-person,2026-02-23,28
HAC,Centro 5,In-person,2026-02-23,28
GER,Centro 3,In-person,2026-02-23,27
PBI,Centro 5,Online,2026-02-23,27
PYT,Centro 1,In-person,2026-02-23,27
HOT,Centro 5,Hybrid,2026-02-23,26
SST,Centro 3,In-person,2026-02-23,25
HAC,Centro 2,Hybrid,2026-02-23,24
HOT,Centro 1,Hybrid,2026-02-23,24
LID,Centro 4,Online,2026-02-23,24
PBI,Centro 4,Online,2026-02-23,24
CYB,Centro 5,Online,2026-02-23,23
SEG,Centro 3,In-person,2026-02-23,23
SEG,Centro 5,Hybrid,2026-02-23,23
LOG,Centro 2,In-person,2026-02-23,22
LOG,Centro 4,In-person,2026-02-23,21
LOG,Centro 5,Hybrid,2026-02-23,21
MNT,Centro 5,In-person,2026-02-23,21
SST,Centro 5,Online,2026-02-23,21
CYB,Centro 2,Online,2026-02-23,20
SST,Centro 2,Online,2026-02-23,19
CYB,Centro 3,Online,2026-02-23,17
GER,Centro 5,Hybrid,2026-02-23,17
HOT,Centro 5,In-person,2026-02-23,17
SEG,Centro 3,Online,2026-02-23,17
VND,Centro 1,In-person,2026-02-23,17
HAC,Centro 4,Hybrid,2026-02-23,16
PRO,Centro 2,Hybrid,2026-02-23,16
PYT,Centro 1,Online,2026-02-23,16
FOR,Centro 4,In-person,2026-02-23,15
CYB,Centro 3,In-person,2026-02-23,14
SCI,Centro 5,In-person,2026-02-23,14
HCP,Centro 2,Hybrid,2026-02-23,13
LOG,Centro 1,In-person,2026-02-23,13
PBI,Centro 3,Online,2026-02-23,13
SCI,Centro 1,In-person,2026-02-23,13
SST,Centro 1,Hybrid,2026-02-23,13
CYB,Centro 3,Hybrid,2026-02-23,12
GES,Centro 4,In-person,2026-02-23,12
SST,Centro 1,In-person,2026-02-23,12
TUR,Centro 5,In-person,2026-02-23,12
EMP,Centro 5,In-person,2026-02-23,11
FOR,Centro 3,Hybrid,2026-02-23,11
HCP,Centro 3,In-person,2026-02-23,11
LID,Centro 5,Online,2026-02-23,11
PRO,Centro 3,In-person,2026-02-23,11
SST,Centro 4,Online,2026-02-23,11
LOG,Centro 1,Hybrid,2026-02-23,10
PRI,Centro 1,Hybrid,2026-02-23,10
PRI,Centro 5,In-person,2026-02-23,10
PYT,Centro 5,Online,2026-02-23,10
CYB,Centro 4,Online,2026-02-23,9
ING,Centro 4,Online,2026-02-23,9
PBI,Centro 4,In-person,2026-02-23,9
CYB,Centro 4,In-person,2026-02-23,8
HCP,Centro 3,Hybrid,2026-02-23,8
HCP,Centro 5,Hybrid,2026-02-23,8
HOT,Centro 3,In-person,2026-02-23,8
LID,Centro 1,Hybrid,2026-02-23,8
LOG,Centro 5,In-person,2026-02-23,8
PRO,Centro 1,Online,2026-02-23,8
SOC,Centro 2,Hybrid,2026-02-23,8
EMP,Centro 1,In-person,2026-02-23,7
EXC,Centro 2,Online,2026-02-23,7
HAC,Centro 4,In-person,2026-02-23,7
HOT,Centro 1,In-person,2026-02-23,7
PRI,Centro 2,Hybrid,2026-02-23,7
PYT,Centro 3,Online,2026-02-23,7
SEG,Centro 1,Online,2026-02-23,7
SOC,Centro 3,Hybrid,2026-02-23,7
VND,Centro 3,In-person,2026-02-23,7
HAC,Centro 5,Hybrid,2026-02-23,6
ING,Centro 3,Hybrid,2026-02-23,6
PBI,Centro 2,Hybrid,2026-02-23,6
SEG,Centro 4,Hybrid,2026-02-23,6
GES,Centro 1,Hybrid,2026-02-23,5
HCP,Centro 1,Hybrid,2026-02-23,5
HCP,Centro 4,Hybrid,2026-02-23,5
MNT,Centro 4,In-person,2026-02-23,5
SST,Centro 5,In-person,2026-02-23,5
TUR,Centro 3,In-person,2026-02-23,5
EMP,Centro 4,In-person,2026-02-23,4
EXC,Centro 2,Hybrid,2026-02-23,4
GER,Centro 1,Hybrid,2026-02-23,4
GER,Centro 1,In-person,2026-02-23,4
INF,Centro 3,In-person,2026-02-23,4
ING,Centro 2,In-person,2026-02-23,4
LOG,Centro 3,In-person,2026-02-23,4
PYT,Centro 1,Hybrid,2026-02-23,4
SST,Centro 5,Hybrid,2026-02-23,4
VND,Centro 5,In-person,2026-02-23,4
GES,Centro 4,Hybrid,2026-02-23,3
HCP,Centro 5,In-person,2026-02-23,3
LID,Centro 3,In-person,2026-02-23,3
MNT,Centro 1,In-person,2026-02-23,3
SCI,Centro 3,In-person,2026-02-23,3
SOC,Centro 4,In-person,2026-02-23,3
TUR,Centro 1,In-person,2026-02-23,3
TUR,Centro 2,Hybrid,2026-02-23,3
CYB,Centro 5,In-person,2026-02-23,2
EXC,Centro 1,Hybrid,2026-02-23,2
FOR,Centro 4,Hybrid,2026-02-23,2
GER,Centro 3,Hybrid,2026-02-23,2
GES,Centro 2,Hybrid,2026-02-23,2
INF,Centro 3,Hybrid,2026-02-23,2
INF,Centro 4,In-person,2026-02-23,2
INF,Centro 5,In-person,2026-02-23,2
LOG,Centro 2,Hybrid,2026-02-23,2
MNT,Centro 3,In-person,2026-02-23,2
PBI,Centro 3,Hybrid,2026-02-23,2
SEG,Centro 2,Hybrid,2026-02-23,2
SEG,Centro 3,Hybrid,2026-02-23,2
SST,Centro 1,Online,2026-02-23,2
CYB,Centro 2,Hybrid,2026-02-23,1
EXC,Centro 4,Hybrid,2026-02-23,1
FOR,Centro 2,Hybrid,2026-02-23,1
GER,Centro 4,In-person,2026-02-23,1
GER,Centro 5,In-person,2026-02-23,1
HOT,Centro 2,Hybrid,2026-02-23,1
HOT,Centro 4,In-person,2026-02-23,1
INF,Centro 2,In-person,2026-02-23,1
LID,Centro 2,In-person,2026-02-23,1
LID,Centro 4,Hybrid,2026-02-23,1
LOG,Centro 3,Hybrid,2026-02-23,1
MNT,Centro 2,In-person,2026-02-23,1
SOC,Centro 2,In-person,2026-02-23,1
VND,Centro 3,Online,2026-02-23,1
VND,Centro 4,Hybrid,2026-02-23,1
PYT,Centro 1,Online,2026-03-02,47
PRI,Centro 3,In-person,2026-03-02,33
SEG,Centro 5,In-person,2026-03-02,32
PBI,Centro 5,Online,2026-03-02,30
CYB,Centro 3,Online,2026-03-02,29
HAC,Centro 1,Hybrid,2026-03-02,28
LID,Centro 2,Online,2026-03-02,27
PYT,Centro 2,Online,2026-03-02,27
EXC,Centro 5,Hybrid,2026-03-02,26
HAC,Centro 5,Online,2026-03-02,26
LOG,Centro 5,Hybrid,2026-03-02,24
EXC,Centro 4,Online,2026-03-02,23
GER,Centro 1,In-person,2026-03-02,23
SCI,Centro 4,Hybrid,2026-03-02,22
SCI,Centro 5,In-person,2026-03-02,22
SST,Centro 4,In-person,2026-03-02,22
MNT,Centro 2,In-person,2026-03-02,21
EMP,Centro 5,In-person,2026-03-02,20
LID,Centro 4,In-person,2026-03-02,20
SST,Centro 3,In-person,2026-03-02,20
EXC,Centro 4,Hybrid,2026-03-02,19
GES,Centro 4,Online,2026-03-02,19
HAC,Centro 1,In-person,2026-03-02,19
CYB,Centro 5,Online,2026-03-02,18
SST,Centro 1,Hybrid,2026-03-02,18
LID,Centro 5,Hybrid,2026-03-02,17
PBI,Centro 2,Online,2026-03-02,17
HCP,Centro 1,In-person,2026-03-02,16
MNT,Centro 5,In-person,2026-03-02,16
PYT,Centro 5,Online,2026-03-02,16
VND,Centro 2,Online,2026-03-02,16
CYB,Centro 1,Hybrid,2026-03-02,15
FOR,Centro 2,Hybrid,2026-03-02,15
GER,Centro 1,Hybrid,2026-03-02,15
GER,Centro 5,In-person,2026-03-02,15
GES,Centro 4,Hybrid,2026-03-02,15
FOR,Centro 3,Hybrid,2026-03-02,14
ING,Centro 3,Hybrid,2026-03-02,14
PRI,Centro 1,In-person,2026-03-02,14
PRO,Centro 2,Online,2026-03-02,14
SCI,Centro 5,Hybrid,2026-03-02,14
SOC,Centro 2,Hybrid,2026-03-02,14
SST,Centro 2,Online,2026-03-02,14
GES,Centro 1,Hybrid,2026-03-02,13
ING,Centro 5,Hybrid,2026-03-02,13
LOG,Centro 5,In-person,2026-03-02,13
PBI,Centro 2,Hybrid,2026-03-02,13
PYT,Centro 2,Hybrid,2026-03-02,13
SST,Centro 4,Hybrid,2026-03-02,13
TUR,Centro 3,Hybrid,2026-03-02,13
VND,Centro 4,In-person,2026-03-02,13
GER,Centro 5,Hybrid,2026-03-02,12
PRI,Centro 2,In-person,2026-03-02,12
SEG,Centro 2,In-person,2026-03-02,12
SST,Centro 5,In-person,2026-03-02,12
LID,Centro 5,Online,2026-03-02,11
PRO,Centro 5,In-person,2026-03-02,11
SEG,Centro 4,Hybrid,2026-03-02,11
EXC,Centro 3,Hybrid,2026-03-02,10
HOT,Centro 4,In-person,2026-03-02,10
LID,Centro 1,Hybrid,2026-03-02,10
LID,Centro 4,Hybrid,2026-03-02,10
PBI,Centro 1,Online,2026-03-02,10
SST,Centro 1,In-person,2026-03-02,10
EXC,Centro 2,Online,2026-03-02,9
EXC,Centro 5,In-person,2026-03-02,9
HAC,Centro 2,Hybrid,2026-03-02,9
INF,Centro 1,Hybrid,2026-03-02,9
SST,Centro 5,Hybrid,2026-03-02,9
VND,Centro 3,In-person,2026-03-02,9
EXC,Centro 1,Hybrid,2026-03-02,8
GER,Centro 4,In-person,2026-03-02,8
LID,Centro 3,Hybrid,2026-03-02,8
SOC,Centro 1,Hybrid,2026-03-02,8
FOR,Centro 4,In-person,2026-03-02,7
GER,Centro 2,In-person,2026-03-02,7
SEG,Centro 3,Hybrid,2026-03-02,7
TUR,Centro 2,Hybrid,2026-03-02,7
TUR,Centro 4,In-person,2026-03-02,7
EXC,Centro 5,Online,2026-03-02,6
LOG,Centro 1,Hybrid,2026-03-02,6
MNT,Centro 1,In-person,2026-03-02,6
MNT,Centro 4,In-person,2026-03-02,6
PBI,Centro 5,In-person,2026-03-02,6
PRO,Centro 3,In-person,2026-03-02,6
SOC,Centro 5,In-person,2026-03-02,6
VND,Centro 2,In-person,2026-03-02,6
EMP,Centro 3,In-person,2026-03-02,5
HCP,Centro 5,In-person,2026-03-02,5
HOT,Centro 2,In-person,2026-03-02,5
PRO,Centro 2,In-person,2026-03-02,5
SCI,Centro 1,In-person,2026-03-02,5
SEG,Centro 2,Hybrid,2026-03-02,5
SOC,Centro 2,In-person,2026-03-02,5
FOR,Centro 1,Hybrid,2026-03-02,4
HCP,Centro 1,Hybrid,2026-03-02,4
HCP,Centro 5,Hybrid,2026-03-02,4
LID,Centro 3,In-person,2026-03-02,4
LOG,Centro 2,In-person,2026-03-02,4
PRI,Centro 4,In-person,2026-03-02,4
PRO,Centro 5,Hybrid,2026-03-02,4
PYT,Centro 4,Hybrid,2026-03-02,4
PYT,Centro 4,In-person,2026-03-02,4
SST,Centro 5,Online,2026-03-02,4
EMP,Centro 1,In-person,2026-03-02,3
HOT,Centro 1,Hybrid,2026-03-02,3
HOT,Centro 1,In-person,2026-03-02,3
PBI,Centro 4,Online,2026-03-02,3
PRI,Centro 2,Hybrid,2026-03-02,3
SCI,Centro 1,Hybrid,2026-03-02,3
SEG,Centro 4,In-person,2026-03-02,3
SST,Centro 3,Hybrid,2026-03-02,3
CYB,Centro 3,Hybrid,2026-03-02,2
CYB,Centro 5,Hybrid,2026-03-02,2
FOR,Centro 4,Online,2026-03-02,2
GES,Centro 5,Online,2026-03-02,2
HCP,Centro 4,In-person,2026-03-02,2
ING,Centro 3,Online,2026-03-02,2
LOG,Centro 1,In-person,2026-03-02,2
PYT,Centro 3,Online,2026-03-02,2
SEG,Centro 5,Online,2026-03-02,2
TUR,Centro 5,In-person,2026-03-02,2
CYB,Centro 2,Online,2026-03-02,1
CYB,Centro 3,In-person,2026-03-02,1
CYB,Centro 4,Hybrid,2026-03-02,1
CYB,Centro 4,In-person,2026-03-02,1
FOR,Centro 4,Hybrid,2026-03-02,1
GER,Centro 3,Hybrid,2026-03-02,1
GES,Centro 2,Hybrid,2026-03-02,1
HAC,Centro 2,In-person,2026-03-02,1
HCP,Centro 2,Hybrid,2026-03-02,1
HCP,Centro 2,In-person,2026-03-02,1
HCP,Centro 3,Hybrid,2026-03-02,1
HOT,Centro 2,Hybrid,2026-03-02,1
HOT,Centro 5,Hybrid,2026-03-02,1
INF,Centro 3,In-person,2026-03-02,1
LID,Centro 2,In-person,2026-03-02,1
PBI,Centro 1,Hybrid,2026-03-02,1
PBI,Centro 3,Online,2026-03-02,1
PBI,Centro 4,Hybrid,2026-03-02,1
SOC,Centro 3,In-person,2026-03-02,1
TUR,Centro 4,Hybrid,2026-03-02,1
VND,Centro 2,Hybrid,2026-03-02,1
PBI,Centro 2,Hybrid,2026-03-09,53
MNT,Centro 3,In-person,2026-03-09,36
CYB,Centro 1,Online,2026-03-09,33
PBI,Centro 4,Online,2026-03-09,32
SST,Centro 5,Online,2026-03-09,30
HCP,Centro 2,Hybrid,2026-03-09,29
SST,Centro 2,Online,2026-03-09,29
VND,Centro 2,In-person,2026-03-09,29
VND,Centro 5,Online,2026-03-09,29
GER,Centro 3,In-person,2026-03-09,28
LID,Centro 5,Hybrid,2026-03-09,27
PYT,Centro 5,Hybrid,2026-03-09,26
SEG,Centro 1,Hybrid,2026-03-09,26
MNT,Centro 2,In-person,2026-03-09,25
VND,Centro 1,Online,2026-03-09,24
ING,Centro 4,Hybrid,2026-03-09,23
CYB,Centro 4,In-person,2026-03-09,22
FOR,Centro 2,Online,2026-03-09,22
INF,Centro 3,In-person,2026-03-09,22
PYT,Centro 5,Online,2026-03-09,22
SST,Centro 1,In-person,2026-03-09,22
LID,Centro 2,In-person,2026-03-09,21
CYB,Centro 4,Hybrid,2026-03-09,20
PBI,Centro 1,Online,2026-03-09,20
PRI,Centro 4,In-person,2026-03-09,20
PRO,Centro 5,Hybrid,2026-03-09,20
FOR,Centro 1,Online,2026-03-09,19
FOR,Centro 5,Online,2026-03-09,19
GER,Centro 2,In-person,2026-03-09,19
HCP,Centro 5,Hybrid,2026-03-09,19
SOC,Centro 4,Hybrid,2026-03-09,19
SST,Centro 5,Hybrid,2026-03-09,19
HAC,Centro 5,In-person,2026-03-09,18
HOT,Centro 2,In-person,2026-03-09,18
PBI,Centro 1,In-person,2026-03-09,18
PYT,Centro 3,Online,2026-03-09,18
SCI,Centro 3,In-person,2026-03-09,18
SOC,Centro 5,In-person,2026-03-09,18
PBI,Centro 2,Online,2026-03-09,17
PYT,Centro 1,Hybrid,2026-03-09,17
SST,Centro 2,Hybrid,2026-03-09,17
GER,Centro 4,In-person,2026-03-09,16
PBI,Centro 1,Hybrid,2026-03-09,16
TUR,Centro 5,Hybrid,2026-03-09,16
CYB,Centro 3,Online,2026-03-09,15
GER,Centro 1,Hybrid,2026-03-09,15
HCP,Centro 5,In-person,2026-03-09,15
INF,Centro 1,In-person,2026-03-09,15
SOC,Centro 3,Hybrid,2026-03-09,15
CYB,Centro 5,Online,2026-03-09,14
EXC,Centro 5,Hybrid,2026-03-09,14
GES,Centro 1,Online,2026-03-09,14
GES,Centro 4,Hybrid,2026-03-09,14
PRI,Centro 1,Hybrid,2026-03-09,14
SCI,Centro 4,In-person,2026-03-09,14
SEG,Centro 3,Online,2026-03-09,14
EMP,Centro 1,In-person,2026-03-09,13
LID,Centro 4,In-person,2026-03-09,13
PRO,Centro 1,Online,2026-03-09,13
PRO,Centro 3,Hybrid,2026-03-09,13
TUR,Centro 2,In-person,2026-03-09,13
HOT,Centro 1,In-person,2026-03-09,12
LOG,Centro 1,Hybrid,2026-03-09,12
PBI,Centro 3,Hybrid,2026-03-09,12
PYT,Centro 3,In-person,2026-03-09,12
SOC,Centro 1,In-person,2026-03-09,12
GES,Centro 5,Online,2026-03-09,11
GES,Centro 5,Hybrid,2026-03-09,11
ING,Centro 2,Hybrid,2026-03-09,11
PBI,Centro 3,Online,2026-03-09,11
SCI,Centro 5,Hybrid,2026-03-09,11
EXC,Centro 1,Hybrid,2026-03-09,10
FOR,Centro 4,Online,2026-03-09,10
PRI,Centro 5,In-person,2026-03-09,10
SCI,Centro 1,In-person,2026-03-09,10
LOG,Centro 3,In-person,2026-03-09,9
TUR,Centro 2,Hybrid,2026-03-09,9
HOT,Centro 3,In-person,2026-03-09,8
SOC,Centro 2,In-person,2026-03-09,8
FOR,Centro 2,Hybrid,2026-03-09,7
ING,Centro 5,Hybrid,2026-03-09,7
MNT,Centro 1,In-person,2026-03-09,7
SEG,Centro 5,Online,2026-03-09,7
SEG,Centro 5,Hybrid,2026-03-09,7
EXC,Centro 2,In-person,2026-03-09,6
FOR,Centro 4,In-person,2026-03-09,6
GER,Centro 1,In-person,2026-03-09,6
GES,Centro 1,In-person,2026-03-09,6
GES,Centro 4,Online,2026-03-09,6
HCP,Centro 1,In-person,2026-03-09,6
LID,Centro 1,Hybrid,2026-03-09,6
MNT,Centro 5,In-person,2026-03-09,6
PYT,Centro 2,Online,2026-03-09,6
SEG,Centro 5,In-person,2026-03-09,6
CYB,Centro 3,In-person,2026-03-09,5
HAC,Centro 5,Online,2026-03-09,5
INF,Centro 3,Hybrid,2026-03-09,5
PRI,Centro 2,In-person,2026-03-09,5
PYT,Centro 3,Hybrid,2026-03-09,5
PYT,Centro 4,Hybrid,2026-03-09,5
SST,Centro 4,In-person,2026-03-09,5
CYB,Centro 2,Online,2026-03-09,4
EMP,Centro 5,In-person,2026-03-09,4
GER,Centro 4,Hybrid,2026-03-09,4
HAC,Centro 2,Online,2026-03-09,4
HAC,Centro 4,In-person,2026-03-09,4
MNT,Centro 4,In-person,2026-03-09,4
PRI,Centro 4,Hybrid,2026-03-09,4
PRO,Centro 2,Online,2026-03-09,4
CYB,Centro 5,In-person,2026-03-09,3
EMP,Centro 4,In-person,2026-03-09,3
EXC,Centro 2,Online,2026-03-09,3
EXC,Centro 4,Online,2026-03-09,3
HOT,Centro 1,Hybrid,2026-03-09,3
ING,Centro 3,Hybrid,2026-03-09,3
PRI,Centro 1,In-person,2026-03-09,3
SCI,Centro 4,Hybrid,2026-03-09,3
SEG,Centro 1,In-person,2026-03-09,3
CYB,Centro 1,Hybrid,2026-03-09,2
EMP,Centro 3,In-person,2026-03-09,2
GER,Centro 2,Hybrid,2026-03-09,2
INF,Centro 2,In-person,2026-03-09,2
LID,Centro 2,Hybrid,2026-03-09,2
LID,Centro 4,Hybrid,2026-03-09,2
LOG,Centro 1,In-person,2026-03-09,2
PRI,Centro 3,In-person,2026-03-09,2
PYT,Centro 4,In-person,2026-03-09,2
SST,Centro 3,In-person,2026-03-09,2
VND,Centro 4,In-person,2026-03-09,2
CYB,Centro 1,In-person,2026-03-09,1
CYB,Centro 3,Hybrid,2026-03-09,1
EXC,Centro 3,In-person,2026-03-09,1
FOR,Centro 3,In-person,2026-03-09,1
GER,Centro 3,Hybrid,2026-03-09,1
GER,Centro 5,Hybrid,2026-03-09,1
GES,Centro 1,Hybrid,2026-03-09,1
HAC,Centro 2,Hybrid,2026-03-09,1
HCP,Centro 3,In-person,2026-03-09,1
HCP,Centro 4,In-person,2026-03-09,1
LID,Centro 2,Online,2026-03-09,1
LID,Centro 3,In-person,2026-03-09,1
LID,Centro 5,In-person,2026-03-09,1
LOG,Centro 4,In-person,2026-03-09,1
PYT,Centro 1,Online,2026-03-09,1
PYT,Centro 1,In-person,2026-03-09,1
PYT,Centro 4,Online,2026-03-09,1
SOC,Centro 1,Hybrid,2026-03-09,1
SST,Centro 1,Hybrid,2026-03-09,1
TUR,Centro 1,In-person,2026-03-09,1
TUR,Centro 3,Hybrid,2026-03-09,1
TUR,Centro 5,In-person,2026-03-09,1
VND,Centro 1,In-person,2026-03-09,1
PBI,Centro 3,Online,2026-03-16,62
SCI,Centro 1,In-person,2026-03-16,48
SST,Centro 5,Hybrid,2026-03-16,48
TUR,Centro 3,Hybrid,2026-03-16,37
FOR,Centro 1,Online,2026-03-16,36
PYT,Centro 2,Online,2026-03-16,34
MNT,Centro 5,In-person,2026-03-16,33
HAC,Centro 2,In-person,2026-03-16,32
HCP,Centro 5,Hybrid,2026-03-16,31
PRI,Centro 1,In-person,2026-03-16,31
GES,Centro 4,Hybrid,2026-03-16,30
LID,Centro 2,Hybrid,2026-03-16,27
PRI,Centro 3,In-person,2026-03-16,27
CYB,Centro 3,Hybrid,2026-03-16,25
SEG,Centro 5,Hybrid,2026-03-16,24
SST,Centro 1,Online,2026-03-16,24
SST,Centro 2,Hybrid,2026-03-16,24
HAC,Centro 5,In-person,2026-03-16,23
CYB,Centro 1,Hybrid,2026-03-16,22
CYB,Centro 4,Hybrid,2026-03-16,21
MNT,Centro 4,In-person,2026-03-16,21
SEG,Centro 4,Hybrid,2026-03-16,20
EXC,Centro 5,Online,2026-03-16,19
SEG,Centro 1,In-person,2026-03-16,19
EMP,Centro 1,In-person,2026-03-16,18
EMP,Centro 4,In-person,2026-03-16,18
ING,Centro 2,Online,2026-03-16,18
VND,Centro 2,Hybrid,2026-03-16,18
CYB,Centro 5,Online,2026-03-16,17
EXC,Centro 2,In-person,2026-03-16,17
GES,Centro 5,Online,2026-03-16,17
LOG,Centro 1,Hybrid,2026-03-16,17
LOG,Centro 3,Hybrid,2026-03-16,17
LOG,Centro 4,In-person,2026-03-16,17
EXC,Centro 4,Online,2026-03-16,16
FOR,Centro 4,Online,2026-03-16,16
GES,Centro 1,In-person,2026-03-16,16
LID,Centro 2,In-person,2026-03-16,16
HAC,Centro 2,Hybrid,2026-03-16,15
PYT,Centro 4,Hybrid,2026-03-16,15
HOT,Centro 2,In-person,2026-03-16,14
SOC,Centro 2,Hybrid,2026-03-16,14
SST,Centro 4,Online,2026-03-16,14
GES,Centro 1,Online,2026-03-16,13
HOT,Centro 1,In-person,2026-03-16,13
PBI,Centro 1,Hybrid,2026-03-16,13
PBI,Centro 2,Hybrid,2026-03-16,13
CYB,Centro 5,Hybrid,2026-03-16,12
EXC,Centro 4,Hybrid,2026-03-16,12
INF,Centro 1,In-person,2026-03-16,12
PRO,Centro 1,In-person,2026-03-16,12
SEG,Centro 5,Online,2026-03-16,12
SCI,Centro 1,Hybrid,2026-03-16,11
HCP,Centro 3,Hybrid,2026-03-16,10
PRI,Centro 5,In-person,2026-03-16,10
CYB,Centro 1,Online,2026-03-16,9
GER,Centro 5,Hybrid,2026-03-16,9
GES,Centro 1,Hybrid,2026-03-16,9
INF,Centro 3,In-person,2026-03-16,9
SEG,Centro 2,Hybrid,2026-03-16,9
SEG,Centro 2,In-person,2026-03-16,9
SEG,Centro 3,Hybrid,2026-03-16,9
EXC,Centro 1,Hybrid,2026-03-16,8
FOR,Centro 3,Hybrid,2026-03-16,8
GER,Centro 1,Hybrid,2026-03-16,8
HAC,Centro 3,Hybrid,2026-03-16,8
PBI,Centro 5,In-person,2026-03-16,8
PYT,Centro 1,Hybrid,2026-03-16,8
SST,Centro 3,Hybrid,2026-03-16,8
VND,Centro 5,Hybrid,2026-03-16,8
EXC,Centro 1,Online,2026-03-16,7
HAC,Centro 3,In-person,2026-03-16,7
HCP,Centro 2,In-person,2026-03-16,7
HCP,Centro 5,In-person,2026-03-16,7
LOG,Centro 3,In-person,2026-03-16,7
PBI,Centro 4,Online,2026-03-16,7
PRI,Centro 1,Hybrid,2026-03-16,7
PRO,Centro 2,Online,2026-03-16,7
SST,Centro 4,In-person,2026-03-16,7
EMP,Centro 3,In-person,2026-03-16,6
EXC,Centro 5,Hybrid,2026-03-16,6
FOR,Centro 5,Hybrid,2026-03-16,6
GER,Centro 5,In-person,2026-03-16,6
PRI,Centro 2,Hybrid,2026-03-16,6
SST,Centro 1,In-person,2026-03-16,6
SST,Centro 4,Hybrid,2026-03-16,6
TUR,Centro 3,In-person,2026-03-16,6
VND,Centro 4,In-person,2026-03-16,6
FOR,Centro 3,In-person,2026-03-16,5
GER,Centro 4,In-person,2026-03-16,5
HAC,Centro 4,In-person,2026-03-16,5
HOT,Centro 4,Hybrid,2026-03-16,5
LID,Centro 1,Hybrid,2026-03-16,5
LID,Centro 3,In-person,2026-03-16,5
MNT,Centro 1,In-person,2026-03-16,5
PYT,Centro 3,In-person,2026-03-16,5
GER,Centro 3,In-person,2026-03-16,4
GER,Centro 4,Hybrid,2026-03-16,4
HAC,Centro 1,In-person,2026-03-16,4
HCP,Centro 1,In-person,2026-03-16,4
LID,Centro 5,Hybrid,2026-03-16,4
PBI,Centro 2,Online,2026-03-16,4
SCI,Centro 3,In-person,2026-03-16,4
CYB,Centro 1,In-person,2026-03-16,3
CYB,Centro 2,In-person,2026-03-16,3
FOR,Centro 3,Online,2026-03-16,3
GER,Centro 2,In-person,2026-03-16,3
HOT,Centro 1,Hybrid,2026-03-16,3
INF,Centro 2,Hybrid,2026-03-16,3
INF,Centro 4,In-person,2026-03-16,3
ING,Centro 3,Hybrid,2026-03-16,3
LID,Centro 3,Hybrid,2026-03-16,3
PRO,Centro 3,Online,2026-03-16,3
PRO,Centro 5,Hybrid,2026-03-16,3
CYB,Centro 2,Hybrid,2026-03-16,2
EMP,Centro 5,In-person,2026-03-16,2
HOT,Centro 5,Hybrid,2026-03-16,2
ING,Centro 4,Online,2026-03-16,2
LOG,Centro 5,In-person,2026-03-16,2
MNT,Centro 3,In-person,2026-03-16,2
PRO,Centro 5,In-person,2026-03-16,2
PYT,Centro 5,Hybrid,2026-03-16,2
SCI,Centro 5,In-person,2026-03-16,2
SOC,Centro 1,In-person,2026-03-16,2
SST,Centro 3,In-person,2026-03-16,2
SST,Centro 5,Online,2026-03-16,2
SST,Centro 5,In-person,2026-03-16,2
TUR,Centro 4,In-person,2026-03-16,2
VND,Centro 4,Hybrid,2026-03-16,2
CYB,Centro 4,In-person,2026-03-16,1
FOR,Centro 1,Hybrid,2026-03-16,1
GER,Centro 3,Hybrid,2026-03-16,1
HCP,Centro 1,Hybrid,2026-03-16,1
HCP,Centro 2,Hybrid,2026-03-16,1
INF,Centro 2,In-person,2026-03-16,1
ING,Centro 3,Online,2026-03-16,1
LID,Centro 2,Online,2026-03-16,1
LID,Centro 4,Hybrid,2026-03-16,1
MNT,Centro 2,In-person,2026-03-16,1
PBI,Centro 3,Hybrid,2026-03-16,1
PRO,Centro 5,Online,2026-03-16,1
PYT,Centro 1,In-person,2026-03-16,1
PYT,Centro 4,In-person,2026-03-16,1
SCI,Centro 5,Hybrid,2026-03-16,1
SOC,Centro 4,Hybrid,2026-03-16,1
TUR,Centro 2,Hybrid,2026-03-16,1
TUR,Centro 5,Hybrid,2026-03-16,1
VND,Centro 2,In-person,2026-03-16,1
PBI,Centro 3,Online,2026-03-23,46
VND,Centro 4,Hybrid,2026-03-23,45
MNT,Centro 3,In-person,2026-03-23,44
SCI,Centro 1,In-person,2026-03-23,37
EMP,Centro 1,In-person,2026-03-23,35
LID,Centro 4,Hybrid,2026-03-23,35
MNT,Centro 2,In-person,2026-03-23,33
PYT,Centro 2,Online,2026-03-23,33
SST,Centro 4,In-person,2026-03-23,33
CYB,Centro 2,Online,2026-03-23,29
LID,Centro 2,Online,2026-03-23,29
EXC,Centro 4,Hybrid,2026-03-23,28
GER,Centro 5,In-person,2026-03-23,27
CYB,Centro 1,Hybrid,2026-03-23,26
ING,Centro 4,Online,2026-03-23,26
MNT,Centro 1,In-person,2026-03-23,25
PRI,Centro 3,Hybrid,2026-03-23,25
PYT,Centro 3,Hybrid,2026-03-23,25
PYT,Centro 5,Online,2026-03-23,23
PRO,Centro 2,Hybrid,2026-03-23,22
PYT,Centro 1,Hybrid,2026-03-23,22
PBI,Centro 4,Online,2026-03-23,21
SST,Centro 5,Hybrid,2026-03-23,21
SST,Centro 5,In-person,2026-03-23,21
GER,Centro 1,In-person,2026-03-23,20
GES,Centro 5,In-person,2026-03-23,20
PRI,Centro 4,Hybrid,2026-03-23,20
PRO,Centro 5,Hybrid,2026-03-23,20
EXC,Centro 2,Online,2026-03-23,19
FOR,Centro 2,Hybrid,2026-03-23,19
LOG,Centro 3,In-person,2026-03-23,19
VND,Centro 5,Hybrid,2026-03-23,19
CYB,Centro 3,Hybrid,2026-03-23,18
FOR,Centro 3,Online,2026-03-23,18
HOT,Centro 5,Hybrid,2026-03-23,18
PBI,Centro 2,Online,2026-03-23,17
PBI,Centro 2,Hybrid,2026-03-23,17
FOR,Centro 3,In-person,2026-03-23,16
FOR,Centro 4,Online,2026-03-23,16
GES,Centro 2,In-person,2026-03-23,16
SEG,Centro 1,Online,2026-03-23,16
TUR,Centro 5,In-person,2026-03-23,16
HOT,Centro 3,Hybrid,2026-03-23,15
INF,Centro 5,In-person,2026-03-23,15
ING,Centro 1,Hybrid,2026-03-23,15
CYB,Centro 4,In-person,2026-03-23,14
GER,Centro 5,Hybrid,2026-03-23,14
HCP,Centro 1,Hybrid,2026-03-23,14
ING,Centro 2,Hybrid,2026-03-23,14
PRO,Centro 2,Online,2026-03-23,14
SOC,Centro 1,In-person,2026-03-23,14
CYB,Centro 4,Online,2026-03-23,13
EMP,Centro 5,In-person,2026-03-23,13
GER,Centro 2,In-person,2026-03-23,13
GER,Centro 3,In-person,2026-03-23,13
LID,Centro 5,Hybrid,2026-03-23,13
PBI,Centro 1,Hybrid,2026-03-23,13
PRI,Centro 1,In-person,2026-03-23,13
SEG,Centro 5,Hybrid,2026-03-23,13
HAC,Centro 2,In-person,2026-03-23,12
INF,Centro 2,In-person,2026-03-23,12
ING,Centro 2,In-person,2026-03-23,12
PBI,Centro 3,Hybrid,2026-03-23,12
HCP,Centro 5,In-person,2026-03-23,11
INF,Centro 2,Hybrid,2026-03-23,11
TUR,Centro 4,Hybrid,2026-03-23,11
GER,Centro 4,In-person,2026-03-23,10
HCP,Centro 5,Hybrid,2026-03-23,10
SEG,Centro 1,In-person,2026-03-23,10
HOT,Centro 2,In-person,2026-03-23,9
INF,Centro 1,In-person,2026-03-23,9
MNT,Centro 5,In-person,2026-03-23,9
PRI,Centro 1,Hybrid,2026-03-23,9
PYT,Centro 1,Online,2026-03-23,9
SST,Centro 1,In-person,2026-03-23,9
VND,Centro 4,In-person,2026-03-23,9
EXC,Centro 1,Hybrid,2026-03-23,8
FOR,Centro 2,Online,2026-03-23,8
HAC,Centro 5,Hybrid,2026-03-23,8
LID,Centro 1,Online,2026-03-23,8
PRO,Centro 1,Hybrid,2026-03-23,8
PYT,Centro 1,In-person,2026-03-23,8
SCI,Centro 1,Hybrid,2026-03-23,8
HAC,Centro 5,In-person,2026-03-23,7
HCP,Centro 3,Hybrid,2026-03-23,7
LID,Centro 2,Hybrid,2026-03-23,7
LOG,Centro 4,In-person,2026-03-23,7
PBI,Centro 1,Online,2026-03-23,7
PYT,Centro 3,In-person,2026-03-23,7
GER,Centro 1,Hybrid,2026-03-23,6
GES,Centro 5,Hybrid,2026-03-23,6
HAC,Centro 4,In-person,2026-03-23,6
HCP,Centro 1,In-person,2026-03-23,6
INF,Centro 1,Hybrid,2026-03-23,6
LID,Centro 3,Hybrid,2026-03-23,6
LOG,Centro 3,Hybrid,2026-03-23,6
PBI,Centro 5,In-person,2026-03-23,6
PRI,Centro 3,In-person,2026-03-23,6
PRO,Centro 3,Hybrid,2026-03-23,6
PYT,Centro 3,Online,2026-03-23,6
SCI,Centro 4,In-person,2026-03-23,6
SST,Centro 3,Hybrid,2026-03-23,6
EXC,Centro 5,Hybrid,2026-03-23,5
FOR,Centro 1,Online,2026-03-23,5
PYT,Centro 2,In-person,2026-03-23,5
SEG,Centro 2,Hybrid,2026-03-23,5
SOC,Centro 4,Hybrid,2026-03-23,5
VND,Centro 3,Online,2026-03-23,5
CYB,Centro 5,Hybrid,2026-03-23,4
EXC,Centro 2,Hybrid,2026-03-23,4
HOT,Centro 4,Hybrid,2026-03-23,4
LOG,Centro 1,In-person,2026-03-23,4
MNT,Centro 4,In-person,2026-03-23,4
PBI,Centro 5,Hybrid,2026-03-23,4
SEG,Centro 5,In-person,2026-03-23,4
SST,Centro 4,Hybrid,2026-03-23,4
SST,Centro 5,Online,2026-03-23,4
CYB,Centro 2,Hybrid,2026-03-23,3
FOR,Centro 3,Hybrid,2026-03-23,3
HAC,Centro 1,In-person,2026-03-23,3
HCP,Centro 2,Hybrid,2026-03-23,3
HOT,Centro 1,In-person,2026-03-23,3
INF,Centro 3,Hybrid,2026-03-23,3
SEG,Centro 3,Online,2026-03-23,3
EXC,Centro 3,Hybrid,2026-03-23,2
GES,Centro 1,In-person,2026-03-23,2
HAC,Centro 1,Hybrid,2026-03-23,2
HAC,Centro 3,In-person,2026-03-23,2
HCP,Centro 2,In-person,2026-03-23,2
HOT,Centro 3,In-person,2026-03-23,2
LID,Centro 2,In-person,2026-03-23,2
SST,Centro 1,Online,2026-03-23,2
VND,Centro 2,Hybrid,2026-03-23,2
VND,Centro 4,Online,2026-03-23,2
CYB,Centro 1,Online,2026-03-23,1
EMP,Centro 3,In-person,2026-03-23,1
EMP,Centro 4,In-person,2026-03-23,1
EXC,Centro 4,Online,2026-03-23,1
FOR,Centro 1,Hybrid,2026-03-23,1
GER,Centro 2,Hybrid,2026-03-23,1
GES,Centro 5,Online,2026-03-23,1
ING,Centro 5,Online,2026-03-23,1
LOG,Centro 1,Hybrid,2026-03-23,1
LOG,Centro 5,Hybrid,2026-03-23,1
PBI,Centro 4,Hybrid,2026-03-23,1
PRI,Centro 2,In-person,2026-03-23,1
PRO,Centro 5,Online,2026-03-23,1
PYT,Centro 5,Hybrid,2026-03-23,1
SST,Centro 2,Hybrid,2026-03-23,1
TUR,Centro 4,In-person,2026-03-23,1
CYB,Centro 3,Online,2026-03-30,46
PBI,Centro 2,Online,2026-03-30,36
LID,Centro 3,Hybrid,2026-03-30,35
CYB,Centro 1,Online,2026-03-30,33
HCP,Centro 1,In-person,2026-03-30,30
LOG,Centro 1,In-person,2026-03-30,28
SCI,Centro 3,In-person,2026-03-30,28
SEG,Centro 1,Hybrid,2026-03-30,28
PRI,Centro 3,In-person,2026-03-30,27
VND,Centro 4,In-person,2026-03-30,26
GER,Centro 4,In-person,2026-03-30,25
PYT,Centro 1,Online,2026-03-30,25
EXC,Centro 1,Online,2026-03-30,24
TUR,Centro 1,In-person,2026-03-30,24
EMP,Centro 4,In-person,2026-03-30,23
GER,Centro 3,In-person,2026-03-30,23
VND,Centro 4,Hybrid,2026-03-30,23
SCI,Centro 5,Hybrid,2026-03-30,22
SST,Centro 1,Online,2026-03-30,22
EMP,Centro 5,In-person,2026-03-30,20
FOR,Centro 1,Hybrid,2026-03-30,20
GER,Centro 1,In-person,2026-03-30,20
HAC,Centro 5,In-person,2026-03-30,20
LOG,Centro 1,Hybrid,2026-03-30,20
PYT,Centro 3,Online,2026-03-30,20
SST,Centro 3,In-person,2026-03-30,20
FOR,Centro 5,Hybrid,2026-03-30,19
HCP,Centro 3,Hybrid,2026-03-30,19
HOT,Centro 1,In-person,2026-03-30,19
HOT,Centro 5,In-person,2026-03-30,19
LOG,Centro 3,Hybrid,2026-03-30,19
PYT,Centro 3,In-person,2026-03-30,19
SOC,Centro 2,Hybrid,2026-03-30,19
SST,Centro 1,Hybrid,2026-03-30,19
CYB,Centro 5,Hybrid,2026-03-30,18
EXC,Centro 4,Online,2026-03-30,18
ING,Centro 4,Hybrid,2026-03-30,18
LID,Centro 1,Online,2026-03-30,18
PYT,Centro 4,Hybrid,2026-03-30,18
SEG,Centro 3,Online,2026-03-30,18
CYB,Centro 4,In-person,2026-03-30,17
HAC,Centro 1,Hybrid,2026-03-30,17
HAC,Centro 3,Hybrid,2026-03-30,17
LOG,Centro 3,In-person,2026-03-30,17
PBI,Centro 4,Online,2026-03-30,17
SEG,Centro 1,In-person,2026-03-30,17
GES,Centro 4,In-person,2026-03-30,16
HOT,Centro 1,Hybrid,2026-03-30,16
PRO,Centro 3,Hybrid,2026-03-30,16
GES,Centro 3,Online,2026-03-30,15
ING,Centro 3,Hybrid,2026-03-30,15
MNT,Centro 4,In-person,2026-03-30,15
SOC,Centro 1,In-person,2026-03-30,15
SST,Centro 4,Online,2026-03-30,15
INF,Centro 2,In-person,2026-03-30,14
PBI,Centro 1,Hybrid,2026-03-30,14
PRI,Centro 1,Hybrid,2026-03-30,14
PRI,Centro 4,In-person,2026-03-30,14
SEG,Centro 5,Hybrid,2026-03-30,14
SST,Centro 5,Hybrid,2026-03-30,14
TUR,Centro 2,In-person,2026-03-30,14
HAC,Centro 3,In-person,2026-03-30,13
HAC,Centro 5,Hybrid,2026-03-30,13
HOT,Centro 2,In-person,2026-03-30,13
PRI,Centro 2,Hybrid,2026-03-30,13
PYT,Centro 1,In-person,2026-03-30,13
SST,Centro 5,In-person,2026-03-30,13
HAC,Centro 4,Hybrid,2026-03-30,12
HAC,Centro 4,In-person,2026-03-30,12
HCP,Centro 5,Hybrid,2026-03-30,12
HOT,Centro 4,In-person,2026-03-30,12
PBI,Centro 3,Hybrid,2026-03-30,12
PYT,Centro 2,Online,2026-03-30,12
PYT,Centro 5,Hybrid,2026-03-30,12
EMP,Centro 1,In-person,2026-03-30,11
HAC,Centro 1,In-person,2026-03-30,11
EMP,Centro 3,In-person,2026-03-30,10
LID,Centro 2,In-person,2026-03-30,10
SEG,Centro 4,Hybrid,2026-03-30,10
SST,Centro 3,Hybrid,2026-03-30,10
INF,Centro 1,Hybrid,2026-03-30,9
MNT,Centro 1,In-person,2026-03-30,9
MNT,Centro 2,In-person,2026-03-30,9
MNT,Centro 3,In-person,2026-03-30,9
TUR,Centro 4,Hybrid,2026-03-30,9
VND,Centro 4,Online,2026-03-30,9
VND,Centro 5,Hybrid,2026-03-30,9
CYB,Centro 2,Hybrid,2026-03-30,8
CYB,Centro 5,In-person,2026-03-30,8
GER,Centro 2,In-person,2026-03-30,8
HCP,Centro 3,In-person,2026-03-30,8
PYT,Centro 2,In-person,2026-03-30,8
SOC,Centro 3,In-person,2026-03-30,8
EXC,Centro 1,Hybrid,2026-03-30,7
FOR,Centro 5,Online,2026-03-30,7
ING,Centro 2,Hybrid,2026-03-30,7
LOG,Centro 4,In-person,2026-03-30,7
PBI,Centro 2,Hybrid,2026-03-30,7
SCI,Centro 1,In-person,2026-03-30,7
SST,Centro 4,In-person,2026-03-30,7
VND,Centro 2,Online,2026-03-30,7
EXC,Centro 4,Hybrid,2026-03-30,6
GER,Centro 1,Hybrid,2026-03-30,6
GES,Centro 1,In-person,2026-03-30,6
GES,Centro 2,In-person,2026-03-30,6
GES,Centro 5,Online,2026-03-30,6
HCP,Centro 5,In-person,2026-03-30,6
LID,Centro 5,Hybrid,2026-03-30,6
PBI,Centro 1,Online,2026-03-30,6
PRI,Centro 3,Hybrid,2026-03-30,6
PRO,Centro 4,In-person,2026-03-30,6
SST,Centro 2,In-person,2026-03-30,6
VND,Centro 3,In-person,2026-03-30,6
GES,Centro 4,Online,2026-03-30,5
INF,Centro 5,In-person,2026-03-30,5
PRO,Centro 3,Online,2026-03-30,5
CYB,Centro 4,Hybrid,2026-03-30,4
EXC,Centro 2,In-person,2026-03-30,4
FOR,Centro 2,Hybrid,2026-03-30,4
HOT,Centro 3,Hybrid,2026-03-30,4
HOT,Centro 4,Hybrid,2026-03-30,4
LID,Centro 4,Online,2026-03-30,4
PRI,Centro 4,Hybrid,2026-03-30,4
PYT,Centro 4,In-person,2026-03-30,4
SCI,Centro 1,Hybrid,2026-03-30,4
SOC,Centro 3,Hybrid,2026-03-30,4
CYB,Centro 1,Hybrid,2026-03-30,3
GER,Centro 2,Hybrid,2026-03-30,3
HCP,Centro 2,Hybrid,2026-03-30,3
INF,Centro 3,Hybrid,2026-03-30,3
ING,Centro 4,Online,2026-03-30,3
PBI,Centro 5,Hybrid,2026-03-30,3
PRO,Centro 4,Hybrid,2026-03-30,3
PYT,Centro 3,Hybrid,2026-03-30,3
SOC,Centro 2,In-person,2026-03-30,3
SST,Centro 1,In-person,2026-03-30,3
TUR,Centro 5,Hybrid,2026-03-30,3
VND,Centro 1,Online,2026-03-30,3
GER,Centro 4,Hybrid,2026-03-30,2
HOT,Centro 3,In-person,2026-03-30,2
ING,Centro 1,Hybrid,2026-03-30,2
LOG,Centro 5,In-person,2026-03-30,2
PRI,Centro 1,In-person,2026-03-30,2
PRI,Centro 2,In-person,2026-03-30,2
PYT,Centro 1,Hybrid,2026-03-30,2
SEG,Centro 2,Hybrid,2026-03-30,2
SEG,Centro 5,Online,2026-03-30,2
SST,Centro 2,Hybrid,2026-03-30,2
VND,Centro 5,Online,2026-03-30,2
CYB,Centro 2,Online,2026-03-30,1
EXC,Centro 2,Hybrid,2026-03-30,1
EXC,Centro 5,Online,2026-03-30,1
FOR,Centro 3,In-person,2026-03-30,1
GER,Centro 5,In-person,2026-03-30,1
GES,Centro 4,Hybrid,2026-03-30,1
HAC,Centro 2,In-person,2026-03-30,1
HCP,Centro 2,In-person,2026-03-30,1
MNT,Centro 5,In-person,2026-03-30,1
PBI,Centro 3,Online,2026-03-30,1
PBI,Centro 4,Hybrid,2026-03-30,1
PRO,Centro 2,In-person,2026-03-30,1
PRO,Centro 4,Online,2026-03-30,1
SCI,Centro 2,In-person,2026-03-30,1
SCI,Centro 4,Hybrid,2026-03-30,1
TUR,Centro 2,Hybrid,2026-03-30,1
TUR,Centro 5,In-person,2026-03-30,1
GER,Centro 3,In-person,2026-04-06,40
SST,Centro 3,Hybrid,2026-04-06,38
EMP,Centro 3,In-person,2026-04-06,37
HCP,Centro 5,In-person,2026-04-06,37
PRI,Centro 3,In-person,2026-04-06,35
SST,Centro 1,Hybrid,2026-04-06,32
CYB,Centro 4,Online,2026-04-06,29
PRI,Centro 4,Hybrid,2026-04-06,29
HCP,Centro 2,Hybrid,2026-04-06,28
SEG,Centro 5,In-person,2026-04-06,28
CYB,Centro 3,Hybrid,2026-04-06,27
FOR,Centro 2,Hybrid,2026-04-06,27
CYB,Centro 1,Hybrid,2026-04-06,26
HOT,Centro 2,In-person,2026-04-06,26
FOR,Centro 5,Online,2026-04-06,25
GER,Centro 5,In-person,2026-04-06,25
SCI,Centro 5,Hybrid,2026-04-06,25
PRO,Centro 1,Hybrid,2026-04-06,24
PYT,Centro 3,Hybrid,2026-04-06,23
INF,Centro 1,In-person,2026-04-06,22
LOG,Centro 1,Hybrid,2026-04-06,22
LOG,Centro 3,Hybrid,2026-04-06,22
GER,Centro 1,Hybrid,2026-04-06,21
PBI,Centro 1,Online,2026-04-06,21
PBI,Centro 3,Hybrid,2026-04-06,21
SST,Centro 1,Online,2026-04-06,21
CYB,Centro 3,In-person,2026-04-06,20
EMP,Centro 4,In-person,2026-04-06,20
SST,Centro 2,In-person,2026-04-06,20
EMP,Centro 1,In-person,2026-04-06,19
EMP,Centro 2,In-person,2026-04-06,19
FOR,Centro 4,Hybrid,2026-04-06,19
INF,Centro 4,Hybrid,2026-04-06,19
LID,Centro 2,Hybrid,2026-04-06,19
HOT,Centro 2,Hybrid,2026-04-06,18
INF,Centro 2,Hybrid,2026-04-06,18
LOG,Centro 1,In-person,2026-04-06,18
PRO,Centro 5,Hybrid,2026-04-06,18
TUR,Centro 4,In-person,2026-04-06,18
PRI,Centro 1,In-person,2026-04-06,17
PRO,Centro 4,In-person,2026-04-06,17
CYB,Centro 2,Hybrid,2026-04-06,16
EXC,Centro 2,Hybrid,2026-04-06,16
ING,Centro 5,Hybrid,2026-04-06,16
SST,Centro 1,In-person,2026-04-06,16
VND,Centro 2,Online,2026-04-06,16
GES,Centro 2,Online,2026-04-06,15
GES,Centro 4,Online,2026-04-06,15
HCP,Centro 4,Hybrid,2026-04-06,15
INF,Centro 3,In-person,2026-04-06,15
ING,Centro 3,In-person,2026-04-06,15
PRI,Centro 2,In-person,2026-04-06,15
SCI,Centro 3,In-person,2026-04-06,15
SCI,Centro 5,In-person,2026-04-06,15
SEG,Centro 1,Hybrid,2026-04-06,15
SST,Centro 2,Online,2026-04-06,15
VND,Centro 2,In-person,2026-04-06,15
CYB,Centro 3,Online,2026-04-06,14
CYB,Centro 4,In-person,2026-04-06,14
HCP,Centro 1,Hybrid,2026-04-06,14
SEG,Centro 1,In-person,2026-04-06,14
LOG,Centro 4,In-person,2026-04-06,13
PRO,Centro 2,Hybrid,2026-04-06,13
PRO,Centro 3,Hybrid,2026-04-06,13
PYT,Centro 2,Online,2026-04-06,13
PYT,Centro 2,Hybrid,2026-04-06,13
EXC,Centro 3,Hybrid,2026-04-06,12
INF,Centro 3,Hybrid,2026-04-06,12
VND,Centro 1,In-person,2026-04-06,12
VND,Centro 4,Online,2026-04-06,12
HAC,Centro 2,Hybrid,2026-04-06,11
MNT,Centro 3,In-person,2026-04-06,11
MNT,Centro 5,In-person,2026-04-06,11
PRO,Centro 2,In-person,2026-04-06,11
SEG,Centro 5,Hybrid,2026-04-06,11
PRO,Centro 4,Online,2026-04-06,10
SCI,Centro 1,Hybrid,2026-04-06,10
GES,Centro 5,In-person,2026-04-06,9
HAC,Centro 1,In-person,2026-04-06,9
PBI,Centro 1,Hybrid,2026-04-06,9
TUR,Centro 3,In-person,2026-04-06,9
CYB,Centro 5,Hybrid,2026-04-06,8
EXC,Centro 2,Online,2026-04-06,8
GES,Centro 3,Online,2026-04-06,8
INF,Centro 4,In-person,2026-04-06,8
ING,Centro 4,Hybrid,2026-04-06,8
SEG,Centro 2,Hybrid,2026-04-06,8
SEG,Centro 2,In-person,2026-04-06,8
SEG,Centro 4,Online,2026-04-06,8
EXC,Centro 2,In-person,2026-04-06,7
LID,Centro 3,In-person,2026-04-06,7
PBI,Centro 4,Online,2026-04-06,7
SCI,Centro 1,In-person,2026-04-06,7
CYB,Centro 4,Hybrid,2026-04-06,6
CYB,Centro 5,In-person,2026-04-06,6
HAC,Centro 3,Hybrid,2026-04-06,6
PBI,Centro 2,Online,2026-04-06,6
PBI,Centro 2,In-person,2026-04-06,6
PBI,Centro 5,Online,2026-04-06,6
TUR,Centro 5,In-person,2026-04-06,6
CYB,Centro 1,In-person,2026-04-06,5
GER,Centro 4,In-person,2026-04-06,5
GES,Centro 1,In-person,2026-04-06,5
LOG,Centro 3,In-person,2026-04-06,5
LOG,Centro 5,In-person,2026-04-06,5
MNT,Centro 1,In-person,2026-04-06,5
PYT,Centro 5,Online,2026-04-06,5
SCI,Centro 2,In-person,2026-04-06,5
VND,Centro 4,In-person,2026-04-06,5
CYB,Centro 1,Online,2026-04-06,4
CYB,Centro 2,In-person,2026-04-06,4
EMP,Centro 5,In-person,2026-04-06,4
FOR,Centro 3,In-person,2026-04-06,4
GER,Centro 1,In-person,2026-04-06,4
GES,Centro 3,In-person,2026-04-06,4
HOT,Centro 4,In-person,2026-04-06,4
ING,Centro 2,Online,2026-04-06,4
PRI,Centro 3,Hybrid,2026-04-06,4
PYT,Centro 2,In-person,2026-04-06,4
EXC,Centro 3,Online,2026-04-06,3
EXC,Centro 4,Hybrid,2026-04-06,3
HCP,Centro 1,In-person,2026-04-06,3
HOT,Centro 1,In-person,2026-04-06,3
HOT,Centro 3,Hybrid,2026-04-06,3
LOG,Centro 2,In-person,2026-04-06,3
PBI,Centro 4,Hybrid,2026-04-06,3
SEG,Centro 4,In-person,2026-04-06,3
SOC,Centro 3,Hybrid,2026-04-06,3
VND,Centro 3,In-person,2026-04-06,3
CYB,Centro 2,Online,2026-04-06,2
EXC,Centro 1,Hybrid,2026-04-06,2
EXC,Centro 3,In-person,2026-04-06,2
GER,Centro 5,Hybrid,2026-04-06,2
GES,Centro 1,Online,2026-04-06,2
HCP,Centro 4,In-person,2026-04-06,2
HCP,Centro 5,Hybrid,2026-04-06,2
HOT,Centro 1,Hybrid,2026-04-06,2
HOT,Centro 3,In-person,2026-04-06,2
INF,Centro 5,Hybrid,2026-04-06,2
LID,Centro 1,Online,2026-04-06,2
LID,Centro 3,Hybrid,2026-04-06,2
LID,Centro 4,Hybrid,2026-04-06,2
LID,Centro 5,Hybrid,2026-04-06,2
LOG,Centro 5,Hybrid,2026-04-06,2
PBI,Centro 4,In-person,2026-04-06,2
SOC,Centro 1,In-person,2026-04-06,2
SST,Centro 5,Hybrid,2026-04-06,2
GER,Centro 4,Hybrid,2026-04-06,1
GES,Centro 5,Online,2026-04-06,1
HAC,Centro 2,In-person,2026-04-06,1
HAC,Centro 4,In-person,2026-04-06,1
HOT,Centro 5,Hybrid,2026-04-06,1
ING,Centro 3,Hybrid,2026-04-06,1
MNT,Centro 2,In-person,2026-04-06,1
PBI,Centro 3,Online,2026-04-06,1
PYT,Centro 3,In-person,2026-04-06,1
PYT,Centro 4,Hybrid,2026-04-06,1
PYT,Centro 5,Hybrid,2026-04-06,1
SEG,Centro 3,Online,2026-04-06,1
SOC,Centro 1,Hybrid,2026-04-06,1
SST,Centro 3,In-person,2026-04-06,1
TUR,Centro 1,In-person,2026-04-06,1
TUR,Centro 2,Hybrid,2026-04-06,1
TUR,Centro 2,In-person,2026-04-06,1
VND,Centro 1,Online,2026-04-06,1
VND,Centro 4,Hybrid,2026-04-06,1
CYB,Centro 1,Hybrid,2026-04-13,51
PBI,Centro 2,Online,2026-04-13,46
PRI,Centro 3,Hybrid,2026-04-13,45
PRO,Centro 4,Online,2026-04-13,45
CYB,Centro 1,Online,2026-04-13,43
GER,Centro 2,In-person,2026-04-13,38
PYT,Centro 2,Online,2026-04-13,38
LID,Centro 5,In-person,2026-04-13,36
CYB,Centro 4,Online,2026-04-13,35
HCP,Centro 3,Hybrid,2026-04-13,35
LOG,Centro 5,In-person,2026-04-13,35
HAC,Centro 5,Hybrid,2026-04-13,34
PBI,Centro 2,In-person,2026-04-13,33
FOR,Centro 5,Online,2026-04-13,30
SEG,Centro 1,In-person,2026-04-13,27
GER,Centro 5,In-person,2026-04-13,26
MNT,Centro 3,In-person,2026-04-13,26
EMP,Centro 1,In-person,2026-04-13,25
CYB,Centro 3,Online,2026-04-13,24
MNT,Centro 1,In-person,2026-04-13,24
SEG,Centro 5,Hybrid,2026-04-13,23
ING,Centro 5,Online,2026-04-13,22
LID,Centro 1,Online,2026-04-13,22
PRO,Centro 2,Hybrid,2026-04-13,22
LOG,Centro 5,Hybrid,2026-04-13,20
SST,Centro 2,Hybrid,2026-04-13,20
EXC,Centro 3,In-person,2026-04-13,19
LOG,Centro 3,In-person,2026-04-13,19
CYB,Centro 5,Hybrid,2026-04-13,18
EXC,Centro 4,Online,2026-04-13,18
INF,Centro 3,Hybrid,2026-04-13,18
PBI,Centro 4,Hybrid,2026-04-13,18
SEG,Centro 2,Hybrid,2026-04-13,18
INF,Centro 2,Hybrid,2026-04-13,17
ING,Centro 2,Online,2026-04-13,17
PBI,Centro 5,Online,2026-04-13,17
PRO,Centro 4,In-person,2026-04-13,17
SST,Centro 4,Hybrid,2026-04-13,17
VND,Centro 5,Online,2026-04-13,17
CYB,Centro 4,Hybrid,2026-04-13,16
SEG,Centro 3,Online,2026-04-13,16
SST,Centro 5,In-person,2026-04-13,16
EMP,Centro 4,In-person,2026-04-13,15
GER,Centro 4,Hybrid,2026-04-13,15
PRI,Centro 4,Hybrid,2026-04-13,15
HAC,Centro 2,Hybrid,2026-04-13,14
LID,Centro 3,Hybrid,2026-04-13,14
MNT,Centro 5,In-person,2026-04-13,14
PRI,Centro 1,In-person,2026-04-13,14
SCI,Centro 2,In-person,2026-04-13,14
GES,Centro 1,Online,2026-04-13,13
PRI,Centro 2,Hybrid,2026-04-13,13
PRI,Centro 3,In-person,2026-04-13,13
TUR,Centro 5,Hybrid,2026-04-13,13
HAC,Centro 4,Hybrid,2026-04-13,12
ING,Centro 5,Hybrid,2026-04-13,12
PBI,Centro 1,Online,2026-04-13,12
VND,Centro 2,Online,2026-04-13,12
FOR,Centro 5,Hybrid,2026-04-13,11
FOR,Centro 5,In-person,2026-04-13,11
PYT,Centro 4,Hybrid,2026-04-13,11
PYT,Centro 5,Online,2026-04-13,11
PYT,Centro 5,Hybrid,2026-04-13,11
SEG,Centro 5,Online,2026-04-13,11
TUR,Centro 4,Hybrid,2026-04-13,11
GES,Centro 2,In-person,2026-04-13,10
HOT,Centro 4,In-person,2026-04-13,10
LID,Centro 2,Hybrid,2026-04-13,10
PRO,Centro 3,Hybrid,2026-04-13,10
PRO,Centro 5,Hybrid,2026-04-13,10
TUR,Centro 2,In-person,2026-04-13,10
VND,Centro 5,Hybrid,2026-04-13,10
CYB,Centro 2,Online,2026-04-13,9
HAC,Centro 5,In-person,2026-04-13,9
INF,Centro 5,In-person,2026-04-13,9
PYT,Centro 1,Online,2026-04-13,9
SST,Centro 3,Hybrid,2026-04-13,9
LOG,Centro 2,Hybrid,2026-04-13,8
LOG,Centro 3,Hybrid,2026-04-13,8
MNT,Centro 2,In-person,2026-04-13,8
PYT,Centro 1,Hybrid,2026-04-13,8
PYT,Centro 2,In-person,2026-04-13,8
VND,Centro 4,Online,2026-04-13,8
CYB,Centro 2,Hybrid,2026-04-13,7
EMP,Centro 3,In-person,2026-04-13,7
EXC,Centro 5,Online,2026-04-13,7
FOR,Centro 4,Online,2026-04-13,7
HCP,Centro 1,In-person,2026-04-13,7
HCP,Centro 4,In-person,2026-04-13,7
HOT,Centro 5,Hybrid,2026-04-13,7
LID,Centro 4,Hybrid,2026-04-13,7
PBI,Centro 1,Hybrid,2026-04-13,7
PYT,Centro 2,Hybrid,2026-04-13,7
SOC,Centro 5,In-person,2026-04-13,7
SST,Centro 2,Online,2026-04-13,7
EXC,Centro 1,Hybrid,2026-04-13,6
EXC,Centro 4,Hybrid,2026-04-13,6
FOR,Centro 3,In-person,2026-04-13,6
GER,Centro 1,In-person,2026-04-13,6
GER,Centro 3,In-person,2026-04-13,6
HCP,Centro 4,Hybrid,2026-04-13,6
HCP,Centro 5,In-person,2026-04-13,6
LID,Centro 4,Online,2026-04-13,6
SCI,Centro 1,Hybrid,2026-04-13,6
SEG,Centro 4,In-person,2026-04-13,6
EXC,Centro 4,In-person,2026-04-13,5
GER,Centro 4,In-person,2026-04-13,5
GER,Centro 5,Hybrid,2026-04-13,5
GES,Centro 5,In-person,2026-04-13,5
HCP,Centro 2,Hybrid,2026-04-13,5
INF,Centro 3,In-person,2026-04-13,5
PYT,Centro 3,In-person,2026-04-13,5
SEG,Centro 4,Hybrid,2026-04-13,5
SST,Centro 5,Hybrid,2026-04-13,5
VND,Centro 4,Hybrid,2026-04-13,5
GES,Centro 3,In-person,2026-04-13,4
INF,Centro 1,Hybrid,2026-04-13,4
INF,Centro 5,Hybrid,2026-04-13,4
PRO,Centro 2,In-person,2026-04-13,4
PRO,Centro 5,Online,2026-04-13,4
SCI,Centro 3,In-person,2026-04-13,4
SCI,Centro 5,In-person,2026-04-13,4
SEG,Centro 1,Hybrid,2026-04-13,4
TUR,Centro 3,In-person,2026-04-13,4
CYB,Centro 4,In-person,2026-04-13,3
EXC,Centro 3,Online,2026-04-13,3
EXC,Centro 5,Hybrid,2026-04-13,3
HAC,Centro 1,In-person,2026-04-13,3
HAC,Centro 3,Hybrid,2026-04-13,3
HAC,Centro 3,In-person,2026-04-13,3
INF,Centro 1,In-person,2026-04-13,3
LOG,Centro 1,In-person,2026-04-13,3
PBI,Centro 4,In-person,2026-04-13,3
PYT,Centro 1,In-person,2026-04-13,3
PYT,Centro 4,In-person,2026-04-13,3
SEG,Centro 5,In-person,2026-04-13,3
VND,Centro 3,Online,2026-04-13,3
EMP,Centro 5,In-person,2026-04-13,2
EXC,Centro 2,Online,2026-04-13,2
EXC,Centro 2,In-person,2026-04-13,2
GES,Centro 5,Online,2026-04-13,2
HOT,Centro 3,Hybrid,2026-04-13,2
INF,Centro 4,Hybrid,2026-04-13,2
LID,Centro 1,Hybrid,2026-04-13,2
LID,Centro 2,Online,2026-04-13,2
LOG,Centro 1,Hybrid,2026-04-13,2
MNT,Centro 4,In-person,2026-04-13,2
PBI,Centro 3,Online,2026-04-13,2
PBI,Centro 4,Online,2026-04-13,2
FOR,Centro 1,In-person,2026-04-13,1
GER,Centro 1,Hybrid,2026-04-13,1
HCP,Centro 5,Hybrid,2026-04-13,1
HOT,Centro 5,In-person,2026-04-13,1
INF,Centro 2,In-person,2026-04-13,1
ING,Centro 4,Hybrid,2026-04-13,1
PRI,Centro 2,In-person,2026-04-13,1
PRO,Centro 4,Hybrid,2026-04-13,1
PYT,Centro 3,Online,2026-04-13,1
SCI,Centro 5,Hybrid,2026-04-13,1
SEG,Centro 2,In-person,2026-04-13,1
SOC,Centro 3,Hybrid,2026-04-13,1
SST,Centro 2,In-person,2026-04-13,1
SST,Centro 3,In-person,2026-04-13,1
VND,Centro 1,In-person,2026-04-13,1
PYT,Centro 1,Online,2026-04-20,69
GES,Centro 4,Online,2026-04-20,55
LOG,Centro 1,Hybrid,2026-04-20,44
SCI,Centro 1,In-person,2026-04-20,44
MNT,Centro 4,In-person,2026-04-20,38
PBI,Centro 3,Hybrid,2026-04-20,38
CYB,Centro 4,Online,2026-04-20,37
VND,Centro 3,Online,2026-04-20,34
CYB,Centro 3,Hybrid,2026-04-20,31
HOT,Centro 4,In-person,2026-04-20,30
SEG,Centro 5,In-person,2026-04-20,30
MNT,Centro 1,In-person,2026-04-20,28
PRI,Centro 3,In-person,2026-04-20,28
PYT,Centro 2,Online,2026-04-20,28
SST,Centro 5,Hybrid,2026-04-20,27
TUR,Centro 5,Hybrid,2026-04-20,26
EXC,Centro 2,Online,2026-04-20,25
ING,Centro 3,Online,2026-04-20,24
PBI,Centro 2,Online,2026-04-20,24
PRO,Centro 3,Online,2026-04-20,24
PYT,Centro 1,Hybrid,2026-04-20,24
TUR,Centro 5,In-person,2026-04-20,24
SOC,Centro 2,In-person,2026-04-20,23
PYT,Centro 5,Online,2026-04-20,22
VND,Centro 2,Online,2026-04-20,22
CYB,Centro 4,Hybrid,2026-04-20,21
MNT,Centro 5,In-person,2026-04-20,21
VND,Centro 4,Online,2026-04-20,21
CYB,Centro 2,Hybrid,2026-04-20,20
GER,Centro 5,Hybrid,2026-04-20,20
HOT,Centro 3,In-person,2026-04-20,19
TUR,Centro 1,In-person,2026-04-20,19
CYB,Centro 2,In-person,2026-04-20,18
EXC,Centro 5,Hybrid,2026-04-20,18
GER,Centro 3,Hybrid,2026-04-20,18
GES,Centro 1,In-person,2026-04-20,18
LOG,Centro 5,In-person,2026-04-20,18
PBI,Centro 5,Hybrid,2026-04-20,18
SEG,Centro 5,Hybrid,2026-04-20,18
SEG,Centro 2,In-person,2026-04-20,17
LID,Centro 5,Hybrid,2026-04-20,16
TUR,Centro 4,In-person,2026-04-20,16
EXC,Centro 2,In-person,2026-04-20,15
GER,Centro 3,In-person,2026-04-20,15
GER,Centro 4,In-person,2026-04-20,15
LID,Centro 3,Online,2026-04-20,14
LID,Centro 4,Hybrid,2026-04-20,14
PBI,Centro 4,Online,2026-04-20,14
PBI,Centro 4,In-person,2026-04-20,14
PYT,Centro 5,Hybrid,2026-04-20,14
SCI,Centro 3,In-person,2026-04-20,14
SST,Centro 1,In-person,2026-04-20,14
TUR,Centro 2,Hybrid,2026-04-20,14
EMP,Centro 5,In-person,2026-04-20,13
FOR,Centro 3,In-person,2026-04-20,13
CYB,Centro 2,Online,2026-04-20,12
EXC,Centro 4,Online,2026-04-20,12
HCP,Centro 3,Hybrid,2026-04-20,12
SCI,Centro 2,In-person,2026-04-20,12
SST,Centro 3,Hybrid,2026-04-20,12
HOT,Centro 2,In-person,2026-04-20,11
INF,Centro 2,In-person,2026-04-20,11
PRI,Centro 1,In-person,2026-04-20,11
PRO,Centro 2,In-person,2026-04-20,11
SOC,Centro 1,In-person,2026-04-20,11
CYB,Centro 1,Online,2026-04-20,10
EMP,Centro 4,In-person,2026-04-20,10
EXC,Centro 4,In-person,2026-04-20,10
INF,Centro 5,Hybrid,2026-04-20,10
PBI,Centro 2,Hybrid,2026-04-20,10
PYT,Centro 3,In-person,2026-04-20,10
SST,Centro 3,Online,2026-04-20,10
GER,Centro 1,In-person,2026-04-20,9
GES,Centro 4,Hybrid,2026-04-20,9
HOT,Centro 5,Hybrid,2026-04-20,9
INF,Centro 4,In-person,2026-04-20,9
LOG,Centro 3,In-person,2026-04-20,9
PRO,Centro 3,Hybrid,2026-04-20,9
SEG,Centro 4,In-person,2026-04-20,9
SOC,Centro 3,In-person,2026-04-20,9
SST,Centro 1,Hybrid,2026-04-20,9
CYB,Centro 1,In-person,2026-04-20,8
EXC,Centro 1,Online,2026-04-20,8
HCP,Centro 2,In-person,2026-04-20,8
INF,Centro 1,In-person,2026-04-20,8
LOG,Centro 2,In-person,2026-04-20,8
PRI,Centro 5,Hybrid,2026-04-20,8
SST,Centro 2,In-person,2026-04-20,8
VND,Centro 5,Online,2026-04-20,8
GES,Centro 3,In-person,2026-04-20,7
LOG,Centro 4,In-person,2026-04-20,7
MNT,Centro 2,In-person,2026-04-20,7
SCI,Centro 5,Hybrid,2026-04-20,7
EXC,Centro 1,In-person,2026-04-20,6
EXC,Centro 3,In-person,2026-04-20,6
HAC,Centro 3,Hybrid,2026-04-20,6
INF,Centro 5,In-person,2026-04-20,6
PRO,Centro 2,Online,2026-04-20,6
SEG,Centro 3,Online,2026-04-20,6
SEG,Centro 5,Online,2026-04-20,6
HCP,Centro 3,In-person,2026-04-20,5
LID,Centro 1,Online,2026-04-20,5
LID,Centro 3,Hybrid,2026-04-20,5
PRI,Centro 3,Hybrid,2026-04-20,5
FOR,Centro 3,Hybrid,2026-04-20,4
FOR,Centro 5,Hybrid,2026-04-20,4
HOT,Centro 3,Hybrid,2026-04-20,4
MNT,Centro 3,In-person,2026-04-20,4
SST,Centro 2,Online,2026-04-20,4
SST,Centro 4,In-person,2026-04-20,4
SST,Centro 5,Online,2026-04-20,4
CYB,Centro 3,In-person,2026-04-20,3
CYB,Centro 4,In-person,2026-04-20,3
CYB,Centro 5,In-person,2026-04-20,3
EMP,Centro 3,In-person,2026-04-20,3
GER,Centro 2,In-person,2026-04-20,3
GER,Centro 4,Hybrid,2026-04-20,3
GES,Centro 5,In-person,2026-04-20,3
HAC,Centro 2,In-person,2026-04-20,3
HCP,Centro 1,In-person,2026-04-20,3
ING,Centro 1,Hybrid,2026-04-20,3
LOG,Centro 5,Hybrid,2026-04-20,3
PBI,Centro 3,In-person,2026-04-20,3
PYT,Centro 2,Hybrid,2026-04-20,3
PYT,Centro 2,In-person,2026-04-20,3
SCI,Centro 1,Hybrid,2026-04-20,3
SCI,Centro 3,Hybrid,2026-04-20,3
SST,Centro 5,In-person,2026-04-20,3
EXC,Centro 4,Hybrid,2026-04-20,2
GES,Centro 5,Online,2026-04-20,2
HAC,Centro 3,In-person,2026-04-20,2
HAC,Centro 4,In-person,2026-04-20,2
HCP,Centro 2,Hybrid,2026-04-20,2
HOT,Centro 2,Hybrid,2026-04-20,2
ING,Centro 1,Online,2026-04-20,2
ING,Centro 3,Hybrid,2026-04-20,2
ING,Centro 5,Online,2026-04-20,2
LID,Centro 1,Hybrid,2026-04-20,2
PBI,Centro 1,Online,2026-04-20,2
PBI,Centro 5,In-person,2026-04-20,2
PRI,Centro 2,In-person,2026-04-20,2
PRO,Centro 4,Online,2026-04-20,2
SOC,Centro 5,In-person,2026-04-20,2
TUR,Centro 4,Hybrid,2026-04-20,2
FOR,Centro 4,Hybrid,2026-04-20,1
GER,Centro 1,Hybrid,2026-04-20,1
GES,Centro 2,In-person,2026-04-20,1
GES,Centro 3,Online,2026-04-20,1
HAC,Centro 1,In-person,2026-04-20,1
HCP,Centro 4,In-person,2026-04-20,1
INF,Centro 3,In-person,2026-04-20,1
LID,Centro 3,In-person,2026-04-20,1
LOG,Centro 1,In-person,2026-04-20,1
PBI,Centro 3,Online,2026-04-20,1
PBI,Centro 4,Hybrid,2026-04-20,1
PRO,Centro 3,In-person,2026-04-20,1
PRO,Centro 5,In-person,2026-04-20,1
SEG,Centro 2,Hybrid,2026-04-20,1
SEG,Centro 4,Hybrid,2026-04-20,1
SST,Centro 1,Online,2026-04-20,1
LOG,Centro 5,In-person,2026-04-27,54
TUR,Centro 2,In-person,2026-04-27,47
CYB,Centro 4,Online,2026-04-27,46
HAC,Centro 5,Hybrid,2026-04-27,38
HAC,Centro 1,In-person,2026-04-27,36
CYB,Centro 3,Hybrid,2026-04-27,35
CYB,Centro 4,Hybrid,2026-04-27,34
GER,Centro 3,In-person,2026-04-27,34
GER,Centro 4,Hybrid,2026-04-27,33
EMP,Centro 5,In-person,2026-04-27,30
MNT,Centro 3,In-person,2026-04-27,29
SEG,Centro 5,In-person,2026-04-27,29
EXC,Centro 1,Hybrid,2026-04-27,28
PBI,Centro 3,Online,2026-04-27,27
PBI,Centro 5,Hybrid,2026-04-27,27
VND,Centro 4,Online,2026-04-27,27
FOR,Centro 5,In-person,2026-04-27,25
EXC,Centro 2,Hybrid,2026-04-27,24
GES,Centro 1,Online,2026-04-27,24
ING,Centro 5,Online,2026-04-27,23
LID,Centro 3,Online,2026-04-27,23
PRO,Centro 3,In-person,2026-04-27,23
GES,Centro 3,Online,2026-04-27,22
ING,Centro 2,Hybrid,2026-04-27,22
LOG,Centro 1,Hybrid,2026-04-27,22
PBI,Centro 2,Online,2026-04-27,21
SST,Centro 2,Online,2026-04-27,21
SST,Centro 3,Online,2026-04-27,21
CYB,Centro 4,In-person,2026-04-27,20
ING,Centro 4,Hybrid,2026-04-27,20
TUR,Centro 5,In-person,2026-04-27,20
VND,Centro 2,Online,2026-04-27,20
HOT,Centro 1,Hybrid,2026-04-27,19
SCI,Centro 2,In-person,2026-04-27,19
FOR,Centro 5,Online,2026-04-27,18
SCI,Centro 1,Hybrid,2026-04-27,18
CYB,Centro 5,In-person,2026-04-27,17
EXC,Centro 3,Online,2026-04-27,17
INF,Centro 3,Hybrid,2026-04-27,17
LID,Centro 1,Hybrid,2026-04-27,17
PRI,Centro 3,In-person,2026-04-27,17
SST,Centro 5,In-person,2026-04-27,17
PRO,Centro 2,Hybrid,2026-04-27,16
PRO,Centro 4,In-person,2026-04-27,16
EXC,Centro 5,Online,2026-04-27,15
INF,Centro 4,Hybrid,2026-04-27,15
ING,Centro 2,Online,2026-04-27,15
LOG,Centro 2,In-person,2026-04-27,15
VND,Centro 1,In-person,2026-04-27,15
EXC,Centro 4,Online,2026-04-27,14
HCP,Centro 3,In-person,2026-04-27,14
MNT,Centro 4,In-person,2026-04-27,14
PRI,Centro 3,Hybrid,2026-04-27,14
PRO,Centro 1,Online,2026-04-27,14
HCP,Centro 1,In-person,2026-04-27,13
SEG,Centro 4,In-person,2026-04-27,13
SEG,Centro 5,Online,2026-04-27,13
SST,Centro 2,In-person,2026-04-27,13
HCP,Centro 4,In-person,2026-04-27,12
LID,Centro 3,Hybrid,2026-04-27,12
PYT,Centro 2,Hybrid,2026-04-27,12
GES,Centro 2,Hybrid,2026-04-27,11
GES,Centro 4,In-person,2026-04-27,11
EMP,Centro 4,In-person,2026-04-27,10
GES,Centro 4,Online,2026-04-27,10
GES,Centro 5,Hybrid,2026-04-27,10
PBI,Centro 4,Online,2026-04-27,10
PRI,Centro 1,In-person,2026-04-27,10
VND,Centro 3,Online,2026-04-27,10
EXC,Centro 3,Hybrid,2026-04-27,9
LID,Centro 5,In-person,2026-04-27,9
PYT,Centro 2,In-person,2026-04-27,9
PYT,Centro 3,Hybrid,2026-04-27,9
SCI,Centro 4,Hybrid,2026-04-27,9
TUR,Centro 3,In-person,2026-04-27,9
GES,Centro 1,Hybrid,2026-04-27,8
HCP,Centro 2,In-person,2026-04-27,8
LOG,Centro 5,Hybrid,2026-04-27,8
MNT,Centro 1,In-person,2026-04-27,8
PBI,Centro 2,In-person,2026-04-27,8
PRO,Centro 5,Online,2026-04-27,8
VND,Centro 3,Hybrid,2026-04-27,8
EMP,Centro 1,In-person,2026-04-27,7
GES,Centro 5,Online,2026-04-27,7
INF,Centro 1,In-person,2026-04-27,7
INF,Centro 2,In-person,2026-04-27,7
INF,Centro 3,In-person,2026-04-27,7
LOG,Centro 3,Hybrid,2026-04-27,7
SEG,Centro 3,In-person,2026-04-27,7
CYB,Centro 2,Hybrid,2026-04-27,6
GES,Centro 3,In-person,2026-04-27,6
HOT,Centro 1,In-person,2026-04-27,6
HOT,Centro 2,In-person,2026-04-27,6
LID,Centro 4,Online,2026-04-27,6
PYT,Centro 1,In-person,2026-04-27,6
CYB,Centro 1,Hybrid,2026-04-27,5
CYB,Centro 3,In-person,2026-04-27,5
EMP,Centro 2,In-person,2026-04-27,5
GER,Centro 1,In-person,2026-04-27,5
HAC,Centro 3,In-person,2026-04-27,5
PBI,Centro 1,Online,2026-04-27,5
PYT,Centro 5,Online,2026-04-27,5
SEG,Centro 4,Hybrid,2026-04-27,5
SST,Centro 4,Hybrid,2026-04-27,5
CYB,Centro 1,Online,2026-04-27,4
CYB,Centro 2,Online,2026-04-27,4
FOR,Centro 1,In-person,2026-04-27,4
FOR,Centro 3,In-person,2026-04-27,4
HOT,Centro 3,Hybrid,2026-04-27,4
HOT,Centro 5,Hybrid,2026-04-27,4
INF,Centro 5,In-person,2026-04-27,4
PBI,Centro 2,Hybrid,2026-04-27,4
PBI,Centro 3,Hybrid,2026-04-27,4
PBI,Centro 4,Hybrid,2026-04-27,4
PYT,Centro 5,Hybrid,2026-04-27,4
SCI,Centro 1,In-person,2026-04-27,4
SOC,Centro 3,In-person,2026-04-27,4
SST,Centro 4,In-person,2026-04-27,4
SST,Centro 5,Hybrid,2026-04-27,4
FOR,Centro 4,Online,2026-04-27,3
GER,Centro 2,In-person,2026-04-27,3
HCP,Centro 4,Hybrid,2026-04-27,3
ING,Centro 3,In-person,2026-04-27,3
LID,Centro 3,In-person,2026-04-27,3
LID,Centro 5,Online,2026-04-27,3
PBI,Centro 5,Online,2026-04-27,3
PBI,Centro 5,In-person,2026-04-27,3
PRO,Centro 2,Online,2026-04-27,3
PRO,Centro 5,In-person,2026-04-27,3
PYT,Centro 2,Online,2026-04-27,3
PYT,Centro 4,Online,2026-04-27,3
SOC,Centro 5,In-person,2026-04-27,3
CYB,Centro 2,In-person,2026-04-27,2
EXC,Centro 2,In-person,2026-04-27,2
GER,Centro 5,Hybrid,2026-04-27,2
HAC,Centro 2,Hybrid,2026-04-27,2
ING,Centro 5,Hybrid,2026-04-27,2
MNT,Centro 2,In-person,2026-04-27,2
PRI,Centro 1,Hybrid,2026-04-27,2
SCI,Centro 2,Hybrid,2026-04-27,2
SEG,Centro 1,Hybrid,2026-04-27,2
VND,Centro 4,In-person,2026-04-27,2
EXC,Centro 1,Online,2026-04-27,1
EXC,Centro 2,Online,2026-04-27,1
GER,Centro 4,In-person,2026-04-27,1
GES,Centro 1,In-person,2026-04-27,1
GES,Centro 2,In-person,2026-04-27,1
GES,Centro 5,In-person,2026-04-27,1
HAC,Centro 5,In-person,2026-04-27,1
HCP,Centro 2,Hybrid,2026-04-27,1
HCP,Centro 3,Hybrid,2026-04-27,1
HCP,Centro 5,In-person,2026-04-27,1
INF,Centro 5,Hybrid,2026-04-27,1
LID,Centro 4,Hybrid,2026-04-27,1
LOG,Centro 1,In-person,2026-04-27,1
MNT,Centro 5,In-person,2026-04-27,1
PRI,Centro 2,In-person,2026-04-27,1
PRO,Centro 3,Hybrid,2026-04-27,1
PYT,Centro 4,Hybrid,2026-04-27,1
SEG,Centro 1,In-person,2026-04-27,1
SEG,Centro 2,In-person,2026-04-27,1
TUR,Centro 4,In-person,2026-04-27,1
VND,Centro 5,Hybrid,2026-04-27,1
PYT,Centro 2,Hybrid,2026-05-04,57
EXC,Centro 4,Online,2026-05-04,45
SCI,Centro 1,Hybrid,2026-05-04,45
HOT,Centro 5,Hybrid,2026-05-04,42
PBI,Centro 2,Hybrid,2026-05-04,37
CYB,Centro 4,Online,2026-05-04,31
GES,Centro 1,In-person,2026-05-04,31
PBI,Centro 3,Online,2026-05-04,28
PBI,Centro 4,Hybrid,2026-05-04,28
INF,Centro 1,In-person,2026-05-04,27
LID,Centro 3,Hybrid,2026-05-04,25
SST,Centro 3,Online,2026-05-04,25
CYB,Centro 3,Online,2026-05-04,23
EXC,Centro 1,Online,2026-05-04,23
ING,Centro 1,Online,2026-05-04,23
PRI,Centro 3,In-person,2026-05-04,23
ING,Centro 2,Online,2026-05-04,22
PYT,Centro 4,Online,2026-05-04,22
SEG,Centro 4,In-person,2026-05-04,22
SST,Centro 4,In-person,2026-05-04,22
GER,Centro 2,In-person,2026-05-04,21
PBI,Centro 5,Hybrid,2026-05-04,21
SST,Centro 5,Hybrid,2026-05-04,21
CYB,Centro 2,Online,2026-05-04,20
FOR,Centro 2,Hybrid,2026-05-04,20
PBI,Centro 2,Online,2026-05-04,20
LOG,Centro 5,Hybrid,2026-05-04,19
PRO,Centro 4,Hybrid,2026-05-04,19
TUR,Centro 2,Hybrid,2026-05-04,19
CYB,Centro 4,In-person,2026-05-04,18
HAC,Centro 5,In-person,2026-05-04,18
HOT,Centro 4,Hybrid,2026-05-04,18
PRI,Centro 1,In-person,2026-05-04,18
SEG,Centro 2,In-person,2026-05-04,18
SOC,Centro 1,Hybrid,2026-05-04,18
HAC,Centro 5,Hybrid,2026-05-04,17
VND,Centro 1,In-person,2026-05-04,16
INF,Centro 3,Hybrid,2026-05-04,15
LOG,Centro 1,In-person,2026-05-04,15
LOG,Centro 2,In-person,2026-05-04,15
HCP,Centro 3,In-person,2026-05-04,13
HOT,Centro 1,Hybrid,2026-05-04,13
PRI,Centro 1,Hybrid,2026-05-04,13
PYT,Centro 1,Online,2026-05-04,13
SCI,Centro 1,In-person,2026-05-04,13
SCI,Centro 3,Hybrid,2026-05-04,13
VND,Centro 2,In-person,2026-05-04,13
VND,Centro 4,In-person,2026-05-04,13
HCP,Centro 2,In-person,2026-05-04,12
MNT,Centro 3,In-person,2026-05-04,12
MNT,Centro 5,In-person,2026-05-04,12
GER,Centro 5,Hybrid,2026-05-04,11
GES,Centro 2,In-person,2026-05-04,11
HAC,Centro 3,In-person,2026-05-04,11
PBI,Centro 1,Online,2026-05-04,11
SCI,Centro 3,In-person,2026-05-04,11
EMP,Centro 5,In-person,2026-05-04,10
FOR,Centro 4,In-person,2026-05-04,10
GER,Centro 3,In-person,2026-05-04,10
GES,Centro 4,Online,2026-05-04,10
PBI,Centro 1,In-person,2026-05-04,10
PBI,Centro 2,In-person,2026-05-04,10
PRO,Centro 2,Hybrid,2026-05-04,10
GES,Centro 5,Hybrid,2026-05-04,9
HAC,Centro 1,In-person,2026-05-04,9
LID,Centro 1,Online,2026-05-04,9
PYT,Centro 1,In-person,2026-05-04,9
TUR,Centro 2,In-person,2026-05-04,9
TUR,Centro 4,Hybrid,2026-05-04,9
TUR,Centro 5,In-person,2026-05-04,9
VND,Centro 2,Hybrid,2026-05-04,9
CYB,Centro 1,In-person,2026-05-04,8
EXC,Centro 1,Hybrid,2026-05-04,8
GER,Centro 4,In-person,2026-05-04,8
GES,Centro 1,Hybrid,2026-05-04,8
HOT,Centro 5,In-person,2026-05-04,8
LOG,Centro 3,In-person,2026-05-04,8
MNT,Centro 1,In-person,2026-05-04,8
MNT,Centro 4,In-person,2026-05-04,8
PBI,Centro 4,In-person,2026-05-04,8
EXC,Centro 3,In-person,2026-05-04,7
GES,Centro 2,Online,2026-05-04,7
HOT,Centro 3,In-person,2026-05-04,7
ING,Centro 3,In-person,2026-05-04,7
LOG,Centro 5,In-person,2026-05-04,7
PYT,Centro 2,Online,2026-05-04,7
EXC,Centro 2,In-person,2026-05-04,6
FOR,Centro 5,Hybrid,2026-05-04,6
HAC,Centro 2,In-person,2026-05-04,6
ING,Centro 5,Online,2026-05-04,6
SST,Centro 4,Hybrid,2026-05-04,6
EMP,Centro 4,In-person,2026-05-04,5
EXC,Centro 2,Hybrid,2026-05-04,5
FOR,Centro 3,Hybrid,2026-05-04,5
INF,Centro 3,In-person,2026-05-04,5
ING,Centro 2,Hybrid,2026-05-04,5
LID,Centro 2,Online,2026-05-04,5
SOC,Centro 2,Hybrid,2026-05-04,5
SST,Centro 2,In-person,2026-05-04,5
SST,Centro 5,In-person,2026-05-04,5
TUR,Centro 1,In-person,2026-05-04,5
TUR,Centro 3,In-person,2026-05-04,5
VND,Centro 3,Online,2026-05-04,5
CYB,Centro 2,In-person,2026-05-04,4
ING,Centro 1,Hybrid,2026-05-04,4
PBI,Centro 4,Online,2026-05-04,4
PRO,Centro 1,Online,2026-05-04,4
SST,Centro 3,Hybrid,2026-05-04,4
EXC,Centro 4,Hybrid,2026-05-04,3
FOR,Centro 3,In-person,2026-05-04,3
GER,Centro 4,Hybrid,2026-05-04,3
LOG,Centro 1,Hybrid,2026-05-04,3
PBI,Centro 1,Hybrid,2026-05-04,3
PRI,Centro 3,Hybrid,2026-05-04,3
PYT,Centro 2,In-person,2026-05-04,3
EXC,Centro 3,Hybrid,2026-05-04,2
GER,Centro 3,Hybrid,2026-05-04,2
GES,Centro 3,In-person,2026-05-04,2
HCP,Centro 1,In-person,2026-05-04,2
HCP,Centro 3,Hybrid,2026-05-04,2
HCP,Centro 4,Hybrid,2026-05-04,2
HCP,Centro 4,In-person,2026-05-04,2
HOT,Centro 3,Hybrid,2026-05-04,2
INF,Centro 2,In-person,2026-05-04,2
INF,Centro 5,In-person,2026-05-04,2
ING,Centro 4,Hybrid,2026-05-04,2
LID,Centro 3,In-person,2026-05-04,2
LID,Centro 5,Hybrid,2026-05-04,2
LID,Centro 5,In-person,2026-05-04,2
LOG,Centro 3,Hybrid,2026-05-04,2
PRO,Centro 2,In-person,2026-05-04,2
PRO,Centro 3,In-person,2026-05-04,2
SEG,Centro 3,In-person,2026-05-04,2
SEG,Centro 5,In-person,2026-05-04,2
VND,Centro 5,Hybrid,2026-05-04,2
CYB,Centro 1,Online,2026-05-04,1
CYB,Centro 2,Hybrid,2026-05-04,1
CYB,Centro 3,Hybrid,2026-05-04,1
EMP,Centro 1,In-person,2026-05-04,1
EXC,Centro 2,Online,2026-05-04,1
FOR,Centro 3,Online,2026-05-04,1
GER,Centro 5,In-person,2026-05-04,1
GES,Centro 1,Online,2026-05-04,1
HOT,Centro 2,In-person,2026-05-04,1
INF,Centro 5,Hybrid,2026-05-04,1
LID,Centro 1,Hybrid,2026-05-04,1
PRI,Centro 5,In-person,2026-05-04,1
PRO,Centro 2,Online,2026-05-04,1
PRO,Centro 3,Online,2026-05-04,1
PRO,Centro 5,In-person,2026-05-04,1
PYT,Centro 3,In-person,2026-05-04,1
PYT,Centro 5,Hybrid,2026-05-04,1
PRI,Centro 3,In-person,2026-05-11,34
VND,Centro 4,Online,2026-05-11,34
LID,Centro 2,Online,2026-05-11,33
LOG,Centro 5,Hybrid,2026-05-11,31
CYB,Centro 1,Online,2026-05-11,30
MNT,Centro 2,In-person,2026-05-11,30
CYB,Centro 4,Online,2026-05-11,27
PRO,Centro 3,Online,2026-05-11,27
EMP,Centro 1,In-person,2026-05-11,26
PBI,Centro 1,Hybrid,2026-05-11,26
HAC,Centro 2,Hybrid,2026-05-11,25
FOR,Centro 3,Online,2026-05-11,24
PBI,Centro 4,Hybrid,2026-05-11,24
PRO,Centro 2,In-person,2026-05-11,24
SST,Centro 5,Online,2026-05-11,24
FOR,Centro 2,Online,2026-05-11,23
HAC,Centro 5,In-person,2026-05-11,23
PRI,Centro 2,In-person,2026-05-11,23
CYB,Centro 4,Hybrid,2026-05-11,22
LID,Centro 5,Online,2026-05-11,21
MNT,Centro 1,In-person,2026-05-11,21
PBI,Centro 3,Online,2026-05-11,21
PRO,Centro 5,Online,2026-05-11,21
VND,Centro 1,In-person,2026-05-11,21
GES,Centro 3,Online,2026-05-11,20
HOT,Centro 1,In-person,2026-05-11,20
PRI,Centro 5,In-person,2026-05-11,20
SEG,Centro 3,In-person,2026-05-11,20
CYB,Centro 4,In-person,2026-05-11,19
PYT,Centro 1,Hybrid,2026-05-11,19
HAC,Centro 3,In-person,2026-05-11,18
PBI,Centro 2,Online,2026-05-11,18
CYB,Centro 3,Online,2026-05-11,17
SEG,Centro 5,In-person,2026-05-11,17
PYT,Centro 5,Hybrid,2026-05-11,16
SST,Centro 5,Hybrid,2026-05-11,16
CYB,Centro 2,In-person,2026-05-11,15
INF,Centro 5,Hybrid,2026-05-11,15
TUR,Centro 4,In-person,2026-05-11,15
VND,Centro 5,Hybrid,2026-05-11,15
HAC,Centro 2,In-person,2026-05-11,14
CYB,Centro 2,Online,2026-05-11,13
FOR,Centro 4,Online,2026-05-11,13
HAC,Centro 3,Hybrid,2026-05-11,13
HCP,Centro 1,Hybrid,2026-05-11,13
LID,Centro 5,Hybrid,2026-05-11,13
VND,Centro 2,Hybrid,2026-05-11,13
EXC,Centro 4,Hybrid,2026-05-11,11
LOG,Centro 1,In-person,2026-05-11,11
SCI,Centro 5,Hybrid,2026-05-11,11
TUR,Centro 2,In-person,2026-05-11,11
EXC,Centro 2,Hybrid,2026-05-11,10
PBI,Centro 2,Hybrid,2026-05-11,10
PBI,Centro 3,Hybrid,2026-05-11,10
HOT,Centro 3,In-person,2026-05-11,9
ING,Centro 2,Online,2026-05-11,9
LID,Centro 2,In-person,2026-05-11,9
LID,Centro 4,Online,2026-05-11,9
SCI,Centro 3,In-person,2026-05-11,9
SST,Centro 4,Hybrid,2026-05-11,9
TUR,Centro 5,Hybrid,2026-05-11,9
EMP,Centro 5,In-person,2026-05-11,8
FOR,Centro 2,Hybrid,2026-05-11,8
GES,Centro 2,Online,2026-05-11,8
FOR,Centro 1,In-person,2026-05-11,7
GER,Centro 2,In-person,2026-05-11,7
ING,Centro 1,Hybrid,2026-05-11,7
MNT,Centro 4,In-person,2026-05-11,7
PRI,Centro 1,Hybrid,2026-05-11,7
PYT,Centro 2,Hybrid,2026-05-11,7
SEG,Centro 2,In-person,2026-05-11,7
SST,Centro 5,In-person,2026-05-11,7
TUR,Centro 4,Hybrid,2026-05-11,7
CYB,Centro 5,Hybrid,2026-05-11,6
FOR,Centro 1,Online,2026-05-11,6
GER,Centro 3,In-person,2026-05-11,6
GER,Centro 5,In-person,2026-05-11,6
HAC,Centro 2,Online,2026-05-11,6
ING,Centro 4,Hybrid,2026-05-11,6
MNT,Centro 5,In-person,2026-05-11,6
PBI,Centro 2,In-person,2026-05-11,6
PRI,Centro 4,Hybrid,2026-05-11,6
PYT,Centro 1,Online,2026-05-11,6
SEG,Centro 3,Online,2026-05-11,6
TUR,Centro 1,In-person,2026-05-11,6
SEG,Centro 5,Hybrid,2026-05-11,5
SOC,Centro 3,In-person,2026-05-11,5
SST,Centro 3,Online,2026-05-11,5
EMP,Centro 2,In-person,2026-05-11,4
FOR,Centro 3,In-person,2026-05-11,4
HOT,Centro 2,In-person,2026-05-11,4
HOT,Centro 4,Hybrid,2026-05-11,4
LID,Centro 3,Hybrid,2026-05-11,4
PRO,Centro 2,Hybrid,2026-05-11,4
PRO,Centro 4,Hybrid,2026-05-11,4
SCI,Centro 3,Hybrid,2026-05-11,4
CYB,Centro 1,In-person,2026-05-11,3
EXC,Centro 1,Hybrid,2026-05-11,3
GES,Centro 1,In-person,2026-05-11,3
HAC,Centro 1,In-person,2026-05-11,3
PBI,Centro 5,In-person,2026-05-11,3
PRI,Centro 1,In-person,2026-05-11,3
PRI,Centro 3,Hybrid,2026-05-11,3
SCI,Centro 1,Hybrid,2026-05-11,3
SCI,Centro 2,Hybrid,2026-05-11,3
SCI,Centro 4,Hybrid,2026-05-11,3
SCI,Centro 5,In-person,2026-05-11,3
SEG,Centro 4,Hybrid,2026-05-11,3
TUR,Centro 2,Hybrid,2026-05-11,3
CYB,Centro 3,Hybrid,2026-05-11,2
EMP,Centro 4,In-person,2026-05-11,2
EXC,Centro 2,Online,2026-05-11,2
EXC,Centro 3,Hybrid,2026-05-11,2
HCP,Centro 1,In-person,2026-05-11,2
INF,Centro 3,Hybrid,2026-05-11,2
INF,Centro 3,In-person,2026-05-11,2
MNT,Centro 3,In-person,2026-05-11,2
PRO,Centro 1,In-person,2026-05-11,2
PRO,Centro 2,Online,2026-05-11,2
PYT,Centro 3,Hybrid,2026-05-11,2
PYT,Centro 4,Online,2026-05-11,2
SCI,Centro 1,In-person,2026-05-11,2
SOC,Centro 2,In-person,2026-05-11,2
TUR,Centro 3,In-person,2026-05-11,2
TUR,Centro 5,In-person,2026-05-11,2
CYB,Centro 3,In-person,2026-05-11,1
GES,Centro 1,Hybrid,2026-05-11,1
GES,Centro 2,Hybrid,2026-05-11,1
GES,Centro 4,In-person,2026-05-11,1
GES,Centro 5,In-person,2026-05-11,1
HCP,Centro 3,In-person,2026-05-11,1
INF,Centro 1,Hybrid,2026-05-11,1
LID,Centro 3,In-person,2026-05-11,1
LID,Centro 5,In-person,2026-05-11,1
LOG,Centro 2,In-person,2026-05-11,1
LOG,Centro 5,In-person,2026-05-11,1
PBI,Centro 3,In-person,2026-05-11,1
PBI,Centro 5,Online,2026-05-11,1
PRI,Centro 5,Hybrid,2026-05-11,1
SEG,Centro 5,Online,2026-05-11,1
VND,Centro 4,In-person,2026-05-11,1
ING,Centro 2,Online,2026-05-18,50
MNT,Centro 5,In-person,2026-05-18,40
GER,Centro 3,In-person,2026-05-18,32
CYB,Centro 2,Online,2026-05-18,31
LOG,Centro 5,Hybrid,2026-05-18,30
HCP,Centro 1,In-person,2026-05-18,29
PBI,Centro 2,Online,2026-05-18,29
HCP,Centro 4,In-person,2026-05-18,28
MNT,Centro 2,In-person,2026-05-18,27
CYB,Centro 1,Online,2026-05-18,26
EXC,Centro 4,Online,2026-05-18,26
INF,Centro 4,In-person,2026-05-18,26
LOG,Centro 4,In-person,2026-05-18,26
SCI,Centro 3,Hybrid,2026-05-18,26
EMP,Centro 1,In-person,2026-05-18,25
VND,Centro 2,Online,2026-05-18,25
GES,Centro 5,Hybrid,2026-05-18,23
HOT,Centro 5,Hybrid,2026-05-18,23
VND,Centro 3,Hybrid,2026-05-18,22
CYB,Centro 2,In-person,2026-05-18,21
SEG,Centro 2,In-person,2026-05-18,21
INF,Centro 5,In-person,2026-05-18,19
LID,Centro 3,In-person,2026-05-18,19
SST,Centro 4,Hybrid,2026-05-18,19
FOR,Centro 2,Online,2026-05-18,18
SCI,Centro 5,Hybrid,2026-05-18,18
HAC,Centro 2,Online,2026-05-18,17
HCP,Centro 3,In-person,2026-05-18,17
EMP,Centro 4,In-person,2026-05-18,16
FOR,Centro 3,Online,2026-05-18,16
FOR,Centro 3,Hybrid,2026-05-18,16
LOG,Centro 2,Hybrid,2026-05-18,16
PBI,Centro 4,Online,2026-05-18,16
EXC,Centro 4,Hybrid,2026-05-18,15
LOG,Centro 2,In-person,2026-05-18,15
ING,Centro 4,Hybrid,2026-05-18,14
CYB,Centro 5,Hybrid,2026-05-18,13
EMP,Centro 2,In-person,2026-05-18,13
INF,Centro 3,Hybrid,2026-05-18,13
MNT,Centro 1,In-person,2026-05-18,13
PRI,Centro 1,In-person,2026-05-18,13
PRI,Centro 5,Hybrid,2026-05-18,13
PRO,Centro 1,In-person,2026-05-18,13
CYB,Centro 2,Hybrid,2026-05-18,12
CYB,Centro 3,In-person,2026-05-18,12
GER,Centro 2,In-person,2026-05-18,11
GES,Centro 3,Online,2026-05-18,11
LOG,Centro 1,In-person,2026-05-18,11
SST,Centro 1,Hybrid,2026-05-18,11
SST,Centro 5,Hybrid,2026-05-18,11
HAC,Centro 3,In-person,2026-05-18,10
LOG,Centro 3,In-person,2026-05-18,10
PRI,Centro 1,Hybrid,2026-05-18,10
PRI,Centro 3,Hybrid,2026-05-18,10
GER,Centro 1,In-person,2026-05-18,9
GES,Centro 4,Online,2026-05-18,9
PYT,Centro 1,Hybrid,2026-05-18,9
SCI,Centro 1,In-person,2026-05-18,9
HAC,Centro 1,In-person,2026-05-18,8
ING,Centro 5,Hybrid,2026-05-18,8
LID,Centro 3,Online,2026-05-18,8
TUR,Centro 1,Hybrid,2026-05-18,8
CYB,Centro 1,Hybrid,2026-05-18,7
FOR,Centro 4,Online,2026-05-18,7
GES,Centro 4,Hybrid,2026-05-18,7
LID,Centro 5,Hybrid,2026-05-18,7
PYT,Centro 2,Hybrid,2026-05-18,7
VND,Centro 4,Online,2026-05-18,7
CYB,Centro 3,Hybrid,2026-05-18,6
HOT,Centro 1,In-person,2026-05-18,6
LID,Centro 1,Hybrid,2026-05-18,6
SEG,Centro 4,Online,2026-05-18,6
SST,Centro 2,In-person,2026-05-18,6
CYB,Centro 4,Online,2026-05-18,5
EXC,Centro 2,Hybrid,2026-05-18,5
INF,Centro 1,In-person,2026-05-18,5
INF,Centro 2,In-person,2026-05-18,5
ING,Centro 1,Hybrid,2026-05-18,5
PBI,Centro 4,Hybrid,2026-05-18,5
PYT,Centro 4,Hybrid,2026-05-18,5
SOC,Centro 3,In-person,2026-05-18,5
VND,Centro 1,In-person,2026-05-18,5
GES,Centro 1,Online,2026-05-18,4
INF,Centro 1,Hybrid,2026-05-18,4
LID,Centro 2,Hybrid,2026-05-18,4
PRI,Centro 3,In-person,2026-05-18,4
PRO,Centro 2,In-person,2026-05-18,4
PRO,Centro 5,In-person,2026-05-18,4
SCI,Centro 2,In-person,2026-05-18,4
SEG,Centro 5,In-person,2026-05-18,4
VND,Centro 4,In-person,2026-05-18,4
EXC,Centro 2,Online,2026-05-18,3
EXC,Centro 5,Hybrid,2026-05-18,3
PBI,Centro 1,Hybrid,2026-05-18,3
PRI,Centro 2,Hybrid,2026-05-18,3
SCI,Centro 4,Hybrid,2026-05-18,3
SEG,Centro 3,Online,2026-05-18,3
TUR,Centro 4,In-person,2026-05-18,3
VND,Centro 4,Hybrid,2026-05-18,3
CYB,Centro 4,Hybrid,2026-05-18,2
EXC,Centro 1,Online,2026-05-18,2
EXC,Centro 3,In-person,2026-05-18,2
FOR,Centro 5,Online,2026-05-18,2
GER,Centro 3,Hybrid,2026-05-18,2
HAC,Centro 2,In-person,2026-05-18,2
HOT,Centro 4,In-person,2026-05-18,2
INF,Centro 3,In-person,2026-05-18,2
LID,Centro 5,In-person,2026-05-18,2
PBI,Centro 4,In-person,2026-05-18,2
PRI,Centro 4,Hybrid,2026-05-18,2
PRO,Centro 2,Hybrid,2026-05-18,2
SEG,Centro 4,In-person,2026-05-18,2
SST,Centro 1,In-person,2026-05-18,2
EXC,Centro 1,Hybrid,2026-05-18,1
FOR,Centro 2,Hybrid,2026-05-18,1
FOR,Centro 4,Hybrid,2026-05-18,1
FOR,Centro 4,In-person,2026-05-18,1
HOT,Centro 3,Hybrid,2026-05-18,1
HOT,Centro 5,In-person,2026-05-18,1
ING,Centro 3,In-person,2026-05-18,1
MNT,Centro 3,In-person,2026-05-18,1
PBI,Centro 5,Online,2026-05-18,1
PYT,Centro 1,Online,2026-05-18,1
SCI,Centro 1,Hybrid,2026-05-18,1
SEG,Centro 1,In-person,2026-05-18,1
SEG,Centro 5,Online,2026-05-18,1
MNT,Centro 5,In-person,2026-05-25,47
FOR,Centro 3,Hybrid,2026-05-25,38
EXC,Centro 1,Online,2026-05-25,37
CYB,Centro 2,Online,2026-05-25,35
MNT,Centro 3,In-person,2026-05-25,33
PBI,Centro 2,Online,2026-05-25,33
PRI,Centro 5,Hybrid,2026-05-25,33
ING,Centro 2,Online,2026-05-25,29
CYB,Centro 3,Online,2026-05-25,27
LOG,Centro 2,In-person,2026-05-25,26
HCP,Centro 4,In-person,2026-05-25,25
CYB,Centro 1,Online,2026-05-25,24
GES,Centro 2,Hybrid,2026-05-25,24
INF,Centro 2,In-person,2026-05-25,24
PBI,Centro 2,In-person,2026-05-25,24
GER,Centro 1,In-person,2026-05-25,23
PBI,Centro 5,Online,2026-05-25,23
ING,Centro 4,Hybrid,2026-05-25,22
LID,Centro 4,Online,2026-05-25,22
GER,Centro 2,In-person,2026-05-25,21
INF,Centro 4,In-person,2026-05-25,21
PRI,Centro 3,Hybrid,2026-05-25,21
SEG,Centro 5,In-person,2026-05-25,21
TUR,Centro 4,In-person,2026-05-25,20
CYB,Centro 4,In-person,2026-05-25,19
GER,Centro 4,In-person,2026-05-25,19
PYT,Centro 5,Hybrid,2026-05-25,19
EXC,Centro 2,Hybrid,2026-05-25,18
FOR,Centro 4,Hybrid,2026-05-25,18
ING,Centro 4,In-person,2026-05-25,18
TUR,Centro 5,Hybrid,2026-05-25,18
EMP,Centro 4,In-person,2026-05-25,17
EXC,Centro 4,Online,2026-05-25,17
PBI,Centro 4,Online,2026-05-25,17
PBI,Centro 5,Hybrid,2026-05-25,16
PRO,Centro 3,Hybrid,2026-05-25,16
INF,Centro 3,In-person,2026-05-25,15
SCI,Centro 2,Hybrid,2026-05-25,15
TUR,Centro 1,In-person,2026-05-25,15
HAC,Centro 1,In-person,2026-05-25,14
PBI,Centro 3,Hybrid,2026-05-25,14
SEG,Centro 1,Hybrid,2026-05-25,14
SST,Centro 1,Online,2026-05-25,14
HCP,Centro 3,In-person,2026-05-25,13
LOG,Centro 5,Hybrid,2026-05-25,13
PBI,Centro 1,In-person,2026-05-25,13
SCI,Centro 3,Hybrid,2026-05-25,13
SEG,Centro 5,Hybrid,2026-05-25,13
GES,Centro 4,Online,2026-05-25,12
HOT,Centro 3,Hybrid,2026-05-25,12
PBI,Centro 3,In-person,2026-05-25,12
VND,Centro 4,In-person,2026-05-25,12
FOR,Centro 2,Online,2026-05-25,11
GES,Centro 1,Hybrid,2026-05-25,11
PRI,Centro 3,In-person,2026-05-25,11
PRI,Centro 4,In-person,2026-05-25,11
TUR,Centro 5,In-person,2026-05-25,11
CYB,Centro 2,Hybrid,2026-05-25,10
CYB,Centro 4,Online,2026-05-25,10
HOT,Centro 1,Hybrid,2026-05-25,9
LOG,Centro 4,In-person,2026-05-25,9
PRI,Centro 1,Hybrid,2026-05-25,9
SCI,Centro 5,Hybrid,2026-05-25,9
SST,Centro 5,Hybrid,2026-05-25,9
FOR,Centro 5,Online,2026-05-25,8
HAC,Centro 4,Hybrid,2026-05-25,8
HOT,Centro 3,In-person,2026-05-25,8
ING,Centro 1,Hybrid,2026-05-25,8
LID,Centro 2,In-person,2026-05-25,8
LOG,Centro 1,Hybrid,2026-05-25,8
LOG,Centro 5,In-person,2026-05-25,8
PRO,Centro 5,In-person,2026-05-25,8
SOC,Centro 3,In-person,2026-05-25,8
FOR,Centro 3,Online,2026-05-25,7
HOT,Centro 1,In-person,2026-05-25,7
INF,Centro 1,In-person,2026-05-25,7
LOG,Centro 1,In-person,2026-05-25,7
PRI,Centro 2,In-person,2026-05-25,7
SEG,Centro 2,In-person,2026-05-25,7
SST,Centro 1,In-person,2026-05-25,7
SST,Centro 3,In-person,2026-05-25,7
EXC,Centro 1,Hybrid,2026-05-25,6
FOR,Centro 4,In-person,2026-05-25,6
HAC,Centro 2,Online,2026-05-25,6
HAC,Centro 5,In-person,2026-05-25,6
HCP,Centro 2,In-person,2026-05-25,6
LOG,Centro 3,Hybrid,2026-05-25,6
SCI,Centro 4,Hybrid,2026-05-25,6
FOR,Centro 3,In-person,2026-05-25,5
VND,Centro 2,Online,2026-05-25,5
INF,Centro 4,Hybrid,2026-05-25,4
MNT,Centro 2,In-person,2026-05-25,4
SEG,Centro 5,Online,2026-05-25,4
VND,Centro 5,Hybrid,2026-05-25,4
EMP,Centro 2,In-person,2026-05-25,3
GES,Centro 4,In-person,2026-05-25,3
HAC,Centro 3,Hybrid,2026-05-25,3
HOT,Centro 5,In-person,2026-05-25,3
INF,Centro 5,In-person,2026-05-25,3
PBI,Centro 5,In-person,2026-05-25,3
PYT,Centro 1,Online,2026-05-25,3
SCI,Centro 1,In-person,2026-05-25,3
SST,Centro 1,Hybrid,2026-05-25,3
HAC,Centro 4,In-person,2026-05-25,2
HOT,Centro 2,In-person,2026-05-25,2
PRI,Centro 1,In-person,2026-05-25,2
SEG,Centro 1,In-person,2026-05-25,2
VND,Centro 1,In-person,2026-05-25,2
VND,Centro 5,In-person,2026-05-25,2
CYB,Centro 2,In-person,2026-05-25,1
CYB,Centro 4,Hybrid,2026-05-25,1
EXC,Centro 4,Hybrid,2026-05-25,1
FOR,Centro 4,Online,2026-05-25,1
GER,Centro 3,In-person,2026-05-25,1
GES,Centro 5,Hybrid,2026-05-25,1
LID,Centro 1,Hybrid,2026-05-25,1
LID,Centro 2,Online,2026-05-25,1
LOG,Centro 2,Hybrid,2026-05-25,1
MNT,Centro 4,In-person,2026-05-25,1
PBI,Centro 1,Online,2026-05-25,1
PBI,Centro 1,Hybrid,2026-05-25,1
PBI,Centro 2,Hybrid,2026-05-25,1
SCI,Centro 2,In-person,2026-05-25,1
SEG,Centro 4,Online,2026-05-25,1
TUR,Centro 2,In-person,2026-05-25,1
VND,Centro 2,In-person,2026-05-25,1
VND,Centro 4,Online,2026-05-25,1
SCI,Centro 1,In-person,2026-06-01,48
FOR,Centro 5,Online,2026-06-01,40
SST,Centro 4,Online,2026-06-01,33
PBI,Centro 4,Online,2026-06-01,31
SEG,Centro 5,Online,2026-06-01,29
EMP,Centro 4,In-person,2026-06-01,28
EXC,Centro 5,Hybrid,2026-06-01,28
HAC,Centro 3,Hybrid,2026-06-01,26
CYB,Centro 3,Hybrid,2026-06-01,24
CYB,Centro 4,Online,2026-06-01,24
SST,Centro 5,Hybrid,2026-06-01,24
CYB,Centro 5,Hybrid,2026-06-01,23
PBI,Centro 4,Hybrid,2026-06-01,22
EXC,Centro 1,Online,2026-06-01,21
VND,Centro 5,Online,2026-06-01,21
EMP,Centro 2,In-person,2026-06-01,19
EXC,Centro 4,Hybrid,2026-06-01,19
PRO,Centro 5,Online,2026-06-01,19
PYT,Centro 5,Hybrid,2026-06-01,19
HCP,Centro 4,In-person,2026-06-01,18
INF,Centro 3,In-person,2026-06-01,18
MNT,Centro 2,In-person,2026-06-01,18
GER,Centro 3,In-person,2026-06-01,17
SCI,Centro 1,Hybrid,2026-06-01,17
ING,Centro 2,Hybrid,2026-06-01,14
EXC,Centro 2,Online,2026-06-01,13
INF,Centro 2,In-person,2026-06-01,13
PYT,Centro 2,Hybrid,2026-06-01,13
PYT,Centro 5,In-person,2026-06-01,13
SEG,Centro 3,Online,2026-06-01,13
SEG,Centro 5,Hybrid,2026-06-01,13
CYB,Centro 4,Hybrid,2026-06-01,12
EXC,Centro 4,Online,2026-06-01,12
HAC,Centro 4,In-person,2026-06-01,12
LOG,Centro 3,In-person,2026-06-01,12
PRI,Centro 4,In-person,2026-06-01,12
HOT,Centro 1,In-person,2026-06-01,11
LOG,Centro 3,Hybrid,2026-06-01,11
SCI,Centro 4,Hybrid,2026-06-01,11
INF,Centro 1,Hybrid,2026-06-01,10
LID,Centro 5,In-person,2026-06-01,10
FOR,Centro 4,Hybrid,2026-06-01,9
HAC,Centro 4,Hybrid,2026-06-01,9
HCP,Centro 1,In-person,2026-06-01,9
ING,Centro 3,In-person,2026-06-01,9
PBI,Centro 2,In-person,2026-06-01,9
PRI,Centro 3,In-person,2026-06-01,9
VND,Centro 5,In-person,2026-06-01,9
CYB,Centro 2,Online,2026-06-01,8
CYB,Centro 2,Hybrid,2026-06-01,8
EMP,Centro 1,In-person,2026-06-01,8
EXC,Centro 1,In-person,2026-06-01,8
HAC,Centro 5,Hybrid,2026-06-01,8
SST,Centro 1,In-person,2026-06-01,8
TUR,Centro 5,In-person,2026-06-01,8
GES,Centro 5,Hybrid,2026-06-01,7
MNT,Centro 1,In-person,2026-06-01,7
PRI,Centro 1,In-person,2026-06-01,7
PRO,Centro 1,In-person,2026-06-01,7
SST,Centro 2,In-person,2026-06-01,7
TUR,Centro 4,In-person,2026-06-01,7
HCP,Centro 4,Hybrid,2026-06-01,6
INF,Centro 4,In-person,2026-06-01,6
PRO,Centro 5,In-person,2026-06-01,6
SEG,Centro 2,In-person,2026-06-01,6
SEG,Centro 4,Online,2026-06-01,6
GER,Centro 1,In-person,2026-06-01,5
HAC,Centro 3,In-person,2026-06-01,5
ING,Centro 3,Hybrid,2026-06-01,5
LID,Centro 3,Online,2026-06-01,5
CYB,Centro 1,Online,2026-06-01,4
HCP,Centro 2,Hybrid,2026-06-01,4
HOT,Centro 3,In-person,2026-06-01,4
LID,Centro 4,Online,2026-06-01,4
LOG,Centro 1,Hybrid,2026-06-01,4
MNT,Centro 5,In-person,2026-06-01,4
PRI,Centro 1,Hybrid,2026-06-01,4
CYB,Centro 2,In-person,2026-06-01,3
GER,Centro 2,In-person,2026-06-01,3
GES,Centro 1,Hybrid,2026-06-01,3
HAC,Centro 5,Online,2026-06-01,3
HAC,Centro 5,In-person,2026-06-01,3
HOT,Centro 1,Hybrid,2026-06-01,3
INF,Centro 2,Hybrid,2026-06-01,3
LOG,Centro 5,In-person,2026-06-01,3
PBI,Centro 5,Online,2026-06-01,3
SCI,Centro 5,Hybrid,2026-06-01,3
TUR,Centro 3,In-person,2026-06-01,3
FOR,Centro 3,In-person,2026-06-01,2
ING,Centro 1,Hybrid,2026-06-01,2
ING,Centro 2,Online,2026-06-01,2
PRO,Centro 2,In-person,2026-06-01,2
SST,Centro 3,In-person,2026-06-01,2
SST,Centro 4,In-person,2026-06-01,2
CYB,Centro 4,In-person,2026-06-01,1
FOR,Centro 1,Online,2026-06-01,1
FOR,Centro 1,Hybrid,2026-06-01,1
FOR,Centro 2,Hybrid,2026-06-01,1
GES,Centro 2,Hybrid,2026-06-01,1
GES,Centro 2,In-person,2026-06-01,1
HCP,Centro 3,In-person,2026-06-01,1
INF,Centro 5,Hybrid,2026-06-01,1
LID,Centro 1,Hybrid,2026-06-01,1
LID,Centro 3,Hybrid,2026-06-01,1
LOG,Centro 2,In-person,2026-06-01,1
PBI,Centro 1,Online,2026-06-01,1
PBI,Centro 1,Hybrid,2026-06-01,1
PBI,Centro 2,Online,2026-06-01,1
PBI,Centro 2,Hybrid,2026-06-01,1
PBI,Centro 3,Hybrid,2026-06-01,1
PBI,Centro 4,In-person,2026-06-01,1
PRI,Centro 2,Hybrid,2026-06-01,1
PRI,Centro 2,In-person,2026-06-01,1
SEG,Centro 5,In-person,2026-06-01,1
TUR,Centro 4,Hybrid,2026-06-01,1
VND,Centro 2,In-person,2026-06-01,1
VND,Centro 4,Hybrid,2026-06-01,1
PBI,Centro 2,Online,2026-06-08,50
PBI,Centro 4,Online,2026-06-08,33
PRI,Centro 5,In-person,2026-06-08,33
SST,Centro 5,Hybrid,2026-06-08,33
MNT,Centro 5,In-person,2026-06-08,30
HCP,Centro 1,In-person,2026-06-08,29
PRO,Centro 4,Hybrid,2026-06-08,28
SEG,Centro 5,In-person,2026-06-08,28
PBI,Centro 1,Hybrid,2026-06-08,26
GES,Centro 2,Online,2026-06-08,25
PBI,Centro 5,Online,2026-06-08,24
MNT,Centro 3,In-person,2026-06-08,23
FOR,Centro 4,Online,2026-06-08,22
HOT,Centro 5,In-person,2026-06-08,22
INF,Centro 2,In-person,2026-06-08,22
VND,Centro 4,Hybrid,2026-06-08,22
FOR,Centro 1,Online,2026-06-08,21
ING,Centro 5,Hybrid,2026-06-08,21
PBI,Centro 2,In-person,2026-06-08,21
PRO,Centro 2,Online,2026-06-08,21
EXC,Centro 2,Online,2026-06-08,20
PYT,Centro 1,Online,2026-06-08,20
SCI,Centro 1,Hybrid,2026-06-08,20
FOR,Centro 1,Hybrid,2026-06-08,19
PRI,Centro 3,In-person,2026-06-08,19
PYT,Centro 1,In-person,2026-06-08,19
MNT,Centro 1,In-person,2026-06-08,18
HOT,Centro 1,In-person,2026-06-08,17
INF,Centro 5,In-person,2026-06-08,17
LOG,Centro 5,Hybrid,2026-06-08,17
CYB,Centro 1,Online,2026-06-08,16
LID,Centro 2,Hybrid,2026-06-08,16
PBI,Centro 3,In-person,2026-06-08,16
CYB,Centro 5,Online,2026-06-08,15
GES,Centro 4,Online,2026-06-08,15
HCP,Centro 3,In-person,2026-06-08,15
LID,Centro 3,Online,2026-06-08,15
SST,Centro 3,In-person,2026-06-08,15
LID,Centro 1,Hybrid,2026-06-08,14
PYT,Centro 1,Hybrid,2026-06-08,14
SEG,Centro 3,In-person,2026-06-08,14
PYT,Centro 4,Hybrid,2026-06-08,12
SEG,Centro 3,Online,2026-06-08,12
TUR,Centro 5,In-person,2026-06-08,12
ING,Centro 4,In-person,2026-06-08,11
LOG,Centro 3,Hybrid,2026-06-08,11
MNT,Centro 2,In-person,2026-06-08,11
SEG,Centro 2,In-person,2026-06-08,9
CYB,Centro 4,Hybrid,2026-06-08,8
HOT,Centro 2,In-person,2026-06-08,8
PRI,Centro 4,Hybrid,2026-06-08,8
FOR,Centro 3,Hybrid,2026-06-08,7
GES,Centro 3,Online,2026-06-08,7
PBI,Centro 4,In-person,2026-06-08,7
CYB,Centro 2,Online,2026-06-08,6
EXC,Centro 4,Online,2026-06-08,6
ING,Centro 1,Hybrid,2026-06-08,6
LOG,Centro 2,In-person,2026-06-08,6
PBI,Centro 4,Hybrid,2026-06-08,6
VND,Centro 5,Online,2026-06-08,6
EMP,Centro 4,In-person,2026-06-08,5
PBI,Centro 5,In-person,2026-06-08,5
PRI,Centro 1,In-person,2026-06-08,5
SCI,Centro 5,Hybrid,2026-06-08,5
SOC,Centro 3,In-person,2026-06-08,5
EXC,Centro 4,Hybrid,2026-06-08,4
PRI,Centro 1,Hybrid,2026-06-08,4
PRI,Centro 2,In-person,2026-06-08,4
PRO,Centro 1,In-person,2026-06-08,4
PRO,Centro 4,Online,2026-06-08,4
SCI,Centro 1,In-person,2026-06-08,4
CYB,Centro 3,Hybrid,2026-06-08,3
EXC,Centro 1,Hybrid,2026-06-08,3
FOR,Centro 1,In-person,2026-06-08,3
FOR,Centro 5,Online,2026-06-08,3
GER,Centro 3,In-person,2026-06-08,3
GER,Centro 4,In-person,2026-06-08,3
HAC,Centro 5,Hybrid,2026-06-08,3
LID,Centro 2,Online,2026-06-08,3
LOG,Centro 4,In-person,2026-06-08,3
LOG,Centro 5,In-person,2026-06-08,3
PBI,Centro 5,Hybrid,2026-06-08,3
PYT,Centro 2,Hybrid,2026-06-08,3
PYT,Centro 5,Online,2026-06-08,3
SST,Centro 4,In-person,2026-06-08,3
VND,Centro 2,In-person,2026-06-08,3
CYB,Centro 1,Hybrid,2026-06-08,2
CYB,Centro 4,In-person,2026-06-08,2
FOR,Centro 2,In-person,2026-06-08,2
GER,Centro 3,Hybrid,2026-06-08,2
INF,Centro 2,Hybrid,2026-06-08,2
LID,Centro 4,Hybrid,2026-06-08,2
PBI,Centro 3,Online,2026-06-08,2
PBI,Centro 3,Hybrid,2026-06-08,2
CYB,Centro 2,Hybrid,2026-06-08,1
CYB,Centro 4,Online,2026-06-08,1
EXC,Centro 5,Online,2026-06-08,1
FOR,Centro 3,Online,2026-06-08,1
FOR,Centro 5,In-person,2026-06-08,1
GER,Centro 2,In-person,2026-06-08,1
HAC,Centro 4,In-person,2026-06-08,1
HCP,Centro 2,In-person,2026-06-08,1
HCP,Centro 4,In-person,2026-06-08,1
HOT,Centro 3,In-person,2026-06-08,1
ING,Centro 4,Hybrid,2026-06-08,1
LID,Centro 1,Online,2026-06-08,1
MNT,Centro 4,In-person,2026-06-08,1
PBI,Centro 2,Hybrid,2026-06-08,1
SEG,Centro 5,Online,2026-06-08,1
TUR,Centro 1,Hybrid,2026-06-08,1
TUR,Centro 1,In-person,2026-06-08,1
TUR,Centro 2,Hybrid,2026-06-08,1
HAC,Centro 4,Hybrid,2026-06-15,53
CYB,Centro 2,Hybrid,2026-06-15,38
CYB,Centro 3,Hybrid,2026-06-15,38
ING,Centro 2,Online,2026-06-15,29
PYT,Centro 4,Online,2026-06-15,29
INF,Centro 1,Hybrid,2026-06-15,27
LOG,Centro 3,Hybrid,2026-06-15,27
LID,Centro 1,Hybrid,2026-06-15,25
SST,Centro 2,Online,2026-06-15,25
VND,Centro 2,In-person,2026-06-15,25
CYB,Centro 2,Online,2026-06-15,24
HAC,Centro 5,Online,2026-06-15,24
SCI,Centro 1,Hybrid,2026-06-15,24
EMP,Centro 4,In-person,2026-06-15,22
PBI,Centro 2,Online,2026-06-15,21
PBI,Centro 4,Online,2026-06-15,21
HAC,Centro 5,In-person,2026-06-15,20
PYT,Centro 2,Hybrid,2026-06-15,20
LID,Centro 3,Hybrid,2026-06-15,19
MNT,Centro 2,In-person,2026-06-15,19
CYB,Centro 5,Online,2026-06-15,18
FOR,Centro 2,In-person,2026-06-15,18
PYT,Centro 5,Online,2026-06-15,18
SEG,Centro 5,Online,2026-06-15,18
CYB,Centro 5,Hybrid,2026-06-15,17
ING,Centro 1,Hybrid,2026-06-15,17
MNT,Centro 5,In-person,2026-06-15,17
PBI,Centro 1,Hybrid,2026-06-15,17
PBI,Centro 5,In-person,2026-06-15,17
SOC,Centro 3,In-person,2026-06-15,17
GER,Centro 4,Hybrid,2026-06-15,16
PRI,Centro 2,In-person,2026-06-15,16
CYB,Centro 1,Online,2026-06-15,15
CYB,Centro 2,In-person,2026-06-15,15
HAC,Centro 1,In-person,2026-06-15,15
INF,Centro 2,In-person,2026-06-15,15
LID,Centro 4,Hybrid,2026-06-15,15
SST,Centro 1,In-person,2026-06-15,15
ING,Centro 3,In-person,2026-06-15,14
LID,Centro 2,Online,2026-06-15,14
SEG,Centro 4,In-person,2026-06-15,14
SOC,Centro 5,Hybrid,2026-06-15,14
HCP,Centro 1,In-person,2026-06-15,13
HCP,Centro 4,In-person,2026-06-15,13
LOG,Centro 1,Hybrid,2026-06-15,13
SOC,Centro 2,In-person,2026-06-15,13
CYB,Centro 3,Online,2026-06-15,12
GER,Centro 3,In-person,2026-06-15,12
HOT,Centro 1,In-person,2026-06-15,12
ING,Centro 3,Hybrid,2026-06-15,12
SST,Centro 1,Online,2026-06-15,12
GES,Centro 4,Online,2026-06-15,11
HCP,Centro 1,Hybrid,2026-06-15,11
LOG,Centro 5,In-person,2026-06-15,11
GES,Centro 2,Hybrid,2026-06-15,10
LOG,Centro 2,Hybrid,2026-06-15,10
SST,Centro 3,In-person,2026-06-15,10
INF,Centro 2,Hybrid,2026-06-15,9
PRI,Centro 3,In-person,2026-06-15,9
TUR,Centro 2,In-person,2026-06-15,9
CYB,Centro 1,Hybrid,2026-06-15,8
FOR,Centro 4,Online,2026-06-15,8
PRO,Centro 2,Hybrid,2026-06-15,8
PYT,Centro 5,Hybrid,2026-06-15,8
EXC,Centro 1,Hybrid,2026-06-15,7
MNT,Centro 1,In-person,2026-06-15,7
CYB,Centro 4,In-person,2026-06-15,6
HOT,Centro 2,Hybrid,2026-06-15,6
PRI,Centro 4,In-person,2026-06-15,6
PYT,Centro 1,Hybrid,2026-06-15,6
VND,Centro 5,In-person,2026-06-15,6
EXC,Centro 4,Hybrid,2026-06-15,5
HAC,Centro 3,In-person,2026-06-15,5
LOG,Centro 3,In-person,2026-06-15,5
FOR,Centro 1,In-person,2026-06-15,4
GER,Centro 2,In-person,2026-06-15,4
HOT,Centro 3,In-person,2026-06-15,4
LOG,Centro 2,In-person,2026-06-15,4
PBI,Centro 2,Hybrid,2026-06-15,4
PYT,Centro 1,In-person,2026-06-15,4
SEG,Centro 3,In-person,2026-06-15,4
CYB,Centro 4,Hybrid,2026-06-15,3
EMP,Centro 1,In-person,2026-06-15,3
HCP,Centro 2,In-person,2026-06-15,3
ING,Centro 4,Hybrid,2026-06-15,3
PBI,Centro 5,Online,2026-06-15,3
PRI,Centro 2,Hybrid,2026-06-15,3
PYT,Centro 5,In-person,2026-06-15,3
SEG,Centro 5,Hybrid,2026-06-15,3
SST,Centro 5,Hybrid,2026-06-15,3
EXC,Centro 1,Online,2026-06-15,2
EXC,Centro 3,Hybrid,2026-06-15,2
FOR,Centro 3,Hybrid,2026-06-15,2
HCP,Centro 3,In-person,2026-06-15,2
LID,Centro 2,Hybrid,2026-06-15,2
PRO,Centro 4,Hybrid,2026-06-15,2
PYT,Centro 4,Hybrid,2026-06-15,2
EXC,Centro 2,Online,2026-06-15,1
GES,Centro 4,In-person,2026-06-15,1
HAC,Centro 3,Hybrid,2026-06-15,1
HAC,Centro 4,In-person,2026-06-15,1
HOT,Centro 2,In-person,2026-06-15,1
INF,Centro 4,In-person,2026-06-15,1
PBI,Centro 3,Online,2026-06-15,1
PRO,Centro 2,Online,2026-06-15,1
SCI,Centro 2,In-person,2026-06-15,1
SEG,Centro 2,Hybrid,2026-06-15,1
CYB,Centro 2,In-person,2026-06-22,38
MNT,Centro 3,In-person,2026-06-22,31
MNT,Centro 5,In-person,2026-06-22,29
TUR,Centro 4,Hybrid,2026-06-22,29
SST,Centro 1,Online,2026-06-22,26
SST,Centro 5,Online,2026-06-22,25
GER,Centro 2,In-person,2026-06-22,23
PBI,Centro 5,Hybrid,2026-06-22,23
CYB,Centro 2,Online,2026-06-22,22
GER,Centro 1,Hybrid,2026-06-22,22
HOT,Centro 2,In-person,2026-06-22,21
EXC,Centro 4,Hybrid,2026-06-22,18
HCP,Centro 1,Hybrid,2026-06-22,18
EXC,Centro 2,Hybrid,2026-06-22,17
LOG,Centro 1,Hybrid,2026-06-22,17
PBI,Centro 1,Hybrid,2026-06-22,17
TUR,Centro 3,Hybrid,2026-06-22,17
CYB,Centro 2,Hybrid,2026-06-22,16
HAC,Centro 4,In-person,2026-06-22,16
HOT,Centro 1,Hybrid,2026-06-22,15
HOT,Centro 3,In-person,2026-06-22,15
CYB,Centro 1,Online,2026-06-22,14
CYB,Centro 4,Online,2026-06-22,14
CYB,Centro 4,Hybrid,2026-06-22,14
EMP,Centro 5,In-person,2026-06-22,14
HCP,Centro 3,In-person,2026-06-22,14
LOG,Centro 2,In-person,2026-06-22,14
PRI,Centro 1,Hybrid,2026-06-22,14
SCI,Centro 4,Hybrid,2026-06-22,14
FOR,Centro 3,In-person,2026-06-22,13
HAC,Centro 5,In-person,2026-06-22,13
INF,Centro 3,In-person,2026-06-22,13
PRI,Centro 2,In-person,2026-06-22,13
HCP,Centro 4,Hybrid,2026-06-22,12
ING,Centro 2,Hybrid,2026-06-22,12
PRO,Centro 2,Hybrid,2026-06-22,12
EMP,Centro 4,In-person,2026-06-22,11
SCI,Centro 2,In-person,2026-06-22,11
EMP,Centro 1,In-person,2026-06-22,10
FOR,Centro 3,Online,2026-06-22,10
ING,Centro 3,In-person,2026-06-22,10
PBI,Centro 2,Online,2026-06-22,10
PRI,Centro 1,In-person,2026-06-22,10
SOC,Centro 3,In-person,2026-06-22,10
VND,Centro 1,Hybrid,2026-06-22,10
HAC,Centro 1,In-person,2026-06-22,9
LID,Centro 4,Hybrid,2026-06-22,9
EXC,Centro 3,Hybrid,2026-06-22,8
CYB,Centro 3,Online,2026-06-22,7
EXC,Centro 2,In-person,2026-06-22,7
EXC,Centro 3,In-person,2026-06-22,7
GES,Centro 1,In-person,2026-06-22,7
HAC,Centro 3,In-person,2026-06-22,7
LOG,Centro 2,Hybrid,2026-06-22,7
SOC,Centro 5,In-person,2026-06-22,7
EXC,Centro 4,Online,2026-06-22,6
HAC,Centro 5,Online,2026-06-22,6
HCP,Centro 1,In-person,2026-06-22,6
LID,Centro 4,Online,2026-06-22,6
LOG,Centro 5,In-person,2026-06-22,6
PBI,Centro 2,In-person,2026-06-22,6
SEG,Centro 3,In-person,2026-06-22,6
CYB,Centro 3,In-person,2026-06-22,5
EXC,Centro 2,Online,2026-06-22,5
INF,Centro 4,In-person,2026-06-22,5
LOG,Centro 4,Hybrid,2026-06-22,5
SCI,Centro 5,Hybrid,2026-06-22,5
SEG,Centro 1,In-person,2026-06-22,5
SST,Centro 4,In-person,2026-06-22,5
VND,Centro 5,Hybrid,2026-06-22,5
CYB,Centro 5,Online,2026-06-22,4
INF,Centro 1,Hybrid,2026-06-22,4
PBI,Centro 2,Hybrid,2026-06-22,4
SST,Centro 5,Hybrid,2026-06-22,4
VND,Centro 5,In-person,2026-06-22,4
HOT,Centro 3,Hybrid,2026-06-22,3
ING,Centro 2,Online,2026-06-22,3
ING,Centro 4,In-person,2026-06-22,3
LOG,Centro 3,Hybrid,2026-06-22,3
PBI,Centro 5,Online,2026-06-22,3
PRO,Centro 1,In-person,2026-06-22,3
PYT,Centro 5,Hybrid,2026-06-22,3
CYB,Centro 4,In-person,2026-06-22,2
EXC,Centro 1,Hybrid,2026-06-22,2
GES,Centro 1,Hybrid,2026-06-22,2
HAC,Centro 4,Online,2026-06-22,2
ING,Centro 2,In-person,2026-06-22,2
LID,Centro 2,Hybrid,2026-06-22,2
MNT,Centro 2,In-person,2026-06-22,2
PRO,Centro 2,Online,2026-06-22,2
PRO,Centro 4,Online,2026-06-22,2
PYT,Centro 2,Hybrid,2026-06-22,2
SCI,Centro 3,In-person,2026-06-22,2
SEG,Centro 1,Hybrid,2026-06-22,2
SST,Centro 2,In-person,2026-06-22,2
SST,Centro 3,In-person,2026-06-22,2
CYB,Centro 3,Hybrid,2026-06-22,1
FOR,Centro 1,Online,2026-06-22,1
GER,Centro 3,Hybrid,2026-06-22,1
GES,Centro 4,Online,2026-06-22,1
HAC,Centro 3,Hybrid,2026-06-22,1
HAC,Centro 4,Hybrid,2026-06-22,1
HCP,Centro 2,In-person,2026-06-22,1
HCP,Centro 4,In-person,2026-06-22,1
INF,Centro 2,In-person,2026-06-22,1
LOG,Centro 5,Hybrid,2026-06-22,1
MNT,Centro 1,In-person,2026-06-22,1
PBI,Centro 5,In-person,2026-06-22,1
PRO,Centro 4,Hybrid,2026-06-22,1
PRO,Centro 5,Online,2026-06-22,1
SCI,Centro 1,Hybrid,2026-06-22,1
SOC,Centro 2,In-person,2026-06-22,1
SOC,Centro 5,Hybrid,2026-06-22,1
SST,Centro 1,In-person,2026-06-22,1
VND,Centro 2,In-person,2026-06-22,1
CYB,Centro 4,In-person,2026-06-29,38
EXC,Centro 3,Hybrid,2026-06-29,37
PRO,Centro 4,Hybrid,2026-06-29,37
CYB,Centro 2,Online,2026-06-29,34
HOT,Centro 2,Hybrid,2026-06-29,30
EXC,Centro 2,Online,2026-06-29,28
INF,Centro 5,In-person,2026-06-29,25
LOG,Centro 5,In-person,2026-06-29,25
PRI,Centro 4,Hybrid,2026-06-29,25
GER,Centro 3,In-person,2026-06-29,24
PBI,Centro 4,Online,2026-06-29,24
EXC,Centro 4,Online,2026-06-29,22
PYT,Centro 3,Hybrid,2026-06-29,21
SST,Centro 5,Hybrid,2026-06-29,21
FOR,Centro 3,Online,2026-06-29,20
PBI,Centro 3,Online,2026-06-29,20
GER,Centro 3,Hybrid,2026-06-29,19
SST,Centro 2,Online,2026-06-29,19
PRO,Centro 2,Online,2026-06-29,18
EXC,Centro 3,In-person,2026-06-29,17
PBI,Centro 3,Hybrid,2026-06-29,17
SEG,Centro 2,In-person,2026-06-29,17
EXC,Centro 2,In-person,2026-06-29,16
LOG,Centro 3,In-person,2026-06-29,16
PRI,Centro 5,In-person,2026-06-29,16
INF,Centro 3,Hybrid,2026-06-29,15
LID,Centro 5,In-person,2026-06-29,15
SEG,Centro 5,Hybrid,2026-06-29,15
SST,Centro 3,In-person,2026-06-29,15
LID,Centro 3,Online,2026-06-29,14
MNT,Centro 2,In-person,2026-06-29,14
PYT,Centro 5,Hybrid,2026-06-29,14
VND,Centro 5,In-person,2026-06-29,14
PBI,Centro 1,Hybrid,2026-06-29,13
PRI,Centro 2,In-person,2026-06-29,13
EXC,Centro 5,Hybrid,2026-06-29,12
HCP,Centro 5,In-person,2026-06-29,12
MNT,Centro 5,In-person,2026-06-29,12
CYB,Centro 1,In-person,2026-06-29,11
GER,Centro 4,Hybrid,2026-06-29,11
ING,Centro 2,In-person,2026-06-29,11
PYT,Centro 3,Online,2026-06-29,11
PRI,Centro 4,In-person,2026-06-29,10
CYB,Centro 4,Hybrid,2026-06-29,9
GER,Centro 2,In-person,2026-06-29,9
SST,Centro 2,In-person,2026-06-29,9
VND,Centro 1,Hybrid,2026-06-29,9
CYB,Centro 2,In-person,2026-06-29,8
CYB,Centro 4,Online,2026-06-29,8
PBI,Centro 5,In-person,2026-06-29,8
SOC,Centro 4,Hybrid,2026-06-29,8
INF,Centro 4,In-person,2026-06-29,7
ING,Centro 5,Hybrid,2026-06-29,7
HAC,Centro 1,In-person,2026-06-29,6
HCP,Centro 1,Hybrid,2026-06-29,6
HOT,Centro 1,Hybrid,2026-06-29,6
ING,Centro 4,In-person,2026-06-29,6
MNT,Centro 3,In-person,2026-06-29,6
PRI,Centro 3,In-person,2026-06-29,6
SEG,Centro 1,Hybrid,2026-06-29,6
TUR,Centro 3,Hybrid,2026-06-29,6
EMP,Centro 1,In-person,2026-06-29,5
EMP,Centro 4,In-person,2026-06-29,5
FOR,Centro 3,In-person,2026-06-29,5
HAC,Centro 3,In-person,2026-06-29,5
INF,Centro 2,In-person,2026-06-29,5
LID,Centro 1,Online,2026-06-29,5
LID,Centro 4,Online,2026-06-29,5
LOG,Centro 3,Hybrid,2026-06-29,5
SCI,Centro 1,In-person,2026-06-29,5
CYB,Centro 5,In-person,2026-06-29,4
HAC,Centro 4,In-person,2026-06-29,4
HCP,Centro 4,Hybrid,2026-06-29,4
ING,Centro 4,Online,2026-06-29,4
PBI,Centro 3,In-person,2026-06-29,4
SST,Centro 1,Online,2026-06-29,4
SST,Centro 4,In-person,2026-06-29,4
EXC,Centro 3,Online,2026-06-29,3
FOR,Centro 1,Online,2026-06-29,3
GES,Centro 5,In-person,2026-06-29,3
HAC,Centro 5,In-person,2026-06-29,3
INF,Centro 1,Hybrid,2026-06-29,3
INF,Centro 3,In-person,2026-06-29,3
SCI,Centro 2,In-person,2026-06-29,3
SEG,Centro 5,In-person,2026-06-29,3
CYB,Centro 5,Hybrid,2026-06-29,2
EXC,Centro 2,Hybrid,2026-06-29,2
FOR,Centro 4,Online,2026-06-29,2
LID,Centro 1,Hybrid,2026-06-29,2
LOG,Centro 1,In-person,2026-06-29,2
PBI,Centro 2,Hybrid,2026-06-29,2
PRI,Centro 1,Hybrid,2026-06-29,2
PYT,Centro 1,Online,2026-06-29,2
SOC,Centro 5,Hybrid,2026-06-29,2
SST,Centro 5,Online,2026-06-29,2
CYB,Centro 5,Online,2026-06-29,1
EMP,Centro 5,In-person,2026-06-29,1
EXC,Centro 1,Hybrid,2026-06-29,1
GES,Centro 1,Hybrid,2026-06-29,1
HAC,Centro 4,Hybrid,2026-06-29,1
HOT,Centro 2,In-person,2026-06-29,1
INF,Centro 2,Hybrid,2026-06-29,1
LID,Centro 3,Hybrid,2026-06-29,1
LOG,Centro 2,In-person,2026-06-29,1
MNT,Centro 1,In-person,2026-06-29,1
PYT,Centro 1,Hybrid,2026-06-29,1
PYT,Centro 1,In-person,2026-06-29,1
SCI,Centro 1,Hybrid,2026-06-29,1
SCI,Centro 3,In-person,2026-06-29,1
SEG,Centro 3,In-person,2026-06-29,1
SEG,Centro 4,In-person,2026-06-29,1
SOC,Centro 2,In-person,2026-06-29,1
SOC,Centro 5,In-person,2026-06-29,1
TUR,Centro 1,Hybrid,2026-06-29,1
TUR,Centro 4,Hybrid,2026-06-29,1
VND,Centro 2,In-person,2026-06-29,1
PBI,Centro 2,Hybrid,2026-07-06,51
PYT,Centro 3,Online,2026-07-06,41
EXC,Centro 4,Online,2026-07-06,38
LID,Centro 4,Online,2026-07-06,38
CYB,Centro 5,Online,2026-07-06,36
HAC,Centro 5,Hybrid,2026-07-06,31
LID,Centro 1,Online,2026-07-06,28
LOG,Centro 4,Hybrid,2026-07-06,24
SCI,Centro 1,In-person,2026-07-06,24
PRO,Centro 2,Online,2026-07-06,22
INF,Centro 5,In-person,2026-07-06,21
PRI,Centro 3,In-person,2026-07-06,21
SCI,Centro 2,In-person,2026-07-06,21
GES,Centro 1,Hybrid,2026-07-06,20
PBI,Centro 4,Online,2026-07-06,20
SOC,Centro 1,Hybrid,2026-07-06,20
ING,Centro 5,Hybrid,2026-07-06,19
SST,Centro 1,Online,2026-07-06,19
HOT,Centro 2,Hybrid,2026-07-06,18
SOC,Centro 4,Hybrid,2026-07-06,17
GES,Centro 4,In-person,2026-07-06,16
HAC,Centro 3,In-person,2026-07-06,16
LID,Centro 4,In-person,2026-07-06,16
TUR,Centro 1,Hybrid,2026-07-06,14
HCP,Centro 1,Hybrid,2026-07-06,13
VND,Centro 2,In-person,2026-07-06,13
CYB,Centro 1,Online,2026-07-06,12
EMP,Centro 1,In-person,2026-07-06,12
EXC,Centro 2,Online,2026-07-06,11
PBI,Centro 5,Online,2026-07-06,11
TUR,Centro 3,In-person,2026-07-06,11
LOG,Centro 2,Hybrid,2026-07-06,10
SST,Centro 1,In-person,2026-07-06,10
EXC,Centro 1,Online,2026-07-06,9
INF,Centro 4,In-person,2026-07-06,9
LOG,Centro 5,In-person,2026-07-06,9
PRO,Centro 4,Online,2026-07-06,9
GES,Centro 3,Online,2026-07-06,8
HCP,Centro 5,In-person,2026-07-06,8
LOG,Centro 2,In-person,2026-07-06,8
MNT,Centro 2,In-person,2026-07-06,8
PBI,Centro 1,Online,2026-07-06,8
PRI,Centro 4,Hybrid,2026-07-06,8
PRI,Centro 5,In-person,2026-07-06,8
EMP,Centro 5,In-person,2026-07-06,7
HOT,Centro 5,In-person,2026-07-06,7
MNT,Centro 4,In-person,2026-07-06,7
PBI,Centro 4,In-person,2026-07-06,7
PRO,Centro 4,Hybrid,2026-07-06,7
PYT,Centro 5,Online,2026-07-06,7
SEG,Centro 5,Hybrid,2026-07-06,7
VND,Centro 2,Hybrid,2026-07-06,7
CYB,Centro 1,Hybrid,2026-07-06,6
EMP,Centro 4,In-person,2026-07-06,6
GER,Centro 3,Hybrid,2026-07-06,6
PRI,Centro 5,Hybrid,2026-07-06,6
CYB,Centro 2,In-person,2026-07-06,5
EMP,Centro 3,In-person,2026-07-06,5
HCP,Centro 4,In-person,2026-07-06,5
TUR,Centro 5,In-person,2026-07-06,5
CYB,Centro 4,Hybrid,2026-07-06,4
EXC,Centro 2,In-person,2026-07-06,4
INF,Centro 2,In-person,2026-07-06,4
PBI,Centro 1,Hybrid,2026-07-06,4
PRI,Centro 2,In-person,2026-07-06,4
PYT,Centro 1,Hybrid,2026-07-06,4
SOC,Centro 5,Hybrid,2026-07-06,4
EXC,Centro 3,Hybrid,2026-07-06,3
GER,Centro 3,In-person,2026-07-06,3
ING,Centro 2,In-person,2026-07-06,3
MNT,Centro 3,In-person,2026-07-06,3
MNT,Centro 5,In-person,2026-07-06,3
PYT,Centro 1,In-person,2026-07-06,3
PYT,Centro 2,In-person,2026-07-06,3
HCP,Centro 3,In-person,2026-07-06,2
LID,Centro 1,Hybrid,2026-07-06,2
LID,Centro 3,Hybrid,2026-07-06,2
PYT,Centro 2,Online,2026-07-06,2
SEG,Centro 3,In-person,2026-07-06,2
SST,Centro 3,Hybrid,2026-07-06,2
SST,Centro 3,In-person,2026-07-06,2
CYB,Centro 4,Online,2026-07-06,1
EXC,Centro 1,Hybrid,2026-07-06,1
HAC,Centro 5,In-person,2026-07-06,1
ING,Centro 1,Hybrid,2026-07-06,1
ING,Centro 3,In-person,2026-07-06,1
ING,Centro 4,Hybrid,2026-07-06,1
PBI,Centro 3,Online,2026-07-06,1
PYT,Centro 1,Online,2026-07-06,1
SCI,Centro 5,Hybrid,2026-07-06,1
SEG,Centro 2,Hybrid,2026-07-06,1
TUR,Centro 2,In-person,2026-07-06,1
CYB,Centro 4,Online,2026-07-13,43
SST,Centro 1,In-person,2026-07-13,36
CYB,Centro 1,Online,2026-07-13,28
SEG,Centro 3,In-person,2026-07-13,28
PYT,Centro 1,Hybrid,2026-07-13,26
PRO,Centro 2,Online,2026-07-13,25
PBI,Centro 1,Hybrid,2026-07-13,24
CYB,Centro 2,Hybrid,2026-07-13,23
INF,Centro 3,Hybrid,2026-07-13,23
LOG,Centro 1,In-person,2026-07-13,23
PYT,Centro 5,Hybrid,2026-07-13,23
SOC,Centro 1,Hybrid,2026-07-13,23
HOT,Centro 2,Hybrid,2026-07-13,21
HCP,Centro 4,In-person,2026-07-13,20
PBI,Centro 4,Online,2026-07-13,20
SEG,Centro 5,Hybrid,2026-07-13,19
PBI,Centro 5,Hybrid,2026-07-13,18
PYT,Centro 2,In-person,2026-07-13,18
INF,Centro 5,In-person,2026-07-13,17
PRO,Centro 4,Online,2026-07-13,17
MNT,Centro 5,In-person,2026-07-13,16
PBI,Centro 2,Hybrid,2026-07-13,16
HCP,Centro 2,Hybrid,2026-07-13,14
PBI,Centro 3,In-person,2026-07-13,14
TUR,Centro 2,In-person,2026-07-13,14
FOR,Centro 2,In-person,2026-07-13,13
LOG,Centro 3,Hybrid,2026-07-13,13
PRI,Centro 1,Hybrid,2026-07-13,13
PYT,Centro 2,Online,2026-07-13,13
HAC,Centro 4,Online,2026-07-13,12
SOC,Centro 2,In-person,2026-07-13,12
HOT,Centro 2,In-person,2026-07-13,11
LOG,Centro 4,Hybrid,2026-07-13,11
SEG,Centro 1,In-person,2026-07-13,11
SEG,Centro 4,In-person,2026-07-13,11
CYB,Centro 3,Hybrid,2026-07-13,10
EXC,Centro 2,Online,2026-07-13,10
PRO,Centro 1,Hybrid,2026-07-13,10
GES,Centro 4,In-person,2026-07-13,9
MNT,Centro 4,In-person,2026-07-13,9
SST,Centro 4,Hybrid,2026-07-13,9
VND,Centro 2,Hybrid,2026-07-13,9
CYB,Centro 3,In-person,2026-07-13,8
HAC,Centro 3,In-person,2026-07-13,8
MNT,Centro 2,In-person,2026-07-13,8
PRI,Centro 5,Hybrid,2026-07-13,8
PYT,Centro 3,Hybrid,2026-07-13,8
SOC,Centro 3,In-person,2026-07-13,8
CYB,Centro 2,Online,2026-07-13,7
EXC,Centro 4,Online,2026-07-13,7
HCP,Centro 1,In-person,2026-07-13,7
SEG,Centro 3,Hybrid,2026-07-13,7
SST,Centro 4,In-person,2026-07-13,7
EXC,Centro 3,Online,2026-07-13,6
FOR,Centro 3,In-person,2026-07-13,6
INF,Centro 3,In-person,2026-07-13,6
SST,Centro 2,In-person,2026-07-13,6
VND,Centro 5,Hybrid,2026-07-13,6
GER,Centro 3,Hybrid,2026-07-13,5
GER,Centro 5,In-person,2026-07-13,5
PRI,Centro 3,In-person,2026-07-13,5
TUR,Centro 3,In-person,2026-07-13,5
EXC,Centro 1,Online,2026-07-13,4
EXC,Centro 3,In-person,2026-07-13,4
CYB,Centro 1,In-person,2026-07-13,3
CYB,Centro 4,Hybrid,2026-07-13,3
EMP,Centro 3,In-person,2026-07-13,3
GES,Centro 5,Online,2026-07-13,3
ING,Centro 4,Hybrid,2026-07-13,3
LID,Centro 5,In-person,2026-07-13,3
PRI,Centro 5,In-person,2026-07-13,3
SCI,Centro 3,In-person,2026-07-13,3
CYB,Centro 3,Online,2026-07-13,2
FOR,Centro 5,Online,2026-07-13,2
GER,Centro 2,In-person,2026-07-13,2
HAC,Centro 4,Hybrid,2026-07-13,2
INF,Centro 1,Hybrid,2026-07-13,2
INF,Centro 2,In-person,2026-07-13,2
ING,Centro 5,Online,2026-07-13,2
PBI,Centro 2,Online,2026-07-13,2
PBI,Centro 3,Online,2026-07-13,2
PYT,Centro 1,Online,2026-07-13,2
PYT,Centro 1,In-person,2026-07-13,2
SEG,Centro 2,Hybrid,2026-07-13,2
VND,Centro 1,Hybrid,2026-07-13,2
CYB,Centro 1,Hybrid,2026-07-13,1
EXC,Centro 5,Online,2026-07-13,1
GES,Centro 3,Online,2026-07-13,1
GES,Centro 5,In-person,2026-07-13,1
HAC,Centro 5,Hybrid,2026-07-13,1
HCP,Centro 2,In-person,2026-07-13,1
INF,Centro 4,In-person,2026-07-13,1
LOG,Centro 5,In-person,2026-07-13,1
PRI,Centro 4,In-person,2026-07-13,1
PRO,Centro 1,Online,2026-07-13,1
SCI,Centro 1,Hybrid,2026-07-13,1
SEG,Centro 5,Online,2026-07-13,1
SOC,Centro 5,Hybrid,2026-07-13,1
VND,Centro 4,Hybrid,2026-07-13,1
PRI,Centro 2,In-person,2026-07-20,35
SEG,Centro 3,Online,2026-07-20,31
PRI,Centro 1,In-person,2026-07-20,30
PYT,Centro 3,Online,2026-07-20,27
VND,Centro 4,Hybrid,2026-07-20,26
CYB,Centro 4,Hybrid,2026-07-20,25
CYB,Centro 3,In-person,2026-07-20,24
CYB,Centro 1,Hybrid,2026-07-20,23
CYB,Centro 4,Online,2026-07-20,23
EXC,Centro 3,Online,2026-07-20,23
PRI,Centro 3,Hybrid,2026-07-20,23
SST,Centro 4,In-person,2026-07-20,23
EXC,Centro 3,Hybrid,2026-07-20,22
GER,Centro 3,Hybrid,2026-07-20,22
SOC,Centro 5,Hybrid,2026-07-20,22
VND,Centro 1,Hybrid,2026-07-20,21
EXC,Centro 1,Online,2026-07-20,19
PRI,Centro 4,Hybrid,2026-07-20,19
CYB,Centro 3,Online,2026-07-20,18
MNT,Centro 1,In-person,2026-07-20,18
PBI,Centro 5,In-person,2026-07-20,17
PYT,Centro 1,Hybrid,2026-07-20,17
SEG,Centro 1,Hybrid,2026-07-20,17
ING,Centro 3,In-person,2026-07-20,16
MNT,Centro 4,In-person,2026-07-20,16
PBI,Centro 2,Online,2026-07-20,16
HOT,Centro 5,In-person,2026-07-20,15
EXC,Centro 3,In-person,2026-07-20,14
VND,Centro 1,Online,2026-07-20,13
GER,Centro 5,Hybrid,2026-07-20,12
INF,Centro 5,Hybrid,2026-07-20,11
LID,Centro 4,Online,2026-07-20,11
SCI,Centro 1,In-person,2026-07-20,11
EXC,Centro 5,Hybrid,2026-07-20,10
LOG,Centro 5,In-person,2026-07-20,10
FOR,Centro 3,Online,2026-07-20,9
HAC,Centro 4,Online,2026-07-20,9
MNT,Centro 2,In-person,2026-07-20,9
SCI,Centro 3,In-person,2026-07-20,9
EXC,Centro 4,Hybrid,2026-07-20,8
GES,Centro 3,Online,2026-07-20,8
GES,Centro 4,In-person,2026-07-20,8
MNT,Centro 5,In-person,2026-07-20,7
TUR,Centro 5,In-person,2026-07-20,7
EXC,Centro 5,In-person,2026-07-20,6
FOR,Centro 2,Hybrid,2026-07-20,6
HOT,Centro 5,Hybrid,2026-07-20,6
LID,Centro 5,In-person,2026-07-20,6
PBI,Centro 4,In-person,2026-07-20,6
SEG,Centro 1,In-person,2026-07-20,6
SST,Centro 1,In-person,2026-07-20,6
VND,Centro 5,In-person,2026-07-20,6
GES,Centro 5,Hybrid,2026-07-20,5
HAC,Centro 5,Online,2026-07-20,5
HCP,Centro 1,Hybrid,2026-07-20,5
INF,Centro 2,In-person,2026-07-20,5
INF,Centro 5,In-person,2026-07-20,5
MNT,Centro 3,In-person,2026-07-20,5
PBI,Centro 3,Hybrid,2026-07-20,5
PRI,Centro 5,Hybrid,2026-07-20,5
PYT,Centro 2,In-person,2026-07-20,5
SEG,Centro 3,In-person,2026-07-20,5
HOT,Centro 2,In-person,2026-07-20,4
INF,Centro 4,In-person,2026-07-20,4
PBI,Centro 3,Online,2026-07-20,4
CYB,Centro 2,Hybrid,2026-07-20,3
EXC,Centro 1,Hybrid,2026-07-20,3
FOR,Centro 3,In-person,2026-07-20,3
GER,Centro 2,In-person,2026-07-20,3
GES,Centro 1,Hybrid,2026-07-20,3
PBI,Centro 3,In-person,2026-07-20,3
PBI,Centro 5,Online,2026-07-20,3
PRI,Centro 5,In-person,2026-07-20,3
PRO,Centro 1,In-person,2026-07-20,3
SCI,Centro 4,In-person,2026-07-20,3
SEG,Centro 5,Hybrid,2026-07-20,3
SST,Centro 2,Online,2026-07-20,3
EMP,Centro 1,In-person,2026-07-20,2
HAC,Centro 1,Hybrid,2026-07-20,2
ING,Centro 1,Hybrid,2026-07-20,2
LOG,Centro 1,In-person,2026-07-20,2
LOG,Centro 2,In-person,2026-07-20,2
PBI,Centro 2,Hybrid,2026-07-20,2
PRO,Centro 1,Online,2026-07-20,2
PRO,Centro 4,Online,2026-07-20,2
CYB,Centro 1,In-person,2026-07-20,1
CYB,Centro 4,In-person,2026-07-20,1
EMP,Centro 2,In-person,2026-07-20,1
EXC,Centro 4,Online,2026-07-20,1
EXC,Centro 5,Online,2026-07-20,1
FOR,Centro 3,Hybrid,2026-07-20,1
GER,Centro 3,In-person,2026-07-20,1
GES,Centro 4,Online,2026-07-20,1
HAC,Centro 2,In-person,2026-07-20,1
INF,Centro 3,Hybrid,2026-07-20,1
PBI,Centro 5,Hybrid,2026-07-20,1
PRI,Centro 3,In-person,2026-07-20,1
PRO,Centro 1,Hybrid,2026-07-20,1
PRO,Centro 2,Online,2026-07-20,1
PRO,Centro 5,Hybrid,2026-07-20,1
SCI,Centro 5,Hybrid,2026-07-20,1
SEG,Centro 2,Hybrid,2026-07-20,1
SOC,Centro 1,Hybrid,2026-07-20,1
VND,Centro 2,In-person,2026-07-20,1
VND,Centro 3,Hybrid,2026-07-20,1
FOR,Centro 3,Online,2026-07-27,54
EXC,Centro 4,Online,2026-07-27,35
LOG,Centro 4,Hybrid,2026-07-27,35
EXC,Centro 5,Online,2026-07-27,34
LOG,Centro 5,In-person,2026-07-27,30
HOT,Centro 2,Hybrid,2026-07-27,29
VND,Centro 5,Hybrid,2026-07-27,29
MNT,Centro 1,In-person,2026-07-27,27
SEG,Centro 5,Online,2026-07-27,26
SEG,Centro 5,Hybrid,2026-07-27,26
GES,Centro 1,Online,2026-07-27,25
LID,Centro 5,In-person,2026-07-27,23
SEG,Centro 1,In-person,2026-07-27,23
LID,Centro 2,Online,2026-07-27,21
PBI,Centro 2,Online,2026-07-27,21
CYB,Centro 1,Online,2026-07-27,19
CYB,Centro 2,Online,2026-07-27,19
LOG,Centro 2,In-person,2026-07-27,19
LOG,Centro 3,Hybrid,2026-07-27,19
SOC,Centro 5,Hybrid,2026-07-27,19
PYT,Centro 2,Online,2026-07-27,18
SEG,Centro 3,Online,2026-07-27,18
SCI,Centro 1,In-person,2026-07-27,17
EXC,Centro 1,Online,2026-07-27,16
PBI,Centro 2,Hybrid,2026-07-27,16
SOC,Centro 5,In-person,2026-07-27,16
SST,Centro 2,Online,2026-07-27,16
GES,Centro 4,In-person,2026-07-27,15
HAC,Centro 5,Online,2026-07-27,15
PBI,Centro 1,Hybrid,2026-07-27,15
SCI,Centro 2,In-person,2026-07-27,15
SEG,Centro 2,Hybrid,2026-07-27,15
CYB,Centro 2,In-person,2026-07-27,14
ING,Centro 4,Hybrid,2026-07-27,14
MNT,Centro 3,In-person,2026-07-27,14
PRI,Centro 1,In-person,2026-07-27,14
CYB,Centro 4,Online,2026-07-27,13
HOT,Centro 5,In-person,2026-07-27,13
MNT,Centro 5,In-person,2026-07-27,13
EXC,Centro 4,In-person,2026-07-27,12
GER,Centro 3,Hybrid,2026-07-27,12
INF,Centro 5,In-person,2026-07-27,12
SOC,Centro 2,In-person,2026-07-27,12
INF,Centro 2,In-person,2026-07-27,11
LOG,Centro 5,Hybrid,2026-07-27,11
PRI,Centro 1,Hybrid,2026-07-27,11
SEG,Centro 2,In-person,2026-07-27,11
EXC,Centro 1,Hybrid,2026-07-27,10
GES,Centro 5,Hybrid,2026-07-27,10
SEG,Centro 4,In-person,2026-07-27,10
PBI,Centro 4,Online,2026-07-27,9
EMP,Centro 3,In-person,2026-07-27,8
EXC,Centro 3,In-person,2026-07-27,8
HAC,Centro 1,In-person,2026-07-27,8
LOG,Centro 1,In-person,2026-07-27,8
PRI,Centro 4,Hybrid,2026-07-27,8
PYT,Centro 4,Online,2026-07-27,8
SCI,Centro 5,Hybrid,2026-07-27,8
VND,Centro 2,In-person,2026-07-27,8
GES,Centro 1,Hybrid,2026-07-27,7
PBI,Centro 3,In-person,2026-07-27,7
SST,Centro 1,In-person,2026-07-27,7
INF,Centro 1,Hybrid,2026-07-27,6
LID,Centro 2,In-person,2026-07-27,6
PRO,Centro 1,In-person,2026-07-27,6
HCP,Centro 1,In-person,2026-07-27,5
SEG,Centro 3,Hybrid,2026-07-27,5
VND,Centro 3,Hybrid,2026-07-27,5
CYB,Centro 1,In-person,2026-07-27,4
EXC,Centro 3,Online,2026-07-27,4
HCP,Centro 2,In-person,2026-07-27,4
INF,Centro 3,In-person,2026-07-27,4
PRI,Centro 2,In-person,2026-07-27,4
TUR,Centro 5,In-person,2026-07-27,4
CYB,Centro 4,Hybrid,2026-07-27,3
FOR,Centro 4,Hybrid,2026-07-27,3
ING,Centro 5,Online,2026-07-27,3
PYT,Centro 5,Hybrid,2026-07-27,3
SST,Centro 3,Hybrid,2026-07-27,3
EMP,Centro 2,In-person,2026-07-27,2
GER,Centro 4,In-person,2026-07-27,2
ING,Centro 2,Online,2026-07-27,2
PRO,Centro 2,Hybrid,2026-07-27,2
PRO,Centro 4,Online,2026-07-27,2
PRO,Centro 4,In-person,2026-07-27,2
SCI,Centro 1,Hybrid,2026-07-27,2
CYB,Centro 1,Hybrid,2026-07-27,1
CYB,Centro 3,Online,2026-07-27,1
CYB,Centro 4,In-person,2026-07-27,1
EXC,Centro 2,Hybrid,2026-07-27,1
EXC,Centro 2,In-person,2026-07-27,1
EXC,Centro 3,Hybrid,2026-07-27,1
FOR,Centro 4,In-person,2026-07-27,1
GER,Centro 2,Hybrid,2026-07-27,1
GER,Centro 3,In-person,2026-07-27,1
GER,Centro 5,Hybrid,2026-07-27,1
GES,Centro 2,Online,2026-07-27,1
INF,Centro 4,In-person,2026-07-27,1
INF,Centro 5,Hybrid,2026-07-27,1
ING,Centro 1,Hybrid,2026-07-27,1
MNT,Centro 2,In-person,2026-07-27,1
MNT,Centro 4,In-person,2026-07-27,1
PRI,Centro 3,In-person,2026-07-27,1
PRI,Centro 5,In-person,2026-07-27,1
PRO,Centro 2,Online,2026-07-27,1
PYT,Centro 2,In-person,2026-07-27,1
SOC,Centro 3,In-person,2026-07-27,1
TUR,Centro 3,In-person,2026-07-27,1
TUR,Centro 4,In-person,2026-07-27,1
VND,Centro 2,Hybrid,2026-07-27,1
VND,Centro 5,Online,2026-07-27,1
LOG,Centro 5,In-person,2026-08-03,49
HAC,Centro 1,Hybrid,2026-08-03,33
PBI,Centro 4,Online,2026-08-03,32
SOC,Centro 3,Hybrid,2026-08-03,32
EXC,Centro 2,Online,2026-08-03,31
PBI,Centro 2,Hybrid,2026-08-03,31
CYB,Centro 5,In-person,2026-08-03,30
LOG,Centro 2,In-person,2026-08-03,30
VND,Centro 2,Hybrid,2026-08-03,28
GES,Centro 5,Online,2026-08-03,27
GES,Centro 5,Hybrid,2026-08-03,27
ING,Centro 4,Online,2026-08-03,27
CYB,Centro 3,Online,2026-08-03,26
ING,Centro 1,Online,2026-08-03,26
PRI,Centro 1,In-person,2026-08-03,26
SST,Centro 2,Hybrid,2026-08-03,26
MNT,Centro 5,In-person,2026-08-03,24
PRO,Centro 3,Hybrid,2026-08-03,24
PYT,Centro 2,In-person,2026-08-03,24
EXC,Centro 1,Hybrid,2026-08-03,22
LID,Centro 2,Online,2026-08-03,22
CYB,Centro 1,Hybrid,2026-08-03,21
GER,Centro 3,In-person,2026-08-03,21
HAC,Centro 5,Online,2026-08-03,21
MNT,Centro 3,In-person,2026-08-03,21
GER,Centro 3,Hybrid,2026-08-03,20
HCP,Centro 2,In-person,2026-08-03,20
ING,Centro 4,Hybrid,2026-08-03,19
FOR,Centro 2,Hybrid,2026-08-03,18
GES,Centro 3,Online,2026-08-03,18
LOG,Centro 1,In-person,2026-08-03,18
PBI,Centro 5,Hybrid,2026-08-03,18
TUR,Centro 5,Hybrid,2026-08-03,18
CYB,Centro 4,Hybrid,2026-08-03,17
SST,Centro 3,Hybrid,2026-08-03,17
EXC,Centro 4,Hybrid,2026-08-03,16
SOC,Centro 5,Hybrid,2026-08-03,16
VND,Centro 2,In-person,2026-08-03,16
GES,Centro 4,Online,2026-08-03,15
LOG,Centro 4,In-person,2026-08-03,15
HAC,Centro 5,Hybrid,2026-08-03,14
SCI,Centro 1,Hybrid,2026-08-03,14
EMP,Centro 1,In-person,2026-08-03,13
ING,Centro 3,In-person,2026-08-03,13
LID,Centro 1,In-person,2026-08-03,13
PRI,Centro 2,Hybrid,2026-08-03,13
PRO,Centro 3,Online,2026-08-03,13
EMP,Centro 2,In-person,2026-08-03,12
FOR,Centro 4,In-person,2026-08-03,12
HOT,Centro 3,Hybrid,2026-08-03,12
SEG,Centro 1,In-person,2026-08-03,12
EMP,Centro 3,In-person,2026-08-03,11
EXC,Centro 3,Hybrid,2026-08-03,11
FOR,Centro 1,Hybrid,2026-08-03,11
PYT,Centro 3,Online,2026-08-03,11
VND,Centro 5,In-person,2026-08-03,11
CYB,Centro 1,Online,2026-08-03,9
SOC,Centro 1,Hybrid,2026-08-03,9
GER,Centro 2,In-person,2026-08-03,8
HOT,Centro 2,In-person,2026-08-03,8
LOG,Centro 4,Hybrid,2026-08-03,8
PBI,Centro 2,Online,2026-08-03,8
PYT,Centro 4,Hybrid,2026-08-03,8
FOR,Centro 3,In-person,2026-08-03,7
ING,Centro 2,Hybrid,2026-08-03,6
PBI,Centro 2,In-person,2026-08-03,6
PRI,Centro 4,In-person,2026-08-03,6
PRO,Centro 3,In-person,2026-08-03,6
SCI,Centro 4,In-person,2026-08-03,6
VND,Centro 1,Online,2026-08-03,6
VND,Centro 4,Hybrid,2026-08-03,6
EXC,Centro 4,Online,2026-08-03,5
INF,Centro 5,Hybrid,2026-08-03,5
SST,Centro 5,Hybrid,2026-08-03,5
TUR,Centro 5,In-person,2026-08-03,5
INF,Centro 3,In-person,2026-08-03,4
PBI,Centro 5,In-person,2026-08-03,4
PRI,Centro 5,Hybrid,2026-08-03,4
PYT,Centro 4,Online,2026-08-03,4
SST,Centro 4,In-person,2026-08-03,4
VND,Centro 5,Hybrid,2026-08-03,4
CYB,Centro 1,In-person,2026-08-03,3
GES,Centro 1,Hybrid,2026-08-03,3
HCP,Centro 3,In-person,2026-08-03,3
ING,Centro 1,Hybrid,2026-08-03,3
ING,Centro 1,In-person,2026-08-03,3
PBI,Centro 3,In-person,2026-08-03,3
SCI,Centro 1,In-person,2026-08-03,3
SEG,Centro 2,In-person,2026-08-03,3
SEG,Centro 4,In-person,2026-08-03,3
SEG,Centro 5,In-person,2026-08-03,3
SST,Centro 1,Hybrid,2026-08-03,3
EXC,Centro 2,In-person,2026-08-03,2
HAC,Centro 4,In-person,2026-08-03,2
HCP,Centro 2,Hybrid,2026-08-03,2
HOT,Centro 5,Hybrid,2026-08-03,2
HOT,Centro 5,In-person,2026-08-03,2
INF,Centro 4,Hybrid,2026-08-03,2
LOG,Centro 5,Hybrid,2026-08-03,2
MNT,Centro 1,In-person,2026-08-03,2
SCI,Centro 3,Hybrid,2026-08-03,2
SEG,Centro 5,Online,2026-08-03,2
SST,Centro 4,Online,2026-08-03,2
SST,Centro 5,In-person,2026-08-03,2
TUR,Centro 3,In-person,2026-08-03,2
CYB,Centro 3,In-person,2026-08-03,1
EXC,Centro 3,In-person,2026-08-03,1
EXC,Centro 4,In-person,2026-08-03,1
EXC,Centro 5,Online,2026-08-03,1
GER,Centro 5,Hybrid,2026-08-03,1
GES,Centro 5,In-person,2026-08-03,1
INF,Centro 2,In-person,2026-08-03,1
INF,Centro 4,In-person,2026-08-03,1
INF,Centro 5,In-person,2026-08-03,1
ING,Centro 3,Online,2026-08-03,1
LOG,Centro 3,In-person,2026-08-03,1
MNT,Centro 4,In-person,2026-08-03,1
PBI,Centro 3,Hybrid,2026-08-03,1
PBI,Centro 4,In-person,2026-08-03,1
PYT,Centro 1,In-person,2026-08-03,1
SCI,Centro 5,In-person,2026-08-03,1
TUR,Centro 2,Hybrid,2026-08-03,1
TUR,Centro 3,Hybrid,2026-08-03,1
VND,Centro 2,Online,2026-08-03,1
VND,Centro 2,In-person,2026-08-10,49
LOG,Centro 1,In-person,2026-08-10,36
MNT,Centro 1,In-person,2026-08-10,36
PRI,Centro 2,In-person,2026-08-10,36
VND,Centro 5,In-person,2026-08-10,36
EXC,Centro 2,In-person,2026-08-10,33
PBI,Centro 2,Hybrid,2026-08-10,32
PRI,Centro 4,In-person,2026-08-10,29
INF,Centro 4,In-person,2026-08-10,27
LID,Centro 5,Online,2026-08-10,27
PBI,Centro 4,Online,2026-08-10,27
SEG,Centro 1,In-person,2026-08-10,26
LOG,Centro 2,In-person,2026-08-10,23
SST,Centro 1,Hybrid,2026-08-10,23
CYB,Centro 4,Hybrid,2026-08-10,22
SCI,Centro 1,Hybrid,2026-08-10,22
CYB,Centro 3,In-person,2026-08-10,21
EXC,Centro 2,Hybrid,2026-08-10,21
FOR,Centro 5,Hybrid,2026-08-10,21
HOT,Centro 4,Hybrid,2026-08-10,21
PRI,Centro 1,Hybrid,2026-08-10,21
SEG,Centro 5,Online,2026-08-10,21
GER,Centro 3,In-person,2026-08-10,20
GES,Centro 4,Hybrid,2026-08-10,20
EMP,Centro 2,In-person,2026-08-10,19
PRO,Centro 1,Hybrid,2026-08-10,19
TUR,Centro 4,In-person,2026-08-10,19
CYB,Centro 5,Hybrid,2026-08-10,18
HOT,Centro 2,In-person,2026-08-10,18
PBI,Centro 1,Online,2026-08-10,18
HCP,Centro 3,In-person,2026-08-10,17
ING,Centro 4,In-person,2026-08-10,17
LOG,Centro 3,In-person,2026-08-10,17
MNT,Centro 2,In-person,2026-08-10,17
PBI,Centro 3,Online,2026-08-10,17
SCI,Centro 1,In-person,2026-08-10,17
SEG,Centro 4,In-person,2026-08-10,17
CYB,Centro 2,Online,2026-08-10,16
GER,Centro 1,In-person,2026-08-10,16
HCP,Centro 2,In-person,2026-08-10,16
MNT,Centro 5,In-person,2026-08-10,16
PBI,Centro 5,In-person,2026-08-10,16
PRO,Centro 4,Online,2026-08-10,16
HCP,Centro 5,In-person,2026-08-10,15
ING,Centro 1,In-person,2026-08-10,15
LID,Centro 2,In-person,2026-08-10,15
TUR,Centro 3,Hybrid,2026-08-10,15
FOR,Centro 3,In-person,2026-08-10,14
HAC,Centro 5,Hybrid,2026-08-10,14
LOG,Centro 3,Hybrid,2026-08-10,14
SST,Centro 1,In-person,2026-08-10,14
VND,Centro 1,Online,2026-08-10,14
FOR,Centro 4,Hybrid,2026-08-10,13
INF,Centro 5,Hybrid,2026-08-10,13
SEG,Centro 4,Hybrid,2026-08-10,13
VND,Centro 5,Hybrid,2026-08-10,13
EXC,Centro 1,Hybrid,2026-08-10,12
MNT,Centro 3,In-person,2026-08-10,12
PRO,Centro 2,Hybrid,2026-08-10,12
PRO,Centro 2,Online,2026-08-10,11
EXC,Centro 1,Online,2026-08-10,10
GER,Centro 4,In-person,2026-08-10,10
PBI,Centro 1,Hybrid,2026-08-10,10
PBI,Centro 2,In-person,2026-08-10,10
PRO,Centro 4,In-person,2026-08-10,10
CYB,Centro 4,In-person,2026-08-10,9
HCP,Centro 2,Hybrid,2026-08-10,9
LOG,Centro 5,Hybrid,2026-08-10,9
PBI,Centro 4,In-person,2026-08-10,9
SEG,Centro 2,In-person,2026-08-10,9
CYB,Centro 5,In-person,2026-08-10,8
EXC,Centro 5,Hybrid,2026-08-10,8
HOT,Centro 1,Hybrid,2026-08-10,8
HOT,Centro 1,In-person,2026-08-10,8
ING,Centro 2,Hybrid,2026-08-10,8
PBI,Centro 2,Online,2026-08-10,8
VND,Centro 2,Hybrid,2026-08-10,8
EMP,Centro 5,In-person,2026-08-10,7
GER,Centro 5,In-person,2026-08-10,7
PBI,Centro 5,Online,2026-08-10,7
SEG,Centro 5,Hybrid,2026-08-10,7
SOC,Centro 3,Hybrid,2026-08-10,7
CYB,Centro 1,In-person,2026-08-10,6
EXC,Centro 4,In-person,2026-08-10,6
FOR,Centro 3,Hybrid,2026-08-10,6
GES,Centro 1,In-person,2026-08-10,6
HAC,Centro 1,In-person,2026-08-10,6
HAC,Centro 5,In-person,2026-08-10,6
HOT,Centro 2,Hybrid,2026-08-10,6
HOT,Centro 5,Hybrid,2026-08-10,6
LOG,Centro 5,In-person,2026-08-10,6
ING,Centro 2,Online,2026-08-10,5
ING,Centro 5,Hybrid,2026-08-10,5
LID,Centro 4,In-person,2026-08-10,5
PYT,Centro 4,Online,2026-08-10,5
SOC,Centro 2,In-person,2026-08-10,5
EXC,Centro 2,Online,2026-08-10,4
PRO,Centro 1,In-person,2026-08-10,4
PRO,Centro 5,Hybrid,2026-08-10,4
PYT,Centro 1,Online,2026-08-10,4
SEG,Centro 3,In-person,2026-08-10,4
SOC,Centro 3,In-person,2026-08-10,4
VND,Centro 1,Hybrid,2026-08-10,4
CYB,Centro 4,Online,2026-08-10,3
EMP,Centro 3,In-person,2026-08-10,3
HAC,Centro 4,In-person,2026-08-10,3
HOT,Centro 3,In-person,2026-08-10,3
INF,Centro 1,Hybrid,2026-08-10,3
ING,Centro 1,Online,2026-08-10,3
SOC,Centro 1,Hybrid,2026-08-10,3
CYB,Centro 1,Hybrid,2026-08-10,2
CYB,Centro 2,In-person,2026-08-10,2
EXC,Centro 4,Online,2026-08-10,2
FOR,Centro 2,Hybrid,2026-08-10,2
GER,Centro 5,Hybrid,2026-08-10,2
GES,Centro 4,Online,2026-08-10,2
HOT,Centro 5,In-person,2026-08-10,2
PRI,Centro 5,In-person,2026-08-10,2
PRO,Centro 3,Hybrid,2026-08-10,2
PYT,Centro 5,Hybrid,2026-08-10,2
SOC,Centro 5,Hybrid,2026-08-10,2
SST,Centro 3,Hybrid,2026-08-10,2
VND,Centro 1,In-person,2026-08-10,2
FOR,Centro 1,Hybrid,2026-08-10,1
INF,Centro 3,In-person,2026-08-10,1
ING,Centro 4,Online,2026-08-10,1
LID,Centro 4,Online,2026-08-10,1
PRO,Centro 5,Online,2026-08-10,1
PYT,Centro 1,Hybrid,2026-08-10,1
PYT,Centro 2,Online,2026-08-10,1
SEG,Centro 1,Online,2026-08-10,1
SST,Centro 4,In-person,2026-08-10,1
SST,Centro 5,Hybrid,2026-08-10,1
TUR,Centro 5,In-person,2026-08-10,1
CYB,Centro 3,Online,2026-08-17,63
HAC,Centro 2,In-person,2026-08-17,62
PYT,Centro 1,Hybrid,2026-08-17,47
ING,Centro 2,Online,2026-08-17,46
MNT,Centro 5,In-person,2026-08-17,45
TUR,Centro 3,In-person,2026-08-17,41
CYB,Centro 4,Hybrid,2026-08-17,40
CYB,Centro 1,In-person,2026-08-17,37
FOR,Centro 1,Hybrid,2026-08-17,37
PBI,Centro 2,Online,2026-08-17,37
TUR,Centro 5,In-person,2026-08-17,32
EXC,Centro 5,Online,2026-08-17,31
SST,Centro 5,Online,2026-08-17,31
PRI,Centro 1,Hybrid,2026-08-17,30
VND,Centro 2,Hybrid,2026-08-17,29
TUR,Centro 2,In-person,2026-08-17,27
EMP,Centro 2,In-person,2026-08-17,24
HCP,Centro 4,In-person,2026-08-17,24
PBI,Centro 2,Hybrid,2026-08-17,24
CYB,Centro 5,Hybrid,2026-08-17,23
CYB,Centro 5,In-person,2026-08-17,23
ING,Centro 3,Online,2026-08-17,23
PRO,Centro 2,Hybrid,2026-08-17,23
SST,Centro 4,In-person,2026-08-17,23
INF,Centro 5,In-person,2026-08-17,22
ING,Centro 5,Online,2026-08-17,22
PYT,Centro 5,Hybrid,2026-08-17,21
GER,Centro 3,Hybrid,2026-08-17,20
PRO,Centro 1,Hybrid,2026-08-17,20
SEG,Centro 3,Online,2026-08-17,20
EXC,Centro 1,Hybrid,2026-08-17,19
EXC,Centro 5,In-person,2026-08-17,19
PBI,Centro 4,Online,2026-08-17,19
TUR,Centro 2,Hybrid,2026-08-17,19
FOR,Centro 3,Online,2026-08-17,18
HCP,Centro 2,Hybrid,2026-08-17,18
SEG,Centro 1,In-person,2026-08-17,18
SST,Centro 5,In-person,2026-08-17,17
CYB,Centro 2,Hybrid,2026-08-17,16
HCP,Centro 1,In-person,2026-08-17,16
MNT,Centro 1,In-person,2026-08-17,16
GES,Centro 5,In-person,2026-08-17,15
SST,Centro 5,Hybrid,2026-08-17,15
VND,Centro 2,Online,2026-08-17,15
CYB,Centro 2,Online,2026-08-17,14
GES,Centro 3,Online,2026-08-17,14
MNT,Centro 4,In-person,2026-08-17,14
PBI,Centro 5,Online,2026-08-17,14
PRO,Centro 4,In-person,2026-08-17,14
ING,Centro 1,Hybrid,2026-08-17,13
PYT,Centro 3,Online,2026-08-17,13
SEG,Centro 5,Hybrid,2026-08-17,13
EXC,Centro 3,Hybrid,2026-08-17,12
PRI,Centro 2,Hybrid,2026-08-17,12
GER,Centro 1,Hybrid,2026-08-17,11
INF,Centro 3,In-person,2026-08-17,11
ING,Centro 1,In-person,2026-08-17,10
LID,Centro 2,Online,2026-08-17,10
PYT,Centro 2,Online,2026-08-17,10
TUR,Centro 5,Hybrid,2026-08-17,10
GER,Centro 2,Hybrid,2026-08-17,9
HOT,Centro 2,In-person,2026-08-17,9
EXC,Centro 2,Hybrid,2026-08-17,8
GES,Centro 1,Hybrid,2026-08-17,8
EXC,Centro 2,In-person,2026-08-17,7
FOR,Centro 4,Online,2026-08-17,7
FOR,Centro 4,Hybrid,2026-08-17,7
PYT,Centro 1,Online,2026-08-17,7
SCI,Centro 1,Hybrid,2026-08-17,7
VND,Centro 4,Hybrid,2026-08-17,7
EXC,Centro 4,In-person,2026-08-17,6
HCP,Centro 5,Hybrid,2026-08-17,6
PBI,Centro 3,Hybrid,2026-08-17,6
PRI,Centro 1,In-person,2026-08-17,6
PYT,Centro 2,In-person,2026-08-17,6
VND,Centro 2,In-person,2026-08-17,6
EMP,Centro 4,In-person,2026-08-17,5
EMP,Centro 5,In-person,2026-08-17,5
GES,Centro 3,Hybrid,2026-08-17,5
GES,Centro 5,Hybrid,2026-08-17,5
HOT,Centro 1,In-person,2026-08-17,5
HOT,Centro 3,In-person,2026-08-17,5
EXC,Centro 2,Online,2026-08-17,4
FOR,Centro 5,Hybrid,2026-08-17,4
GER,Centro 2,In-person,2026-08-17,4
HAC,Centro 4,In-person,2026-08-17,4
INF,Centro 1,Hybrid,2026-08-17,4
LID,Centro 1,Online,2026-08-17,4
LOG,Centro 2,In-person,2026-08-17,4
PRI,Centro 5,Hybrid,2026-08-17,4
PYT,Centro 4,Hybrid,2026-08-17,4
SCI,Centro 5,In-person,2026-08-17,4
VND,Centro 3,Hybrid,2026-08-17,4
FOR,Centro 5,Online,2026-08-17,3
HOT,Centro 5,Hybrid,2026-08-17,3
INF,Centro 3,Hybrid,2026-08-17,3
LID,Centro 1,In-person,2026-08-17,3
PBI,Centro 1,In-person,2026-08-17,3
PRI,Centro 4,Hybrid,2026-08-17,3
SEG,Centro 5,Online,2026-08-17,3
SOC,Centro 3,In-person,2026-08-17,3
SST,Centro 2,Hybrid,2026-08-17,3
SST,Centro 3,Online,2026-08-17,3
SST,Centro 3,In-person,2026-08-17,3
SST,Centro 4,Online,2026-08-17,3
GER,Centro 3,In-person,2026-08-17,2
GER,Centro 4,Hybrid,2026-08-17,2
HAC,Centro 3,In-person,2026-08-17,2
ING,Centro 3,In-person,2026-08-17,2
MNT,Centro 3,In-person,2026-08-17,2
PBI,Centro 2,In-person,2026-08-17,2
PBI,Centro 3,In-person,2026-08-17,2
PRI,Centro 2,In-person,2026-08-17,2
PRO,Centro 3,In-person,2026-08-17,2
SEG,Centro 3,In-person,2026-08-17,2
SST,Centro 3,Hybrid,2026-08-17,2
TUR,Centro 4,In-person,2026-08-17,2
EMP,Centro 3,In-person,2026-08-17,1
EXC,Centro 1,In-person,2026-08-17,1
FOR,Centro 3,In-person,2026-08-17,1
GER,Centro 4,In-person,2026-08-17,1
GER,Centro 5,Hybrid,2026-08-17,1
HAC,Centro 2,Hybrid,2026-08-17,1
HCP,Centro 5,In-person,2026-08-17,1
HOT,Centro 4,Hybrid,2026-08-17,1
ING,Centro 1,Online,2026-08-17,1
ING,Centro 2,Hybrid,2026-08-17,1
LID,Centro 4,In-person,2026-08-17,1
PRO,Centro 4,Online,2026-08-17,1
PRO,Centro 5,Hybrid,2026-08-17,1
SCI,Centro 1,In-person,2026-08-17,1
SEG,Centro 3,Hybrid,2026-08-17,1
SST,Centro 1,In-person,2026-08-17,1
TUR,Centro 1,Hybrid,2026-08-17,1
TUR,Centro 1,In-person,2026-08-17,1
TUR,Centro 3,Hybrid,2026-08-17,1
VND,Centro 4,In-person,2026-08-17,1
CYB,Centro 4,Hybrid,2026-08-24,73
LOG,Centro 2,In-person,2026-08-24,46
PBI,Centro 4,Online,2026-08-24,44
ING,Centro 5,Online,2026-08-24,40
LOG,Centro 1,In-person,2026-08-24,38
INF,Centro 4,Hybrid,2026-08-24,37
CYB,Centro 2,Online,2026-08-24,34
LID,Centro 1,Online,2026-08-24,34
HCP,Centro 1,In-person,2026-08-24,32
MNT,Centro 1,In-person,2026-08-24,32
PYT,Centro 4,Hybrid,2026-08-24,32
MNT,Centro 5,In-person,2026-08-24,31
SOC,Centro 4,In-person,2026-08-24,31
CYB,Centro 3,Online,2026-08-24,29
MNT,Centro 4,In-person,2026-08-24,29
ING,Centro 4,Online,2026-08-24,28
PBI,Centro 4,Hybrid,2026-08-24,28
SCI,Centro 3,Hybrid,2026-08-24,27
VND,Centro 1,Online,2026-08-24,27
CYB,Centro 3,In-person,2026-08-24,26
INF,Centro 3,In-person,2026-08-24,26
PBI,Centro 2,Online,2026-08-24,26
CYB,Centro 2,Hybrid,2026-08-24,24
HCP,Centro 4,In-person,2026-08-24,24
HOT,Centro 3,In-person,2026-08-24,24
SST,Centro 1,Hybrid,2026-08-24,24
HAC,Centro 1,In-person,2026-08-24,23
PBI,Centro 3,Hybrid,2026-08-24,23
SEG,Centro 1,Hybrid,2026-08-24,22
GER,Centro 2,Hybrid,2026-08-24,21
HAC,Centro 5,In-person,2026-08-24,21
LID,Centro 3,Online,2026-08-24,21
SCI,Centro 5,In-person,2026-08-24,21
SST,Centro 1,In-person,2026-08-24,21
CYB,Centro 1,Hybrid,2026-08-24,20
LOG,Centro 5,Hybrid,2026-08-24,20
PYT,Centro 2,Online,2026-08-24,20
GES,Centro 4,Online,2026-08-24,19
SST,Centro 3,In-person,2026-08-24,19
GER,Centro 4,In-person,2026-08-24,18
PBI,Centro 2,Hybrid,2026-08-24,18
PYT,Centro 2,In-person,2026-08-24,18
TUR,Centro 2,Hybrid,2026-08-24,18
ING,Centro 1,Hybrid,2026-08-24,17
PYT,Centro 5,Online,2026-08-24,17
FOR,Centro 5,Online,2026-08-24,16
HAC,Centro 3,In-person,2026-08-24,16
HCP,Centro 2,In-person,2026-08-24,16
INF,Centro 5,Hybrid,2026-08-24,16
PBI,Centro 1,Online,2026-08-24,16
PRI,Centro 4,Hybrid,2026-08-24,16
HOT,Centro 2,Hybrid,2026-08-24,15
TUR,Centro 2,In-person,2026-08-24,15
FOR,Centro 4,Hybrid,2026-08-24,14
HCP,Centro 5,In-person,2026-08-24,14
PRI,Centro 3,In-person,2026-08-24,14
SOC,Centro 3,In-person,2026-08-24,14
SOC,Centro 5,In-person,2026-08-24,14
SST,Centro 4,In-person,2026-08-24,14
VND,Centro 1,Hybrid,2026-08-24,14
FOR,Centro 3,Hybrid,2026-08-24,13
HAC,Centro 4,Online,2026-08-24,13
HOT,Centro 2,In-person,2026-08-24,13
LOG,Centro 5,In-person,2026-08-24,13
PRI,Centro 2,In-person,2026-08-24,13
PRO,Centro 1,Hybrid,2026-08-24,13
VND,Centro 5,Online,2026-08-24,13
GER,Centro 4,Hybrid,2026-08-24,12
LID,Centro 4,Online,2026-08-24,12
PBI,Centro 1,In-person,2026-08-24,12
SCI,Centro 2,Hybrid,2026-08-24,12
GER,Centro 2,In-person,2026-08-24,11
TUR,Centro 3,In-person,2026-08-24,11
HAC,Centro 2,In-person,2026-08-24,10
PBI,Centro 1,Hybrid,2026-08-24,10
PBI,Centro 5,Hybrid,2026-08-24,10
SEG,Centro 3,Hybrid,2026-08-24,10
GES,Centro 4,Hybrid,2026-08-24,9
INF,Centro 4,In-person,2026-08-24,9
PBI,Centro 5,Online,2026-08-24,9
SCI,Centro 1,Hybrid,2026-08-24,9
TUR,Centro 4,In-person,2026-08-24,9
CYB,Centro 1,Online,2026-08-24,8
EMP,Centro 1,In-person,2026-08-24,8
GER,Centro 1,In-person,2026-08-24,8
GES,Centro 1,Online,2026-08-24,8
HOT,Centro 5,Hybrid,2026-08-24,8
LID,Centro 2,In-person,2026-08-24,8
LOG,Centro 3,Hybrid,2026-08-24,8
MNT,Centro 3,In-person,2026-08-24,8
HOT,Centro 1,In-person,2026-08-24,7
LOG,Centro 4,Hybrid,2026-08-24,7
PBI,Centro 4,In-person,2026-08-24,7
PYT,Centro 5,Hybrid,2026-08-24,7
SEG,Centro 5,Online,2026-08-24,7
SOC,Centro 1,Hybrid,2026-08-24,7
VND,Centro 3,Hybrid,2026-08-24,7
VND,Centro 4,In-person,2026-08-24,7
EXC,Centro 1,Hybrid,2026-08-24,6
INF,Centro 3,Hybrid,2026-08-24,6
LID,Centro 1,In-person,2026-08-24,6
PRI,Centro 1,Hybrid,2026-08-24,6
PRI,Centro 5,Hybrid,2026-08-24,6
PYT,Centro 1,Hybrid,2026-08-24,6
SCI,Centro 3,In-person,2026-08-24,6
SEG,Centro 2,In-person,2026-08-24,6
SEG,Centro 3,Online,2026-08-24,6
EMP,Centro 4,In-person,2026-08-24,5
EXC,Centro 2,Online,2026-08-24,5
EXC,Centro 4,In-person,2026-08-24,5
GES,Centro 5,Hybrid,2026-08-24,5
HOT,Centro 1,Hybrid,2026-08-24,5
PRI,Centro 2,Hybrid,2026-08-24,5
PRI,Centro 4,In-person,2026-08-24,5
PYT,Centro 2,Hybrid,2026-08-24,5
SCI,Centro 4,In-person,2026-08-24,5
EXC,Centro 3,Online,2026-08-24,4
GER,Centro 5,Hybrid,2026-08-24,4
GES,Centro 5,Online,2026-08-24,4
LID,Centro 4,Hybrid,2026-08-24,4
LOG,Centro 1,Hybrid,2026-08-24,4
PRO,Centro 3,Hybrid,2026-08-24,4
SOC,Centro 3,Hybrid,2026-08-24,4
SST,Centro 2,Hybrid,2026-08-24,4
VND,Centro 2,Hybrid,2026-08-24,4
FOR,Centro 1,Hybrid,2026-08-24,3
HAC,Centro 2,Hybrid,2026-08-24,3
HCP,Centro 5,Hybrid,2026-08-24,3
PYT,Centro 4,Online,2026-08-24,3
SEG,Centro 1,In-person,2026-08-24,3
SST,Centro 2,In-person,2026-08-24,3
CYB,Centro 5,Hybrid,2026-08-24,2
EXC,Centro 2,In-person,2026-08-24,2
FOR,Centro 2,In-person,2026-08-24,2
HOT,Centro 3,Hybrid,2026-08-24,2
INF,Centro 5,In-person,2026-08-24,2
ING,Centro 2,Hybrid,2026-08-24,2
MNT,Centro 2,In-person,2026-08-24,2
PRO,Centro 1,In-person,2026-08-24,2
PYT,Centro 5,In-person,2026-08-24,2
TUR,Centro 1,Hybrid,2026-08-24,2
EMP,Centro 3,In-person,2026-08-24,1
EXC,Centro 1,Online,2026-08-24,1
HCP,Centro 3,In-person,2026-08-24,1
HOT,Centro 4,Hybrid,2026-08-24,1
ING,Centro 2,Online,2026-08-24,1
LID,Centro 3,In-person,2026-08-24,1
LID,Centro 4,In-person,2026-08-24,1
PRO,Centro 4,In-person,2026-08-24,1
PRO,Centro 5,Hybrid,2026-08-24,1
SCI,Centro 1,In-person,2026-08-24,1
SST,Centro 5,Hybrid,2026-08-24,1
TUR,Centro 5,In-person,2026-08-24,1
VND,Centro 5,In-person,2026-08-24,1
LOG,Centro 1,In-person,2026-08-31,86
GER,Centro 3,In-person,2026-08-31,78
PBI,Centro 2,Online,2026-08-31,71
SEG,Centro 1,In-person,2026-08-31,56
EXC,Centro 4,Online,2026-08-31,52
EXC,Centro 5,Online,2026-08-31,47
SCI,Centro 5,In-person,2026-08-31,41
SCI,Centro 2,Hybrid,2026-08-31,35
CYB,Centro 4,Hybrid,2026-08-31,33
HCP,Centro 5,In-person,2026-08-31,32
PBI,Centro 1,Hybrid,2026-08-31,32
SST,Centro 5,Online,2026-08-31,31
CYB,Centro 1,Hybrid,2026-08-31,30
EXC,Centro 3,Online,2026-08-31,30
MNT,Centro 2,In-person,2026-08-31,30
PBI,Centro 2,Hybrid,2026-08-31,30
FOR,Centro 2,Hybrid,2026-08-31,29
VND,Centro 5,In-person,2026-08-31,29
PYT,Centro 4,Hybrid,2026-08-31,28
SEG,Centro 3,In-person,2026-08-31,28
MNT,Centro 1,In-person,2026-08-31,27
PBI,Centro 5,Online,2026-08-31,27
HOT,Centro 2,In-person,2026-08-31,26
CYB,Centro 4,In-person,2026-08-31,25
HCP,Centro 5,Hybrid,2026-08-31,25
LOG,Centro 2,In-person,2026-08-31,25
PRO,Centro 4,In-person,2026-08-31,25
SOC,Centro 3,In-person,2026-08-31,25
TUR,Centro 3,In-person,2026-08-31,25
INF,Centro 1,Hybrid,2026-08-31,24
SCI,Centro 1,In-person,2026-08-31,24
SST,Centro 4,Hybrid,2026-08-31,24
EXC,Centro 4,Hybrid,2026-08-31,23
EXC,Centro 5,Hybrid,2026-08-31,23
FOR,Centro 4,Online,2026-08-31,23
PRO,Centro 4,Hybrid,2026-08-31,22
SEG,Centro 5,Online,2026-08-31,22
SST,Centro 3,Online,2026-08-31,22
EXC,Centro 2,Online,2026-08-31,21
ING,Centro 2,Hybrid,2026-08-31,21
PBI,Centro 4,Online,2026-08-31,21
SST,Centro 4,In-person,2026-08-31,21
PBI,Centro 4,Hybrid,2026-08-31,20
PRI,Centro 3,Hybrid,2026-08-31,20
SST,Centro 2,Hybrid,2026-08-31,20
EMP,Centro 2,In-person,2026-08-31,19
HAC,Centro 1,In-person,2026-08-31,19
PRI,Centro 1,Hybrid,2026-08-31,19
VND,Centro 3,Hybrid,2026-08-31,19
CYB,Centro 2,Online,2026-08-31,18
EXC,Centro 2,In-person,2026-08-31,18
LID,Centro 2,Online,2026-08-31,18
SST,Centro 3,Hybrid,2026-08-31,18
EMP,Centro 3,In-person,2026-08-31,17
GES,Centro 5,Hybrid,2026-08-31,17
PYT,Centro 3,Hybrid,2026-08-31,17
FOR,Centro 3,In-person,2026-08-31,16
FOR,Centro 5,Online,2026-08-31,16
GER,Centro 1,Hybrid,2026-08-31,16
SEG,Centro 4,Hybrid,2026-08-31,16
HAC,Centro 2,In-person,2026-08-31,15
LID,Centro 3,Online,2026-08-31,15
LOG,Centro 5,Hybrid,2026-08-31,15
PBI,Centro 3,In-person,2026-08-31,15
PYT,Centro 1,Online,2026-08-31,15
TUR,Centro 3,Hybrid,2026-08-31,15
CYB,Centro 4,Online,2026-08-31,14
CYB,Centro 5,In-person,2026-08-31,14
PRI,Centro 5,In-person,2026-08-31,14
SST,Centro 3,In-person,2026-08-31,14
CYB,Centro 3,Hybrid,2026-08-31,13
PRO,Centro 2,Online,2026-08-31,13
VND,Centro 1,Hybrid,2026-08-31,13
FOR,Centro 3,Hybrid,2026-08-31,12
HCP,Centro 4,In-person,2026-08-31,12
MNT,Centro 4,In-person,2026-08-31,12
VND,Centro 1,In-person,2026-08-31,12
CYB,Centro 5,Hybrid,2026-08-31,11
EXC,Centro 3,In-person,2026-08-31,11
GER,Centro 2,Hybrid,2026-08-31,11
HOT,Centro 2,Hybrid,2026-08-31,11
FOR,Centro 3,Online,2026-08-31,10
HOT,Centro 5,In-person,2026-08-31,10
PBI,Centro 5,Hybrid,2026-08-31,10
SCI,Centro 4,In-person,2026-08-31,10
CYB,Centro 3,In-person,2026-08-31,9
HAC,Centro 3,In-person,2026-08-31,9
PBI,Centro 5,In-person,2026-08-31,9
PYT,Centro 5,In-person,2026-08-31,9
SEG,Centro 3,Online,2026-08-31,9
EMP,Centro 4,In-person,2026-08-31,8
INF,Centro 4,Hybrid,2026-08-31,8
LID,Centro 5,Online,2026-08-31,8
PRI,Centro 2,In-person,2026-08-31,8
PRI,Centro 5,Hybrid,2026-08-31,8
CYB,Centro 2,Hybrid,2026-08-31,7
FOR,Centro 5,Hybrid,2026-08-31,7
GER,Centro 2,In-person,2026-08-31,7
HCP,Centro 2,Hybrid,2026-08-31,7
LID,Centro 4,Online,2026-08-31,7
PRO,Centro 1,In-person,2026-08-31,7
PYT,Centro 3,Online,2026-08-31,7
PYT,Centro 4,Online,2026-08-31,7
SOC,Centro 5,Hybrid,2026-08-31,7
SST,Centro 1,Hybrid,2026-08-31,7
VND,Centro 2,Hybrid,2026-08-31,7
EXC,Centro 2,Hybrid,2026-08-31,6
LID,Centro 4,Hybrid,2026-08-31,6
MNT,Centro 5,In-person,2026-08-31,6
SCI,Centro 1,Hybrid,2026-08-31,6
EXC,Centro 1,Hybrid,2026-08-31,5
GES,Centro 5,In-person,2026-08-31,5
ING,Centro 4,Hybrid,2026-08-31,5
PBI,Centro 1,Online,2026-08-31,5
TUR,Centro 2,Hybrid,2026-08-31,5
TUR,Centro 5,In-person,2026-08-31,5
EXC,Centro 1,Online,2026-08-31,4
HAC,Centro 5,In-person,2026-08-31,4
INF,Centro 3,Hybrid,2026-08-31,4
PRI,Centro 4,In-person,2026-08-31,4
PRO,Centro 4,Online,2026-08-31,4
PYT,Centro 2,In-person,2026-08-31,4
SOC,Centro 5,In-person,2026-08-31,4
EXC,Centro 4,In-person,2026-08-31,3
GES,Centro 1,In-person,2026-08-31,3
INF,Centro 5,Hybrid,2026-08-31,3
ING,Centro 1,Online,2026-08-31,3
LOG,Centro 5,In-person,2026-08-31,3
MNT,Centro 3,In-person,2026-08-31,3
PRI,Centro 1,In-person,2026-08-31,3
PRI,Centro 3,In-person,2026-08-31,3
TUR,Centro 1,In-person,2026-08-31,3
TUR,Centro 4,In-person,2026-08-31,3
TUR,Centro 5,Hybrid,2026-08-31,3
VND,Centro 2,Online,2026-08-31,3
GER,Centro 3,Hybrid,2026-08-31,2
HAC,Centro 5,Hybrid,2026-08-31,2
INF,Centro 3,In-person,2026-08-31,2
LID,Centro 1,Online,2026-08-31,2
LID,Centro 4,In-person,2026-08-31,2
PRI,Centro 4,Hybrid,2026-08-31,2
PRO,Centro 3,Online,2026-08-31,2
PRO,Centro 3,In-person,2026-08-31,2
SEG,Centro 1,Hybrid,2026-08-31,2
SST,Centro 5,Hybrid,2026-08-31,2
TUR,Centro 1,Hybrid,2026-08-31,2
CYB,Centro 1,In-person,2026-08-31,1
CYB,Centro 2,In-person,2026-08-31,1
CYB,Centro 5,Online,2026-08-31,1
EXC,Centro 3,Hybrid,2026-08-31,1
GER,Centro 5,Hybrid,2026-08-31,1
GER,Centro 5,In-person,2026-08-31,1
HAC,Centro 2,Hybrid,2026-08-31,1
HCP,Centro 1,In-person,2026-08-31,1
HCP,Centro 3,In-person,2026-08-31,1
HOT,Centro 3,In-person,2026-08-31,1
INF,Centro 4,In-person,2026-08-31,1
INF,Centro 5,In-person,2026-08-31,1
LID,Centro 5,In-person,2026-08-31,1
LOG,Centro 3,In-person,2026-08-31,1
PRO,Centro 2,Hybrid,2026-08-31,1
PRO,Centro 5,Hybrid,2026-08-31,1
SCI,Centro 3,In-person,2026-08-31,1
SEG,Centro 4,In-person,2026-08-31,1
SEG,Centro 5,In-person,2026-08-31,1
SST,Centro 1,In-person,2026-08-31,1
SST,Centro 2,In-person,2026-08-31,1
TUR,Centro 2,In-person,2026-08-31,1
VND,Centro 5,Online,2026-08-31,1
LOG,Centro 1,In-person,2026-09-07,48
GER,Centro 1,Hybrid,2026-09-07,46
SST,Centro 3,Hybrid,2026-09-07,46
MNT,Centro 4,In-person,2026-09-07,38
SOC,Centro 3,In-person,2026-09-07,38
HOT,Centro 2,In-person,2026-09-07,37
VND,Centro 4,Hybrid,2026-09-07,37
GER,Centro 3,In-person,2026-09-07,36
ING,Centro 2,Hybrid,2026-09-07,36
HOT,Centro 3,In-person,2026-09-07,33
PBI,Centro 2,Online,2026-09-07,33
CYB,Centro 2,Online,2026-09-07,32
SST,Centro 2,In-person,2026-09-07,32
GER,Centro 2,In-person,2026-09-07,31
PBI,Centro 1,Hybrid,2026-09-07,31
PBI,Centro 5,In-person,2026-09-07,31
EXC,Centro 2,Online,2026-09-07,29
EXC,Centro 4,Hybrid,2026-09-07,29
GER,Centro 5,In-person,2026-09-07,29
GES,Centro 4,Online,2026-09-07,29
ING,Centro 4,In-person,2026-09-07,29
MNT,Centro 1,In-person,2026-09-07,28
GES,Centro 5,In-person,2026-09-07,26
CYB,Centro 5,Online,2026-09-07,25
INF,Centro 3,In-person,2026-09-07,25
ING,Centro 3,Online,2026-09-07,25
PRI,Centro 5,In-person,2026-09-07,25
EXC,Centro 4,In-person,2026-09-07,24
HAC,Centro 2,In-person,2026-09-07,24
GER,Centro 3,Hybrid,2026-09-07,23
PBI,Centro 1,In-person,2026-09-07,23
ING,Centro 2,Online,2026-09-07,22
PBI,Centro 4,In-person,2026-09-07,22
PRI,Centro 5,Hybrid,2026-09-07,22
PRO,Centro 2,Hybrid,2026-09-07,22
SEG,Centro 2,In-person,2026-09-07,21
VND,Centro 2,Hybrid,2026-09-07,21
VND,Centro 5,Online,2026-09-07,21
MNT,Centro 2,In-person,2026-09-07,20
PRO,Centro 4,In-person,2026-09-07,20
CYB,Centro 4,In-person,2026-09-07,19
EMP,Centro 3,In-person,2026-09-07,19
EXC,Centro 3,Online,2026-09-07,19
HAC,Centro 4,In-person,2026-09-07,19
LOG,Centro 2,In-person,2026-09-07,19
GES,Centro 5,Online,2026-09-07,18
MNT,Centro 3,In-person,2026-09-07,18
SEG,Centro 5,In-person,2026-09-07,18
CYB,Centro 3,Online,2026-09-07,17
CYB,Centro 4,Hybrid,2026-09-07,17
HAC,Centro 3,Online,2026-09-07,17
INF,Centro 5,In-person,2026-09-07,17
LID,Centro 2,Online,2026-09-07,17
TUR,Centro 1,In-person,2026-09-07,17
SCI,Centro 1,In-person,2026-09-07,16
SST,Centro 4,In-person,2026-09-07,16
LID,Centro 3,In-person,2026-09-07,15
LOG,Centro 3,In-person,2026-09-07,15
PBI,Centro 1,Online,2026-09-07,15
PYT,Centro 5,Online,2026-09-07,15
CYB,Centro 2,Hybrid,2026-09-07,14
ING,Centro 5,Hybrid,2026-09-07,14
PRO,Centro 5,Hybrid,2026-09-07,14
HAC,Centro 1,In-person,2026-09-07,13
INF,Centro 5,Hybrid,2026-09-07,13
MNT,Centro 5,In-person,2026-09-07,13
PRO,Centro 1,In-person,2026-09-07,13
PYT,Centro 4,Hybrid,2026-09-07,13
SCI,Centro 4,Hybrid,2026-09-07,13
SEG,Centro 4,Hybrid,2026-09-07,13
SOC,Centro 1,Hybrid,2026-09-07,13
CYB,Centro 5,In-person,2026-09-07,12
GER,Centro 4,Hybrid,2026-09-07,12
HAC,Centro 5,In-person,2026-09-07,12
ING,Centro 1,Hybrid,2026-09-07,12
LID,Centro 1,Online,2026-09-07,12
LOG,Centro 5,In-person,2026-09-07,12
PBI,Centro 4,Hybrid,2026-09-07,12
SCI,Centro 2,Hybrid,2026-09-07,12
EMP,Centro 2,In-person,2026-09-07,11
ING,Centro 2,In-person,2026-09-07,11
PRI,Centro 4,In-person,2026-09-07,11
SCI,Centro 3,In-person,2026-09-07,11
TUR,Centro 3,Hybrid,2026-09-07,11
TUR,Centro 2,In-person,2026-09-07,10
FOR,Centro 3,In-person,2026-09-07,9
GER,Centro 4,In-person,2026-09-07,9
LID,Centro 1,In-person,2026-09-07,9
SEG,Centro 5,Online,2026-09-07,9
SST,Centro 1,In-person,2026-09-07,9
VND,Centro 3,Hybrid,2026-09-07,9
CYB,Centro 1,Hybrid,2026-09-07,8
GES,Centro 2,Online,2026-09-07,8
LID,Centro 5,Online,2026-09-07,8
PRO,Centro 4,Online,2026-09-07,8
FOR,Centro 4,Hybrid,2026-09-07,7
LID,Centro 4,In-person,2026-09-07,7
PRI,Centro 3,Hybrid,2026-09-07,7
PRO,Centro 2,Online,2026-09-07,7
VND,Centro 2,Online,2026-09-07,7
CYB,Centro 3,In-person,2026-09-07,6
EXC,Centro 2,In-person,2026-09-07,6
FOR,Centro 3,Hybrid,2026-09-07,6
PBI,Centro 2,Hybrid,2026-09-07,6
PYT,Centro 1,Online,2026-09-07,6
TUR,Centro 1,Hybrid,2026-09-07,6
TUR,Centro 3,In-person,2026-09-07,6
CYB,Centro 4,Online,2026-09-07,5
FOR,Centro 4,Online,2026-09-07,5
HCP,Centro 5,In-person,2026-09-07,5
HOT,Centro 5,Hybrid,2026-09-07,5
HOT,Centro 5,In-person,2026-09-07,5
ING,Centro 5,Online,2026-09-07,5
PBI,Centro 5,Hybrid,2026-09-07,5
VND,Centro 5,In-person,2026-09-07,5
FOR,Centro 5,Online,2026-09-07,4
GES,Centro 5,Hybrid,2026-09-07,4
LID,Centro 3,Hybrid,2026-09-07,4
PYT,Centro 2,Online,2026-09-07,4
PYT,Centro 4,Online,2026-09-07,4
SEG,Centro 1,In-person,2026-09-07,4
SST,Centro 5,In-person,2026-09-07,4
LID,Centro 5,Hybrid,2026-09-07,3
PBI,Centro 4,Online,2026-09-07,3
PYT,Centro 5,In-person,2026-09-07,3
SCI,Centro 5,In-person,2026-09-07,3
SST,Centro 5,Online,2026-09-07,3
TUR,Centro 4,In-person,2026-09-07,3
CYB,Centro 3,Hybrid,2026-09-07,2
EXC,Centro 5,Online,2026-09-07,2
GES,Centro 1,In-person,2026-09-07,2
GES,Centro 3,Online,2026-09-07,2
GES,Centro 4,In-person,2026-09-07,2
HAC,Centro 5,Hybrid,2026-09-07,2
HCP,Centro 3,In-person,2026-09-07,2
HOT,Centro 4,Hybrid,2026-09-07,2
ING,Centro 4,Hybrid,2026-09-07,2
LID,Centro 2,Hybrid,2026-09-07,2
PRO,Centro 1,Hybrid,2026-09-07,2
PRO,Centro 4,Hybrid,2026-09-07,2
PYT,Centro 2,In-person,2026-09-07,2
SST,Centro 3,In-person,2026-09-07,2
VND,Centro 2,In-person,2026-09-07,2
EMP,Centro 1,In-person,2026-09-07,1
EMP,Centro 5,In-person,2026-09-07,1
EXC,Centro 1,Hybrid,2026-09-07,1
HAC,Centro 5,Online,2026-09-07,1
HCP,Centro 4,In-person,2026-09-07,1
INF,Centro 4,Hybrid,2026-09-07,1
INF,Centro 4,In-person,2026-09-07,1
LID,Centro 4,Hybrid,2026-09-07,1
LOG,Centro 1,Hybrid,2026-09-07,1
PBI,Centro 3,Hybrid,2026-09-07,1
PYT,Centro 2,Hybrid,2026-09-07,1
SCI,Centro 2,In-person,2026-09-07,1
SOC,Centro 3,Hybrid,2026-09-07,1
SOC,Centro 4,In-person,2026-09-07,1
SST,Centro 1,Hybrid,2026-09-07,1
SST,Centro 4,Hybrid,2026-09-07,1
TUR,Centro 2,Hybrid,2026-09-07,1
VND,Centro 4,In-person,2026-09-07,1
CYB,Centro 4,Online,2026-09-14,61
PYT,Centro 5,Online,2026-09-14,49
PBI,Centro 4,Hybrid,2026-09-14,48
LID,Centro 4,Hybrid,2026-09-14,46
VND,Centro 3,Hybrid,2026-09-14,45
INF,Centro 4,In-person,2026-09-14,43
PRI,Centro 1,In-person,2026-09-14,42
PYT,Centro 4,Online,2026-09-14,40
SCI,Centro 1,Hybrid,2026-09-14,39
PBI,Centro 4,Online,2026-09-14,33
VND,Centro 2,In-person,2026-09-14,33
EXC,Centro 3,Online,2026-09-14,32
GER,Centro 3,In-person,2026-09-14,32
INF,Centro 3,In-person,2026-09-14,32
LID,Centro 5,Hybrid,2026-09-14,32
LOG,Centro 2,In-person,2026-09-14,32
PYT,Centro 5,Hybrid,2026-09-14,31
SEG,Centro 1,Online,2026-09-14,31
LID,Centro 3,Hybrid,2026-09-14,30
HAC,Centro 4,Online,2026-09-14,29
PBI,Centro 1,Online,2026-09-14,29
CYB,Centro 2,Online,2026-09-14,28
FOR,Centro 2,Hybrid,2026-09-14,28
LOG,Centro 5,In-person,2026-09-14,28
VND,Centro 2,Online,2026-09-14,28
LID,Centro 3,In-person,2026-09-14,27
LID,Centro 5,Online,2026-09-14,27
PRO,Centro 4,Online,2026-09-14,27
EXC,Centro 2,Hybrid,2026-09-14,26
FOR,Centro 5,Online,2026-09-14,26
CYB,Centro 5,Online,2026-09-14,25
GES,Centro 1,In-person,2026-09-14,25
GER,Centro 4,In-person,2026-09-14,24
MNT,Centro 1,In-person,2026-09-14,24
PRI,Centro 4,In-person,2026-09-14,24
PYT,Centro 2,In-person,2026-09-14,24
LID,Centro 4,Online,2026-09-14,23
MNT,Centro 3,In-person,2026-09-14,23
PYT,Centro 2,Online,2026-09-14,23
SCI,Centro 1,In-person,2026-09-14,23
VND,Centro 5,Online,2026-09-14,23
FOR,Centro 4,Hybrid,2026-09-14,22
PRO,Centro 1,In-person,2026-09-14,22
SST,Centro 5,Online,2026-09-14,22
FOR,Centro 3,Hybrid,2026-09-14,21
PBI,Centro 2,Online,2026-09-14,21
PYT,Centro 2,Hybrid,2026-09-14,21
TUR,Centro 1,Hybrid,2026-09-14,21
HAC,Centro 3,Hybrid,2026-09-14,20
LOG,Centro 4,In-person,2026-09-14,20
SEG,Centro 1,In-person,2026-09-14,20
CYB,Centro 2,Hybrid,2026-09-14,19
EXC,Centro 4,In-person,2026-09-14,19
GER,Centro 2,Hybrid,2026-09-14,19
LID,Centro 4,In-person,2026-09-14,19
LOG,Centro 1,In-person,2026-09-14,19
PRI,Centro 5,In-person,2026-09-14,19
MNT,Centro 5,In-person,2026-09-14,18
PRO,Centro 3,Hybrid,2026-09-14,18
PRO,Centro 5,Hybrid,2026-09-14,18
PYT,Centro 1,Hybrid,2026-09-14,18
SEG,Centro 2,In-person,2026-09-14,18
SEG,Centro 4,Hybrid,2026-09-14,18
PBI,Centro 5,In-person,2026-09-14,17
CYB,Centro 3,In-person,2026-09-14,16
GER,Centro 1,Hybrid,2026-09-14,16
GER,Centro 2,In-person,2026-09-14,16
GER,Centro 5,Hybrid,2026-09-14,16
GES,Centro 1,Hybrid,2026-09-14,16
SOC,Centro 2,In-person,2026-09-14,16
GER,Centro 5,In-person,2026-09-14,15
PRO,Centro 2,Online,2026-09-14,15
SEG,Centro 3,In-person,2026-09-14,15
CYB,Centro 4,In-person,2026-09-14,14
EMP,Centro 5,In-person,2026-09-14,14
HAC,Centro 1,Hybrid,2026-09-14,14
SST,Centro 1,In-person,2026-09-14,14
FOR,Centro 3,Online,2026-09-14,13
HCP,Centro 1,In-person,2026-09-14,13
HOT,Centro 2,In-person,2026-09-14,13
PBI,Centro 3,Online,2026-09-14,13
SEG,Centro 5,Online,2026-09-14,13
SST,Centro 3,Hybrid,2026-09-14,13
EXC,Centro 1,In-person,2026-09-14,12
HAC,Centro 5,Hybrid,2026-09-14,12
PRO,Centro 3,In-person,2026-09-14,12
TUR,Centro 2,In-person,2026-09-14,12
EMP,Centro 1,In-person,2026-09-14,11
EXC,Centro 1,Hybrid,2026-09-14,11
PRI,Centro 2,In-person,2026-09-14,11
SST,Centro 2,Online,2026-09-14,11
SST,Centro 2,Hybrid,2026-09-14,11
HOT,Centro 1,Hybrid,2026-09-14,10
HOT,Centro 3,In-person,2026-09-14,10
LOG,Centro 3,In-person,2026-09-14,10
PYT,Centro 4,Hybrid,2026-09-14,10
SEG,Centro 5,In-person,2026-09-14,10
TUR,Centro 4,In-person,2026-09-14,10
TUR,Centro 1,In-person,2026-09-14,9
EMP,Centro 2,In-person,2026-09-14,8
HAC,Centro 3,Online,2026-09-14,8
HCP,Centro 5,In-person,2026-09-14,8
LOG,Centro 5,Hybrid,2026-09-14,8
PBI,Centro 5,Hybrid,2026-09-14,8
PRI,Centro 1,Hybrid,2026-09-14,8
HAC,Centro 3,In-person,2026-09-14,7
INF,Centro 2,In-person,2026-09-14,7
ING,Centro 5,Online,2026-09-14,7
PRO,Centro 2,Hybrid,2026-09-14,7
PYT,Centro 3,Online,2026-09-14,7
VND,Centro 4,Hybrid,2026-09-14,7
EMP,Centro 3,In-person,2026-09-14,6
LID,Centro 2,Hybrid,2026-09-14,6
SOC,Centro 3,In-person,2026-09-14,6
VND,Centro 1,In-person,2026-09-14,6
EXC,Centro 3,In-person,2026-09-14,5
FOR,Centro 3,In-person,2026-09-14,5
GES,Centro 4,In-person,2026-09-14,5
HAC,Centro 5,In-person,2026-09-14,5
INF,Centro 3,Hybrid,2026-09-14,5
PRO,Centro 4,Hybrid,2026-09-14,5
PYT,Centro 1,Online,2026-09-14,5
SCI,Centro 4,Hybrid,2026-09-14,5
SEG,Centro 5,Hybrid,2026-09-14,5
EXC,Centro 4,Online,2026-09-14,4
EXC,Centro 5,Online,2026-09-14,4
GES,Centro 3,Online,2026-09-14,4
GES,Centro 5,Hybrid,2026-09-14,4
ING,Centro 2,Hybrid,2026-09-14,4
ING,Centro 4,Online,2026-09-14,4
MNT,Centro 2,In-person,2026-09-14,4
MNT,Centro 4,In-person,2026-09-14,4
PBI,Centro 5,Online,2026-09-14,4
PRO,Centro 5,Online,2026-09-14,4
SST,Centro 4,Hybrid,2026-09-14,4
SST,Centro 5,In-person,2026-09-14,4
CYB,Centro 4,Hybrid,2026-09-14,3
GES,Centro 5,In-person,2026-09-14,3
HAC,Centro 2,Hybrid,2026-09-14,3
HAC,Centro 2,In-person,2026-09-14,3
HCP,Centro 3,In-person,2026-09-14,3
PBI,Centro 1,Hybrid,2026-09-14,3
CYB,Centro 1,Hybrid,2026-09-14,2
CYB,Centro 2,In-person,2026-09-14,2
CYB,Centro 3,Hybrid,2026-09-14,2
EXC,Centro 2,Online,2026-09-14,2
EXC,Centro 2,In-person,2026-09-14,2
GES,Centro 2,Online,2026-09-14,2
HOT,Centro 5,In-person,2026-09-14,2
INF,Centro 4,Hybrid,2026-09-14,2
ING,Centro 3,Online,2026-09-14,2
PRI,Centro 5,Hybrid,2026-09-14,2
SST,Centro 1,Hybrid,2026-09-14,2
SST,Centro 3,Online,2026-09-14,2
SST,Centro 4,In-person,2026-09-14,2
VND,Centro 4,In-person,2026-09-14,2
GES,Centro 4,Online,2026-09-14,1
HAC,Centro 5,Online,2026-09-14,1
HCP,Centro 2,Hybrid,2026-09-14,1
HCP,Centro 4,In-person,2026-09-14,1
HOT,Centro 4,Hybrid,2026-09-14,1
LID,Centro 1,Online,2026-09-14,1
PRO,Centro 3,Online,2026-09-14,1
PYT,Centro 3,Hybrid,2026-09-14,1
TUR,Centro 3,Hybrid,2026-09-14,1
VND,Centro 2,Hybrid,2026-09-14,1
SEG,Centro 1,Hybrid,2026-09-21,79
HAC,Centro 5,In-person,2026-09-21,64
PRI,Centro 1,Hybrid,2026-09-21,52
PBI,Centro 1,Hybrid,2026-09-21,43
SEG,Centro 2,Hybrid,2026-09-21,41
PBI,Centro 2,Hybrid,2026-09-21,37
SCI,Centro 1,Hybrid,2026-09-21,37
SST,Centro 4,In-person,2026-09-21,37
EXC,Centro 5,Online,2026-09-21,36
MNT,Centro 5,In-person,2026-09-21,35
HCP,Centro 5,In-person,2026-09-21,34
EXC,Centro 4,Hybrid,2026-09-21,33
HAC,Centro 3,Online,2026-09-21,31
PRO,Centro 4,Online,2026-09-21,31
PBI,Centro 1,Online,2026-09-21,30
SEG,Centro 3,Hybrid,2026-09-21,30
TUR,Centro 1,Hybrid,2026-09-21,30
PBI,Centro 4,Online,2026-09-21,29
CYB,Centro 3,Online,2026-09-21,28
PRO,Centro 5,Online,2026-09-21,28
PYT,Centro 4,Online,2026-09-21,28
CYB,Centro 2,Hybrid,2026-09-21,27
EXC,Centro 3,Online,2026-09-21,26
HOT,Centro 3,In-person,2026-09-21,26
FOR,Centro 3,Hybrid,2026-09-21,25
PRO,Centro 4,In-person,2026-09-21,25
HOT,Centro 4,Hybrid,2026-09-21,24
GES,Centro 5,In-person,2026-09-21,23
PRO,Centro 2,Online,2026-09-21,23
ING,Centro 4,Online,2026-09-21,22
PBI,Centro 2,Online,2026-09-21,21
PYT,Centro 4,Hybrid,2026-09-21,21
TUR,Centro 1,In-person,2026-09-21,21
CYB,Centro 2,In-person,2026-09-21,20
GER,Centro 3,In-person,2026-09-21,20
HCP,Centro 2,In-person,2026-09-21,20
LID,Centro 3,Hybrid,2026-09-21,20
LID,Centro 5,Hybrid,2026-09-21,20
PBI,Centro 4,Hybrid,2026-09-21,20
PBI,Centro 5,Online,2026-09-21,20
SCI,Centro 4,In-person,2026-09-21,20
CYB,Centro 4,In-person,2026-09-21,19
GES,Centro 1,Hybrid,2026-09-21,19
INF,Centro 3,In-person,2026-09-21,19
PRO,Centro 1,Hybrid,2026-09-21,19
VND,Centro 2,Online,2026-09-21,19
HOT,Centro 2,Hybrid,2026-09-21,18
ING,Centro 3,Online,2026-09-21,18
MNT,Centro 1,In-person,2026-09-21,18
SEG,Centro 1,In-person,2026-09-21,18
LOG,Centro 1,In-person,2026-09-21,17
SST,Centro 4,Hybrid,2026-09-21,17
EXC,Centro 3,Hybrid,2026-09-21,16
FOR,Centro 3,Online,2026-09-21,16
HCP,Centro 3,In-person,2026-09-21,16
HOT,Centro 5,In-person,2026-09-21,16
SOC,Centro 4,In-person,2026-09-21,16
GER,Centro 2,Hybrid,2026-09-21,15
SOC,Centro 1,Hybrid,2026-09-21,15
VND,Centro 4,Hybrid,2026-09-21,15
HCP,Centro 5,Hybrid,2026-09-21,14
ING,Centro 2,Hybrid,2026-09-21,14
PRO,Centro 3,Online,2026-09-21,14
HAC,Centro 4,Online,2026-09-21,13
PBI,Centro 5,In-person,2026-09-21,13
PRO,Centro 1,Online,2026-09-21,13
PYT,Centro 1,Online,2026-09-21,13
PYT,Centro 5,Hybrid,2026-09-21,13
EXC,Centro 4,Online,2026-09-21,12
LOG,Centro 5,Hybrid,2026-09-21,12
PRO,Centro 1,In-person,2026-09-21,12
SCI,Centro 1,In-person,2026-09-21,12
CYB,Centro 3,In-person,2026-09-21,11
GER,Centro 3,Hybrid,2026-09-21,11
GER,Centro 4,In-person,2026-09-21,11
INF,Centro 1,Hybrid,2026-09-21,11
LID,Centro 4,Online,2026-09-21,11
PRI,Centro 3,In-person,2026-09-21,11
SEG,Centro 3,In-person,2026-09-21,11
SST,Centro 3,Hybrid,2026-09-21,11
TUR,Centro 2,In-person,2026-09-21,11
CYB,Centro 5,Hybrid,2026-09-21,10
GER,Centro 5,Hybrid,2026-09-21,10
GES,Centro 5,Online,2026-09-21,10
LID,Centro 4,Hybrid,2026-09-21,10
LOG,Centro 4,In-person,2026-09-21,10
PRI,Centro 2,In-person,2026-09-21,10
SCI,Centro 3,In-person,2026-09-21,10
VND,Centro 3,Hybrid,2026-09-21,10
FOR,Centro 4,Hybrid,2026-09-21,9
HOT,Centro 5,Hybrid,2026-09-21,9
INF,Centro 2,Hybrid,2026-09-21,9
ING,Centro 5,Hybrid,2026-09-21,9
PYT,Centro 1,Hybrid,2026-09-21,9
SCI,Centro 2,In-person,2026-09-21,9
ING,Centro 5,Online,2026-09-21,8
LOG,Centro 2,In-person,2026-09-21,8
PYT,Centro 3,Online,2026-09-21,8
VND,Centro 4,In-person,2026-09-21,8
CYB,Centro 5,Online,2026-09-21,7
FOR,Centro 2,Hybrid,2026-09-21,7
INF,Centro 4,In-person,2026-09-21,7
MNT,Centro 4,In-person,2026-09-21,7
VND,Centro 2,In-person,2026-09-21,7
LID,Centro 1,Online,2026-09-21,6
LID,Centro 3,In-person,2026-09-21,6
SEG,Centro 5,Online,2026-09-21,6
CYB,Centro 3,Hybrid,2026-09-21,5
CYB,Centro 4,Online,2026-09-21,5
EMP,Centro 5,In-person,2026-09-21,5
MNT,Centro 2,In-person,2026-09-21,5
PRI,Centro 1,In-person,2026-09-21,5
PRO,Centro 5,Hybrid,2026-09-21,5
SCI,Centro 5,In-person,2026-09-21,5
SEG,Centro 4,Online,2026-09-21,5
TUR,Centro 4,Hybrid,2026-09-21,5
VND,Centro 1,In-person,2026-09-21,5
EMP,Centro 3,In-person,2026-09-21,4
EMP,Centro 4,In-person,2026-09-21,4
GER,Centro 1,In-person,2026-09-21,4
HCP,Centro 2,Hybrid,2026-09-21,4
LID,Centro 2,Hybrid,2026-09-21,4
LID,Centro 2,In-person,2026-09-21,4
SOC,Centro 2,In-person,2026-09-21,4
EXC,Centro 3,In-person,2026-09-21,3
FOR,Centro 1,In-person,2026-09-21,3
HAC,Centro 2,Hybrid,2026-09-21,3
ING,Centro 2,Online,2026-09-21,3
ING,Centro 4,In-person,2026-09-21,3
LID,Centro 4,In-person,2026-09-21,3
LOG,Centro 1,Hybrid,2026-09-21,3
LOG,Centro 4,Hybrid,2026-09-21,3
PRI,Centro 4,In-person,2026-09-21,3
PRI,Centro 5,In-person,2026-09-21,3
CYB,Centro 2,Online,2026-09-21,2
EMP,Centro 1,In-person,2026-09-21,2
HAC,Centro 2,In-person,2026-09-21,2
HOT,Centro 2,In-person,2026-09-21,2
ING,Centro 1,In-person,2026-09-21,2
ING,Centro 5,In-person,2026-09-21,2
MNT,Centro 3,In-person,2026-09-21,2
PBI,Centro 3,In-person,2026-09-21,2
PYT,Centro 2,In-person,2026-09-21,2
SOC,Centro 3,In-person,2026-09-21,2
SST,Centro 1,In-person,2026-09-21,2
SST,Centro 5,Online,2026-09-21,2
SST,Centro 5,In-person,2026-09-21,2
TUR,Centro 3,Hybrid,2026-09-21,2
VND,Centro 5,In-person,2026-09-21,2
EMP,Centro 2,In-person,2026-09-21,1
EXC,Centro 1,Online,2026-09-21,1
EXC,Centro 1,Hybrid,2026-09-21,1
EXC,Centro 4,In-person,2026-09-21,1
GES,Centro 1,In-person,2026-09-21,1
HAC,Centro 5,Hybrid,2026-09-21,1
HCP,Centro 4,In-person,2026-09-21,1
INF,Centro 5,Hybrid,2026-09-21,1
LOG,Centro 5,In-person,2026-09-21,1
PBI,Centro 5,Hybrid,2026-09-21,1
SEG,Centro 1,Online,2026-09-21,1
SEG,Centro 2,In-person,2026-09-21,1
SOC,Centro 2,Hybrid,2026-09-21,1
TUR,Centro 2,Hybrid,2026-09-21,1
TUR,Centro 5,In-person,2026-09-21,1
VND,Centro 3,Online,2026-09-21,1
HOT,Centro 2,In-person,2026-09-28,63
PRO,Centro 2,Online,2026-09-28,61
EXC,Centro 3,Online,2026-09-28,40
MNT,Centro 1,In-person,2026-09-28,39
PYT,Centro 1,Hybrid,2026-09-28,38
PYT,Centro 4,Online,2026-09-28,37
SEG,Centro 3,Hybrid,2026-09-28,35
EMP,Centro 4,In-person,2026-09-28,34
GES,Centro 2,Online,2026-09-28,33
MNT,Centro 4,In-person,2026-09-28,33
PBI,Centro 5,Online,2026-09-28,31
PRI,Centro 2,In-person,2026-09-28,31
SOC,Centro 3,In-person,2026-09-28,31
GER,Centro 1,Hybrid,2026-09-28,30
HAC,Centro 4,In-person,2026-09-28,29
LID,Centro 2,Hybrid,2026-09-28,29
SEG,Centro 1,In-person,2026-09-28,29
SST,Centro 5,Online,2026-09-28,29
LID,Centro 5,Hybrid,2026-09-28,28
EXC,Centro 1,Hybrid,2026-09-28,27
SST,Centro 1,In-person,2026-09-28,27
TUR,Centro 2,Hybrid,2026-09-28,26
CYB,Centro 2,Hybrid,2026-09-28,25
PBI,Centro 4,Online,2026-09-28,25
PYT,Centro 5,Online,2026-09-28,25
SEG,Centro 1,Online,2026-09-28,25
SEG,Centro 2,Hybrid,2026-09-28,25
HCP,Centro 5,Hybrid,2026-09-28,24
INF,Centro 5,In-person,2026-09-28,24
CYB,Centro 3,Hybrid,2026-09-28,23
EXC,Centro 2,Online,2026-09-28,23
INF,Centro 2,Hybrid,2026-09-28,23
MNT,Centro 5,In-person,2026-09-28,23
PRI,Centro 4,In-person,2026-09-28,23
PRO,Centro 5,Hybrid,2026-09-28,23
PYT,Centro 1,Online,2026-09-28,23
TUR,Centro 2,In-person,2026-09-28,23
CYB,Centro 2,Online,2026-09-28,22
SOC,Centro 4,Hybrid,2026-09-28,22
EMP,Centro 1,In-person,2026-09-28,21
LOG,Centro 4,In-person,2026-09-28,21
PBI,Centro 1,Hybrid,2026-09-28,21
CYB,Centro 2,In-person,2026-09-28,20
GES,Centro 2,In-person,2026-09-28,20
HOT,Centro 3,In-person,2026-09-28,20
HOT,Centro 5,In-person,2026-09-28,20
ING,Centro 5,In-person,2026-09-28,20
PYT,Centro 3,Online,2026-09-28,20
ING,Centro 2,Hybrid,2026-09-28,19
LID,Centro 4,Hybrid,2026-09-28,19
PBI,Centro 5,In-person,2026-09-28,19
FOR,Centro 3,Hybrid,2026-09-28,18
PBI,Centro 4,Hybrid,2026-09-28,18
PRI,Centro 3,Hybrid,2026-09-28,18
PRO,Centro 1,In-person,2026-09-28,18
TUR,Centro 1,Hybrid,2026-09-28,18
CYB,Centro 1,Hybrid,2026-09-28,17
EXC,Centro 1,Online,2026-09-28,17
TUR,Centro 4,In-person,2026-09-28,17
VND,Centro 2,Hybrid,2026-09-28,17
FOR,Centro 1,Hybrid,2026-09-28,16
GER,Centro 5,Hybrid,2026-09-28,16
HAC,Centro 2,Hybrid,2026-09-28,16
SCI,Centro 1,In-person,2026-09-28,15
VND,Centro 2,Online,2026-09-28,15
CYB,Centro 4,Hybrid,2026-09-28,14
EXC,Centro 4,Hybrid,2026-09-28,14
GES,Centro 4,In-person,2026-09-28,14
LID,Centro 4,Online,2026-09-28,14
LOG,Centro 5,In-person,2026-09-28,14
PRO,Centro 2,Hybrid,2026-09-28,14
GER,Centro 2,In-person,2026-09-28,13
ING,Centro 2,Online,2026-09-28,13
LID,Centro 2,Online,2026-09-28,13
LID,Centro 3,Hybrid,2026-09-28,13
LOG,Centro 1,Hybrid,2026-09-28,13
EMP,Centro 2,In-person,2026-09-28,12
EMP,Centro 3,In-person,2026-09-28,12
HAC,Centro 5,Online,2026-09-28,12
SCI,Centro 5,In-person,2026-09-28,12
EXC,Centro 1,In-person,2026-09-28,11
GER,Centro 3,In-person,2026-09-28,11
GES,Centro 3,Online,2026-09-28,11
GES,Centro 3,Hybrid,2026-09-28,11
HAC,Centro 5,Hybrid,2026-09-28,11
LID,Centro 2,In-person,2026-09-28,11
LID,Centro 4,In-person,2026-09-28,11
SST,Centro 3,Hybrid,2026-09-28,11
HCP,Centro 2,Hybrid,2026-09-28,10
HCP,Centro 5,In-person,2026-09-28,10
LOG,Centro 3,Hybrid,2026-09-28,10
MNT,Centro 3,In-person,2026-09-28,10
PBI,Centro 2,Online,2026-09-28,10
PRO,Centro 3,In-person,2026-09-28,10
PYT,Centro 4,Hybrid,2026-09-28,10
SOC,Centro 2,Hybrid,2026-09-28,10
VND,Centro 5,In-person,2026-09-28,10
GER,Centro 1,In-person,2026-09-28,9
EXC,Centro 2,Hybrid,2026-09-28,8
HAC,Centro 1,Hybrid,2026-09-28,8
INF,Centro 4,In-person,2026-09-28,8
ING,Centro 5,Online,2026-09-28,8
LID,Centro 5,In-person,2026-09-28,8
PRI,Centro 3,In-person,2026-09-28,8
PYT,Centro 2,Hybrid,2026-09-28,8
SCI,Centro 2,In-person,2026-09-28,8
SEG,Centro 4,Hybrid,2026-09-28,8
GER,Centro 3,Hybrid,2026-09-28,7
GER,Centro 4,Hybrid,2026-09-28,7
LOG,Centro 2,In-person,2026-09-28,7
PBI,Centro 1,In-person,2026-09-28,7
PBI,Centro 3,In-person,2026-09-28,7
PRO,Centro 4,In-person,2026-09-28,7
SEG,Centro 1,Hybrid,2026-09-28,7
LID,Centro 1,Hybrid,2026-09-28,6
LID,Centro 1,In-person,2026-09-28,6
VND,Centro 4,Hybrid,2026-09-28,6
PYT,Centro 3,Hybrid,2026-09-28,5
SCI,Centro 4,Hybrid,2026-09-28,5
SEG,Centro 5,Hybrid,2026-09-28,5
SOC,Centro 4,In-person,2026-09-28,5
SST,Centro 4,In-person,2026-09-28,5
FOR,Centro 5,Online,2026-09-28,4
HAC,Centro 5,In-person,2026-09-28,4
LOG,Centro 1,In-person,2026-09-28,4
PBI,Centro 2,Hybrid,2026-09-28,4
PYT,Centro 2,In-person,2026-09-28,4
SEG,Centro 3,In-person,2026-09-28,4
SST,Centro 1,Hybrid,2026-09-28,4
TUR,Centro 3,In-person,2026-09-28,4
FOR,Centro 2,Hybrid,2026-09-28,3
GES,Centro 5,Hybrid,2026-09-28,3
HCP,Centro 3,In-person,2026-09-28,3
HOT,Centro 1,Hybrid,2026-09-28,3
ING,Centro 4,Online,2026-09-28,3
PRI,Centro 2,Hybrid,2026-09-28,3
PRO,Centro 4,Online,2026-09-28,3
SEG,Centro 2,In-person,2026-09-28,3
VND,Centro 1,In-person,2026-09-28,3
EMP,Centro 5,In-person,2026-09-28,2
EXC,Centro 5,Online,2026-09-28,2
HAC,Centro 2,In-person,2026-09-28,2
INF,Centro 3,In-person,2026-09-28,2
PBI,Centro 4,In-person,2026-09-28,2
SEG,Centro 5,In-person,2026-09-28,2
SST,Centro 2,Hybrid,2026-09-28,2
TUR,Centro 5,In-person,2026-09-28,2
CYB,Centro 3,Online,2026-09-28,1
CYB,Centro 3,In-person,2026-09-28,1
CYB,Centro 5,Hybrid,2026-09-28,1
GER,Centro 4,In-person,2026-09-28,1
GER,Centro 5,In-person,2026-09-28,1
GES,Centro 2,Hybrid,2026-09-28,1
ING,Centro 3,Online,2026-09-28,1
LID,Centro 1,Online,2026-09-28,1
LOG,Centro 3,In-person,2026-09-28,1
MNT,Centro 2,In-person,2026-09-28,1
SCI,Centro 2,Hybrid,2026-09-28,1
SEG,Centro 2,Online,2026-09-28,1
SST,Centro 5,Hybrid,2026-09-28,1
VND,Centro 3,Online,2026-09-28,1
VND,Centro 3,Hybrid,2026-09-28,1
VND,Centro 4,Online,2026-09-28,1
VND,Centro 2,Online,2026-10-05,63
CYB,Centro 5,Online,2026-10-05,54
CYB,Centro 2,Online,2026-10-05,51
TUR,Centro 5,Hybrid,2026-10-05,45
MNT,Centro 3,In-person,2026-10-05,43
FOR,Centro 2,Hybrid,2026-10-05,41
LID,Centro 5,In-person,2026-10-05,40
PYT,Centro 4,Online,2026-10-05,40
CYB,Centro 4,Hybrid,2026-10-05,37
EMP,Centro 3,In-person,2026-10-05,36
CYB,Centro 2,Hybrid,2026-10-05,34
FOR,Centro 1,Online,2026-10-05,34
MNT,Centro 2,In-person,2026-10-05,34
PYT,Centro 3,Online,2026-10-05,34
LID,Centro 3,Hybrid,2026-10-05,32
EMP,Centro 4,In-person,2026-10-05,31
EMP,Centro 5,In-person,2026-10-05,31
PBI,Centro 4,Online,2026-10-05,31
SST,Centro 1,Hybrid,2026-10-05,30
EXC,Centro 3,Online,2026-10-05,29
EXC,Centro 4,Online,2026-10-05,29
HAC,Centro 5,Online,2026-10-05,29
SST,Centro 3,Hybrid,2026-10-05,29
VND,Centro 5,Online,2026-10-05,29
MNT,Centro 4,In-person,2026-10-05,28
PBI,Centro 1,Online,2026-10-05,28
GES,Centro 5,Online,2026-10-05,26
SCI,Centro 3,In-person,2026-10-05,26
HCP,Centro 5,In-person,2026-10-05,25
HAC,Centro 2,In-person,2026-10-05,24
GES,Centro 2,Hybrid,2026-10-05,23
PYT,Centro 2,In-person,2026-10-05,23
GER,Centro 2,Hybrid,2026-10-05,22
LID,Centro 1,In-person,2026-10-05,22
EXC,Centro 1,Hybrid,2026-10-05,21
HCP,Centro 5,Hybrid,2026-10-05,21
CYB,Centro 4,In-person,2026-10-05,20
LID,Centro 1,Online,2026-10-05,20
PYT,Centro 5,Online,2026-10-05,19
SEG,Centro 1,In-person,2026-10-05,19
SEG,Centro 5,Hybrid,2026-10-05,19
GES,Centro 5,Hybrid,2026-10-05,18
HCP,Centro 3,In-person,2026-10-05,18
PRI,Centro 1,In-person,2026-10-05,18
LID,Centro 1,Hybrid,2026-10-05,17
PBI,Centro 4,Hybrid,2026-10-05,17
CYB,Centro 1,Online,2026-10-05,16
HOT,Centro 3,In-person,2026-10-05,16
SEG,Centro 1,Online,2026-10-05,16
SOC,Centro 2,In-person,2026-10-05,16
CYB,Centro 4,Online,2026-10-05,15
EXC,Centro 4,Hybrid,2026-10-05,15
GER,Centro 4,In-person,2026-10-05,15
PRO,Centro 1,Online,2026-10-05,15
FOR,Centro 5,Online,2026-10-05,14
FOR,Centro 5,Hybrid,2026-10-05,14
GER,Centro 4,Hybrid,2026-10-05,14
INF,Centro 4,In-person,2026-10-05,14
LID,Centro 2,Online,2026-10-05,14
LID,Centro 4,Online,2026-10-05,14
PYT,Centro 1,Online,2026-10-05,14
TUR,Centro 3,Hybrid,2026-10-05,14
GER,Centro 1,Hybrid,2026-10-05,13
GER,Centro 1,In-person,2026-10-05,13
GER,Centro 2,In-person,2026-10-05,13
INF,Centro 3,In-person,2026-10-05,13
INF,Centro 5,Hybrid,2026-10-05,13
LID,Centro 4,Hybrid,2026-10-05,13
PYT,Centro 4,Hybrid,2026-10-05,13
SEG,Centro 4,Hybrid,2026-10-05,13
SST,Centro 1,In-person,2026-10-05,13
GES,Centro 3,Hybrid,2026-10-05,12
HAC,Centro 4,In-person,2026-10-05,12
PYT,Centro 3,Hybrid,2026-10-05,12
SCI,Centro 1,Hybrid,2026-10-05,12
SCI,Centro 4,In-person,2026-10-05,12
SEG,Centro 1,Hybrid,2026-10-05,12
SEG,Centro 5,In-person,2026-10-05,12
VND,Centro 4,In-person,2026-10-05,12
SST,Centro 4,In-person,2026-10-05,11
TUR,Centro 5,In-person,2026-10-05,11
VND,Centro 4,Hybrid,2026-10-05,11
INF,Centro 5,In-person,2026-10-05,10
LID,Centro 4,In-person,2026-10-05,10
EMP,Centro 2,In-person,2026-10-05,9
GER,Centro 5,In-person,2026-10-05,9
SCI,Centro 2,Hybrid,2026-10-05,9
GER,Centro 3,In-person,2026-10-05,8
HOT,Centro 5,In-person,2026-10-05,8
LOG,Centro 4,Hybrid,2026-10-05,8
PBI,Centro 5,In-person,2026-10-05,8
PRI,Centro 1,Hybrid,2026-10-05,8
PRO,Centro 3,Hybrid,2026-10-05,8
SST,Centro 5,In-person,2026-10-05,8
ING,Centro 1,In-person,2026-10-05,7
MNT,Centro 5,In-person,2026-10-05,7
CYB,Centro 3,In-person,2026-10-05,6
GES,Centro 1,Hybrid,2026-10-05,6
LOG,Centro 2,In-person,2026-10-05,6
PRO,Centro 4,In-person,2026-10-05,6
SST,Centro 3,In-person,2026-10-05,6
CYB,Centro 3,Hybrid,2026-10-05,5
EXC,Centro 3,Hybrid,2026-10-05,5
GES,Centro 2,In-person,2026-10-05,5
PRI,Centro 3,In-person,2026-10-05,5
SOC,Centro 3,In-person,2026-10-05,5
EMP,Centro 1,In-person,2026-10-05,4
ING,Centro 2,In-person,2026-10-05,4
LOG,Centro 1,Hybrid,2026-10-05,4
MNT,Centro 1,In-person,2026-10-05,4
TUR,Centro 1,Hybrid,2026-10-05,4
EXC,Centro 1,Online,2026-10-05,3
HCP,Centro 1,Hybrid,2026-10-05,3
HCP,Centro 1,In-person,2026-10-05,3
ING,Centro 2,Hybrid,2026-10-05,3
LOG,Centro 1,In-person,2026-10-05,3
PRI,Centro 5,In-person,2026-10-05,3
VND,Centro 5,Hybrid,2026-10-05,3
GER,Centro 5,Hybrid,2026-10-05,2
HAC,Centro 2,Hybrid,2026-10-05,2
LID,Centro 3,In-person,2026-10-05,2
PBI,Centro 1,Hybrid,2026-10-05,2
PYT,Centro 2,Hybrid,2026-10-05,2
SCI,Centro 4,Hybrid,2026-10-05,2
SEG,Centro 2,Online,2026-10-05,2
SEG,Centro 2,In-person,2026-10-05,2
SOC,Centro 4,Hybrid,2026-10-05,2
SST,Centro 5,Online,2026-10-05,2
TUR,Centro 2,Hybrid,2026-10-05,2
TUR,Centro 2,In-person,2026-10-05,2
TUR,Centro 3,In-person,2026-10-05,2
VND,Centro 2,Hybrid,2026-10-05,2
CYB,Centro 1,Hybrid,2026-10-05,1
CYB,Centro 2,In-person,2026-10-05,1
CYB,Centro 3,Online,2026-10-05,1
FOR,Centro 4,Hybrid,2026-10-05,1
HOT,Centro 2,In-person,2026-10-05,1
INF,Centro 3,Hybrid,2026-10-05,1
LOG,Centro 3,In-person,2026-10-05,1
PRI,Centro 3,Hybrid,2026-10-05,1
PRO,Centro 3,In-person,2026-10-05,1
PRO,Centro 4,Online,2026-10-05,1
PRO,Centro 5,Online,2026-10-05,1
PYT,Centro 1,Hybrid,2026-10-05,1
SCI,Centro 1,In-person,2026-10-05,1
SEG,Centro 3,In-person,2026-10-05,1
SOC,Centro 3,Hybrid,2026-10-05,1
SST,Centro 2,Online,2026-10-05,1
SST,Centro 2,Hybrid,2026-10-05,1
TUR,Centro 4,Hybrid,2026-10-05,1
VND,Centro 3,Hybrid,2026-10-05,1
CYB,Centro 4,Online,2026-10-12,55
SST,Centro 1,In-person,2026-10-12,55
VND,Centro 2,Online,2026-10-12,53
GER,Centro 3,In-person,2026-10-12,47
ING,Centro 3,Online,2026-10-12,38
LOG,Centro 1,Hybrid,2026-10-12,36
FOR,Centro 3,Hybrid,2026-10-12,34
PBI,Centro 4,Hybrid,2026-10-12,34
SEG,Centro 1,Hybrid,2026-10-12,31
SST,Centro 5,In-person,2026-10-12,31
VND,Centro 3,Online,2026-10-12,31
GER,Centro 5,In-person,2026-10-12,29
HCP,Centro 5,In-person,2026-10-12,29
PBI,Centro 1,In-person,2026-10-12,28
GER,Centro 3,Hybrid,2026-10-12,27
HOT,Centro 3,In-person,2026-10-12,27
LOG,Centro 2,In-person,2026-10-12,27
PBI,Centro 5,Hybrid,2026-10-12,27
SCI,Centro 3,In-person,2026-10-12,27
PBI,Centro 4,In-person,2026-10-12,26
PRI,Centro 5,In-person,2026-10-12,26
SEG,Centro 5,Hybrid,2026-10-12,26
CYB,Centro 4,Hybrid,2026-10-12,25
EMP,Centro 4,In-person,2026-10-12,25
LOG,Centro 5,Hybrid,2026-10-12,25
PBI,Centro 1,Online,2026-10-12,25
PBI,Centro 1,Hybrid,2026-10-12,25
INF,Centro 4,In-person,2026-10-12,24
HAC,Centro 3,Hybrid,2026-10-12,23
EXC,Centro 2,In-person,2026-10-12,22
HAC,Centro 5,Hybrid,2026-10-12,22
PRI,Centro 1,In-person,2026-10-12,22
PRI,Centro 3,Hybrid,2026-10-12,22
PRO,Centro 2,Hybrid,2026-10-12,22
VND,Centro 2,Hybrid,2026-10-12,21
VND,Centro 3,Hybrid,2026-10-12,21
EMP,Centro 3,In-person,2026-10-12,20
SEG,Centro 2,Hybrid,2026-10-12,20
TUR,Centro 1,In-person,2026-10-12,20
CYB,Centro 3,In-person,2026-10-12,19
LOG,Centro 5,In-person,2026-10-12,19
SEG,Centro 2,In-person,2026-10-12,19
FOR,Centro 2,Hybrid,2026-10-12,18
GES,Centro 2,Online,2026-10-12,18
SEG,Centro 4,Online,2026-10-12,18
GES,Centro 1,Hybrid,2026-10-12,17
HAC,Centro 5,Online,2026-10-12,17
LOG,Centro 4,In-person,2026-10-12,17
EXC,Centro 2,Hybrid,2026-10-12,16
GER,Centro 2,In-person,2026-10-12,16
INF,Centro 3,Hybrid,2026-10-12,16
SCI,Centro 1,In-person,2026-10-12,16
FOR,Centro 2,In-person,2026-10-12,15
FOR,Centro 4,Hybrid,2026-10-12,14
PRI,Centro 3,In-person,2026-10-12,14
PRO,Centro 1,Online,2026-10-12,14
VND,Centro 1,In-person,2026-10-12,14
VND,Centro 5,Online,2026-10-12,14
LOG,Centro 4,Hybrid,2026-10-12,13
PBI,Centro 2,In-person,2026-10-12,13
PRO,Centro 5,Hybrid,2026-10-12,13
CYB,Centro 1,Hybrid,2026-10-12,12
PBI,Centro 4,Online,2026-10-12,12
PYT,Centro 2,Hybrid,2026-10-12,12
SCI,Centro 1,Hybrid,2026-10-12,12
CYB,Centro 2,Online,2026-10-12,11
GES,Centro 2,Hybrid,2026-10-12,11
GER,Centro 4,In-person,2026-10-12,10
HCP,Centro 4,In-person,2026-10-12,10
LID,Centro 5,Hybrid,2026-10-12,10
MNT,Centro 2,In-person,2026-10-12,10
PYT,Centro 3,Hybrid,2026-10-12,10
SST,Centro 2,Hybrid,2026-10-12,10
SST,Centro 3,Hybrid,2026-10-12,10
VND,Centro 4,In-person,2026-10-12,10
CYB,Centro 1,Online,2026-10-12,9
EXC,Centro 1,Hybrid,2026-10-12,9
GES,Centro 4,Hybrid,2026-10-12,9
ING,Centro 1,In-person,2026-10-12,9
PRO,Centro 3,Hybrid,2026-10-12,9
PYT,Centro 5,Hybrid,2026-10-12,9
SST,Centro 4,In-person,2026-10-12,9
CYB,Centro 2,Hybrid,2026-10-12,8
HCP,Centro 5,Hybrid,2026-10-12,8
ING,Centro 5,Online,2026-10-12,8
SOC,Centro 2,Hybrid,2026-10-12,8
CYB,Centro 3,Hybrid,2026-10-12,7
GER,Centro 1,Hybrid,2026-10-12,7
GER,Centro 4,Hybrid,2026-10-12,7
GES,Centro 1,In-person,2026-10-12,7
LOG,Centro 1,In-person,2026-10-12,7
PBI,Centro 2,Online,2026-10-12,7
PRI,Centro 4,In-person,2026-10-12,7
PYT,Centro 4,Online,2026-10-12,7
FOR,Centro 5,Online,2026-10-12,6
HCP,Centro 2,In-person,2026-10-12,6
INF,Centro 5,Hybrid,2026-10-12,6
ING,Centro 3,In-person,2026-10-12,6
LID,Centro 1,Online,2026-10-12,6
LID,Centro 2,Hybrid,2026-10-12,6
LID,Centro 3,In-person,2026-10-12,6
LOG,Centro 2,Hybrid,2026-10-12,6
MNT,Centro 5,In-person,2026-10-12,6
PBI,Centro 3,Online,2026-10-12,6
PRO,Centro 2,Online,2026-10-12,6
SEG,Centro 1,In-person,2026-10-12,6
SOC,Centro 3,In-person,2026-10-12,6
TUR,Centro 5,Hybrid,2026-10-12,6
VND,Centro 4,Hybrid,2026-10-12,6
EXC,Centro 3,Online,2026-10-12,5
EXC,Centro 4,Online,2026-10-12,5
GER,Centro 2,Hybrid,2026-10-12,5
HOT,Centro 2,In-person,2026-10-12,5
ING,Centro 2,Online,2026-10-12,5
LID,Centro 1,In-person,2026-10-12,5
SEG,Centro 1,Online,2026-10-12,5
TUR,Centro 3,Hybrid,2026-10-12,5
GES,Centro 5,In-person,2026-10-12,4
INF,Centro 3,In-person,2026-10-12,4
PYT,Centro 1,Hybrid,2026-10-12,4
TUR,Centro 2,In-person,2026-10-12,4
FOR,Centro 3,Online,2026-10-12,3
HCP,Centro 2,Hybrid,2026-10-12,3
INF,Centro 2,In-person,2026-10-12,3
LID,Centro 3,Online,2026-10-12,3
MNT,Centro 4,In-person,2026-10-12,3
PBI,Centro 2,Hybrid,2026-10-12,3
PRO,Centro 4,Online,2026-10-12,3
SCI,Centro 2,Hybrid,2026-10-12,3
SEG,Centro 4,Hybrid,2026-10-12,3
TUR,Centro 3,In-person,2026-10-12,3
CYB,Centro 5,Hybrid,2026-10-12,2
EXC,Centro 4,Hybrid,2026-10-12,2
ING,Centro 3,Hybrid,2026-10-12,2
PRI,Centro 2,Hybrid,2026-10-12,2
PYT,Centro 2,Online,2026-10-12,2
PYT,Centro 3,Online,2026-10-12,2
SEG,Centro 2,Online,2026-10-12,2
SEG,Centro 3,In-person,2026-10-12,2
SST,Centro 3,In-person,2026-10-12,2
SST,Centro 5,Hybrid,2026-10-12,2
EXC,Centro 1,Online,2026-10-12,1
FOR,Centro 1,In-person,2026-10-12,1
GES,Centro 2,In-person,2026-10-12,1
HAC,Centro 2,In-person,2026-10-12,1
LID,Centro 2,Online,2026-10-12,1
LID,Centro 2,In-person,2026-10-12,1
PRI,Centro 2,In-person,2026-10-12,1
PRO,Centro 1,In-person,2026-10-12,1
PYT,Centro 1,Online,2026-10-12,1
PYT,Centro 4,Hybrid,2026-10-12,1
PYT,Centro 5,Online,2026-10-12,1
SCI,Centro 2,In-person,2026-10-12,1
SST,Centro 5,Online,2026-10-12,1
TUR,Centro 2,Hybrid,2026-10-12,1
TUR,Centro 4,Hybrid,2026-10-12,1
TUR,Centro 5,In-person,2026-10-12,1
VND,Centro 2,In-person,2026-10-12,1
GER,Centro 2,In-person,2026-10-19,52
SST,Centro 5,In-person,2026-10-19,50
PYT,Centro 2,Online,2026-10-19,42
GER,Centro 2,Hybrid,2026-10-19,38
PYT,Centro 2,Hybrid,2026-10-19,38
VND,Centro 1,Online,2026-10-19,38
LID,Centro 1,Online,2026-10-19,36
FOR,Centro 3,Hybrid,2026-10-19,31
PBI,Centro 4,Online,2026-10-19,28
CYB,Centro 2,Hybrid,2026-10-19,27
PRI,Centro 3,Hybrid,2026-10-19,27
PRI,Centro 3,In-person,2026-10-19,27
INF,Centro 4,In-person,2026-10-19,26
LOG,Centro 4,In-person,2026-10-19,26
MNT,Centro 3,In-person,2026-10-19,26
PYT,Centro 3,Hybrid,2026-10-19,26
CYB,Centro 1,Online,2026-10-19,25
FOR,Centro 3,Online,2026-10-19,24
HOT,Centro 2,In-person,2026-10-19,24
GES,Centro 2,In-person,2026-10-19,23
PBI,Centro 5,Hybrid,2026-10-19,23
PRO,Centro 4,Online,2026-10-19,22
SST,Centro 4,Hybrid,2026-10-19,22
EMP,Centro 4,In-person,2026-10-19,21
EXC,Centro 4,Online,2026-10-19,20
GER,Centro 3,Hybrid,2026-10-19,20
GER,Centro 3,In-person,2026-10-19,20
LOG,Centro 2,Hybrid,2026-10-19,20
PRO,Centro 4,In-person,2026-10-19,20
TUR,Centro 2,In-person,2026-10-19,20
HOT,Centro 2,Hybrid,2026-10-19,19
PRI,Centro 5,In-person,2026-10-19,19
GER,Centro 1,Hybrid,2026-10-19,18
HCP,Centro 1,In-person,2026-10-19,18
HOT,Centro 5,In-person,2026-10-19,18
INF,Centro 2,In-person,2026-10-19,17
PBI,Centro 1,Online,2026-10-19,17
PYT,Centro 2,In-person,2026-10-19,17
SCI,Centro 3,In-person,2026-10-19,17
SST,Centro 5,Hybrid,2026-10-19,17
CYB,Centro 5,Hybrid,2026-10-19,16
ING,Centro 3,In-person,2026-10-19,16
PYT,Centro 1,Online,2026-10-19,16
SOC,Centro 2,Hybrid,2026-10-19,16
SST,Centro 3,In-person,2026-10-19,16
VND,Centro 2,In-person,2026-10-19,16
FOR,Centro 3,In-person,2026-10-19,15
GES,Centro 2,Online,2026-10-19,15
ING,Centro 5,Online,2026-10-19,15
CYB,Centro 4,Online,2026-10-19,14
EMP,Centro 1,In-person,2026-10-19,14
EXC,Centro 3,Online,2026-10-19,14
FOR,Centro 4,Hybrid,2026-10-19,14
PYT,Centro 3,Online,2026-10-19,14
PBI,Centro 4,In-person,2026-10-19,13
CYB,Centro 5,Online,2026-10-19,12
EXC,Centro 2,Online,2026-10-19,12
EXC,Centro 3,Hybrid,2026-10-19,12
PBI,Centro 2,In-person,2026-10-19,12
EXC,Centro 1,Hybrid,2026-10-19,11
SEG,Centro 3,Online,2026-10-19,11
LOG,Centro 5,Hybrid,2026-10-19,10
PBI,Centro 1,Hybrid,2026-10-19,10
SOC,Centro 5,In-person,2026-10-19,10
SST,Centro 1,In-person,2026-10-19,10
VND,Centro 5,Hybrid,2026-10-19,10
PBI,Centro 4,Hybrid,2026-10-19,9
SEG,Centro 1,In-person,2026-10-19,9
SEG,Centro 2,Hybrid,2026-10-19,9
HAC,Centro 3,Hybrid,2026-10-19,8
INF,Centro 3,Hybrid,2026-10-19,8
SEG,Centro 3,Hybrid,2026-10-19,8
CYB,Centro 1,Hybrid,2026-10-19,7
FOR,Centro 5,Hybrid,2026-10-19,7
HAC,Centro 3,In-person,2026-10-19,7
MNT,Centro 1,In-person,2026-10-19,7
FOR,Centro 1,Hybrid,2026-10-19,6
FOR,Centro 1,In-person,2026-10-19,6
GES,Centro 5,In-person,2026-10-19,6
LID,Centro 4,Online,2026-10-19,6
PRO,Centro 3,Hybrid,2026-10-19,6
SCI,Centro 1,In-person,2026-10-19,6
TUR,Centro 5,Hybrid,2026-10-19,6
VND,Centro 5,Online,2026-10-19,6
FOR,Centro 5,Online,2026-10-19,5
HAC,Centro 4,In-person,2026-10-19,5
LID,Centro 4,In-person,2026-10-19,5
LOG,Centro 2,In-person,2026-10-19,5
MNT,Centro 5,In-person,2026-10-19,5
PYT,Centro 1,Hybrid,2026-10-19,5
PYT,Centro 4,Online,2026-10-19,5
SCI,Centro 1,Hybrid,2026-10-19,5
SEG,Centro 4,In-person,2026-10-19,5
VND,Centro 2,Online,2026-10-19,5
VND,Centro 2,Hybrid,2026-10-19,5
VND,Centro 4,Hybrid,2026-10-19,5
EMP,Centro 2,In-person,2026-10-19,4
HCP,Centro 1,Hybrid,2026-10-19,4
PBI,Centro 2,Online,2026-10-19,4
CYB,Centro 2,In-person,2026-10-19,3
EXC,Centro 1,Online,2026-10-19,3
EXC,Centro 2,In-person,2026-10-19,3
HAC,Centro 5,In-person,2026-10-19,3
INF,Centro 3,In-person,2026-10-19,3
LID,Centro 3,Online,2026-10-19,3
LOG,Centro 1,Hybrid,2026-10-19,3
LOG,Centro 5,In-person,2026-10-19,3
PRI,Centro 1,In-person,2026-10-19,3
CYB,Centro 4,Hybrid,2026-10-19,2
GER,Centro 4,In-person,2026-10-19,2
GER,Centro 5,In-person,2026-10-19,2
HAC,Centro 5,Online,2026-10-19,2
HOT,Centro 1,Hybrid,2026-10-19,2
PBI,Centro 2,Hybrid,2026-10-19,2
PRI,Centro 4,In-person,2026-10-19,2
PYT,Centro 5,In-person,2026-10-19,2
SEG,Centro 1,Online,2026-10-19,2
SOC,Centro 3,Hybrid,2026-10-19,2
SOC,Centro 3,In-person,2026-10-19,2
SST,Centro 1,Hybrid,2026-10-19,2
SST,Centro 3,Hybrid,2026-10-19,2
SST,Centro 4,In-person,2026-10-19,2
CYB,Centro 3,In-person,2026-10-19,1
EXC,Centro 4,Hybrid,2026-10-19,1
FOR,Centro 2,Hybrid,2026-10-19,1
GER,Centro 1,In-person,2026-10-19,1
GER,Centro 5,Hybrid,2026-10-19,1
HAC,Centro 2,In-person,2026-10-19,1
HCP,Centro 4,In-person,2026-10-19,1
INF,Centro 1,Hybrid,2026-10-19,1
LID,Centro 3,In-person,2026-10-19,1
LID,Centro 5,Hybrid,2026-10-19,1
MNT,Centro 2,In-person,2026-10-19,1
PRI,Centro 2,In-person,2026-10-19,1
PRO,Centro 2,Hybrid,2026-10-19,1
PYT,Centro 5,Hybrid,2026-10-19,1
SCI,Centro 4,In-person,2026-10-19,1
SEG,Centro 1,Hybrid,2026-10-19,1
SEG,Centro 4,Online,2026-10-19,1
SST,Centro 2,In-person,2026-10-19,1
TUR,Centro 2,Hybrid,2026-10-19,1
TUR,Centro 3,Hybrid,2026-10-19,1
TUR,Centro 5,In-person,2026-10-19,1
VND,Centro 3,Online,2026-10-19,1
EXC,Centro 3,Online,2026-10-26,71
PBI,Centro 1,Hybrid,2026-10-26,44
PBI,Centro 2,Online,2026-10-26,41
VND,Centro 4,Hybrid,2026-10-26,40
LOG,Centro 5,In-person,2026-10-26,38
EXC,Centro 1,Online,2026-10-26,36
MNT,Centro 3,In-person,2026-10-26,35
PRO,Centro 5,Hybrid,2026-10-26,34
CYB,Centro 4,Online,2026-10-26,33
PRI,Centro 3,In-person,2026-10-26,33
PRO,Centro 5,Online,2026-10-26,33
SST,Centro 3,In-person,2026-10-26,33
GER,Centro 4,In-person,2026-10-26,32
SEG,Centro 1,In-person,2026-10-26,31
GER,Centro 3,In-person,2026-10-26,29
GER,Centro 5,In-person,2026-10-26,29
PRI,Centro 2,Hybrid,2026-10-26,29
SST,Centro 2,Hybrid,2026-10-26,27
LID,Centro 2,Online,2026-10-26,25
PYT,Centro 4,Online,2026-10-26,25
TUR,Centro 2,In-person,2026-10-26,25
HAC,Centro 2,Online,2026-10-26,24
SEG,Centro 1,Hybrid,2026-10-26,24
GES,Centro 2,In-person,2026-10-26,23
PBI,Centro 4,Online,2026-10-26,23
PYT,Centro 2,Hybrid,2026-10-26,23
EMP,Centro 5,In-person,2026-10-26,22
GES,Centro 2,Online,2026-10-26,22
INF,Centro 2,Hybrid,2026-10-26,22
SST,Centro 1,Hybrid,2026-10-26,22
VND,Centro 5,Online,2026-10-26,21
GER,Centro 2,In-person,2026-10-26,20
MNT,Centro 5,In-person,2026-10-26,20
SST,Centro 4,Online,2026-10-26,20
FOR,Centro 1,Online,2026-10-26,19
ING,Centro 5,Online,2026-10-26,19
VND,Centro 3,Hybrid,2026-10-26,19
VND,Centro 4,Online,2026-10-26,19
GER,Centro 2,Hybrid,2026-10-26,18
PRO,Centro 1,Online,2026-10-26,18
PRO,Centro 4,In-person,2026-10-26,18
LID,Centro 1,In-person,2026-10-26,17
ING,Centro 3,Hybrid,2026-10-26,16
PBI,Centro 5,In-person,2026-10-26,16
SCI,Centro 2,In-person,2026-10-26,16
GES,Centro 1,In-person,2026-10-26,15
ING,Centro 2,Online,2026-10-26,15
MNT,Centro 1,In-person,2026-10-26,15
PRI,Centro 1,In-person,2026-10-26,15
GES,Centro 4,In-person,2026-10-26,14
LID,Centro 3,In-person,2026-10-26,14
PBI,Centro 2,In-person,2026-10-26,14
PBI,Centro 4,In-person,2026-10-26,14
PYT,Centro 5,Hybrid,2026-10-26,14
VND,Centro 2,Online,2026-10-26,14
EMP,Centro 4,In-person,2026-10-26,13
EXC,Centro 1,Hybrid,2026-10-26,13
GER,Centro 4,Hybrid,2026-10-26,13
SEG,Centro 4,Hybrid,2026-10-26,13
CYB,Centro 2,In-person,2026-10-26,12
HCP,Centro 2,In-person,2026-10-26,12
LID,Centro 4,Hybrid,2026-10-26,12
PBI,Centro 2,Hybrid,2026-10-26,12
PYT,Centro 2,Online,2026-10-26,12
SST,Centro 1,In-person,2026-10-26,12
EXC,Centro 2,Hybrid,2026-10-26,11
FOR,Centro 3,Hybrid,2026-10-26,11
INF,Centro 4,In-person,2026-10-26,11
LID,Centro 2,In-person,2026-10-26,11
PYT,Centro 3,Hybrid,2026-10-26,11
SOC,Centro 2,Hybrid,2026-10-26,11
EMP,Centro 1,In-person,2026-10-26,10
FOR,Centro 2,Hybrid,2026-10-26,10
INF,Centro 3,Hybrid,2026-10-26,10
SCI,Centro 2,Hybrid,2026-10-26,10
EMP,Centro 3,In-person,2026-10-26,9
PBI,Centro 1,Online,2026-10-26,9
PRI,Centro 1,Hybrid,2026-10-26,9
EXC,Centro 2,In-person,2026-10-26,8
GES,Centro 2,Hybrid,2026-10-26,8
LID,Centro 4,Online,2026-10-26,8
LID,Centro 5,Hybrid,2026-10-26,8
SCI,Centro 4,In-person,2026-10-26,8
SCI,Centro 5,In-person,2026-10-26,7
SOC,Centro 5,In-person,2026-10-26,7
CYB,Centro 2,Online,2026-10-26,6
GES,Centro 5,In-person,2026-10-26,6
HOT,Centro 5,In-person,2026-10-26,6
FOR,Centro 5,Online,2026-10-26,5
GER,Centro 1,Hybrid,2026-10-26,5
GES,Centro 4,Hybrid,2026-10-26,5
LOG,Centro 1,In-person,2026-10-26,5
LOG,Centro 2,In-person,2026-10-26,5
PRI,Centro 4,In-person,2026-10-26,5
PRI,Centro 5,In-person,2026-10-26,5
PYT,Centro 2,In-person,2026-10-26,5
SST,Centro 5,Hybrid,2026-10-26,5
TUR,Centro 3,In-person,2026-10-26,5
FOR,Centro 2,In-person,2026-10-26,4
LID,Centro 1,Online,2026-10-26,4
LOG,Centro 1,Hybrid,2026-10-26,4
PBI,Centro 3,Online,2026-10-26,4
CYB,Centro 3,In-person,2026-10-26,3
GER,Centro 3,Hybrid,2026-10-26,3
PBI,Centro 4,Hybrid,2026-10-26,3
PRI,Centro 4,Hybrid,2026-10-26,3
PYT,Centro 3,Online,2026-10-26,3
PYT,Centro 4,Hybrid,2026-10-26,3
SOC,Centro 2,In-person,2026-10-26,3
SST,Centro 1,Online,2026-10-26,3
SST,Centro 3,Hybrid,2026-10-26,3
SST,Centro 5,In-person,2026-10-26,3
TUR,Centro 4,Hybrid,2026-10-26,3
VND,Centro 1,Online,2026-10-26,3
HCP,Centro 4,In-person,2026-10-26,2
HOT,Centro 2,In-person,2026-10-26,2
SEG,Centro 1,Online,2026-10-26,2
SEG,Centro 2,Hybrid,2026-10-26,2
SOC,Centro 3,In-person,2026-10-26,2
SOC,Centro 4,In-person,2026-10-26,2
SST,Centro 4,In-person,2026-10-26,2
VND,Centro 3,Online,2026-10-26,2
EMP,Centro 2,In-person,2026-10-26,1
FOR,Centro 1,In-person,2026-10-26,1
FOR,Centro 4,Hybrid,2026-10-26,1
HCP,Centro 5,Hybrid,2026-10-26,1
PBI,Centro 5,Online,2026-10-26,1
PRI,Centro 2,In-person,2026-10-26,1
SEG,Centro 4,Online,2026-10-26,1
TUR,Centro 5,In-person,2026-10-26,1
INF,Centro 3,In-person,2026-11-02,36
ING,Centro 2,Online,2026-11-02,30
SST,Centro 2,Online,2026-11-02,30
EMP,Centro 2,In-person,2026-11-02,28
PBI,Centro 3,Online,2026-11-02,28
PBI,Centro 3,Hybrid,2026-11-02,28
VND,Centro 4,In-person,2026-11-02,28
LID,Centro 3,Online,2026-11-02,27
HAC,Centro 4,In-person,2026-11-02,26
SEG,Centro 2,Hybrid,2026-11-02,25
LOG,Centro 5,In-person,2026-11-02,24
SST,Centro 1,In-person,2026-11-02,24
CYB,Centro 3,In-person,2026-11-02,23
CYB,Centro 5,Online,2026-11-02,23
HOT,Centro 4,In-person,2026-11-02,23
PRI,Centro 4,Hybrid,2026-11-02,22
VND,Centro 3,Online,2026-11-02,22
HOT,Centro 5,Hybrid,2026-11-02,21
PYT,Centro 2,Hybrid,2026-11-02,21
PYT,Centro 5,In-person,2026-11-02,21
SEG,Centro 3,In-person,2026-11-02,21
EMP,Centro 4,In-person,2026-11-02,20
EXC,Centro 3,Hybrid,2026-11-02,20
HCP,Centro 1,In-person,2026-11-02,20
MNT,Centro 4,In-person,2026-11-02,20
PRI,Centro 5,In-person,2026-11-02,20
PYT,Centro 4,Hybrid,2026-11-02,20
SST,Centro 5,In-person,2026-11-02,20
VND,Centro 2,Online,2026-11-02,20
VND,Centro 5,Online,2026-11-02,20
CYB,Centro 1,Hybrid,2026-11-02,19
GES,Centro 4,Hybrid,2026-11-02,19
INF,Centro 2,In-person,2026-11-02,19
PBI,Centro 4,Hybrid,2026-11-02,19
SOC,Centro 5,In-person,2026-11-02,18
LOG,Centro 1,In-person,2026-11-02,17
TUR,Centro 2,In-person,2026-11-02,17
HOT,Centro 5,In-person,2026-11-02,16
PBI,Centro 2,Online,2026-11-02,16
FOR,Centro 5,Online,2026-11-02,15
HAC,Centro 5,In-person,2026-11-02,15
HCP,Centro 2,In-person,2026-11-02,15
PYT,Centro 1,Hybrid,2026-11-02,15
SEG,Centro 2,In-person,2026-11-02,15
SST,Centro 2,In-person,2026-11-02,15
TUR,Centro 5,In-person,2026-11-02,15
CYB,Centro 1,Online,2026-11-02,14
PRI,Centro 4,In-person,2026-11-02,14
FOR,Centro 1,In-person,2026-11-02,13
FOR,Centro 2,In-person,2026-11-02,12
HOT,Centro 1,Hybrid,2026-11-02,12
ING,Centro 2,Hybrid,2026-11-02,12
MNT,Centro 3,In-person,2026-11-02,12
EXC,Centro 5,Online,2026-11-02,11
SOC,Centro 3,In-person,2026-11-02,11
SST,Centro 3,Hybrid,2026-11-02,11
GER,Centro 5,In-person,2026-11-02,10
LOG,Centro 4,Hybrid,2026-11-02,10
PRI,Centro 3,In-person,2026-11-02,10
ING,Centro 4,Online,2026-11-02,9
PBI,Centro 2,In-person,2026-11-02,9
PRI,Centro 1,In-person,2026-11-02,9
PRO,Centro 1,In-person,2026-11-02,9
EXC,Centro 1,Hybrid,2026-11-02,8
EXC,Centro 5,Hybrid,2026-11-02,8
PRO,Centro 5,Hybrid,2026-11-02,8
SST,Centro 3,In-person,2026-11-02,8
VND,Centro 4,Online,2026-11-02,8
CYB,Centro 2,Hybrid,2026-11-02,7
FOR,Centro 3,Hybrid,2026-11-02,7
GER,Centro 2,Hybrid,2026-11-02,7
PBI,Centro 5,Online,2026-11-02,7
GER,Centro 1,Hybrid,2026-11-02,6
GER,Centro 2,In-person,2026-11-02,6
HAC,Centro 3,In-person,2026-11-02,6
ING,Centro 3,Hybrid,2026-11-02,6
LID,Centro 4,Hybrid,2026-11-02,6
MNT,Centro 5,In-person,2026-11-02,6
PRO,Centro 2,Hybrid,2026-11-02,6
SST,Centro 2,Hybrid,2026-11-02,6
CYB,Centro 3,Hybrid,2026-11-02,5
GER,Centro 3,In-person,2026-11-02,5
SEG,Centro 1,Online,2026-11-02,5
EXC,Centro 1,Online,2026-11-02,4
EXC,Centro 2,Online,2026-11-02,4
EXC,Centro 4,Hybrid,2026-11-02,4
HOT,Centro 1,In-person,2026-11-02,4
HOT,Centro 2,In-person,2026-11-02,4
LID,Centro 2,In-person,2026-11-02,4
LOG,Centro 2,In-person,2026-11-02,4
LOG,Centro 5,Hybrid,2026-11-02,4
PBI,Centro 4,Online,2026-11-02,4
SEG,Centro 3,Hybrid,2026-11-02,4
SOC,Centro 4,Hybrid,2026-11-02,4
SST,Centro 4,In-person,2026-11-02,4
VND,Centro 5,Hybrid,2026-11-02,4
CYB,Centro 3,Online,2026-11-02,3
CYB,Centro 4,Hybrid,2026-11-02,3
GER,Centro 1,In-person,2026-11-02,3
GER,Centro 5,Hybrid,2026-11-02,3
GES,Centro 5,In-person,2026-11-02,3
PRI,Centro 2,Hybrid,2026-11-02,3
PRI,Centro 3,Hybrid,2026-11-02,3
SCI,Centro 2,Hybrid,2026-11-02,3
TUR,Centro 1,Hybrid,2026-11-02,3
CYB,Centro 4,Online,2026-11-02,2
FOR,Centro 4,Hybrid,2026-11-02,2
GER,Centro 3,Hybrid,2026-11-02,2
LID,Centro 2,Hybrid,2026-11-02,2
LID,Centro 3,Hybrid,2026-11-02,2
MNT,Centro 2,In-person,2026-11-02,2
PYT,Centro 3,Hybrid,2026-11-02,2
EXC,Centro 2,In-person,2026-11-02,1
INF,Centro 2,Hybrid,2026-11-02,1
INF,Centro 4,In-person,2026-11-02,1
ING,Centro 3,In-person,2026-11-02,1
PBI,Centro 1,Online,2026-11-02,1
PBI,Centro 1,Hybrid,2026-11-02,1
PRO,Centro 3,Hybrid,2026-11-02,1
PRO,Centro 4,Online,2026-11-02,1
PYT,Centro 1,Online,2026-11-02,1
PYT,Centro 4,Online,2026-11-02,1
TUR,Centro 3,In-person,2026-11-02,1
PBI,Centro 1,Hybrid,2026-11-09,35
PBI,Centro 2,Hybrid,2026-11-09,31
PBI,Centro 2,Online,2026-11-09,29
PYT,Centro 2,Online,2026-11-09,29
MNT,Centro 1,In-person,2026-11-09,27
CYB,Centro 3,Online,2026-11-09,24
VND,Centro 5,Online,2026-11-09,24
SOC,Centro 4,Hybrid,2026-11-09,22
GES,Centro 2,Online,2026-11-09,21
PBI,Centro 5,Online,2026-11-09,21
PRO,Centro 1,In-person,2026-11-09,21
EMP,Centro 4,In-person,2026-11-09,19
PBI,Centro 4,Hybrid,2026-11-09,17
SOC,Centro 3,In-person,2026-11-09,17
ING,Centro 3,In-person,2026-11-09,16
PBI,Centro 1,Online,2026-11-09,16
VND,Centro 4,Online,2026-11-09,15
HAC,Centro 3,In-person,2026-11-09,14
PRO,Centro 5,Hybrid,2026-11-09,14
TUR,Centro 4,Hybrid,2026-11-09,14
EXC,Centro 2,In-person,2026-11-09,13
HOT,Centro 1,Hybrid,2026-11-09,13
SST,Centro 1,In-person,2026-11-09,13
SST,Centro 4,Online,2026-11-09,13
SST,Centro 4,In-person,2026-11-09,13
EXC,Centro 3,Hybrid,2026-11-09,12
CYB,Centro 3,In-person,2026-11-09,11
GER,Centro 1,Hybrid,2026-11-09,11
GER,Centro 2,In-person,2026-11-09,11
INF,Centro 2,In-person,2026-11-09,11
PYT,Centro 2,In-person,2026-11-09,11
SEG,Centro 3,Online,2026-11-09,11
VND,Centro 1,Online,2026-11-09,11
VND,Centro 2,Online,2026-11-09,11
PRO,Centro 3,Hybrid,2026-11-09,10
SEG,Centro 3,Hybrid,2026-11-09,10
EMP,Centro 3,In-person,2026-11-09,9
GER,Centro 5,Hybrid,2026-11-09,9
HOT,Centro 3,In-person,2026-11-09,9
SCI,Centro 4,In-person,2026-11-09,9
SST,Centro 4,Hybrid,2026-11-09,9
HCP,Centro 1,Hybrid,2026-11-09,8
HOT,Centro 3,Hybrid,2026-11-09,8
MNT,Centro 2,In-person,2026-11-09,8
PRI,Centro 1,In-person,2026-11-09,8
PRI,Centro 2,In-person,2026-11-09,8
PYT,Centro 5,In-person,2026-11-09,8
LID,Centro 3,Online,2026-11-09,7
SCI,Centro 1,In-person,2026-11-09,7
SCI,Centro 2,In-person,2026-11-09,7
SEG,Centro 1,Online,2026-11-09,7
SST,Centro 5,Hybrid,2026-11-09,7
HOT,Centro 2,In-person,2026-11-09,6
MNT,Centro 5,In-person,2026-11-09,6
PRI,Centro 3,Hybrid,2026-11-09,6
PRI,Centro 3,In-person,2026-11-09,6
TUR,Centro 5,Hybrid,2026-11-09,6
EXC,Centro 5,Online,2026-11-09,5
HAC,Centro 2,Online,2026-11-09,5
HOT,Centro 5,Hybrid,2026-11-09,5
INF,Centro 1,In-person,2026-11-09,5
PBI,Centro 5,In-person,2026-11-09,5
PYT,Centro 4,Online,2026-11-09,5
SEG,Centro 1,Hybrid,2026-11-09,5
CYB,Centro 1,Online,2026-11-09,4
FOR,Centro 1,In-person,2026-11-09,4
FOR,Centro 5,Online,2026-11-09,4
LOG,Centro 2,In-person,2026-11-09,4
LOG,Centro 5,In-person,2026-11-09,4
PYT,Centro 2,Hybrid,2026-11-09,4
VND,Centro 5,Hybrid,2026-11-09,4
CYB,Centro 4,Online,2026-11-09,3
EXC,Centro 1,Hybrid,2026-11-09,3
INF,Centro 2,Hybrid,2026-11-09,3
INF,Centro 4,In-person,2026-11-09,3
LID,Centro 2,In-person,2026-11-09,3
LID,Centro 4,Hybrid,2026-11-09,3
LOG,Centro 1,In-person,2026-11-09,3
SST,Centro 2,Hybrid,2026-11-09,3
SST,Centro 2,In-person,2026-11-09,3
CYB,Centro 2,Hybrid,2026-11-09,2
CYB,Centro 2,In-person,2026-11-09,2
EMP,Centro 2,In-person,2026-11-09,2
PRI,Centro 4,In-person,2026-11-09,2
PYT,Centro 4,Hybrid,2026-11-09,2
EMP,Centro 5,In-person,2026-11-09,1
GER,Centro 4,In-person,2026-11-09,1
HAC,Centro 5,In-person,2026-11-09,1
HCP,Centro 1,In-person,2026-11-09,1
INF,Centro 1,Hybrid,2026-11-09,1
LID,Centro 5,Hybrid,2026-11-09,1
LOG,Centro 4,In-person,2026-11-09,1
PRI,Centro 5,In-person,2026-11-09,1
PYT,Centro 1,Online,2026-11-09,1
PYT,Centro 3,Online,2026-11-09,1
SEG,Centro 4,Online,2026-11-09,1
SOC,Centro 5,In-person,2026-11-09,1
TUR,Centro 5,In-person,2026-11-09,1
VND,Centro 4,Hybrid,2026-11-09,1
CYB,Centro 3,Hybrid,2026-11-16,42
PBI,Centro 4,Hybrid,2026-11-16,39
EMP,Centro 3,In-person,2026-11-16,31
ING,Centro 5,Online,2026-11-16,31
PYT,Centro 1,Online,2026-11-16,31
SOC,Centro 1,Hybrid,2026-11-16,28
PBI,Centro 5,In-person,2026-11-16,25
PRI,Centro 5,In-person,2026-11-16,25
SOC,Centro 4,In-person,2026-11-16,24
HCP,Centro 3,In-person,2026-11-16,23
PRI,Centro 4,In-person,2026-11-16,23
VND,Centro 4,Hybrid,2026-11-16,23
CYB,Centro 4,Online,2026-11-16,22
GER,Centro 1,In-person,2026-11-16,22
TUR,Centro 5,Hybrid,2026-11-16,22
INF,Centro 1,Hybrid,2026-11-16,21
CYB,Centro 2,In-person,2026-11-16,20
SEG,Centro 1,Online,2026-11-16,20
EXC,Centro 5,Hybrid,2026-11-16,19
GER,Centro 4,In-person,2026-11-16,19
GER,Centro 5,Hybrid,2026-11-16,19
GER,Centro 1,Hybrid,2026-11-16,18
SEG,Centro 3,Hybrid,2026-11-16,18
CYB,Centro 1,Online,2026-11-16,17
GES,Centro 5,Online,2026-11-16,17
SST,Centro 1,Online,2026-11-16,17
VND,Centro 2,Hybrid,2026-11-16,17
HCP,Centro 1,In-person,2026-11-16,16
LID,Centro 4,Hybrid,2026-11-16,16
LOG,Centro 1,In-person,2026-11-16,16
LOG,Centro 4,Hybrid,2026-11-16,16
LID,Centro 1,Online,2026-11-16,15
MNT,Centro 2,In-person,2026-11-16,15
PRI,Centro 3,In-person,2026-11-16,15
ING,Centro 4,Online,2026-11-16,14
PBI,Centro 1,Hybrid,2026-11-16,14
SST,Centro 3,Hybrid,2026-11-16,14
LID,Centro 3,Online,2026-11-16,13
SCI,Centro 4,In-person,2026-11-16,13
EXC,Centro 1,Hybrid,2026-11-16,12
LOG,Centro 5,In-person,2026-11-16,12
VND,Centro 5,Online,2026-11-16,12
ING,Centro 2,Hybrid,2026-11-16,11
HAC,Centro 4,In-person,2026-11-16,10
PYT,Centro 1,Hybrid,2026-11-16,10
HAC,Centro 3,In-person,2026-11-16,9
PBI,Centro 2,In-person,2026-11-16,9
SCI,Centro 1,In-person,2026-11-16,9
VND,Centro 2,Online,2026-11-16,9
EXC,Centro 5,Online,2026-11-16,8
GES,Centro 5,In-person,2026-11-16,8
HCP,Centro 2,In-person,2026-11-16,8
SST,Centro 2,Hybrid,2026-11-16,8
FOR,Centro 4,Online,2026-11-16,7
GER,Centro 5,In-person,2026-11-16,7
ING,Centro 3,Online,2026-11-16,7
SEG,Centro 3,Online,2026-11-16,7
EMP,Centro 2,In-person,2026-11-16,6
GER,Centro 2,Hybrid,2026-11-16,6
HAC,Centro 5,Hybrid,2026-11-16,6
PRI,Centro 3,Hybrid,2026-11-16,6
CYB,Centro 2,Online,2026-11-16,5
EXC,Centro 3,Online,2026-11-16,5
GER,Centro 2,In-person,2026-11-16,5
HOT,Centro 1,In-person,2026-11-16,5
HOT,Centro 2,Hybrid,2026-11-16,5
INF,Centro 2,In-person,2026-11-16,5
MNT,Centro 5,In-person,2026-11-16,5
SEG,Centro 1,In-person,2026-11-16,5
VND,Centro 3,Online,2026-11-16,5
VND,Centro 4,Online,2026-11-16,5
CYB,Centro 1,Hybrid,2026-11-16,4
EXC,Centro 4,Online,2026-11-16,4
HOT,Centro 2,In-person,2026-11-16,4
PRI,Centro 1,In-person,2026-11-16,4
SEG,Centro 4,In-person,2026-11-16,4
SOC,Centro 5,Hybrid,2026-11-16,4
TUR,Centro 3,Hybrid,2026-11-16,4
FOR,Centro 2,In-person,2026-11-16,3
HCP,Centro 3,Hybrid,2026-11-16,3
PBI,Centro 1,Online,2026-11-16,3
PBI,Centro 2,Online,2026-11-16,3
PRO,Centro 5,Hybrid,2026-11-16,3
SST,Centro 4,Hybrid,2026-11-16,3
SST,Centro 5,In-person,2026-11-16,3
VND,Centro 1,Online,2026-11-16,3
CYB,Centro 2,Hybrid,2026-11-16,2
CYB,Centro 4,Hybrid,2026-11-16,2
GES,Centro 4,Hybrid,2026-11-16,2
HOT,Centro 1,Hybrid,2026-11-16,2
HOT,Centro 5,In-person,2026-11-16,2
LOG,Centro 4,In-person,2026-11-16,2
MNT,Centro 1,In-person,2026-11-16,2
SST,Centro 2,Online,2026-11-16,2
VND,Centro 4,In-person,2026-11-16,2
EMP,Centro 4,In-person,2026-11-16,1
GER,Centro 3,Hybrid,2026-11-16,1
GER,Centro 3,In-person,2026-11-16,1
GES,Centro 2,Online,2026-11-16,1
GES,Centro 5,Hybrid,2026-11-16,1
INF,Centro 2,Hybrid,2026-11-16,1
LID,Centro 5,In-person,2026-11-16,1
PBI,Centro 3,Online,2026-11-16,1
PRI,Centro 2,Hybrid,2026-11-16,1
PRI,Centro 2,In-person,2026-11-16,1
PRO,Centro 1,In-person,2026-11-16,1
SEG,Centro 3,In-person,2026-11-16,1
SEG,Centro 4,Online,2026-11-16,1
MNT,Centro 5,In-person,2026-11-23,47
CYB,Centro 1,Online,2026-11-23,39
HAC,Centro 5,Hybrid,2026-11-23,37
HCP,Centro 3,Hybrid,2026-11-23,26
EXC,Centro 2,Online,2026-11-23,25
CYB,Centro 2,Online,2026-11-23,24
GES,Centro 5,Online,2026-11-23,24
PYT,Centro 1,Hybrid,2026-11-23,24
ING,Centro 2,Hybrid,2026-11-23,21
EMP,Centro 2,In-person,2026-11-23,20
PBI,Centro 1,Online,2026-11-23,19
TUR,Centro 1,Hybrid,2026-11-23,19
GER,Centro 2,Hybrid,2026-11-23,18
HOT,Centro 2,In-person,2026-11-23,18
PBI,Centro 3,In-person,2026-11-23,18
PRI,Centro 4,In-person,2026-11-23,18
VND,Centro 5,Online,2026-11-23,18
GES,Centro 4,Hybrid,2026-11-23,17
SST,Centro 1,Online,2026-11-23,17
GER,Centro 4,In-person,2026-11-23,16
MNT,Centro 1,In-person,2026-11-23,16
PBI,Centro 4,Hybrid,2026-11-23,16
HCP,Centro 1,In-person,2026-11-23,15
PRI,Centro 3,In-person,2026-11-23,15
SOC,Centro 5,In-person,2026-11-23,15
SOC,Centro 3,In-person,2026-11-23,14
EMP,Centro 3,In-person,2026-11-23,13
PBI,Centro 1,Hybrid,2026-11-23,13
PRI,Centro 4,Hybrid,2026-11-23,13
HOT,Centro 3,Hybrid,2026-11-23,11
SST,Centro 1,In-person,2026-11-23,11
PBI,Centro 5,Online,2026-11-23,10
SST,Centro 5,In-person,2026-11-23,10
FOR,Centro 4,Online,2026-11-23,9
ING,Centro 5,Online,2026-11-23,9
MNT,Centro 3,In-person,2026-11-23,9
SST,Centro 2,In-person,2026-11-23,9
HOT,Centro 5,In-person,2026-11-23,8
LID,Centro 5,Hybrid,2026-11-23,8
LID,Centro 5,In-person,2026-11-23,8
VND,Centro 4,Online,2026-11-23,8
HOT,Centro 1,In-person,2026-11-23,7
PBI,Centro 2,In-person,2026-11-23,7
PRI,Centro 5,Hybrid,2026-11-23,7
EXC,Centro 3,Online,2026-11-23,6
TUR,Centro 2,In-person,2026-11-23,6
GER,Centro 2,In-person,2026-11-23,5
HCP,Centro 1,Hybrid,2026-11-23,5
HOT,Centro 1,Hybrid,2026-11-23,5
LOG,Centro 4,Hybrid,2026-11-23,5
MNT,Centro 2,In-person,2026-11-23,5
SOC,Centro 1,Hybrid,2026-11-23,5
SST,Centro 3,In-person,2026-11-23,5
SST,Centro 5,Hybrid,2026-11-23,5
TUR,Centro 5,Hybrid,2026-11-23,5
PYT,Centro 3,In-person,2026-11-23,4
EMP,Centro 5,In-person,2026-11-23,3
HAC,Centro 3,In-person,2026-11-23,3
PBI,Centro 4,Online,2026-11-23,3
PBI,Centro 5,In-person,2026-11-23,3
SEG,Centro 3,Hybrid,2026-11-23,3
GER,Centro 5,In-person,2026-11-23,2
HAC,Centro 4,In-person,2026-11-23,2
INF,Centro 3,In-person,2026-11-23,2
ING,Centro 4,Online,2026-11-23,2
PBI,Centro 4,In-person,2026-11-23,2
SCI,Centro 1,In-person,2026-11-23,2
SCI,Centro 4,In-person,2026-11-23,2
CYB,Centro 3,Online,2026-11-23,1
EXC,Centro 5,Online,2026-11-23,1
FOR,Centro 2,Hybrid,2026-11-23,1
GER,Centro 1,Hybrid,2026-11-23,1
HAC,Centro 5,In-person,2026-11-23,1
INF,Centro 1,Hybrid,2026-11-23,1
LID,Centro 4,Hybrid,2026-11-23,1
LOG,Centro 2,In-person,2026-11-23,1
MNT,Centro 4,In-person,2026-11-23,1
PRI,Centro 2,Hybrid,2026-11-23,1
PRO,Centro 5,Hybrid,2026-11-23,1
PYT,Centro 1,Online,2026-11-23,1
PYT,Centro 2,Online,2026-11-23,1
PYT,Centro 2,Hybrid,2026-11-23,1
SCI,Centro 2,In-person,2026-11-23,1
SEG,Centro 3,In-person,2026-11-23,1
SST,Centro 2,Online,2026-11-23,1
MNT,Centro 5,In-person,2026-11-30,34
MNT,Centro 1,In-person,2026-11-30,32
SEG,Centro 3,Hybrid,2026-11-30,32
PRO,Centro 4,Online,2026-11-30,31
EMP,Centro 3,In-person,2026-11-30,29
CYB,Centro 3,Hybrid,2026-11-30,23
PBI,Centro 5,Online,2026-11-30,23
LID,Centro 2,In-person,2026-11-30,21
SCI,Centro 1,In-person,2026-11-30,21
GES,Centro 5,Online,2026-11-30,20
GES,Centro 4,Hybrid,2026-11-30,19
CYB,Centro 4,In-person,2026-11-30,18
INF,Centro 1,In-person,2026-11-30,18
INF,Centro 2,In-person,2026-11-30,18
GER,Centro 5,In-person,2026-11-30,17
HOT,Centro 5,In-person,2026-11-30,17
INF,Centro 3,In-person,2026-11-30,17
INF,Centro 4,In-person,2026-11-30,17
LID,Centro 4,Hybrid,2026-11-30,17
PBI,Centro 2,In-person,2026-11-30,17
MNT,Centro 2,In-person,2026-11-30,16
PYT,Centro 3,In-person,2026-11-30,16
SST,Centro 2,Online,2026-11-30,16
PRO,Centro 1,Hybrid,2026-11-30,15
GER,Centro 2,In-person,2026-11-30,14
HOT,Centro 2,In-person,2026-11-30,14
LID,Centro 5,In-person,2026-11-30,12
MNT,Centro 3,In-person,2026-11-30,12
PRI,Centro 4,In-person,2026-11-30,12
SOC,Centro 5,Hybrid,2026-11-30,12
GER,Centro 3,In-person,2026-11-30,11
PRI,Centro 2,In-person,2026-11-30,11
GER,Centro 2,Hybrid,2026-11-30,9
PYT,Centro 2,Hybrid,2026-11-30,9
GER,Centro 1,Hybrid,2026-11-30,8
HAC,Centro 5,Hybrid,2026-11-30,8
PRI,Centro 4,Hybrid,2026-11-30,8
PRO,Centro 3,Hybrid,2026-11-30,8
EXC,Centro 4,Online,2026-11-30,7
HOT,Centro 3,Hybrid,2026-11-30,7
EMP,Centro 5,In-person,2026-11-30,6
FOR,Centro 1,Online,2026-11-30,6
GER,Centro 4,In-person,2026-11-30,6
ING,Centro 5,Online,2026-11-30,6
LOG,Centro 1,In-person,2026-11-30,5
HOT,Centro 1,Hybrid,2026-11-30,4
LID,Centro 3,Hybrid,2026-11-30,4
PBI,Centro 3,In-person,2026-11-30,4
PBI,Centro 4,Online,2026-11-30,4
PYT,Centro 1,Hybrid,2026-11-30,4
SCI,Centro 2,In-person,2026-11-30,4
SEG,Centro 5,Hybrid,2026-11-30,4
HCP,Centro 3,In-person,2026-11-30,3
PRO,Centro 1,In-person,2026-11-30,3
PYT,Centro 2,Online,2026-11-30,3
SST,Centro 2,In-person,2026-11-30,3
VND,Centro 2,Hybrid,2026-11-30,3
HOT,Centro 1,In-person,2026-11-30,2
ING,Centro 2,Hybrid,2026-11-30,2
LID,Centro 3,Online,2026-11-30,2
LOG,Centro 4,Hybrid,2026-11-30,2
PBI,Centro 4,In-person,2026-11-30,2
PRI,Centro 3,In-person,2026-11-30,2
SST,Centro 5,In-person,2026-11-30,2
CYB,Centro 1,Hybrid,2026-11-30,1
EXC,Centro 2,In-person,2026-11-30,1
GES,Centro 5,Hybrid,2026-11-30,1
PRI,Centro 1,In-person,2026-11-30,1
SOC,Centro 5,In-person,2026-11-30,1
VND,Centro 4,Online,2026-11-30,1
GER,Centro 3,In-person,2026-12-07,30
MNT,Centro 2,In-person,2026-12-07,25
MNT,Centro 1,In-person,2026-12-07,24
MNT,Centro 5,In-person,2026-12-07,24
PBI,Centro 4,Online,2026-12-07,22
EMP,Centro 5,In-person,2026-12-07,21
GER,Centro 2,Hybrid,2026-12-07,15
ING,Centro 5,Online,2026-12-07,15
LID,Centro 3,Hybrid,2026-12-07,12
PRI,Centro 3,In-person,2026-12-07,12
SST,Centro 3,In-person,2026-12-07,12
VND,Centro 2,Online,2026-12-07,12
CYB,Centro 2,In-person,2026-12-07,11
PRO,Centro 1,Hybrid,2026-12-07,10
LID,Centro 4,Hybrid,2026-12-07,8
PRI,Centro 2,In-person,2026-12-07,7
FOR,Centro 1,Online,2026-12-07,6
HAC,Centro 5,Hybrid,2026-12-07,6
PRI,Centro 5,Hybrid,2026-12-07,6
SEG,Centro 4,In-person,2026-12-07,6
CYB,Centro 3,Hybrid,2026-12-07,4
EXC,Centro 4,Online,2026-12-07,4
HOT,Centro 1,In-person,2026-12-07,4
HOT,Centro 2,In-person,2026-12-07,4
PBI,Centro 3,In-person,2026-12-07,4
PRI,Centro 5,In-person,2026-12-07,4
SCI,Centro 2,In-person,2026-12-07,4
HAC,Centro 2,In-person,2026-12-07,3
TUR,Centro 5,Hybrid,2026-12-07,3
EMP,Centro 2,In-person,2026-12-07,2
HCP,Centro 3,Hybrid,2026-12-07,2
ING,Centro 2,Hybrid,2026-12-07,2
PYT,Centro 1,Hybrid,2026-12-07,2
HOT,Centro 3,Hybrid,2026-12-07,1
INF,Centro 2,In-person,2026-12-07,1
LID,Centro 2,In-person,2026-12-07,1
PRO,Centro 4,Online,2026-12-07,1
SEG,Centro 2,In-person,2026-12-07,1
SEG,Centro 3,Hybrid,2026-12-07,1
PBI,Centro 2,In-person,2026-12-14,25
PRI,Centro 3,In-person,2026-12-14,21
PRI,Centro 5,In-person,2026-12-14,20
MNT,Centro 5,In-person,2026-12-14,18
FOR,Centro 4,Online,2026-12-14,16
HAC,Centro 2,In-person,2026-12-14,16
HAC,Centro 4,In-person,2026-12-14,16
GER,Centro 3,In-person,2026-12-14,15
SOC,Centro 3,Hybrid,2026-12-14,13
EXC,Centro 3,Hybrid,2026-12-14,12
HAC,Centro 5,Hybrid,2026-12-14,11
PRI,Centro 5,Hybrid,2026-12-14,9
GER,Centro 2,In-person,2026-12-14,8
EXC,Centro 2,Online,2026-12-14,7
LID,Centro 4,Hybrid,2026-12-14,5
GER,Centro 4,In-person,2026-12-14,4
CYB,Centro 2,In-person,2026-12-14,3
PRI,Centro 4,In-person,2026-12-14,3
EMP,Centro 5,In-person,2026-12-14,2
MNT,Centro 1,In-person,2026-12-14,2
MNT,Centro 2,In-person,2026-12-14,2
PYT,Centro 2,Online,2026-12-14,2
SCI,Centro 1,In-person,2026-12-14,2
SEG,Centro 4,In-person,2026-12-14,2
SST,Centro 1,In-person,2026-12-14,2
PRO,Centro 1,In-person,2026-12-14,1
GES,Centro 5,Hybrid,2026-12-21,23
HAC,Centro 5,Hybrid,2026-12-21,17
PBI,Centro 4,In-person,2026-12-21,16
GES,Centro 4,Hybrid,2026-12-21,13
SCI,Centro 3,In-person,2026-12-21,13
PRI,Centro 3,In-person,2026-12-21,10
MNT,Centro 3,In-person,2026-12-21,9
SEG,Centro 4,In-person,2026-12-21,9
GER,Centro 2,Hybrid,2026-12-21,6
SOC,Centro 5,Hybrid,2026-12-21,5
HOT,Centro 5,In-person,2026-12-21,2
PRO,Centro 4,Online,2026-12-21,2
PBI,Centro 4,Online,2026-12-21,1
SEG,Centro 2,In-person,2026-12-21,1
